season,date,league_code,home_team,away_team,result,dc_home_prob,dc_draw_prob,dc_away_prob,dc_lambda,dc_mu
2021,2020-09-12,E0,Crystal Palace,Southampton,H,0.400919,0.289287,0.309795,1.3251,1.1349
2021,2020-09-12,E0,Fulham,Arsenal,A,0.14161,0.203369,0.655021,0.9389,2.2046
2021,2020-09-12,E0,Liverpool,Leeds,H,0.779219,0.152144,0.068637,2.5441,0.6496
2021,2020-09-12,E0,West Ham,Newcastle,A,0.471221,0.270927,0.257852,1.5472,1.0852
2021,2020-09-13,E0,Tottenham,Everton,A,0.599463,0.235205,0.165332,1.8803,0.8889
2021,2020-09-13,E0,West Brom,Leicester,A,0.208365,0.283631,0.508004,0.8439,1.4617
2021,2020-09-14,E0,Brighton,Chelsea,A,0.227513,0.264648,0.507838,1.0095,1.6203
2021,2020-09-14,E0,Sheffield United,Wolves,A,0.334283,0.35301,0.312707,0.8958,0.8567
2021,2020-09-19,E0,Arsenal,West Ham,H,0.604409,0.21392,0.181671,2.159,1.1184
2021,2020-09-19,E0,Everton,West Brom,H,0.547255,0.279721,0.173025,1.4897,0.7238
2021,2020-09-19,E0,Leeds,Fulham,H,0.646175,0.22015,0.133674,1.9805,0.7892
2021,2020-09-19,E0,Man United,Crystal Palace,A,0.664212,0.218398,0.11739,1.9545,0.6973
2021,2020-09-20,E0,Chelsea,Liverpool,A,0.250055,0.244728,0.505217,1.228,1.8203
2021,2020-09-20,E0,Leicester,Burnley,H,0.561202,0.252394,0.186404,1.7286,0.9012
2021,2020-09-20,E0,Newcastle,Brighton,A,0.455432,0.30443,0.240138,1.2905,0.863
2021,2020-09-20,E0,Southampton,Tottenham,A,0.268307,0.258947,0.472746,1.1977,1.6562
2021,2020-09-21,E0,Aston Villa,Sheffield United,H,0.288592,0.325631,0.385777,0.9072,1.093
2021,2020-09-21,E0,Wolves,Man City,A,0.166448,0.245045,0.588506,0.8433,1.782
2021,2020-09-26,E0,Brighton,Man United,A,0.181122,0.263212,0.555666,0.8252,1.6267
2021,2020-09-26,E0,Burnley,Southampton,A,0.430409,0.280381,0.28921,1.4304,1.1299
2021,2020-09-26,E0,Crystal Palace,Everton,A,0.37108,0.305585,0.323335,1.1746,1.0788
2021,2020-09-26,E0,West Brom,Chelsea,D,0.188618,0.262218,0.549164,0.8623,1.6389
2021,2020-09-27,E0,Man City,Leicester,A,0.766449,0.15195,0.081601,2.6639,0.7895
2021,2020-09-27,E0,Sheffield United,Leeds,A,0.439342,0.323882,0.236775,1.1656,0.7804
2021,2020-09-27,E0,Tottenham,Newcastle,D,0.634801,0.227238,0.13796,1.9148,0.7788
2021,2020-09-27,E0,West Ham,Wolves,H,0.328633,0.288781,0.382585,1.185,1.298
2021,2020-09-28,E0,Fulham,Aston Villa,A,0.316238,0.279099,0.404663,1.2139,1.4034
2021,2020-09-28,E0,Liverpool,Arsenal,H,0.687562,0.18755,0.124888,2.3632,0.9262
2021,2020-10-03,E0,Chelsea,Crystal Palace,H,0.623021,0.226649,0.15033,1.9469,0.853
2021,2020-10-03,E0,Everton,Brighton,H,0.510074,0.282239,0.207688,1.4728,0.8475
2021,2020-10-03,E0,Leeds,Man City,D,0.101139,0.182663,0.716198,0.7681,2.3189
2021,2020-10-03,E0,Newcastle,Burnley,H,0.395788,0.30722,0.296992,1.2052,1.0081
2021,2020-10-04,E0,Arsenal,Sheffield United,H,0.497673,0.288171,0.214156,1.425,0.8454
2021,2020-10-04,E0,Aston Villa,Liverpool,H,0.094221,0.175172,0.730607,0.7551,2.3856
2021,2020-10-04,E0,Leicester,West Ham,A,0.578372,0.228268,0.19336,1.9935,1.0799
2021,2020-10-04,E0,Man United,Tottenham,A,0.480066,0.264416,0.255517,1.6105,1.1162
2021,2020-10-04,E0,Southampton,West Brom,H,0.54286,0.270461,0.186679,1.5673,0.8165
2021,2020-10-04,E0,Wolves,Fulham,H,0.729745,0.186566,0.083689,2.1742,0.6065
2021,2020-10-17,E0,Chelsea,Southampton,D,0.626889,0.208156,0.164955,2.203,1.0589
2021,2020-10-17,E0,Everton,Liverpool,D,0.153153,0.226221,0.620626,0.8715,1.9571
2021,2020-10-17,E0,Man City,Arsenal,H,0.766466,0.148442,0.085092,2.7589,0.8551
2021,2020-10-17,E0,Newcastle,Man United,A,0.214861,0.271728,0.513412,0.9233,1.5588
2021,2020-10-18,E0,Crystal Palace,Brighton,D,0.447717,0.310323,0.24196,1.2483,0.8448
2021,2020-10-18,E0,Leicester,Aston Villa,A,0.659355,0.207688,0.132957,2.1231,0.8535
2021,2020-10-18,E0,Sheffield United,Fulham,D,0.642063,0.242863,0.115074,1.7191,0.5874
2021,2020-10-18,E0,Tottenham,West Ham,D,0.636317,0.209968,0.153716,2.1521,0.9745
2021,2020-10-19,E0,Leeds,Wolves,A,0.31448,0.310941,0.374579,1.0319,1.151
2021,2020-10-19,E0,West Brom,Burnley,D,0.298229,0.327927,0.373844,0.9201,1.0641
2021,2020-10-23,E0,Aston Villa,Leeds,A,0.345529,0.289618,0.364853,1.2188,1.2592
2021,2020-10-24,E0,Fulham,Crystal Palace,A,0.262461,0.290776,0.446764,0.9928,1.3728
2021,2020-10-24,E0,Liverpool,Sheffield United,H,0.686821,0.217572,0.095607,1.8935,0.5639
2021,2020-10-24,E0,Man United,Chelsea,D,0.521626,0.244677,0.233697,1.8235,1.1592
2021,2020-10-24,E0,West Ham,Man City,D,0.098301,0.162298,0.739402,0.8821,2.6149
2021,2020-10-25,E0,Arsenal,Leicester,A,0.468791,0.252402,0.278808,1.7172,1.2821
2021,2020-10-25,E0,Southampton,Everton,H,0.417494,0.274531,0.307975,1.4581,1.2207
2021,2020-10-25,E0,Wolves,Newcastle,D,0.540167,0.281339,0.178494,1.4791,0.7395
2021,2020-10-26,E0,Brighton,West Brom,D,0.442542,0.324244,0.233214,1.1667,0.7692
2021,2020-10-26,E0,Burnley,Tottenham,A,0.261332,0.280719,0.457949,1.0415,1.4571
2021,2020-10-30,E0,Wolves,Crystal Palace,H,0.538357,0.285472,0.176171,1.448,0.7153
2021,2020-10-31,E0,Burnley,Chelsea,A,0.287552,0.271522,0.440927,1.1793,1.5133
2021,2020-10-31,E0,Liverpool,West Ham,H,0.803165,0.131944,0.064891,2.8689,0.746
2021,2020-10-31,E0,Sheffield United,Man City,A,0.132319,0.245846,0.621835,0.6668,1.726
2021,2020-11-01,E0,Aston Villa,Southampton,A,0.355953,0.272966,0.371081,1.3547,1.3877
2021,2020-11-01,E0,Man United,Arsenal,A,0.536536,0.242325,0.221139,1.8484,1.1198
2021,2020-11-01,E0,Newcastle,Everton,H,0.377364,0.30062,0.322017,1.2144,1.1019
2021,2020-11-01,E0,Tottenham,Brighton,H,0.67349,0.213124,0.113386,1.9982,0.6961
2021,2020-11-02,E0,Fulham,West Brom,H,0.339647,0.314082,0.346271,1.0704,1.0835
2021,2020-11-02,E0,Leeds,Leicester,A,0.318082,0.281353,0.400565,1.2044,1.3803
2021,2020-11-06,E0,Brighton,Burnley,D,0.348359,0.316132,0.33551,1.0772,1.052
2021,2020-11-06,E0,Southampton,Newcastle,H,0.458671,0.277263,0.264066,1.4848,1.0696
2021,2020-11-07,E0,Chelsea,Sheffield United,H,0.514191,0.282003,0.203806,1.4753,0.834
2021,2020-11-07,E0,Crystal Palace,Leeds,H,0.387062,0.307172,0.305766,1.1922,1.0298
2021,2020-11-07,E0,Everton,Man United,A,0.252453,0.273144,0.474403,1.0537,1.5308
2021,2020-11-07,E0,West Ham,Fulham,H,0.679689,0.194196,0.126114,2.2743,0.8899
2021,2020-11-08,E0,Arsenal,Aston Villa,A,0.685697,0.191432,0.122871,2.2994,0.884
2021,2020-11-08,E0,Leicester,Wolves,H,0.43345,0.290809,0.275741,1.3585,1.0324
2021,2020-11-08,E0,Man City,Liverpool,D,0.530792,0.243153,0.226055,1.8401,1.1362
2021,2020-11-08,E0,West Brom,Tottenham,A,0.171505,0.268376,0.560119,0.7615,1.5781
2021,2020-11-21,E0,Aston Villa,Brighton,A,0.410346,0.298887,0.290767,1.2761,1.033
2021,2020-11-21,E0,Man United,West Brom,H,0.731938,0.189774,0.078288,2.1074,0.5503
2021,2020-11-21,E0,Newcastle,Chelsea,A,0.268207,0.269445,0.462349,1.1295,1.5527
2021,2020-11-21,E0,Tottenham,Man City,H,0.210924,0.23947,0.549606,1.0917,1.8768
2021,2020-11-22,E0,Fulham,Everton,A,0.2242,0.264777,0.511024,0.9959,1.6198
2021,2020-11-22,E0,Leeds,Arsenal,D,0.308191,0.270628,0.421181,1.2474,1.4949
2021,2020-11-22,E0,Liverpool,Leicester,H,0.689195,0.191595,0.119211,2.2818,0.8552
2021,2020-11-22,E0,Sheffield United,West Ham,A,0.453996,0.300453,0.245551,1.3145,0.8962
2021,2020-11-23,E0,Burnley,Crystal Palace,H,0.436064,0.305819,0.258116,1.264,0.9102
2021,2020-11-23,E0,Wolves,Southampton,D,0.542522,0.262519,0.19496,1.6385,0.8879
2021,2020-11-27,E0,Crystal Palace,Newcastle,A,0.407807,0.311758,0.280436,1.1961,0.9452
2021,2020-11-28,E0,Brighton,Liverpool,D,0.104112,0.202777,0.693111,0.6825,2.0797
2021,2020-11-28,E0,Everton,Leeds,A,0.446447,0.28599,0.267563,1.4067,1.033
2021,2020-11-28,E0,Man City,Burnley,H,0.840567,0.115544,0.043889,2.9042,0.5747
2021,2020-11-28,E0,West Brom,Sheffield United,H,0.246746,0.35851,0.394744,0.7003,0.9638
2021,2020-11-29,E0,Arsenal,Wolves,A,0.455215,0.278573,0.266213,1.4713,1.0692
2021,2020-11-29,E0,Chelsea,Tottenham,D,0.423381,0.25844,0.318179,1.6042,1.3655
2021,2020-11-29,E0,Southampton,Man United,A,0.235876,0.253653,0.510471,1.1086,1.7268
2021,2020-11-30,E0,Leicester,Fulham,A,0.775667,0.15096,0.073373,2.6072,0.7078
2021,2020-11-30,E0,West Ham,Aston Villa,H,0.548309,0.241658,0.210033,1.852,1.0731
2021,2020-12-05,E0,Burnley,Everton,D,0.398705,0.297521,0.303773,1.2679,1.074
2021,2020-12-05,E0,Chelsea,Leeds,H,0.604187,0.226523,0.169289,1.9821,0.9608
2021,2020-12-05,E0,Man City,Fulham,H,0.954898,0.035906,0.009197,4.3802,0.4514
2021,2020-12-05,E0,West Ham,Man United,A,0.243205,0.251095,0.505701,1.1551,1.752
2021,2020-12-06,E0,Liverpool,Wolves,H,0.660223,0.219224,0.120553,1.955,0.7131
2021,2020-12-06,E0,Sheffield United,Leicester,A,0.34417,0.321038,0.334792,1.0455,1.0273
2021,2020-12-06,E0,Tottenham,Arsenal,H,0.498161,0.24887,0.252969,1.7728,1.2098
2021,2020-12-06,E0,West Brom,Crystal Palace,A,0.315504,0.336117,0.348379,0.9242,0.9858
2021,2020-12-07,E0,Brighton,Southampton,A,0.357175,0.292694,0.350131,1.2244,1.2098
2021,2020-12-11,E0,Leeds,West Ham,A,0.435685,0.270636,0.293679,1.5143,1.204
2021,2020-12-12,E0,Everton,Chelsea,H,0.313392,0.266804,0.419803,1.2891,1.5248
2021,2020-12-12,E0,Man United,Man City,D,0.241432,0.252553,0.506014,1.1382,1.737
2021,2020-12-12,E0,Newcastle,West Brom,H,0.492427,0.305624,0.201949,1.3053,0.7371
2021,2020-12-12,E0,Wolves,Aston Villa,A,0.614906,0.242752,0.142342,1.7705,0.7313
2021,2020-12-13,E0,Arsenal,Burnley,A,0.586614,0.23729,0.176096,1.8722,0.9334
2021,2020-12-13,E0,Crystal Palace,Tottenham,D,0.240058,0.281814,0.478127,0.9649,1.4636
2021,2020-12-13,E0,Fulham,Liverpool,D,0.048477,0.117938,0.833586,0.6262,2.9295
2021,2020-12-13,E0,Leicester,Brighton,H,0.622667,0.234473,0.142859,1.8509,0.7715
2021,2020-12-13,E0,Southampton,Sheffield United,H,0.364463,0.317107,0.318431,1.1015,1.0116
2021,2020-12-15,E0,Man City,West Brom,D,0.891318,0.085316,0.023366,3.1453,0.4202
2021,2020-12-15,E0,Wolves,Chelsea,H,0.396023,0.284408,0.319569,1.351,1.1893
2021,2020-12-16,E0,Arsenal,Southampton,D,0.608382,0.215531,0.176087,2.128,1.0733
2021,2020-12-16,E0,Fulham,Brighton,D,0.299274,0.298309,0.402418,1.0583,1.2685
2021,2020-12-16,E0,Leeds,Newcastle,H,0.447016,0.294528,0.258456,1.3473,0.9623
2021,2020-12-16,E0,Leicester,Everton,A,0.543572,0.251963,0.204466,1.7417,0.9851
2021,2020-12-16,E0,Liverpool,Tottenham,H,0.629532,0.217354,0.153114,2.059,0.9232
2021,2020-12-16,E0,West Ham,Crystal Palace,D,0.471179,0.274813,0.254008,1.5147,1.0497
2021,2020-12-17,E0,Aston Villa,Burnley,D,0.348769,0.295212,0.356019,1.1918,1.2067
2021,2020-12-17,E0,Sheffield United,Man United,A,0.266386,0.320343,0.413271,0.8732,1.1564
2021,2020-12-19,E0,Crystal Palace,Liverpool,A,0.126117,0.221054,0.652828,0.7387,1.951
2021,2020-12-19,E0,Everton,Arsenal,H,0.327346,0.269793,0.402861,1.3067,1.4728
2021,2020-12-19,E0,Newcastle,Fulham,D,0.609947,0.239219,0.150834,1.8177,0.7918
2021,2020-12-19,E0,Southampton,Man City,A,0.095459,0.163339,0.741202,0.8465,2.5774
2021,2020-12-20,E0,Brighton,Sheffield United,D,0.288661,0.349629,0.36171,0.8199,0.9529
2021,2020-12-20,E0,Man United,Leeds,H,0.649102,0.218898,0.132,1.9899,0.7854
2021,2020-12-20,E0,Tottenham,Leicester,A,0.504835,0.255012,0.240153,1.7118,1.1171
2021,2020-12-20,E0,West Brom,Aston Villa,A,0.3738,0.314634,0.311566,1.13,1.0078
2021,2020-12-21,E0,Burnley,Wolves,H,0.306878,0.31641,0.376712,0.9889,1.1255
2021,2020-12-21,E0,Chelsea,West Ham,H,0.623131,0.206681,0.170188,2.2351,1.1034
2021,2020-12-26,E0,Arsenal,Chelsea,H,0.444414,0.246243,0.309343,1.7545,1.4375
2021,2020-12-26,E0,Aston Villa,Crystal Palace,H,0.368995,0.301021,0.329984,1.1971,1.1179
2021,2020-12-26,E0,Fulham,Southampton,D,0.242821,0.255675,0.501504,1.1234,1.7041
2021,2020-12-26,E0,Leicester,Man United,D,0.346942,0.274272,0.378786,1.3242,1.3935
2021,2020-12-26,E0,Man City,Newcastle,H,0.853203,0.107879,0.038918,2.9798,0.5505
2021,2020-12-26,E0,Sheffield United,Everton,A,0.424642,0.324366,0.250992,1.1485,0.8175
2021,2020-12-27,E0,Leeds,Burnley,H,0.427325,0.296501,0.276174,1.3131,1.0048
2021,2020-12-27,E0,Liverpool,West Brom,D,0.840538,0.121412,0.038051,2.6942,0.4552
2021,2020-12-27,E0,West Ham,Brighton,D,0.516058,0.265421,0.218521,1.6146,0.9699
2021,2020-12-27,E0,Wolves,Tottenham,D,0.362033,0.299492,0.338475,1.1931,1.1451
2021,2020-12-28,E0,Chelsea,Aston Villa,D,0.70293,0.182978,0.114092,2.3804,0.8721
2021,2020-12-28,E0,Crystal Palace,Leicester,D,0.2863,0.289587,0.424113,1.0693,1.3557
2021,2020-12-29,E0,Brighton,Arsenal,A,0.239297,0.270188,0.490516,1.0233,1.5652
2021,2020-12-29,E0,Burnley,Sheffield United,H,0.347152,0.342421,0.310428,0.9578,0.8899
2021,2020-12-29,E0,Man United,Wolves,H,0.521183,0.275326,0.203491,1.5292,0.8622
2021,2020-12-29,E0,Southampton,West Ham,D,0.444948,0.254748,0.300304,1.6689,1.3382
2021,2020-12-29,E0,West Brom,Leeds,A,0.295472,0.321347,0.383182,0.9409,1.1104
2021,2020-12-30,E0,Newcastle,Liverpool,D,0.127315,0.217474,0.655211,0.7636,1.9929
2021,2021-01-01,E0,Everton,West Ham,A,0.457941,0.265136,0.276923,1.5863,1.1863
2021,2021-01-01,E0,Man United,Aston Villa,H,0.741073,0.171784,0.087143,2.3898,0.7128
2021,2021-01-02,E0,Brighton,Wolves,D,0.249815,0.315678,0.434507,0.8466,1.2051
2021,2021-01-02,E0,Crystal Palace,Sheffield United,H,0.323257,0.34988,0.326863,0.8874,0.8939
2021,2021-01-02,E0,Tottenham,Leeds,H,0.615782,0.230758,0.15346,1.9085,0.8486
2021,2021-01-02,E0,West Brom,Arsenal,A,0.199004,0.268909,0.532087,0.874,1.5831
2021,2021-01-03,E0,Chelsea,Man City,A,0.188752,0.217333,0.593915,1.1338,2.125
2021,2021-01-03,E0,Newcastle,Leicester,A,0.290847,0.285403,0.42375,1.1055,1.3848
2021,2021-01-04,E0,Southampton,Liverpool,H,0.137143,0.20207,0.660787,0.9169,2.2077
2021,2021-01-12,E0,Burnley,Man United,A,0.231175,0.275782,0.493043,0.964,1.5192
2021,2021-01-12,E0,Sheffield United,Newcastle,H,0.457312,0.326018,0.21667,1.1695,0.7163
2021,2021-01-12,E0,Wolves,Everton,A,0.505485,0.28478,0.209736,1.4525,0.844
2021,2021-01-13,E0,Man City,Brighton,H,0.876139,0.093912,0.029949,3.1096,0.492
2021,2021-01-13,E0,Tottenham,Fulham,D,0.817658,0.127881,0.054461,2.8146,0.6387
2021,2021-01-14,E0,Arsenal,Crystal Palace,D,0.605561,0.234434,0.160005,1.8806,0.8647
2021,2021-01-16,E0,Fulham,Chelsea,A,0.132009,0.195234,0.672757,0.9263,2.2824
2021,2021-01-16,E0,Leeds,Brighton,A,0.488686,0.290314,0.220999,1.406,0.8601
2021,2021-01-16,E0,Leicester,Southampton,H,0.582362,0.230147,0.187491,1.9648,1.0364
2021,2021-01-16,E0,West Ham,Burnley,H,0.450015,0.273379,0.276606,1.5079,1.1331
2021,2021-01-16,E0,Wolves,West Brom,A,0.610316,0.264995,0.124689,1.5612,0.5646
2021,2021-01-17,E0,Liverpool,Man United,D,0.58699,0.234458,0.178553,1.9057,0.9626
2021,2021-01-17,E0,Man City,Crystal Palace,H,0.850015,0.110895,0.039091,2.9172,0.5325
2021,2021-01-17,E0,Sheffield United,Tottenham,A,0.296472,0.321312,0.382216,0.9434,1.1091
2021,2021-01-18,E0,Arsenal,Newcastle,H,0.607211,0.230928,0.161861,1.9209,0.8939
2021,2021-01-19,E0,Leicester,Chelsea,H,0.422545,0.256598,0.320857,1.62,1.388
2021,2021-01-19,E0,West Ham,West Brom,H,0.556425,0.262476,0.181098,1.6331,0.8284
2021,2021-01-20,E0,Fulham,Man United,A,0.101304,0.184739,0.713957,0.7571,2.2914
2021,2021-01-20,E0,Man City,Aston Villa,H,0.904101,0.072009,0.02389,3.5669,0.5443
2021,2021-01-21,E0,Liverpool,Burnley,A,0.776968,0.155247,0.067785,2.4877,0.6225
2021,2021-01-23,E0,Aston Villa,Newcastle,H,0.368109,0.296442,0.335449,1.2228,1.1557
2021,2021-01-26,E0,Crystal Palace,West Ham,A,0.395703,0.285264,0.319033,1.3444,1.1826
2021,2021-01-26,E0,Newcastle,Leeds,A,0.393656,0.302031,0.304312,1.2325,1.0519
2021,2021-01-26,E0,Southampton,Arsenal,A,0.310356,0.254228,0.435417,1.3747,1.6615
2021,2021-01-26,E0,West Brom,Man City,A,0.057549,0.151036,0.791415,0.5382,2.4558
2021,2021-01-27,E0,Brighton,Fulham,D,0.554879,0.263475,0.181646,1.6247,0.8263
2021,2021-01-27,E0,Burnley,Aston Villa,H,0.508179,0.273183,0.218638,1.5456,0.9305
2021,2021-01-27,E0,Chelsea,Wolves,D,0.472177,0.273871,0.253953,1.5232,1.0548
2021,2021-01-27,E0,Everton,Leicester,D,0.337119,0.279924,0.382957,1.2617,1.3599
2021,2021-01-27,E0,Man United,Sheffield United,A,0.556461,0.280373,0.163166,1.4811,0.6817
2021,2021-01-28,E0,Tottenham,Liverpool,A,0.272436,0.263402,0.464162,1.1824,1.6076
2021,2021-01-30,E0,Arsenal,Man United,D,0.365293,0.265361,0.369346,1.4342,1.4432
2021,2021-01-30,E0,Crystal Palace,Wolves,H,0.284125,0.320772,0.395103,0.9162,1.1306
2021,2021-01-30,E0,Everton,Newcastle,A,0.468123,0.287916,0.243961,1.4113,0.9481
2021,2021-01-30,E0,Man City,Sheffield United,H,0.757449,0.175263,0.067289,2.2106,0.5206
2021,2021-01-30,E0,Southampton,Aston Villa,A,0.534547,0.248809,0.216644,1.7773,1.0577
2021,2021-01-30,E0,West Brom,Fulham,D,0.489867,0.29298,0.217153,1.3877,0.8358
2021,2021-01-31,E0,Brighton,Tottenham,H,0.206625,0.271637,0.521738,0.8916,1.5602
2021,2021-01-31,E0,Chelsea,Burnley,H,0.604377,0.229912,0.165711,1.9381,0.9208
2021,2021-01-31,E0,Leicester,Leeds,A,0.56076,0.248667,0.190574,1.7678,0.9404
2021,2021-01-31,E0,West Ham,Liverpool,A,0.141353,0.200671,0.657976,0.9554,2.2399
2021,2021-02-02,E0,Man United,Southampton,H,0.673671,0.199169,0.12716,2.2117,0.8655
2021,2021-02-02,E0,Newcastle,Crystal Palace,A,0.414759,0.310769,0.274472,1.2106,0.9339
2021,2021-02-02,E0,Sheffield United,West Brom,H,0.524712,0.318895,0.156393,1.2345,0.5468
2021,2021-02-02,E0,Wolves,Arsenal,H,0.409874,0.284866,0.305261,1.3694,1.1488
2021,2021-02-03,E0,Aston Villa,West Ham,A,0.349652,0.268332,0.382016,1.3744,1.446
2021,2021-02-03,E0,Burnley,Man City,A,0.099461,0.185813,0.714727,0.7361,2.2675
2021,2021-02-03,E0,Fulham,Leicester,A,0.152159,0.219147,0.628693,0.9066,2.0356
2021,2021-02-03,E0,Leeds,Everton,A,0.408546,0.291281,0.300173,1.3231,1.0983
2021,2021-02-03,E0,Liverpool,Brighton,A,0.820612,0.131353,0.048035,2.6637,0.5329
2021,2021-02-04,E0,Tottenham,Chelsea,A,0.482924,0.250367,0.266709,1.7489,1.2525
2021,2021-02-06,E0,Aston Villa,Arsenal,H,0.231478,0.247247,0.521275,1.1322,1.7953
2021,2021-02-06,E0,Burnley,Brighton,D,0.477235,0.297949,0.224815,1.3474,0.8411
2021,2021-02-06,E0,Fulham,West Ham,D,0.236098,0.249024,0.514878,1.1398,1.7757
2021,2021-02-06,E0,Man United,Everton,D,0.633542,0.223901,0.142558,1.9606,0.8227
2021,2021-02-06,E0,Newcastle,Southampton,H,0.40768,0.284334,0.307986,1.3699,1.1593
2021,2021-02-07,E0,Liverpool,Man City,A,0.371859,0.264559,0.363582,1.4552,1.4367
2021,2021-02-07,E0,Sheffield United,Chelsea,A,0.324869,0.308326,0.366805,1.0682,1.1519
2021,2021-02-07,E0,Tottenham,West Brom,H,0.7043,0.20362,0.09208,2.0211,0.5946
2021,2021-02-07,E0,Wolves,Leicester,D,0.416878,0.293129,0.289993,1.3222,1.0607
2021,2021-02-08,E0,Leeds,Crystal Palace,H,0.446729,0.298752,0.254519,1.319,0.9308
2021,2021-02-13,E0,Brighton,Aston Villa,D,0.432101,0.295828,0.272071,1.323,0.9964
2021,2021-02-13,E0,Crystal Palace,Burnley,A,0.389124,0.312478,0.298399,1.1658,0.9869
2021,2021-02-13,E0,Leicester,Liverpool,H,0.224828,0.248509,0.526663,1.0953,1.7816
2021,2021-02-13,E0,Man City,Tottenham,H,0.711448,0.179619,0.108933,2.4037,0.8523
2021,2021-02-14,E0,Arsenal,Leeds,H,0.58622,0.233805,0.179975,1.9146,0.9739
2021,2021-02-14,E0,Everton,Fulham,A,0.668329,0.209017,0.122655,2.0746,0.7775
2021,2021-02-14,E0,Southampton,Wolves,A,0.319173,0.29301,0.387817,1.1373,1.2793
2021,2021-02-14,E0,West Brom,Man United,D,0.149719,0.258086,0.592195,0.7048,1.6454
2021,2021-02-15,E0,Chelsea,Newcastle,H,0.624823,0.223192,0.151986,1.9886,0.8819
2021,2021-02-15,E0,West Ham,Sheffield United,H,0.374889,0.311635,0.313476,1.1478,1.0263
2021,2021-02-17,E0,Burnley,Fulham,D,0.632983,0.228895,0.138123,1.8979,0.7717
2021,2021-02-17,E0,Everton,Man City,A,0.110039,0.18839,0.701571,0.8046,2.2847
2021,2021-02-19,E0,Wolves,Leeds,H,0.521278,0.28221,0.196512,1.4742,0.8057
2021,2021-02-20,E0,Burnley,West Brom,D,0.513964,0.29759,0.188446,1.3629,0.7184
2021,2021-02-20,E0,Fulham,Sheffield United,H,0.200832,0.300197,0.498971,0.7523,1.3422
2021,2021-02-20,E0,Liverpool,Everton,A,0.766813,0.158085,0.075103,2.5066,0.6805
2021,2021-02-20,E0,Southampton,Chelsea,D,0.29597,0.250613,0.453416,1.3562,1.7201
2021,2021-02-21,E0,Arsenal,Man City,A,0.177548,0.213746,0.608707,1.0952,2.154
2021,2021-02-21,E0,Aston Villa,Leicester,A,0.242517,0.260292,0.497191,1.0932,1.6577
2021,2021-02-21,E0,Man United,Newcastle,H,0.666807,0.214764,0.118429,1.9964,0.7209
2021,2021-02-21,E0,West Ham,Tottenham,H,0.27662,0.255988,0.467391,1.2481,1.6803
2021,2021-02-22,E0,Brighton,Crystal Palace,A,0.366877,0.321839,0.311284,1.0821,0.9746
2021,2021-02-23,E0,Leeds,Southampton,H,0.440937,0.274053,0.28501,1.4925,1.1555
2021,2021-02-27,E0,Leeds,Aston Villa,A,0.520111,0.265656,0.214233,1.6127,0.9516
2021,2021-02-27,E0,Man City,West Ham,H,0.865153,0.094559,0.040288,3.3492,0.6887
2021,2021-02-27,E0,Newcastle,Wolves,D,0.288769,0.316133,0.395098,0.9472,1.1548
2021,2021-02-27,E0,West Brom,Brighton,H,0.351167,0.337406,0.311427,0.9852,0.9109
2021,2021-02-28,E0,Chelsea,Man United,D,0.381816,0.263542,0.354642,1.4847,1.4238
2021,2021-02-28,E0,Crystal Palace,Fulham,D,0.600546,0.245855,0.153599,1.7583,0.7751
2021,2021-02-28,E0,Leicester,Arsenal,A,0.437907,0.256592,0.305501,1.6421,1.3408
2021,2021-02-28,E0,Sheffield United,Liverpool,A,0.174045,0.281269,0.544687,0.7222,1.4784
2021,2021-02-28,E0,Tottenham,Burnley,H,0.615361,0.234295,0.150344,1.8662,0.8132
2021,2021-03-01,E0,Everton,Southampton,H,0.46305,0.268261,0.268689,1.5635,1.1385
2021,2021-03-02,E0,Man City,Wolves,H,0.735904,0.17875,0.085346,2.2823,0.6584
2021,2021-03-03,E0,Burnley,Leicester,D,0.310412,0.28626,0.403328,1.1543,1.3497
2021,2021-03-03,E0,Crystal Palace,Man United,D,0.211871,0.275617,0.512512,0.8931,1.526
2021,2021-03-03,E0,Sheffield United,Aston Villa,H,0.527083,0.292288,0.180629,1.3999,0.7083
2021,2021-03-04,E0,Fulham,Tottenham,A,0.119602,0.198075,0.682323,0.818,2.1976
2021,2021-03-04,E0,Liverpool,Chelsea,A,0.674355,0.192154,0.133491,2.3314,0.9588
2021,2021-03-04,E0,West Brom,Everton,A,0.281228,0.316443,0.402329,0.927,1.1631
2021,2021-03-06,E0,Aston Villa,Wolves,D,0.245548,0.291442,0.463011,0.9366,1.3823
2021,2021-03-06,E0,Brighton,Leicester,A,0.249154,0.283296,0.46755,0.9881,1.4452
2021,2021-03-06,E0,Burnley,Arsenal,D,0.300765,0.275238,0.423998,1.1954,1.4617
2021,2021-03-06,E0,Sheffield United,Southampton,A,0.457638,0.303898,0.238464,1.2956,0.86
2021,2021-03-07,E0,Liverpool,Fulham,A,0.922978,0.059527,0.017495,3.752,0.4889
2021,2021-03-07,E0,Man City,Man United,A,0.670675,0.19903,0.130295,2.2247,0.8887
2021,2021-03-07,E0,Tottenham,Crystal Palace,H,0.632582,0.230865,0.136553,1.8746,0.7534
2021,2021-03-07,E0,West Brom,Newcastle,D,0.314775,0.330813,0.354412,0.944,1.0191
2021,2021-03-08,E0,Chelsea,Everton,H,0.58685,0.230674,0.182476,1.9529,1.0065
2021,2021-03-08,E0,West Ham,Leeds,H,0.447636,0.268993,0.283371,1.5421,1.1823
2021,2021-03-10,E0,Man City,Southampton,H,0.865264,0.095421,0.039315,3.301,0.6609
2021,2021-03-12,E0,Newcastle,Aston Villa,D,0.485045,0.280176,0.234779,1.4802,0.9547
2021,2021-03-13,E0,Crystal Palace,West Brom,H,0.48407,0.312085,0.203845,1.2626,0.7216
2021,2021-03-13,E0,Everton,Burnley,A,0.448173,0.290588,0.261239,1.3755,0.99
2021,2021-03-13,E0,Fulham,Man City,A,0.029389,0.082246,0.888365,0.5782,3.4199
2021,2021-03-13,E0,Leeds,Chelsea,D,0.294623,0.267089,0.438287,1.2306,1.5476
2021,2021-03-14,E0,Arsenal,Tottenham,H,0.406017,0.261353,0.33263,1.5495,1.3842
2021,2021-03-14,E0,Leicester,Sheffield United,H,0.4746,0.302569,0.222831,1.3158,0.8163
2021,2021-03-14,E0,Man United,West Ham,H,0.671214,0.197781,0.131005,2.2439,0.9019
2021,2021-03-14,E0,Southampton,Brighton,A,0.50288,0.272561,0.224559,1.5495,0.956
2021,2021-03-15,E0,Wolves,Liverpool,A,0.217042,0.27546,0.507498,0.9134,1.5264
2021,2021-03-19,E0,Fulham,Leeds,A,0.239016,0.272294,0.48869,1.0108,1.5463
2021,2021-03-20,E0,Brighton,Newcastle,H,0.366472,0.317046,0.316482,1.1053,1.0076
2021,2021-03-21,E0,Aston Villa,Tottenham,A,0.198427,0.24698,0.554592,0.9864,1.7896
2021,2021-03-21,E0,West Ham,Arsenal,D,0.319971,0.250853,0.429176,1.4325,1.6857
2021,2021-04-03,E0,Arsenal,Liverpool,A,0.236791,0.242751,0.520458,1.1862,1.8451
2021,2021-04-03,E0,Chelsea,West Brom,A,0.69917,0.199946,0.100885,2.0991,0.6732
2021,2021-04-03,E0,Leeds,Sheffield United,H,0.355896,0.335897,0.308207,0.9995,0.9101
2021,2021-04-03,E0,Leicester,Man City,A,0.168815,0.218276,0.612909,1.0112,2.0799
2021,2021-04-04,E0,Aston Villa,Fulham,H,0.565916,0.245582,0.188502,1.7975,0.9478
2021,2021-04-04,E0,Man United,Brighton,H,0.703503,0.199763,0.096734,2.0835,0.6443
2021,2021-04-04,E0,Newcastle,Tottenham,D,0.243639,0.277848,0.478513,0.9975,1.495
2021,2021-04-04,E0,Southampton,Burnley,H,0.437822,0.279353,0.282825,1.4471,1.1168
2021,2021-04-05,E0,Everton,Crystal Palace,D,0.467637,0.292025,0.240338,1.3817,0.9171
2021,2021-04-05,E0,Wolves,West Ham,A,0.539061,0.260089,0.20085,1.6624,0.9253
2021,2021-04-09,E0,Fulham,Wolves,A,0.160854,0.253437,0.58571,0.7767,1.6975
2021,2021-04-10,E0,Crystal Palace,Chelsea,A,0.264159,0.27333,0.462511,1.0925,1.5201
2021,2021-04-10,E0,Liverpool,Aston Villa,H,0.853823,0.105827,0.040351,3.0554,0.5896
2021,2021-04-10,E0,Man City,Leeds,A,0.843042,0.112751,0.044207,2.97,0.5997
2021,2021-04-11,E0,Burnley,Newcastle,A,0.436356,0.301486,0.262158,1.2911,0.941
2021,2021-04-11,E0,Sheffield United,Arsenal,A,0.337169,0.310624,0.352207,1.0828,1.1126
2021,2021-04-11,E0,Tottenham,Man United,A,0.40215,0.275113,0.322737,1.4296,1.2574
2021,2021-04-11,E0,West Ham,Leicester,H,0.331105,0.260947,0.407947,1.3831,1.5565
2021,2021-04-12,E0,Brighton,Everton,D,0.330234,0.307258,0.362508,1.0854,1.15
2021,2021-04-12,E0,West Brom,Southampton,H,0.304264,0.303217,0.392519,1.0458,1.2237
2021,2021-04-16,E0,Everton,Tottenham,D,0.284837,0.276743,0.43842,1.1385,1.4681
2021,2021-04-17,E0,Newcastle,West Ham,H,0.402354,0.280431,0.317215,1.3899,1.208
2021,2021-04-17,E0,Wolves,Sheffield United,H,0.43905,0.337757,0.223192,1.0972,0.6994
2021,2021-04-18,E0,Arsenal,Fulham,D,0.799956,0.134558,0.065486,2.8236,0.7331
2021,2021-04-18,E0,Man United,Burnley,H,0.648134,0.222379,0.129487,1.9458,0.7527
2021,2021-04-19,E0,Leeds,Liverpool,D,0.141885,0.221426,0.63669,0.832,1.9863
2021,2021-04-20,E0,Chelsea,Brighton,D,0.665821,0.209511,0.124668,2.0753,0.7882
2021,2021-04-21,E0,Aston Villa,Man City,A,0.062871,0.134946,0.802184,0.6972,2.7849
2021,2021-04-21,E0,Tottenham,Southampton,H,0.639388,0.211493,0.149119,2.1212,0.9352
2021,2021-04-22,E0,Leicester,West Brom,H,0.65681,0.226392,0.116798,1.8722,0.6589
2021,2021-04-23,E0,Arsenal,Everton,A,0.568732,0.237598,0.19367,1.8864,1.0202
2021,2021-04-24,E0,Liverpool,Newcastle,D,0.792175,0.146936,0.060888,2.5524,0.5962
2021,2021-04-24,E0,Sheffield United,Brighton,H,0.493724,0.32024,0.186036,1.2205,0.6402
2021,2021-04-24,E0,West Ham,Chelsea,A,0.305217,0.247485,0.447298,1.4132,1.7451
2021,2021-04-25,E0,Aston Villa,West Brom,D,0.450667,0.303741,0.245593,1.2908,0.8823
2021,2021-04-25,E0,Leeds,Man United,D,0.236643,0.271595,0.491762,1.0059,1.5537
2021,2021-04-25,E0,Wolves,Burnley,A,0.521318,0.286524,0.192158,1.4415,0.7721
2021,2021-04-26,E0,Leicester,Crystal Palace,H,0.579903,0.25019,0.169906,1.7364,0.8349
2021,2021-04-30,E0,Southampton,Leicester,D,0.321316,0.264664,0.414021,1.3274,1.5341
2021,2021-05-01,E0,Brighton,Leeds,H,0.345798,0.310346,0.343856,1.1016,1.0978
2021,2021-05-01,E0,Chelsea,Fulham,H,0.814304,0.126044,0.059651,2.9232,0.7232
2021,2021-05-01,E0,Crystal Palace,Man City,A,0.089561,0.180981,0.729458,0.682,2.2777
2021,2021-05-01,E0,Everton,Aston Villa,A,0.542618,0.257192,0.20019,1.6894,0.9376
2021,2021-05-02,E0,Newcastle,Arsenal,A,0.281037,0.273749,0.445214,1.1449,1.4998
2021,2021-05-02,E0,Tottenham,Sheffield United,H,0.525086,0.289404,0.18551,1.4205,0.7366
2021,2021-05-03,E0,Burnley,West Ham,A,0.425256,0.276798,0.297946,1.4512,1.1773
2021,2021-05-03,E0,West Brom,Wolves,D,0.210931,0.318446,0.470623,0.7231,1.219
2021,2021-05-07,E0,Leicester,Newcastle,A,0.581491,0.246518,0.171991,1.7736,0.8631
2021,2021-05-08,E0,Leeds,Tottenham,H,0.267659,0.276301,0.456041,1.0868,1.4901
2021,2021-05-08,E0,Liverpool,Southampton,H,0.803893,0.132939,0.063167,2.8276,0.7159
2021,2021-05-08,E0,Man City,Chelsea,A,0.75488,0.153459,0.091661,2.7217,0.8852
2021,2021-05-08,E0,Sheffield United,Crystal Palace,A,0.455929,0.330671,0.2134,1.1449,0.6928
2021,2021-05-09,E0,Arsenal,West Brom,H,0.682911,0.208824,0.108266,2.0276,0.6824
2021,2021-05-09,E0,Aston Villa,Man United,A,0.172311,0.237451,0.590238,0.913,1.8659
2021,2021-05-09,E0,West Ham,Everton,A,0.429378,0.269054,0.301568,1.5194,1.2385
2021,2021-05-09,E0,Wolves,Brighton,H,0.578577,0.270951,0.150472,1.5435,0.661
2021,2021-05-10,E0,Fulham,Burnley,A,0.243327,0.279405,0.477269,0.9883,1.4819
2021,2021-05-11,E0,Man United,Leicester,A,0.541985,0.247932,0.210083,1.7848,1.0339
2021,2021-05-11,E0,Southampton,Crystal Palace,H,0.45867,0.281251,0.260079,1.4536,1.0346
2021,2021-05-12,E0,Chelsea,Arsenal,A,0.478885,0.24161,0.279505,1.8412,1.3699
2021,2021-05-13,E0,Aston Villa,Everton,D,0.32881,0.286267,0.384923,1.2008,1.319
2021,2021-05-13,E0,Man United,Liverpool,A,0.305723,0.271719,0.422558,1.2329,1.4879
2021,2021-05-14,E0,Newcastle,Man City,A,0.090075,0.177584,0.732341,0.705,2.3265
2021,2021-05-15,E0,Brighton,West Ham,D,0.351628,0.287994,0.360378,1.2423,1.2606
2021,2021-05-15,E0,Burnley,Leeds,A,0.415186,0.298208,0.286605,1.2869,1.0252
2021,2021-05-15,E0,Southampton,Fulham,H,0.665334,0.202701,0.131966,2.1826,0.8771
2021,2021-05-16,E0,Crystal Palace,Aston Villa,H,0.477006,0.285926,0.237068,1.4318,0.9347
2021,2021-05-16,E0,Everton,Sheffield United,A,0.373949,0.331662,0.294389,1.047,0.8967
2021,2021-05-16,E0,Tottenham,Wolves,H,0.487143,0.282064,0.230794,1.4666,0.9316
2021,2021-05-16,E0,West Brom,Liverpool,A,0.084252,0.192852,0.722896,0.583,2.1036
2021,2021-05-18,E0,Brighton,Man City,H,0.072131,0.161674,0.766196,0.6301,2.4279
2021,2021-05-18,E0,Chelsea,Leicester,H,0.487015,0.247875,0.26511,1.7778,1.2649
2021,2021-05-18,E0,Man United,Fulham,D,0.840815,0.114639,0.044546,2.9347,0.5911
2021,2021-05-18,E0,Southampton,Leeds,A,0.435434,0.274813,0.289754,1.4799,1.1653
2021,2021-05-19,E0,Burnley,Liverpool,A,0.139094,0.224871,0.636035,0.7973,1.9423
2021,2021-05-19,E0,Crystal Palace,Arsenal,A,0.276721,0.27773,0.445548,1.1075,1.4683
2021,2021-05-19,E0,Everton,Wolves,H,0.332214,0.308941,0.358845,1.081,1.1341
2021,2021-05-19,E0,Newcastle,Sheffield United,H,0.328885,0.344544,0.326571,0.9174,0.9131
2021,2021-05-19,E0,Tottenham,Aston Villa,A,0.710998,0.185511,0.103492,2.292,0.7702
2021,2021-05-19,E0,West Brom,West Ham,A,0.298811,0.297547,0.403642,1.061,1.2751
2021,2021-05-23,E0,Arsenal,Brighton,H,0.648754,0.217892,0.133353,2.0046,0.799
2021,2021-05-23,E0,Aston Villa,Chelsea,H,0.219092,0.241368,0.53954,1.1169,1.8586
2021,2021-05-23,E0,Fulham,Newcastle,A,0.260362,0.285304,0.454334,1.0141,1.4192
2021,2021-05-23,E0,Leeds,West Brom,H,0.526061,0.289174,0.184765,1.4221,0.7346
2021,2021-05-23,E0,Leicester,Tottenham,A,0.385865,0.271217,0.342918,1.4307,1.3365
2021,2021-05-23,E0,Liverpool,Crystal Palace,H,0.788897,0.150293,0.06081,2.4988,0.5767
2021,2021-05-23,E0,Man City,Everton,H,0.832834,0.118348,0.048818,2.9262,0.6282
2021,2021-05-23,E0,Sheffield United,Burnley,H,0.439767,0.32903,0.231203,1.1398,0.7479
2021,2021-05-23,E0,West Ham,Southampton,H,0.463441,0.252241,0.284318,1.714,1.303
2021,2021-05-23,E0,Wolves,Man United,A,0.326753,0.302204,0.371044,1.1043,1.1939
2122,2021-08-13,E0,Brentford,Arsenal,H,0.256828,0.265961,0.477211,1.0521,1.5252
2122,2021-08-14,E0,Burnley,Brighton,A,0.354314,0.318964,0.326721,1.0259,0.9733
2122,2021-08-14,E0,Chelsea,Crystal Palace,H,0.636926,0.218405,0.144669,1.9486,0.8118
2122,2021-08-14,E0,Everton,Southampton,H,0.471922,0.259323,0.268756,1.5798,1.1343
2122,2021-08-14,E0,Leicester,Wolves,H,0.513983,0.258005,0.228011,1.6127,0.9919
2122,2021-08-14,E0,Man United,Leeds,H,0.530057,0.226945,0.242997,1.9586,1.272
2122,2021-08-14,E0,Norwich,Liverpool,A,0.04215,0.121459,0.836391,0.469,2.6688
2122,2021-08-14,E0,Watford,Aston Villa,H,0.294209,0.264397,0.441394,1.1842,1.5044
2122,2021-08-15,E0,Newcastle,West Ham,A,0.309613,0.25537,0.435017,1.2962,1.5767
2122,2021-08-15,E0,Tottenham,Man City,H,0.215648,0.226463,0.557889,1.1444,1.9538
2122,2021-08-21,E0,Aston Villa,Newcastle,H,0.467082,0.262729,0.27019,1.5452,1.1174
2122,2021-08-21,E0,Brighton,Watford,H,0.433792,0.289163,0.277044,1.3096,0.9908
2122,2021-08-21,E0,Crystal Palace,Brentford,D,0.339897,0.28428,0.375822,1.1792,1.2537
2122,2021-08-21,E0,Leeds,Everton,D,0.500207,0.249708,0.250085,1.6896,1.1294
2122,2021-08-21,E0,Liverpool,Burnley,H,0.713204,0.187021,0.099775,2.171,0.6818
2122,2021-08-21,E0,Man City,Norwich,H,0.934933,0.052358,0.01271,3.6603,0.3574
2122,2021-08-22,E0,Arsenal,Chelsea,A,0.37966,0.272183,0.348157,1.3446,1.2771
2122,2021-08-22,E0,Southampton,Man United,D,0.181804,0.209147,0.609049,1.0935,2.1395
2122,2021-08-22,E0,Wolves,Tottenham,A,0.254169,0.271578,0.474253,1.0114,1.4766
2122,2021-08-23,E0,West Ham,Leicester,H,0.359412,0.243454,0.397134,1.5414,1.6294
2122,2021-08-28,E0,Aston Villa,Brentford,D,0.441082,0.272608,0.28631,1.437,1.1082
2122,2021-08-28,E0,Brighton,Everton,A,0.329116,0.310177,0.360707,1.0175,1.079
2122,2021-08-28,E0,Liverpool,Chelsea,D,0.512824,0.249283,0.237892,1.6976,1.0838
2122,2021-08-28,E0,Man City,Arsenal,H,0.655344,0.200808,0.143848,2.1604,0.9132
2122,2021-08-28,E0,Newcastle,Southampton,D,0.421883,0.256327,0.32179,1.5489,1.3252
2122,2021-08-28,E0,Norwich,Leicester,A,0.08427,0.173795,0.741935,0.6276,2.2594
2122,2021-08-28,E0,West Ham,Crystal Palace,D,0.554213,0.236609,0.209178,1.8301,1.0415
2122,2021-08-29,E0,Burnley,Leeds,D,0.24786,0.256983,0.495157,1.0738,1.6161
2122,2021-08-29,E0,Tottenham,Watford,H,0.678584,0.190122,0.131294,2.2644,0.8985
2122,2021-08-29,E0,Wolves,Man United,A,0.223757,0.263157,0.513086,0.9474,1.566
2122,2021-09-11,E0,Arsenal,Norwich,H,0.795773,0.148592,0.055635,2.392,0.4883
2122,2021-09-11,E0,Brentford,Brighton,A,0.402032,0.302391,0.295577,1.1874,0.9769
2122,2021-09-11,E0,Chelsea,Aston Villa,H,0.541537,0.246795,0.211667,1.7225,0.9893
2122,2021-09-11,E0,Crystal Palace,Tottenham,H,0.192586,0.232609,0.574805,0.9871,1.863
2122,2021-09-11,E0,Leicester,Man City,A,0.180727,0.206942,0.612331,1.1045,2.1682
2122,2021-09-11,E0,Man United,Newcastle,H,0.662566,0.198263,0.139171,2.1798,0.8986
2122,2021-09-11,E0,Southampton,West Ham,D,0.303,0.240836,0.456164,1.3939,1.7513
2122,2021-09-11,E0,Watford,Wolves,A,0.305126,0.290114,0.40476,1.0618,1.2648
2122,2021-09-12,E0,Leeds,Liverpool,A,0.257959,0.234556,0.507485,1.2744,1.8606
2122,2021-09-13,E0,Everton,Burnley,H,0.457113,0.291587,0.2513,1.3177,0.9039
2122,2021-09-17,E0,Newcastle,Leeds,D,0.271034,0.243778,0.485188,1.2531,1.7444
2122,2021-09-18,E0,Aston Villa,Everton,H,0.403298,0.281073,0.315629,1.3226,1.1396
2122,2021-09-18,E0,Burnley,Arsenal,A,0.220841,0.268529,0.51063,0.9091,1.5195
2122,2021-09-18,E0,Liverpool,Crystal Palace,H,0.743309,0.166336,0.090355,2.4035,0.7234
2122,2021-09-18,E0,Man City,Southampton,D,0.839286,0.107536,0.053178,3.1544,0.7379
2122,2021-09-18,E0,Norwich,Watford,A,0.197095,0.272793,0.530112,0.8003,1.4876
2122,2021-09-18,E0,Wolves,Brentford,A,0.404222,0.299304,0.296474,1.2082,0.9936
2122,2021-09-19,E0,Brighton,Leicester,H,0.253619,0.268424,0.477957,1.027,1.505
2122,2021-09-19,E0,Tottenham,Chelsea,A,0.410732,0.261078,0.32819,1.4891,1.3069
2122,2021-09-19,E0,West Ham,Man United,A,0.274963,0.239658,0.485379,1.301,1.7904
2122,2021-09-25,E0,Brentford,Liverpool,D,0.164392,0.223843,0.611765,0.8929,1.9256
2122,2021-09-25,E0,Chelsea,Man City,A,0.214527,0.237902,0.547571,1.0578,1.8182
2122,2021-09-25,E0,Everton,Norwich,H,0.680966,0.218736,0.100298,1.8331,0.5495
2122,2021-09-25,E0,Leeds,West Ham,A,0.470628,0.234892,0.29448,1.8347,1.4168
2122,2021-09-25,E0,Leicester,Burnley,D,0.587441,0.233657,0.178902,1.8379,0.9124
2122,2021-09-25,E0,Man United,Aston Villa,A,0.597788,0.221634,0.180577,1.9764,0.9957
2122,2021-09-25,E0,Watford,Newcastle,D,0.353181,0.269737,0.377083,1.3061,1.3576
2122,2021-09-26,E0,Arsenal,Tottenham,H,0.384006,0.260501,0.355492,1.4448,1.3817
2122,2021-09-26,E0,Southampton,Wolves,A,0.34649,0.280272,0.373239,1.2191,1.2752
2122,2021-09-27,E0,Crystal Palace,Brighton,D,0.350541,0.304505,0.344954,1.0885,1.0775
2122,2021-10-02,E0,Brighton,Arsenal,D,0.236672,0.281243,0.482085,0.9043,1.408
2122,2021-10-02,E0,Burnley,Norwich,D,0.599791,0.26248,0.137729,1.5403,0.5948
2122,2021-10-02,E0,Chelsea,Southampton,H,0.634209,0.20758,0.158211,2.1101,0.9601
2122,2021-10-02,E0,Leeds,Watford,H,0.629139,0.20427,0.16659,2.1747,1.0371
2122,2021-10-02,E0,Man United,Everton,D,0.5927,0.230816,0.176484,1.8657,0.9165
2122,2021-10-02,E0,Wolves,Newcastle,H,0.428271,0.289746,0.281984,1.2992,1.0018
2122,2021-10-03,E0,Crystal Palace,Leicester,D,0.226013,0.239991,0.533995,1.0954,1.7981
2122,2021-10-03,E0,Liverpool,Man City,D,0.304078,0.252017,0.443905,1.3047,1.6203
2122,2021-10-03,E0,Tottenham,Aston Villa,H,0.556735,0.233672,0.209593,1.8636,1.063
2122,2021-10-03,E0,West Ham,Brentford,A,0.491269,0.252316,0.256415,1.6592,1.136
2122,2021-10-16,E0,Aston Villa,Wolves,A,0.407065,0.292022,0.300913,1.2562,1.041
2122,2021-10-16,E0,Brentford,Chelsea,A,0.238342,0.263179,0.498479,1.002,1.5612
2122,2021-10-16,E0,Leicester,Man United,H,0.330542,0.244925,0.424533,1.4465,1.6641
2122,2021-10-16,E0,Man City,Burnley,H,0.806696,0.135149,0.058155,2.6312,0.588
2122,2021-10-16,E0,Norwich,Brighton,D,0.167097,0.29148,0.541424,0.6236,1.3539
2122,2021-10-16,E0,Southampton,Leeds,H,0.262793,0.228472,0.508735,1.3475,1.9375
2122,2021-10-16,E0,Watford,Liverpool,A,0.119823,0.185598,0.694579,0.8432,2.2812
2122,2021-10-17,E0,Everton,West Ham,A,0.358939,0.26935,0.37171,1.322,1.3496
2122,2021-10-17,E0,Newcastle,Tottenham,A,0.221194,0.238273,0.540533,1.0856,1.8163
2122,2021-10-18,E0,Arsenal,Crystal Palace,D,0.617053,0.224864,0.158084,1.9037,0.8524
2122,2021-10-22,E0,Arsenal,Aston Villa,H,0.519956,0.250844,0.2292,1.6828,1.0388
2122,2021-10-23,E0,Brighton,Man City,A,0.09743,0.187459,0.71511,0.6619,2.1545
2122,2021-10-23,E0,Chelsea,Norwich,H,0.809092,0.140904,0.050004,2.4485,0.4651
2122,2021-10-23,E0,Crystal Palace,Newcastle,D,0.361958,0.277956,0.360085,1.268,1.264
2122,2021-10-23,E0,Everton,Watford,A,0.503375,0.262739,0.233885,1.5669,0.9879
2122,2021-10-23,E0,Leeds,Wolves,D,0.502363,0.258521,0.239116,1.6047,1.0316
2122,2021-10-23,E0,Southampton,Burnley,D,0.413873,0.274089,0.312039,1.3894,1.173
2122,2021-10-24,E0,Brentford,Leicester,A,0.275491,0.253848,0.470661,1.1949,1.6302
2122,2021-10-24,E0,Man United,Liverpool,A,0.3494,0.255508,0.395092,1.4073,1.5099
2122,2021-10-24,E0,West Ham,Tottenham,H,0.312625,0.245099,0.442276,1.389,1.6882
2122,2021-10-30,E0,Burnley,Brentford,H,0.345609,0.298286,0.356105,1.1113,1.1324
2122,2021-10-30,E0,Leicester,Arsenal,A,0.392927,0.255134,0.35194,1.5091,1.4169
2122,2021-10-30,E0,Liverpool,Brighton,D,0.683746,0.204544,0.11171,2.0116,0.6782
2122,2021-10-30,E0,Man City,Crystal Palace,A,0.833858,0.115614,0.050528,2.9131,0.6239
2122,2021-10-30,E0,Newcastle,Chelsea,A,0.222886,0.251268,0.525846,1.0103,1.6788
2122,2021-10-30,E0,Tottenham,Man United,A,0.373914,0.251805,0.374281,1.4987,1.4996
2122,2021-10-30,E0,Watford,Southampton,A,0.369825,0.256212,0.373962,1.4507,1.46
2122,2021-10-31,E0,Aston Villa,West Ham,A,0.372213,0.258545,0.369241,1.4362,1.4296
2122,2021-10-31,E0,Norwich,Leeds,A,0.089221,0.176816,0.733963,0.6527,2.2482
2122,2021-11-01,E0,Wolves,Everton,H,0.369614,0.30677,0.323616,1.112,1.0218
2122,2021-11-05,E0,Southampton,Aston Villa,H,0.336305,0.257114,0.406581,1.3597,1.5167
2122,2021-11-06,E0,Brentford,Norwich,A,0.656998,0.228324,0.114678,1.7826,0.597
2122,2021-11-06,E0,Brighton,Newcastle,D,0.383993,0.297235,0.318772,1.1888,1.0579
2122,2021-11-06,E0,Chelsea,Burnley,D,0.60703,0.238429,0.154541,1.7601,0.7651
2122,2021-11-06,E0,Crystal Palace,Wolves,H,0.313141,0.300004,0.386855,1.0308,1.1776
2122,2021-11-06,E0,Man United,Man City,A,0.248672,0.237236,0.514091,1.2137,1.83
2122,2021-11-07,E0,Arsenal,Watford,H,0.640603,0.210906,0.148491,2.0446,0.878
2122,2021-11-07,E0,Everton,Tottenham,D,0.266073,0.262106,0.471821,1.1072,1.5546
2122,2021-11-07,E0,Leeds,Leicester,D,0.408279,0.238388,0.353333,1.7053,1.5752
2122,2021-11-07,E0,West Ham,Liverpool,H,0.221232,0.22907,0.549698,1.1519,1.9246
2122,2021-11-20,E0,Aston Villa,Brighton,H,0.447718,0.288894,0.263388,1.3266,0.9525
2122,2021-11-20,E0,Burnley,Crystal Palace,D,0.399076,0.295036,0.305887,1.2258,1.0381
2122,2021-11-20,E0,Leicester,Chelsea,A,0.368353,0.257406,0.37424,1.4372,1.4503
2122,2021-11-20,E0,Liverpool,Arsenal,H,0.539003,0.241292,0.219705,1.7825,1.0588
2122,2021-11-20,E0,Newcastle,Brentford,D,0.378439,0.278557,0.343004,1.2968,1.2222
2122,2021-11-20,E0,Norwich,Southampton,H,0.170271,0.245823,0.583906,0.8069,1.708
2122,2021-11-20,E0,Watford,Man United,H,0.15541,0.206128,0.638462,0.9524,2.1221
2122,2021-11-20,E0,Wolves,West Ham,H,0.342033,0.280495,0.377473,1.2076,1.2818
2122,2021-11-21,E0,Man City,Everton,H,0.753064,0.162067,0.084869,2.4308,0.6998
2122,2021-11-21,E0,Tottenham,Leeds,H,0.485996,0.234879,0.279124,1.8468,1.358
2122,2021-11-27,E0,Arsenal,Newcastle,H,0.585324,0.232335,0.182341,1.8559,0.9374
2122,2021-11-27,E0,Brighton,Leeds,D,0.265501,0.268239,0.46626,1.0681,1.4975
2122,2021-11-27,E0,Crystal Palace,Aston Villa,A,0.30379,0.274163,0.422047,1.1497,1.4006
2122,2021-11-27,E0,Liverpool,Southampton,H,0.745417,0.157226,0.097356,2.6027,0.8556
2122,2021-11-27,E0,Norwich,Wolves,D,0.143229,0.271528,0.585243,0.5906,1.4797
2122,2021-11-28,E0,Brentford,Everton,H,0.358599,0.290144,0.351257,1.1838,1.1688
2122,2021-11-28,E0,Chelsea,Man United,D,0.3661,0.263139,0.370761,1.3853,1.3955
2122,2021-11-28,E0,Leicester,Watford,H,0.64055,0.201847,0.157604,2.1855,0.9971
2122,2021-11-28,E0,Man City,West Ham,H,0.746301,0.155523,0.098175,2.6397,0.8779
2122,2021-11-30,E0,Leeds,Crystal Palace,H,0.605456,0.217282,0.177262,2.0247,1.0068
2122,2021-11-30,E0,Newcastle,Norwich,D,0.648115,0.228728,0.123157,1.7973,0.642
2122,2021-12-01,E0,Aston Villa,Man City,A,0.123383,0.187081,0.689536,0.8604,2.2756
2122,2021-12-01,E0,Everton,Liverpool,A,0.188371,0.240769,0.57086,0.9182,1.7724
2122,2021-12-01,E0,Southampton,Leicester,D,0.249865,0.227863,0.522272,1.2956,1.9471
2122,2021-12-01,E0,Watford,Chelsea,A,0.185097,0.23319,0.581713,0.9462,1.8495
2122,2021-12-01,E0,West Ham,Brighton,D,0.497145,0.266518,0.236337,1.5317,0.9764
2122,2021-12-01,E0,Wolves,Burnley,D,0.435273,0.306939,0.257788,1.2037,0.8585
2122,2021-12-02,E0,Man United,Arsenal,H,0.477288,0.251533,0.271179,1.6582,1.1959
2122,2021-12-02,E0,Tottenham,Brentford,H,0.59427,0.226975,0.178755,1.9114,0.9515
2122,2021-12-04,E0,Newcastle,Burnley,H,0.413669,0.287904,0.298427,1.292,1.0561
2122,2021-12-04,E0,Southampton,Brighton,D,0.387736,0.282438,0.329826,1.2874,1.1668
2122,2021-12-04,E0,Watford,Man City,A,0.069607,0.134993,0.7954,0.7272,2.7649
2122,2021-12-04,E0,West Ham,Chelsea,H,0.311634,0.256647,0.431719,1.2926,1.5604
2122,2021-12-04,E0,Wolves,Liverpool,A,0.180884,0.249358,0.569757,0.8388,1.6834
2122,2021-12-05,E0,Aston Villa,Leicester,H,0.316903,0.253248,0.429848,1.335,1.5895
2122,2021-12-05,E0,Leeds,Brentford,D,0.542035,0.236574,0.221392,1.8357,1.0982
2122,2021-12-05,E0,Man United,Crystal Palace,H,0.692464,0.188584,0.118952,2.2359,0.8171
2122,2021-12-05,E0,Tottenham,Norwich,H,0.827591,0.125942,0.046467,2.6491,0.4998
2122,2021-12-06,E0,Everton,Arsenal,H,0.285202,0.276518,0.438281,1.0819,1.4038
2122,2021-12-10,E0,Brentford,Watford,H,0.471837,0.265662,0.262501,1.5237,1.0733
2122,2021-12-11,E0,Arsenal,Southampton,H,0.612851,0.213836,0.173314,2.0614,1.0081
2122,2021-12-11,E0,Chelsea,Leeds,H,0.473905,0.246507,0.279588,1.707,1.2637
2122,2021-12-11,E0,Liverpool,Aston Villa,H,0.655848,0.202941,0.141211,2.1246,0.8816
2122,2021-12-11,E0,Man City,Wolves,H,0.747408,0.169574,0.083017,2.3088,0.6392
2122,2021-12-11,E0,Norwich,Man United,A,0.05723,0.143526,0.799244,0.5297,2.4827
2122,2021-12-12,E0,Burnley,West Ham,D,0.282825,0.270411,0.446763,1.1108,1.4608
2122,2021-12-12,E0,Crystal Palace,Everton,H,0.307065,0.286688,0.406247,1.0853,1.2892
2122,2021-12-12,E0,Leicester,Newcastle,H,0.583028,0.222511,0.194462,1.9838,1.0646
2122,2021-12-14,E0,Man City,Leeds,H,0.712413,0.168281,0.119306,2.5519,0.9712
2122,2021-12-14,E0,Norwich,Aston Villa,A,0.130441,0.234366,0.635192,0.6587,1.7599
2122,2021-12-15,E0,Arsenal,West Ham,H,0.492652,0.245976,0.261373,1.725,1.1994
2122,2021-12-15,E0,Brighton,Wolves,A,0.333125,0.323586,0.343289,0.9664,0.9856
2122,2021-12-15,E0,Crystal Palace,Southampton,D,0.379293,0.263782,0.356926,1.4084,1.3593
2122,2021-12-16,E0,Chelsea,Everton,D,0.537429,0.256631,0.20594,1.626,0.9106
2122,2021-12-16,E0,Liverpool,Newcastle,H,0.716604,0.176845,0.106552,2.3432,0.7956
2122,2021-12-18,E0,Leeds,Arsenal,A,0.379704,0.252919,0.367377,1.5016,1.4737
2122,2021-12-19,E0,Newcastle,Man City,A,0.091578,0.16016,0.748262,0.7765,2.5097
2122,2021-12-19,E0,Tottenham,Liverpool,D,0.310957,0.251956,0.437087,1.327,1.612
2122,2021-12-19,E0,Wolves,Chelsea,D,0.253786,0.285122,0.461092,0.9412,1.3648
2122,2021-12-26,E0,Aston Villa,Chelsea,A,0.274583,0.264727,0.46069,1.1195,1.5222
2122,2021-12-26,E0,Brighton,Brentford,H,0.36163,0.305284,0.333086,1.1055,1.0493
2122,2021-12-26,E0,Man City,Leicester,H,0.694795,0.176898,0.128307,2.4535,0.9761
2122,2021-12-26,E0,Norwich,Arsenal,A,0.080871,0.184032,0.735097,0.5526,2.1138
2122,2021-12-26,E0,Tottenham,Crystal Palace,H,0.654832,0.204174,0.140994,2.1082,0.8723
2122,2021-12-26,E0,West Ham,Southampton,A,0.544153,0.224919,0.230927,1.9818,1.2317
2122,2021-12-27,E0,Newcastle,Man United,D,0.191251,0.226975,0.581774,1.0169,1.9263
2122,2021-12-28,E0,Crystal Palace,Norwich,H,0.605571,0.25111,0.143319,1.6342,0.6585
2122,2021-12-28,E0,Leicester,Liverpool,H,0.270474,0.240009,0.489516,1.2807,1.7889
2122,2021-12-28,E0,Southampton,Tottenham,D,0.21224,0.221287,0.566472,1.1674,2.0174
2122,2021-12-28,E0,Watford,West Ham,A,0.262942,0.24483,0.492228,1.214,1.737
2122,2021-12-29,E0,Brentford,Man City,A,0.10294,0.176151,0.72091,0.7701,2.3339
2122,2021-12-29,E0,Chelsea,Brighton,D,0.577162,0.254274,0.168564,1.6309,0.761
2122,2021-12-30,E0,Man United,Burnley,H,0.66212,0.208685,0.129195,2.0195,0.7701
2122,2022-01-01,E0,Arsenal,Man City,A,0.197032,0.228932,0.574036,1.0334,1.9091
2122,2022-01-01,E0,Crystal Palace,West Ham,A,0.273601,0.255237,0.471162,1.1786,1.6173
2122,2022-01-01,E0,Watford,Tottenham,A,0.182146,0.219808,0.598045,1.0168,2.001
2122,2022-01-02,E0,Brentford,Aston Villa,H,0.357017,0.27847,0.364513,1.2541,1.2698
2122,2022-01-02,E0,Chelsea,Liverpool,D,0.305741,0.263323,0.430936,1.2265,1.5002
2122,2022-01-02,E0,Everton,Brighton,A,0.430416,0.30292,0.266664,1.221,0.8991
2122,2022-01-02,E0,Leeds,Burnley,H,0.576338,0.235379,0.188282,1.8288,0.9489
2122,2022-01-03,E0,Man United,Wolves,A,0.591217,0.239088,0.169695,1.7721,0.8372
2122,2022-01-11,E0,Southampton,Brentford,H,0.376115,0.264692,0.359193,1.3946,1.3575
2122,2022-01-12,E0,West Ham,Norwich,H,0.756028,0.167228,0.076744,2.2996,0.5967
2122,2022-01-14,E0,Brighton,Crystal Palace,D,0.414866,0.299908,0.285226,1.2193,0.9619
2122,2022-01-15,E0,Aston Villa,Man United,D,0.240841,0.244655,0.514504,1.1268,1.7466
2122,2022-01-15,E0,Man City,Chelsea,H,0.629522,0.211789,0.158689,2.0575,0.9347
2122,2022-01-15,E0,Newcastle,Watford,D,0.456361,0.262609,0.28103,1.5363,1.1542
2122,2022-01-15,E0,Norwich,Everton,H,0.136005,0.25183,0.612166,0.6218,1.6199
2122,2022-01-15,E0,Wolves,Southampton,H,0.449812,0.273067,0.277121,1.443,1.0773
2122,2022-01-16,E0,Liverpool,Brentford,H,0.688609,0.192745,0.118646,2.1791,0.7891
2122,2022-01-16,E0,West Ham,Leeds,A,0.375495,0.241302,0.383203,1.6032,1.6213
2122,2022-01-18,E0,Brighton,Chelsea,D,0.219934,0.278087,0.50198,0.8612,1.4412
2122,2022-01-19,E0,Brentford,Man United,A,0.206815,0.24005,0.553135,1.0085,1.7913
2122,2022-01-19,E0,Leicester,Tottenham,A,0.371491,0.246293,0.382215,1.5444,1.5691
2122,2022-01-21,E0,Watford,Norwich,A,0.604247,0.246167,0.149586,1.6833,0.7072
2122,2022-01-22,E0,Brentford,Wolves,A,0.36318,0.302235,0.334585,1.1244,1.0677
2122,2022-01-22,E0,Everton,Aston Villa,A,0.387909,0.282154,0.329937,1.2896,1.1688
2122,2022-01-22,E0,Leeds,Newcastle,A,0.570912,0.224172,0.204916,1.974,1.1073
2122,2022-01-22,E0,Man United,West Ham,H,0.572388,0.220279,0.207333,2.026,1.1497
2122,2022-01-22,E0,Southampton,Man City,D,0.082628,0.140796,0.776576,0.835,2.7875
2122,2022-01-23,E0,Arsenal,Burnley,D,0.587551,0.244376,0.168073,1.7195,0.8034
2122,2022-01-23,E0,Chelsea,Tottenham,H,0.406279,0.261385,0.332336,1.4789,1.3159
2122,2022-01-23,E0,Crystal Palace,Liverpool,A,0.129078,0.2,0.670921,0.8186,2.124
2122,2022-01-23,E0,Leicester,Brighton,D,0.557062,0.248127,0.194811,1.703,0.9075
2122,2022-02-05,E0,Burnley,Watford,D,0.417458,0.285008,0.297534,1.3166,1.0693
2122,2022-02-08,E0,Burnley,Man United,D,0.176053,0.238496,0.58545,0.8714,1.7846
2122,2022-02-08,E0,Newcastle,Everton,H,0.343222,0.283149,0.373629,1.1936,1.2569
2122,2022-02-08,E0,West Ham,Watford,H,0.577179,0.224335,0.198486,1.9657,1.0728
2122,2022-02-09,E0,Aston Villa,Leeds,D,0.331429,0.251927,0.416643,1.3885,1.5816
2122,2022-02-09,E0,Man City,Brentford,H,0.788394,0.141712,0.069894,2.641,0.6805
2122,2022-02-09,E0,Norwich,Crystal Palace,D,0.188436,0.278468,0.533096,0.7451,1.4442
2122,2022-02-09,E0,Tottenham,Southampton,A,0.651414,0.194366,0.15422,2.2829,1.0317
2122,2022-02-10,E0,Liverpool,Leicester,H,0.576154,0.220124,0.203722,2.0244,1.1318
2122,2022-02-10,E0,Wolves,Arsenal,A,0.272162,0.286842,0.440997,0.9883,1.3333
2122,2022-02-12,E0,Brentford,Crystal Palace,D,0.451585,0.27647,0.271945,1.4187,1.042
2122,2022-02-12,E0,Everton,Leeds,H,0.320125,0.261951,0.417924,1.278,1.493
2122,2022-02-12,E0,Man United,Southampton,D,0.691332,0.179227,0.129441,2.4211,0.9663
2122,2022-02-12,E0,Norwich,Man City,A,0.02164,0.076392,0.901968,0.4045,3.2346
2122,2022-02-12,E0,Watford,Brighton,A,0.343273,0.295569,0.361158,1.1212,1.1573
2122,2022-02-13,E0,Burnley,Liverpool,A,0.139256,0.220076,0.640667,0.7715,1.9185
2122,2022-02-13,E0,Leicester,West Ham,D,0.484406,0.235041,0.280553,1.8439,1.3622
2122,2022-02-13,E0,Newcastle,Aston Villa,H,0.340721,0.271451,0.387828,1.2644,1.3655
2122,2022-02-13,E0,Tottenham,Wolves,A,0.552726,0.251526,0.195748,1.6709,0.8938
2122,2022-02-15,E0,Man United,Brighton,H,0.63187,0.225272,0.142858,1.8713,0.766
2122,2022-02-19,E0,Arsenal,Brentford,H,0.557005,0.245915,0.19708,1.7259,0.9297
2122,2022-02-19,E0,Aston Villa,Watford,A,0.522855,0.248935,0.228211,1.7024,1.0465
2122,2022-02-19,E0,Brighton,Burnley,A,0.392734,0.316179,0.291088,1.1014,0.9066
2122,2022-02-19,E0,Crystal Palace,Chelsea,A,0.194958,0.2462,0.558842,0.9186,1.722
2122,2022-02-19,E0,Liverpool,Norwich,H,0.882913,0.090293,0.026794,3.0201,0.4144
2122,2022-02-19,E0,Man City,Tottenham,A,0.642242,0.200047,0.157711,2.2109,1.0113
2122,2022-02-19,E0,Southampton,Everton,H,0.339809,0.268412,0.39178,1.2836,1.396
2122,2022-02-19,E0,West Ham,Newcastle,D,0.519076,0.241278,0.239646,1.7843,1.1454
2122,2022-02-20,E0,Leeds,Man United,A,0.317138,0.241073,0.441789,1.4394,1.7308
2122,2022-02-20,E0,Wolves,Leicester,H,0.29215,0.273146,0.434704,1.1224,1.4251
2122,2022-02-23,E0,Burnley,Tottenham,H,0.202992,0.250552,0.546456,0.9303,1.6828
2122,2022-02-23,E0,Liverpool,Leeds,H,0.59456,0.212946,0.192494,2.1055,1.1262
2122,2022-02-23,E0,Watford,Crystal Palace,A,0.387333,0.274835,0.337832,1.3397,1.2344
2122,2022-02-24,E0,Arsenal,Wolves,H,0.516856,0.269993,0.21315,1.5088,0.8734
2122,2022-02-25,E0,Southampton,Norwich,H,0.658694,0.215651,0.125655,1.9328,0.713
2122,2022-02-26,E0,Brentford,Newcastle,A,0.418194,0.275776,0.30603,1.3831,1.146
2122,2022-02-26,E0,Brighton,Aston Villa,A,0.327784,0.297373,0.374843,1.0779,1.1723
2122,2022-02-26,E0,Crystal Palace,Burnley,D,0.374381,0.296793,0.328826,1.1748,1.0832
2122,2022-02-26,E0,Everton,Man City,A,0.121846,0.196095,0.682059,0.7919,2.1481
2122,2022-02-26,E0,Leeds,Tottenham,A,0.357798,0.243506,0.398696,1.5367,1.632
2122,2022-02-26,E0,Man United,Watford,D,0.716012,0.174162,0.109825,2.4014,0.8416
2122,2022-02-27,E0,West Ham,Wolves,H,0.454172,0.27268,0.273148,1.4505,1.0671
2122,2022-03-01,E0,Burnley,Leicester,A,0.23637,0.256605,0.507025,1.0324,1.6242
2122,2022-03-05,E0,Aston Villa,Southampton,H,0.490078,0.246669,0.263254,1.7163,1.2016
2122,2022-03-05,E0,Burnley,Chelsea,A,0.204558,0.264564,0.530879,0.8658,1.5554
2122,2022-03-05,E0,Leicester,Leeds,H,0.439837,0.236258,0.323906,1.7825,1.507
2122,2022-03-05,E0,Liverpool,West Ham,H,0.634226,0.203304,0.16247,2.178,1.0179
2122,2022-03-05,E0,Newcastle,Brighton,H,0.38808,0.296944,0.314976,1.1972,1.0505
2122,2022-03-05,E0,Norwich,Brentford,A,0.154057,0.259699,0.586244,0.6755,1.5753
2122,2022-03-05,E0,Wolves,Crystal Palace,A,0.459579,0.289655,0.250766,1.3326,0.9109
2122,2022-03-06,E0,Man City,Man United,H,0.599729,0.214726,0.185544,2.0709,1.0725
2122,2022-03-06,E0,Watford,Arsenal,A,0.201296,0.23833,0.560374,0.9935,1.8068
2122,2022-03-07,E0,Tottenham,Everton,H,0.552918,0.242965,0.204117,1.7593,0.9785
2122,2022-03-10,E0,Leeds,Aston Villa,A,0.501736,0.240439,0.257825,1.7898,1.227
2122,2022-03-10,E0,Norwich,Chelsea,A,0.0733,0.176199,0.750501,0.5263,2.1637
2122,2022-03-10,E0,Southampton,Newcastle,A,0.400439,0.2578,0.341761,1.4996,1.3688
2122,2022-03-10,E0,Wolves,Watford,H,0.47998,0.27791,0.24211,1.4313,0.9383
2122,2022-03-12,E0,Brentford,Burnley,H,0.427911,0.292444,0.279645,1.2814,0.9821
2122,2022-03-12,E0,Brighton,Liverpool,A,0.153141,0.23639,0.610469,0.7675,1.7777
2122,2022-03-12,E0,Man United,Tottenham,H,0.45819,0.246067,0.295743,1.697,1.3244
2122,2022-03-13,E0,Arsenal,Leicester,H,0.433555,0.252351,0.314095,1.6034,1.3335
2122,2022-03-13,E0,Chelsea,Newcastle,H,0.606131,0.226574,0.167295,1.8998,0.8928
2122,2022-03-13,E0,Everton,Wolves,A,0.391547,0.305196,0.303257,1.1563,0.9827
2122,2022-03-13,E0,Leeds,Norwich,H,0.79735,0.141907,0.060742,2.5441,0.5768
2122,2022-03-13,E0,Southampton,Watford,A,0.456631,0.25028,0.293089,1.6521,1.2819
2122,2022-03-13,E0,West Ham,Aston Villa,H,0.451035,0.253144,0.295822,1.6178,1.2692
2122,2022-03-14,E0,Crystal Palace,Man City,D,0.077124,0.149427,0.773449,0.706,2.5743
2122,2022-03-16,E0,Arsenal,Liverpool,A,0.285514,0.25826,0.456226,1.1982,1.5752
2122,2022-03-16,E0,Brighton,Tottenham,A,0.219175,0.264001,0.516824,0.9254,1.5593
2122,2022-03-17,E0,Everton,Newcastle,H,0.449556,0.275717,0.274726,1.4223,1.0548
2122,2022-03-18,E0,Wolves,Leeds,A,0.305275,0.272011,0.422713,1.1674,1.4181
2122,2022-03-19,E0,Aston Villa,Arsenal,A,0.295004,0.26609,0.438905,1.1755,1.4871
2122,2022-03-20,E0,Leicester,Brentford,H,0.554135,0.235368,0.210497,1.8448,1.0559
2122,2022-03-20,E0,Tottenham,West Ham,H,0.529277,0.230678,0.240045,1.9104,1.2275
2122,2022-04-02,E0,Brighton,Norwich,D,0.610133,0.262252,0.127615,1.5321,0.5511
2122,2022-04-02,E0,Burnley,Man City,A,0.086202,0.169856,0.743942,0.6654,2.3252
2122,2022-04-02,E0,Chelsea,Brentford,A,0.577724,0.240785,0.181491,1.7666,0.8855
2122,2022-04-02,E0,Leeds,Southampton,D,0.597751,0.207088,0.195161,2.1925,1.1908
2122,2022-04-02,E0,Liverpool,Watford,H,0.766029,0.151632,0.082339,2.5815,0.7451
2122,2022-04-02,E0,Man United,Leicester,D,0.511747,0.232798,0.255455,1.8832,1.2783
2122,2022-04-02,E0,Wolves,Aston Villa,H,0.36946,0.29469,0.33585,1.178,1.1101
2122,2022-04-03,E0,Tottenham,Newcastle,H,0.623182,0.21286,0.163958,2.0554,0.9594
2122,2022-04-03,E0,West Ham,Everton,H,0.45084,0.262998,0.286163,1.5272,1.1682
2122,2022-04-04,E0,Crystal Palace,Arsenal,H,0.211327,0.250815,0.537857,0.9646,1.6823
2122,2022-04-06,E0,Burnley,Everton,H,0.313431,0.30176,0.384809,1.0229,1.1645
2122,2022-04-08,E0,Newcastle,Wolves,H,0.348741,0.295377,0.355882,1.1337,1.1481
2122,2022-04-09,E0,Arsenal,Brighton,A,0.557758,0.259585,0.182657,1.5933,0.7991
2122,2022-04-09,E0,Aston Villa,Tottenham,A,0.274739,0.252335,0.472926,1.203,1.6469
2122,2022-04-09,E0,Everton,Man United,H,0.233833,0.254168,0.511999,1.0371,1.6487
2122,2022-04-09,E0,Southampton,Chelsea,A,0.214735,0.233823,0.551441,1.0864,1.8646
2122,2022-04-09,E0,Watford,Leeds,A,0.226437,0.229492,0.544071,1.1736,1.9217
2122,2022-04-10,E0,Brentford,West Ham,H,0.326994,0.263525,0.409481,1.2855,1.4663
2122,2022-04-10,E0,Leicester,Crystal Palace,H,0.616824,0.215154,0.168022,2.0348,0.968
2122,2022-04-10,E0,Man City,Liverpool,D,0.528796,0.236983,0.234221,1.8335,1.1529
2122,2022-04-10,E0,Norwich,Burnley,H,0.179951,0.290336,0.529713,0.673,1.3611
2122,2022-04-16,E0,Man United,Norwich,H,0.852441,0.11011,0.03745,2.8094,0.4681
2122,2022-04-16,E0,Southampton,Arsenal,H,0.233134,0.238001,0.528865,1.1408,1.8216
2122,2022-04-16,E0,Tottenham,Brighton,A,0.594415,0.239454,0.166131,1.7645,0.8178
2122,2022-04-16,E0,Watford,Brentford,A,0.331218,0.275388,0.393394,1.2146,1.3465
2122,2022-04-17,E0,Newcastle,Leicester,H,0.258277,0.243612,0.498111,1.2048,1.7531
2122,2022-04-17,E0,West Ham,Burnley,D,0.526526,0.253882,0.219591,1.6531,0.9816
2122,2022-04-19,E0,Liverpool,Man United,H,0.47878,0.246707,0.274513,1.7087,1.2436
2122,2022-04-20,E0,Chelsea,Arsenal,A,0.425195,0.269017,0.305788,1.4451,1.1882
2122,2022-04-20,E0,Everton,Leicester,D,0.306259,0.26322,0.430521,1.2287,1.5005
2122,2022-04-20,E0,Man City,Brighton,H,0.780335,0.152476,0.067189,2.4381,0.5849
2122,2022-04-20,E0,Newcastle,Crystal Palace,H,0.43653,0.272755,0.290715,1.4304,1.1205
2122,2022-04-21,E0,Burnley,Southampton,H,0.385464,0.276072,0.338463,1.3274,1.2278
2122,2022-04-23,E0,Arsenal,Man United,H,0.344382,0.260612,0.395006,1.3533,1.4653
2122,2022-04-23,E0,Brentford,Tottenham,D,0.237451,0.250113,0.512436,1.0767,1.6891
2122,2022-04-23,E0,Leicester,Aston Villa,D,0.514564,0.239951,0.245485,1.7987,1.1797
2122,2022-04-23,E0,Man City,Watford,H,0.853313,0.102121,0.044565,3.1288,0.6426
2122,2022-04-23,E0,Norwich,Newcastle,A,0.165183,0.259067,0.57575,0.7264,1.5883
2122,2022-04-24,E0,Brighton,Southampton,D,0.403117,0.281357,0.315526,1.3204,1.1377
2122,2022-04-24,E0,Burnley,Wolves,H,0.318379,0.31534,0.366282,0.9715,1.0637
2122,2022-04-24,E0,Chelsea,West Ham,H,0.515447,0.242906,0.241646,1.7658,1.1423
2122,2022-04-24,E0,Liverpool,Everton,H,0.648954,0.212166,0.13888,2.0056,0.8114
2122,2022-04-25,E0,Crystal Palace,Leeds,D,0.237499,0.240848,0.521653,1.1393,1.7892
2122,2022-04-28,E0,Man United,Chelsea,D,0.451423,0.257271,0.291306,1.5792,1.2242
2122,2022-04-30,E0,Aston Villa,Norwich,H,0.704609,0.20071,0.094681,1.9916,0.5821
2122,2022-04-30,E0,Leeds,Man City,A,0.169966,0.199249,0.630784,1.0991,2.2551
2122,2022-04-30,E0,Newcastle,Liverpool,A,0.150328,0.209155,0.640518,0.9003,2.0707
2122,2022-04-30,E0,Southampton,Crystal Palace,A,0.436623,0.259828,0.303549,1.5382,1.2446
2122,2022-04-30,E0,Watford,Burnley,A,0.367076,0.288562,0.344362,1.2101,1.1634
2122,2022-04-30,E0,Wolves,Brighton,A,0.40963,0.318029,0.272341,1.1153,0.854
2122,2022-05-01,E0,Everton,Chelsea,H,0.265751,0.27504,0.459208,1.0304,1.4369
2122,2022-05-01,E0,Tottenham,Leicester,H,0.468092,0.239756,0.292152,1.7757,1.3647
2122,2022-05-01,E0,West Ham,Arsenal,A,0.334267,0.256724,0.409009,1.3573,1.5244
2122,2022-05-02,E0,Man United,Brentford,H,0.633753,0.213233,0.153014,2.0271,0.8912
2122,2022-05-07,E0,Brentford,Southampton,H,0.438803,0.260367,0.30083,1.5362,1.2324
2122,2022-05-07,E0,Brighton,Man United,H,0.191482,0.253189,0.555329,0.8668,1.6537
2122,2022-05-07,E0,Burnley,Aston Villa,A,0.311166,0.288911,0.399923,1.0836,1.2651
2122,2022-05-07,E0,Chelsea,Wolves,D,0.536797,0.265805,0.197398,1.5444,0.8318
2122,2022-05-07,E0,Crystal Palace,Watford,H,0.413475,0.273011,0.313514,1.3969,1.1839
2122,2022-05-07,E0,Liverpool,Tottenham,D,0.522109,0.237799,0.240092,1.8242,1.1726
2122,2022-05-08,E0,Arsenal,Leeds,H,0.450602,0.248082,0.301317,1.6676,1.3269
2122,2022-05-08,E0,Leicester,Everton,A,0.512441,0.24924,0.238319,1.698,1.0858
2122,2022-05-08,E0,Man City,Newcastle,H,0.813186,0.126,0.060814,2.84,0.6862
2122,2022-05-08,E0,Norwich,West Ham,A,0.109425,0.202001,0.688573,0.6752,2.0322
2122,2022-05-10,E0,Aston Villa,Liverpool,A,0.193103,0.231363,0.575534,0.9976,1.8775
2122,2022-05-11,E0,Leeds,Chelsea,A,0.355314,0.254576,0.39011,1.4301,1.5085
2122,2022-05-11,E0,Leicester,Norwich,H,0.803944,0.138871,0.057185,2.5568,0.5546
2122,2022-05-11,E0,Watford,Everton,D,0.298239,0.276825,0.424936,1.1179,1.3847
2122,2022-05-11,E0,Wolves,Man City,A,0.118099,0.203907,0.677993,0.7234,2.0402
2122,2022-05-12,E0,Tottenham,Arsenal,H,0.435938,0.256929,0.307133,1.5635,1.2768
2122,2022-05-15,E0,Aston Villa,Crystal Palace,D,0.501154,0.260629,0.238217,1.585,1.016
2122,2022-05-15,E0,Everton,Brentford,A,0.424469,0.285497,0.290035,1.3227,1.0461
2122,2022-05-15,E0,Leeds,Brighton,D,0.545957,0.24939,0.204652,1.6946,0.9439
2122,2022-05-15,E0,Tottenham,Burnley,H,0.624777,0.22372,0.151503,1.9043,0.8221
2122,2022-05-15,E0,Watford,Leicester,A,0.21512,0.228252,0.556628,1.1283,1.9313
2122,2022-05-15,E0,West Ham,Man City,D,0.142292,0.188331,0.669377,0.9935,2.3327
2122,2022-05-15,E0,Wolves,Norwich,D,0.653264,0.239367,0.107369,1.6745,0.5219
2122,2022-05-16,E0,Newcastle,Arsenal,H,0.240964,0.254845,0.504191,1.0608,1.6401
2122,2022-05-17,E0,Southampton,Liverpool,A,0.140769,0.190135,0.669096,0.9682,2.2999
2122,2022-05-19,E0,Aston Villa,Burnley,D,0.475339,0.277449,0.247212,1.4316,0.9575
2122,2022-05-19,E0,Chelsea,Leicester,D,0.456598,0.251369,0.292033,1.6412,1.27
2122,2022-05-19,E0,Everton,Crystal Palace,H,0.482262,0.274498,0.24324,1.4589,0.9591
2122,2022-05-22,E0,Arsenal,Everton,H,0.516664,0.260696,0.22264,1.5885,0.9561
2122,2022-05-22,E0,Brentford,Leeds,A,0.288595,0.253462,0.457943,1.2428,1.6222
2122,2022-05-22,E0,Brighton,West Ham,H,0.300426,0.280083,0.419491,1.1049,1.3536
2122,2022-05-22,E0,Burnley,Newcastle,A,0.367498,0.291169,0.341333,1.1951,1.1417
2122,2022-05-22,E0,Chelsea,Watford,H,0.660546,0.204075,0.135378,2.0929,0.8362
2122,2022-05-22,E0,Crystal Palace,Man United,H,0.165524,0.219651,0.614826,0.9246,1.9758
2122,2022-05-22,E0,Leicester,Southampton,H,0.610254,0.205032,0.184714,2.2034,1.1449
2122,2022-05-22,E0,Liverpool,Wolves,H,0.645531,0.220278,0.134192,1.9049,0.7412
2122,2022-05-22,E0,Man City,Aston Villa,H,0.761786,0.153264,0.08495,2.5751,0.7603
2122,2022-05-22,E0,Norwich,Tottenham,A,0.069521,0.160466,0.770013,0.5655,2.341
2223,2022-08-05,E0,Crystal Palace,Arsenal,A,0.280862,0.264901,0.454237,1.1062,1.4773
2223,2022-08-06,E0,Bournemouth,Aston Villa,H,0.30652,0.248935,0.444545,1.3003,1.6111
2223,2022-08-06,E0,Everton,Chelsea,A,0.186655,0.234576,0.578769,0.9152,1.7951
2223,2022-08-06,E0,Fulham,Liverpool,D,0.064428,0.164464,0.771107,0.4804,2.2112
2223,2022-08-06,E0,Leeds,Wolves,H,0.347631,0.27482,0.377549,1.224,1.2869
2223,2022-08-06,E0,Newcastle,Nott'm Forest,H,0.387559,0.274619,0.337822,1.307,1.2025
2223,2022-08-06,E0,Tottenham,Southampton,H,0.708201,0.172564,0.119235,2.4282,0.9023
2223,2022-08-07,E0,Leicester,Brentford,D,0.520241,0.231093,0.248665,1.8618,1.2265
2223,2022-08-07,E0,Man United,Brighton,A,0.51494,0.259333,0.225727,1.5637,0.9458
2223,2022-08-07,E0,West Ham,Man City,A,0.1329,0.182515,0.684585,0.9349,2.3354
2223,2022-08-13,E0,Arsenal,Leicester,H,0.463932,0.238002,0.298066,1.7493,1.3637
2223,2022-08-13,E0,Aston Villa,Everton,H,0.477264,0.258255,0.264482,1.5553,1.0933
2223,2022-08-13,E0,Brentford,Man United,H,0.30377,0.248082,0.448147,1.2982,1.624
2223,2022-08-13,E0,Brighton,Newcastle,D,0.424272,0.290968,0.28476,1.2555,0.9757
2223,2022-08-13,E0,Man City,Bournemouth,H,0.880367,0.083107,0.036526,3.4369,0.6519
2223,2022-08-13,E0,Southampton,Leeds,D,0.40982,0.236621,0.353559,1.6864,1.5538
2223,2022-08-13,E0,Wolves,Fulham,D,0.509609,0.309123,0.181268,1.221,0.605
2223,2022-08-14,E0,Chelsea,Tottenham,D,0.431785,0.258305,0.309911,1.5068,1.2396
2223,2022-08-14,E0,Nott'm Forest,West Ham,H,0.317279,0.260257,0.422464,1.2469,1.4765
2223,2022-08-15,E0,Liverpool,Crystal Palace,D,0.741006,0.169779,0.089215,2.2994,0.6653
2223,2022-08-20,E0,Bournemouth,Arsenal,A,0.219861,0.225377,0.554762,1.1386,1.9258
2223,2022-08-20,E0,Crystal Palace,Aston Villa,H,0.368649,0.275715,0.355635,1.2632,1.2359
2223,2022-08-20,E0,Everton,Nott'm Forest,D,0.38655,0.276602,0.336848,1.2914,1.1875
2223,2022-08-20,E0,Fulham,Brentford,H,0.23691,0.2915,0.47159,0.8354,1.3005
2223,2022-08-20,E0,Leicester,Southampton,A,0.615525,0.199745,0.18473,2.2348,1.1558
2223,2022-08-20,E0,Tottenham,Wolves,H,0.582858,0.245656,0.171486,1.6741,0.7868
2223,2022-08-21,E0,Leeds,Chelsea,H,0.169785,0.202727,0.627488,1.0356,2.1569
2223,2022-08-21,E0,Newcastle,Man City,D,0.080979,0.148517,0.770504,0.7243,2.5734
2223,2022-08-21,E0,West Ham,Brighton,A,0.469823,0.271471,0.258706,1.439,0.9972
2223,2022-08-22,E0,Man United,Liverpool,H,0.20333,0.223889,0.572781,1.0672,1.9318
2223,2022-08-27,E0,Arsenal,Fulham,H,0.670362,0.216448,0.11319,1.8548,0.6119
2223,2022-08-27,E0,Brentford,Everton,D,0.448701,0.262747,0.288552,1.4894,1.144
2223,2022-08-27,E0,Brighton,Leeds,H,0.461007,0.264218,0.274775,1.4897,1.0909
2223,2022-08-27,E0,Chelsea,Leicester,H,0.555175,0.22504,0.219785,1.93,1.1409
2223,2022-08-27,E0,Liverpool,Bournemouth,H,0.832753,0.112528,0.05472,2.9974,0.6848
2223,2022-08-27,E0,Man City,Crystal Palace,H,0.798857,0.136253,0.06489,2.6365,0.6334
2223,2022-08-27,E0,Southampton,Man United,A,0.235285,0.22411,0.540604,1.2233,1.9494
2223,2022-08-28,E0,Aston Villa,West Ham,A,0.37271,0.255017,0.372272,1.4293,1.4283
2223,2022-08-28,E0,Nott'm Forest,Tottenham,A,0.21167,0.240365,0.547965,0.9967,1.7491
2223,2022-08-28,E0,Wolves,Newcastle,D,0.423766,0.293528,0.282706,1.2393,0.9582
2223,2022-08-30,E0,Crystal Palace,Brentford,D,0.395593,0.274544,0.329862,1.3217,1.1836
2223,2022-08-30,E0,Fulham,Brighton,H,0.233312,0.32732,0.439369,0.704,1.0826
2223,2022-08-30,E0,Leeds,Everton,D,0.399304,0.249374,0.351321,1.5352,1.4267
2223,2022-08-30,E0,Southampton,Chelsea,H,0.160768,0.207153,0.632078,0.9468,2.0761
2223,2022-08-31,E0,Arsenal,Aston Villa,H,0.514952,0.244075,0.240973,1.7118,1.0975
2223,2022-08-31,E0,Bournemouth,Wolves,D,0.324625,0.281914,0.393461,1.1259,1.2678
2223,2022-08-31,E0,Liverpool,Newcastle,H,0.781885,0.144983,0.073132,2.5644,0.6659
2223,2022-08-31,E0,Man City,Nott'm Forest,H,0.816707,0.125296,0.057998,2.764,0.6264
2223,2022-08-31,E0,West Ham,Tottenham,D,0.293634,0.243403,0.462963,1.302,1.6887
2223,2022-09-01,E0,Leicester,Man United,A,0.402981,0.235601,0.361418,1.6843,1.586
2223,2022-09-03,E0,Aston Villa,Man City,D,0.112419,0.175899,0.711682,0.8204,2.34
2223,2022-09-03,E0,Brentford,Leeds,H,0.488431,0.236208,0.275361,1.7896,1.2945
2223,2022-09-03,E0,Chelsea,West Ham,H,0.56731,0.227877,0.204812,1.885,1.0464
2223,2022-09-03,E0,Everton,Liverpool,D,0.110245,0.18383,0.705925,0.7518,2.2163
2223,2022-09-03,E0,Newcastle,Crystal Palace,D,0.368383,0.278098,0.35352,1.2468,1.2158
2223,2022-09-03,E0,Nott'm Forest,Bournemouth,A,0.470828,0.252264,0.276907,1.606,1.1764
2223,2022-09-03,E0,Tottenham,Fulham,H,0.731836,0.18382,0.084344,2.0948,0.5574
2223,2022-09-03,E0,Wolves,Southampton,H,0.467781,0.274348,0.257871,1.4154,0.9794
2223,2022-09-04,E0,Brighton,Leicester,H,0.315517,0.271396,0.413087,1.1666,1.3731
2223,2022-09-04,E0,Man United,Arsenal,H,0.405401,0.248708,0.345891,1.553,1.4182
2223,2022-09-16,E0,Aston Villa,Southampton,H,0.527626,0.236335,0.236038,1.7987,1.1311
2223,2022-09-16,E0,Nott'm Forest,Fulham,A,0.516284,0.286913,0.196803,1.3537,0.7223
2223,2022-09-17,E0,Newcastle,Bournemouth,D,0.458722,0.249138,0.292139,1.6253,1.2515
2223,2022-09-17,E0,Tottenham,Leicester,H,0.542074,0.222155,0.235771,1.9756,1.2424
2223,2022-09-17,E0,Wolves,Man City,A,0.105735,0.197776,0.69649,0.6456,2.0262
2223,2022-09-18,E0,Brentford,Arsenal,A,0.289501,0.254802,0.455697,1.201,1.5676
2223,2022-09-18,E0,Everton,West Ham,H,0.303825,0.25479,0.441385,1.2468,1.5511
2223,2022-10-01,E0,Arsenal,Tottenham,H,0.346373,0.255068,0.398559,1.3657,1.4817
2223,2022-10-01,E0,Bournemouth,Brentford,D,0.333596,0.251517,0.414887,1.3605,1.5429
2223,2022-10-01,E0,Crystal Palace,Chelsea,A,0.211047,0.252285,0.536668,0.9254,1.63
2223,2022-10-01,E0,Fulham,Newcastle,A,0.266604,0.302082,0.431314,0.878,1.199
2223,2022-10-01,E0,Liverpool,Brighton,D,0.713525,0.19143,0.095045,2.0561,0.6013
2223,2022-10-01,E0,Southampton,Everton,A,0.377263,0.259272,0.363465,1.4035,1.3732
2223,2022-10-01,E0,West Ham,Wolves,H,0.46599,0.274443,0.259567,1.4131,0.9843
2223,2022-10-02,E0,Leeds,Aston Villa,D,0.329649,0.244011,0.426339,1.4136,1.6355
2223,2022-10-02,E0,Man City,Man United,H,0.728093,0.162934,0.108973,2.5309,0.8892
2223,2022-10-03,E0,Leicester,Nott'm Forest,H,0.54023,0.232724,0.227046,1.8394,1.1173
2223,2022-10-08,E0,Bournemouth,Leicester,H,0.250821,0.220557,0.528622,1.3287,2.0018
2223,2022-10-08,E0,Brighton,Tottenham,A,0.227489,0.26745,0.505061,0.9108,1.4919
2223,2022-10-08,E0,Chelsea,Wolves,H,0.590418,0.249033,0.16055,1.6354,0.7225
2223,2022-10-08,E0,Man City,Southampton,H,0.87438,0.087154,0.038466,3.3582,0.648
2223,2022-10-08,E0,Newcastle,Brentford,H,0.367253,0.266873,0.365874,1.3229,1.32
2223,2022-10-09,E0,Arsenal,Liverpool,H,0.21426,0.236937,0.548803,1.0301,1.7871
2223,2022-10-09,E0,Crystal Palace,Leeds,H,0.471393,0.248028,0.280578,1.6483,1.2199
2223,2022-10-09,E0,Everton,Man United,A,0.265456,0.245624,0.488921,1.1825,1.6856
2223,2022-10-09,E0,West Ham,Fulham,H,0.628535,0.231401,0.140065,1.7683,0.6973
2223,2022-10-10,E0,Nott'm Forest,Aston Villa,D,0.352688,0.272736,0.374576,1.2494,1.2957
2223,2022-10-14,E0,Brentford,Brighton,H,0.394933,0.291652,0.313415,1.2093,1.0455
2223,2022-10-15,E0,Fulham,Bournemouth,D,0.303363,0.290549,0.406087,1.0263,1.233
2223,2022-10-15,E0,Leicester,Crystal Palace,D,0.517602,0.240178,0.24222,1.7546,1.1297
2223,2022-10-15,E0,Tottenham,Everton,H,0.654715,0.20187,0.143415,2.0996,0.8722
2223,2022-10-15,E0,Wolves,Nott'm Forest,H,0.404711,0.302036,0.293253,1.1649,0.9468
2223,2022-10-16,E0,Aston Villa,Chelsea,A,0.238117,0.249751,0.512132,1.0492,1.653
2223,2022-10-16,E0,Leeds,Arsenal,A,0.237699,0.223754,0.538546,1.2379,1.9549
2223,2022-10-16,E0,Liverpool,Man City,H,0.35302,0.260903,0.386078,1.3359,1.4081
2223,2022-10-16,E0,Man United,Newcastle,D,0.581512,0.221838,0.196651,1.9503,1.0475
2223,2022-10-16,E0,Southampton,West Ham,D,0.273592,0.23594,0.490468,1.2898,1.7939
2223,2022-10-18,E0,Brighton,Nott'm Forest,D,0.405161,0.29938,0.295459,1.1802,0.9641
2223,2022-10-18,E0,Crystal Palace,Wolves,H,0.377485,0.30766,0.314855,1.0938,0.9725
2223,2022-10-19,E0,Bournemouth,Southampton,A,0.417442,0.242836,0.339722,1.6331,1.4539
2223,2022-10-19,E0,Brentford,Chelsea,D,0.216277,0.24235,0.541373,1.0047,1.7296
2223,2022-10-19,E0,Liverpool,West Ham,H,0.700435,0.179316,0.120249,2.3272,0.8595
2223,2022-10-19,E0,Man United,Tottenham,H,0.336079,0.24599,0.417931,1.4148,1.6017
2223,2022-10-19,E0,Newcastle,Everton,H,0.405245,0.26975,0.325005,1.3731,1.2024
2223,2022-10-20,E0,Fulham,Aston Villa,H,0.217448,0.285151,0.4974,0.7984,1.358
2223,2022-10-20,E0,Leicester,Leeds,H,0.60853,0.195796,0.195674,2.3218,1.2642
2223,2022-10-22,E0,Chelsea,Man United,D,0.523699,0.237279,0.239022,1.7878,1.1371
2223,2022-10-22,E0,Everton,Crystal Palace,H,0.36748,0.280107,0.352413,1.2319,1.2006
2223,2022-10-22,E0,Man City,Brighton,H,0.772203,0.156919,0.070878,2.3575,0.5724
2223,2022-10-22,E0,Nott'm Forest,Liverpool,H,0.119128,0.194847,0.686025,0.7518,2.1097
2223,2022-10-23,E0,Aston Villa,Brentford,H,0.438342,0.260251,0.301407,1.4984,1.2003
2223,2022-10-23,E0,Leeds,Fulham,A,0.515187,0.263035,0.221778,1.5317,0.9117
2223,2022-10-23,E0,Southampton,Arsenal,D,0.224382,0.229125,0.546493,1.1317,1.8817
2223,2022-10-23,E0,Tottenham,Newcastle,A,0.657419,0.19971,0.142871,2.1261,0.8828
2223,2022-10-23,E0,Wolves,Leicester,A,0.316127,0.274059,0.409814,1.1515,1.3484
2223,2022-10-24,E0,West Ham,Bournemouth,H,0.592364,0.210643,0.196992,2.0978,1.1357
2223,2022-10-29,E0,Bournemouth,Tottenham,A,0.168144,0.201173,0.630683,1.0373,2.175
2223,2022-10-29,E0,Brentford,Wolves,D,0.391731,0.294492,0.313778,1.1875,1.0319
2223,2022-10-29,E0,Brighton,Chelsea,H,0.212977,0.272211,0.514812,0.8364,1.4575
2223,2022-10-29,E0,Crystal Palace,Southampton,H,0.480033,0.255061,0.264906,1.5866,1.1153
2223,2022-10-29,E0,Fulham,Everton,D,0.265914,0.304357,0.42973,0.867,1.1846
2223,2022-10-29,E0,Leicester,Man City,A,0.142821,0.181636,0.675543,1.0194,2.3912
2223,2022-10-29,E0,Liverpool,Leeds,A,0.82682,0.1138,0.05938,3.0428,0.7445
2223,2022-10-29,E0,Newcastle,Aston Villa,H,0.340316,0.266376,0.393308,1.2644,1.3783
2223,2022-10-30,E0,Arsenal,Nott'm Forest,H,0.562377,0.237901,0.199722,1.7696,0.9575
2223,2022-10-30,E0,Man United,West Ham,H,0.471284,0.236804,0.291912,1.77,1.352
2223,2022-11-05,E0,Everton,Leicester,A,0.287133,0.243714,0.469153,1.2766,1.6912
2223,2022-11-05,E0,Leeds,Bournemouth,H,0.453996,0.231364,0.31464,1.8171,1.4849
2223,2022-11-05,E0,Man City,Fulham,H,0.874924,0.095932,0.029144,2.897,0.4003
2223,2022-11-05,E0,Nott'm Forest,Brentford,D,0.379477,0.272453,0.34807,1.3073,1.2408
2223,2022-11-05,E0,Wolves,Brighton,A,0.370911,0.327441,0.301648,0.9936,0.8652
2223,2022-11-06,E0,Aston Villa,Man United,H,0.330689,0.251117,0.418194,1.3556,1.5521
2223,2022-11-06,E0,Chelsea,Arsenal,A,0.500885,0.249298,0.249817,1.6539,1.0976
2223,2022-11-06,E0,Southampton,Newcastle,A,0.378401,0.257425,0.364175,1.4212,1.3898
2223,2022-11-06,E0,Tottenham,Liverpool,A,0.270065,0.250669,0.479266,1.1634,1.6281
2223,2022-11-06,E0,West Ham,Crystal Palace,A,0.488498,0.253235,0.258267,1.6093,1.1034
2223,2022-11-12,E0,Bournemouth,Everton,H,0.372956,0.257115,0.369929,1.4121,1.4054
2223,2022-11-12,E0,Liverpool,Southampton,H,0.825763,0.11708,0.057157,2.9287,0.6806
2223,2022-11-12,E0,Man City,Brentford,A,0.808609,0.127418,0.063974,2.7976,0.6876
2223,2022-11-12,E0,Newcastle,Chelsea,H,0.186347,0.232421,0.581232,0.9263,1.8178
2223,2022-11-12,E0,Nott'm Forest,Crystal Palace,H,0.379824,0.283767,0.336409,1.232,1.1429
2223,2022-11-12,E0,Tottenham,Leeds,H,0.705427,0.169035,0.125538,2.5228,0.987
2223,2022-11-12,E0,West Ham,Leicester,A,0.405387,0.237535,0.357078,1.6677,1.5542
2223,2022-11-12,E0,Wolves,Arsenal,A,0.280332,0.286187,0.433481,0.9868,1.2973
2223,2022-11-13,E0,Brighton,Aston Villa,A,0.362369,0.293484,0.344147,1.1417,1.1051
2223,2022-11-13,E0,Fulham,Man United,A,0.163135,0.244012,0.592853,0.7557,1.6817
2223,2022-12-26,E0,Arsenal,West Ham,H,0.479021,0.242857,0.278121,1.7085,1.2507
2223,2022-12-26,E0,Aston Villa,Liverpool,A,0.147232,0.207362,0.645406,0.8618,2.0408
2223,2022-12-26,E0,Brentford,Tottenham,D,0.231539,0.238793,0.529668,1.0941,1.7704
2223,2022-12-26,E0,Crystal Palace,Fulham,A,0.529514,0.285077,0.185409,1.3687,0.689
2223,2022-12-26,E0,Everton,Wolves,A,0.352183,0.301045,0.346772,1.0817,1.0711
2223,2022-12-26,E0,Leicester,Newcastle,A,0.563419,0.222615,0.213967,1.9568,1.1308
2223,2022-12-26,E0,Southampton,Brighton,A,0.330919,0.282161,0.38692,1.1395,1.2549
2223,2022-12-27,E0,Chelsea,Bournemouth,H,0.723561,0.168634,0.107805,2.4278,0.8337
2223,2022-12-27,E0,Man United,Nott'm Forest,H,0.558307,0.232584,0.209109,1.8333,1.035
2223,2022-12-28,E0,Leeds,Man City,A,0.066285,0.117679,0.816036,0.8098,3.0534
2223,2022-12-30,E0,Liverpool,Leicester,H,0.692529,0.178407,0.129064,2.3828,0.9371
2223,2022-12-30,E0,West Ham,Brentford,A,0.49071,0.24364,0.26565,1.7076,1.1979
2223,2022-12-31,E0,Bournemouth,Crystal Palace,A,0.336704,0.262646,0.40065,1.2822,1.4211
2223,2022-12-31,E0,Brighton,Arsenal,A,0.279689,0.283247,0.437064,0.9997,1.321
2223,2022-12-31,E0,Fulham,Southampton,H,0.298064,0.292577,0.409359,1.0027,1.2255
2223,2022-12-31,E0,Man City,Everton,D,0.833229,0.114698,0.052072,2.9037,0.6264
2223,2022-12-31,E0,Newcastle,Leeds,D,0.440983,0.244667,0.31435,1.6498,1.3605
2223,2022-12-31,E0,Wolves,Man United,A,0.293984,0.278253,0.427763,1.0667,1.344
2223,2023-01-01,E0,Nott'm Forest,Chelsea,D,0.197824,0.243753,0.558423,0.9153,1.7088
2223,2023-01-01,E0,Tottenham,Aston Villa,A,0.589139,0.222446,0.188415,1.9333,0.9999
2223,2023-01-02,E0,Brentford,Liverpool,H,0.130865,0.196077,0.673058,0.8253,2.1354
2223,2023-01-03,E0,Arsenal,Newcastle,D,0.585381,0.22673,0.18789,1.8825,0.969
2223,2023-01-03,E0,Everton,Brighton,A,0.355007,0.298276,0.346718,1.1015,1.0851
2223,2023-01-03,E0,Leicester,Fulham,A,0.65909,0.212946,0.127964,1.928,0.714
2223,2023-01-03,E0,Man United,Bournemouth,H,0.641922,0.193474,0.164605,2.2797,1.0772
2223,2023-01-04,E0,Aston Villa,Wolves,D,0.417365,0.292013,0.290622,1.24,0.9862
2223,2023-01-04,E0,Crystal Palace,Tottenham,A,0.225722,0.248385,0.525893,1.0078,1.6685
2223,2023-01-04,E0,Leeds,West Ham,D,0.290125,0.229684,0.480191,1.4108,1.8637
2223,2023-01-04,E0,Southampton,Nott'm Forest,A,0.359913,0.262989,0.377098,1.336,1.3733
2223,2023-01-05,E0,Chelsea,Man City,A,0.236896,0.243902,0.519202,1.082,1.7143
2223,2023-01-12,E0,Fulham,Chelsea,H,0.11296,0.223225,0.663815,0.5849,1.791
2223,2023-01-13,E0,Aston Villa,Leeds,H,0.519411,0.230538,0.250051,1.8687,1.2372
2223,2023-01-14,E0,Brentford,Bournemouth,H,0.505503,0.239196,0.255301,1.7629,1.1907
2223,2023-01-14,E0,Brighton,Liverpool,H,0.134596,0.227101,0.638303,0.687,1.7995
2223,2023-01-14,E0,Everton,Southampton,A,0.449943,0.253971,0.296086,1.569,1.2283
2223,2023-01-14,E0,Man United,Man City,H,0.159695,0.196838,0.643466,1.016,2.215
2223,2023-01-14,E0,Nott'm Forest,Leicester,H,0.300968,0.249656,0.449376,1.2767,1.6098
2223,2023-01-14,E0,Wolves,West Ham,H,0.33039,0.284503,0.385107,1.1247,1.2367
2223,2023-01-15,E0,Chelsea,Crystal Palace,H,0.620447,0.224441,0.155112,1.8624,0.8099
2223,2023-01-15,E0,Newcastle,Fulham,H,0.508586,0.28409,0.207324,1.37,0.7684
2223,2023-01-15,E0,Tottenham,Arsenal,A,0.487808,0.244859,0.267334,1.693,1.1952
2223,2023-01-18,E0,Crystal Palace,Man United,D,0.294603,0.257875,0.447522,1.1957,1.5305
2223,2023-01-19,E0,Man City,Tottenham,H,0.638221,0.202574,0.159205,2.1331,0.9693
2223,2023-01-21,E0,Bournemouth,Nott'm Forest,D,0.355648,0.260645,0.383708,1.3442,1.4055
2223,2023-01-21,E0,Crystal Palace,Newcastle,D,0.43439,0.273198,0.292411,1.3892,1.0912
2223,2023-01-21,E0,Leicester,Brighton,D,0.497902,0.258104,0.243994,1.5689,1.021
2223,2023-01-21,E0,Liverpool,Chelsea,D,0.538723,0.244409,0.216868,1.7083,0.9947
2223,2023-01-21,E0,Southampton,Aston Villa,A,0.311079,0.251752,0.437169,1.2924,1.5742
2223,2023-01-21,E0,West Ham,Everton,H,0.530821,0.238614,0.230566,1.7724,1.0912
2223,2023-01-22,E0,Arsenal,Man United,H,0.434166,0.246623,0.319211,1.6204,1.3591
2223,2023-01-22,E0,Leeds,Brentford,D,0.358202,0.245541,0.396257,1.4791,1.5662
2223,2023-01-22,E0,Man City,Wolves,H,0.767313,0.160576,0.07211,2.3152,0.565
2223,2023-01-23,E0,Fulham,Tottenham,A,0.120435,0.220503,0.659063,0.6369,1.8333
2223,2023-02-03,E0,Chelsea,Fulham,D,0.734704,0.186004,0.079292,2.0465,0.5119
2223,2023-02-04,E0,Aston Villa,Leicester,A,0.356101,0.246655,0.397244,1.4634,1.5573
2223,2023-02-04,E0,Brentford,Southampton,H,0.497579,0.242574,0.259847,1.7225,1.1835
2223,2023-02-04,E0,Brighton,Bournemouth,H,0.475898,0.268455,0.255647,1.4675,1.0034
2223,2023-02-04,E0,Everton,Arsenal,H,0.253123,0.251762,0.495115,1.0939,1.627
2223,2023-02-04,E0,Man United,Crystal Palace,H,0.535876,0.240676,0.223448,1.7488,1.0465
2223,2023-02-04,E0,Newcastle,West Ham,D,0.304135,0.252905,0.44296,1.2619,1.5707
2223,2023-02-04,E0,Wolves,Liverpool,H,0.135853,0.230777,0.633369,0.6781,1.7671
2223,2023-02-05,E0,Nott'm Forest,Leeds,H,0.45389,0.248121,0.297989,1.6303,1.2789
2223,2023-02-05,E0,Tottenham,Man City,H,0.221005,0.230233,0.548763,1.1076,1.8668
2223,2023-02-08,E0,Man United,Leeds,D,0.627499,0.193783,0.178718,2.3141,1.1711
2223,2023-02-11,E0,Arsenal,Brentford,D,0.544735,0.236708,0.218557,1.7911,1.0511
2223,2023-02-11,E0,Bournemouth,Newcastle,D,0.374048,0.255287,0.370665,1.4299,1.4224
2223,2023-02-11,E0,Crystal Palace,Brighton,D,0.380618,0.30472,0.314663,1.1138,0.9853
2223,2023-02-11,E0,Fulham,Nott'm Forest,H,0.253416,0.306473,0.440111,0.8253,1.1848
2223,2023-02-11,E0,Leicester,Tottenham,H,0.314585,0.23812,0.447295,1.4196,1.729
2223,2023-02-11,E0,Southampton,Wolves,A,0.328432,0.284684,0.386884,1.119,1.2387
2223,2023-02-11,E0,West Ham,Chelsea,D,0.274418,0.248353,0.47723,1.1956,1.6497
2223,2023-02-12,E0,Leeds,Man United,A,0.249458,0.218884,0.531659,1.3381,2.0253
2223,2023-02-12,E0,Man City,Aston Villa,H,0.786094,0.139584,0.074322,2.6737,0.718
2223,2023-02-13,E0,Liverpool,Everton,H,0.779021,0.147203,0.073777,2.5324,0.6579
2223,2023-02-15,E0,Arsenal,Man City,A,0.170688,0.210879,0.618433,0.9807,2.0491
2223,2023-02-18,E0,Aston Villa,Arsenal,A,0.31514,0.258427,0.426433,1.2541,1.4982
2223,2023-02-18,E0,Brentford,Crystal Palace,D,0.409719,0.273496,0.316785,1.3524,1.1568
2223,2023-02-18,E0,Brighton,Fulham,A,0.511353,0.306251,0.182396,1.237,0.6161
2223,2023-02-18,E0,Chelsea,Southampton,A,0.715336,0.173396,0.111268,2.3722,0.8286
2223,2023-02-18,E0,Everton,Leeds,H,0.439843,0.246437,0.31372,1.6301,1.3436
2223,2023-02-18,E0,Newcastle,Liverpool,A,0.109636,0.181575,0.708789,0.7609,2.2443
2223,2023-02-18,E0,Nott'm Forest,Man City,D,0.089396,0.161777,0.748827,0.7157,2.419
2223,2023-02-18,E0,Wolves,Bournemouth,A,0.475224,0.270786,0.253989,1.4486,0.9854
2223,2023-02-19,E0,Man United,Leicester,H,0.455135,0.231869,0.312996,1.8122,1.4741
2223,2023-02-19,E0,Tottenham,West Ham,H,0.555385,0.225067,0.219548,1.9295,1.1395
2223,2023-02-24,E0,Fulham,Wolves,D,0.231597,0.330252,0.438151,0.6913,1.0686
2223,2023-02-25,E0,Bournemouth,Man City,A,0.060977,0.116227,0.822796,0.7449,3.008
2223,2023-02-25,E0,Crystal Palace,Liverpool,D,0.129491,0.205736,0.664773,0.7602,2.0124
2223,2023-02-25,E0,Everton,Aston Villa,A,0.339691,0.268309,0.392,1.2493,1.3611
2223,2023-02-25,E0,Leeds,Southampton,H,0.446322,0.234005,0.319673,1.7754,1.4759
2223,2023-02-25,E0,Leicester,Arsenal,A,0.384031,0.243748,0.372221,1.5581,1.5309
2223,2023-02-25,E0,West Ham,Nott'm Forest,H,0.510451,0.246345,0.243204,1.6871,1.0913
2223,2023-02-26,E0,Tottenham,Chelsea,H,0.391744,0.261237,0.34702,1.4164,1.3187
2223,2023-03-01,E0,Arsenal,Everton,H,0.582941,0.228832,0.188226,1.8591,0.9574
2223,2023-03-01,E0,Liverpool,Wolves,H,0.708478,0.195212,0.09631,2.0191,0.5935
2223,2023-03-04,E0,Arsenal,Bournemouth,H,0.645144,0.197405,0.157451,2.2005,0.9965
2223,2023-03-04,E0,Aston Villa,Crystal Palace,H,0.437234,0.270637,0.292129,1.4122,1.1055
2223,2023-03-04,E0,Brighton,West Ham,H,0.330003,0.281814,0.388183,1.1394,1.2594
2223,2023-03-04,E0,Chelsea,Leeds,H,0.71343,0.169618,0.116952,2.4645,0.9063
2223,2023-03-04,E0,Man City,Newcastle,H,0.835902,0.112649,0.051449,2.9404,0.6339
2223,2023-03-04,E0,Southampton,Leicester,H,0.255766,0.223885,0.520349,1.3206,1.9559
2223,2023-03-04,E0,Wolves,Tottenham,H,0.228475,0.270606,0.500919,0.899,1.4651
2223,2023-03-05,E0,Liverpool,Man United,H,0.661033,0.194195,0.144772,2.2073,0.934
2223,2023-03-05,E0,Nott'm Forest,Everton,D,0.416824,0.274353,0.308823,1.3568,1.1302
2223,2023-03-06,E0,Brentford,Fulham,H,0.550071,0.268763,0.181166,1.486,0.7311
2223,2023-03-11,E0,Bournemouth,Liverpool,H,0.086344,0.148333,0.765323,0.7825,2.6233
2223,2023-03-11,E0,Crystal Palace,Man City,A,0.098412,0.172983,0.728605,0.7237,2.3074
2223,2023-03-11,E0,Everton,Brentford,H,0.366448,0.268793,0.364759,1.3071,1.3035
2223,2023-03-11,E0,Leeds,Brighton,D,0.350271,0.272364,0.377365,1.2464,1.3038
2223,2023-03-11,E0,Leicester,Chelsea,A,0.293938,0.243341,0.462721,1.3036,1.6891
2223,2023-03-11,E0,Tottenham,Nott'm Forest,H,0.634106,0.212113,0.153781,1.9986,0.8723
2223,2023-03-12,E0,Fulham,Arsenal,A,0.156247,0.250033,0.59372,0.6991,1.6233
2223,2023-03-12,E0,Man United,Southampton,D,0.633336,0.197716,0.168948,2.2274,1.0706
2223,2023-03-12,E0,Newcastle,Wolves,H,0.353146,0.298868,0.347985,1.0948,1.0846
2223,2023-03-12,E0,West Ham,Aston Villa,D,0.460497,0.248646,0.290857,1.632,1.2509
2223,2023-03-15,E0,Brighton,Crystal Palace,H,0.386566,0.304266,0.309168,1.1258,0.9748
2223,2023-03-15,E0,Southampton,Brentford,A,0.338121,0.254048,0.407832,1.3522,1.5075
2223,2023-03-17,E0,Nott'm Forest,Newcastle,A,0.418363,0.272335,0.309302,1.374,1.1439
2223,2023-03-18,E0,Aston Villa,Bournemouth,H,0.535756,0.232693,0.231551,1.8409,1.138
2223,2023-03-18,E0,Brentford,Leicester,D,0.327817,0.24476,0.427423,1.4015,1.6294
2223,2023-03-18,E0,Chelsea,Everton,D,0.662434,0.203569,0.133997,2.0512,0.801
2223,2023-03-18,E0,Southampton,Tottenham,D,0.172403,0.205434,0.622163,1.031,2.1251
2223,2023-03-18,E0,Wolves,Leeds,A,0.460561,0.266496,0.272943,1.4705,1.0712
2223,2023-03-19,E0,Arsenal,Crystal Palace,H,0.540332,0.246345,0.213322,1.688,0.9681
2223,2023-04-01,E0,Arsenal,Leeds,H,0.63167,0.197604,0.170726,2.2337,1.0834
2223,2023-04-01,E0,Bournemouth,Fulham,H,0.485999,0.277,0.237001,1.4089,0.8982
2223,2023-04-01,E0,Brighton,Brentford,D,0.387817,0.292189,0.319994,1.1946,1.0583
2223,2023-04-01,E0,Chelsea,Aston Villa,A,0.599181,0.224905,0.175914,1.8887,0.9182
2223,2023-04-01,E0,Crystal Palace,Leicester,H,0.317613,0.25449,0.427897,1.2908,1.5356
2223,2023-04-01,E0,Man City,Liverpool,H,0.473216,0.25216,0.274624,1.609,1.1691
2223,2023-04-01,E0,Nott'm Forest,Wolves,D,0.363386,0.305186,0.331428,1.0818,1.0195
2223,2023-04-02,E0,Newcastle,Man United,H,0.265504,0.243711,0.490784,1.1968,1.7069
2223,2023-04-02,E0,West Ham,Southampton,H,0.583878,0.214592,0.201531,2.0497,1.1288
2223,2023-04-03,E0,Everton,Tottenham,D,0.199816,0.231662,0.568522,0.9966,1.8376
2223,2023-04-04,E0,Bournemouth,Brighton,A,0.327059,0.27943,0.393512,1.1465,1.2844
2223,2023-04-04,E0,Chelsea,Liverpool,D,0.285656,0.262488,0.451857,1.1366,1.4951
2223,2023-04-04,E0,Leeds,Nott'm Forest,H,0.381017,0.253408,0.365575,1.4613,1.4268
2223,2023-04-04,E0,Leicester,Aston Villa,A,0.489086,0.237118,0.273796,1.7794,1.2808
2223,2023-04-05,E0,Man United,Brentford,H,0.539543,0.23141,0.229047,1.8556,1.1362
2223,2023-04-05,E0,West Ham,Newcastle,A,0.532947,0.236633,0.23042,1.7947,1.1044
2223,2023-04-08,E0,Aston Villa,Nott'm Forest,H,0.457994,0.264983,0.277023,1.4804,1.0934
2223,2023-04-08,E0,Brentford,Newcastle,A,0.450394,0.260772,0.288834,1.5082,1.1578
2223,2023-04-08,E0,Fulham,West Ham,A,0.190047,0.261231,0.548722,0.7968,1.5476
2223,2023-04-08,E0,Leicester,Bournemouth,A,0.624164,0.195691,0.180146,2.2873,1.1629
2223,2023-04-08,E0,Man United,Everton,H,0.579149,0.223858,0.196993,1.926,1.0349
2223,2023-04-08,E0,Southampton,Man City,A,0.063627,0.120774,0.815598,0.7404,2.939
2223,2023-04-08,E0,Tottenham,Brighton,H,0.587534,0.242219,0.170247,1.7047,0.7971
2223,2023-04-08,E0,Wolves,Chelsea,H,0.213935,0.275521,0.510544,0.8256,1.4313
2223,2023-04-09,E0,Leeds,Crystal Palace,A,0.361013,0.25603,0.382957,1.3939,1.4426
2223,2023-04-09,E0,Liverpool,Arsenal,D,0.635963,0.208829,0.155209,2.0419,0.9015
2223,2023-04-15,E0,Aston Villa,Newcastle,H,0.479142,0.256249,0.264609,1.5749,1.1066
2223,2023-04-15,E0,Chelsea,Brighton,A,0.595183,0.245454,0.159363,1.6654,0.732
2223,2023-04-15,E0,Everton,Fulham,A,0.506521,0.286423,0.207055,1.3536,0.7588
2223,2023-04-15,E0,Man City,Leicester,H,0.758161,0.146689,0.09515,2.7322,0.8921
2223,2023-04-15,E0,Southampton,Crystal Palace,A,0.340948,0.265196,0.393856,1.2744,1.3885
2223,2023-04-15,E0,Tottenham,Bournemouth,A,0.716529,0.167921,0.11555,2.4852,0.9079
2223,2023-04-15,E0,Wolves,Brentford,H,0.387628,0.294802,0.31757,1.1791,1.0393
2223,2023-04-16,E0,Nott'm Forest,Man United,A,0.278705,0.252261,0.469035,1.1826,1.6045
2223,2023-04-16,E0,West Ham,Arsenal,D,0.359556,0.251475,0.388969,1.4291,1.4952
2223,2023-04-17,E0,Leeds,Liverpool,A,0.093723,0.149579,0.756697,0.8507,2.663
2223,2023-04-21,E0,Arsenal,Southampton,D,0.63664,0.20178,0.16158,2.15,0.9904
2223,2023-04-22,E0,Brentford,Aston Villa,D,0.38167,0.264408,0.353922,1.3715,1.3114
2223,2023-04-22,E0,Crystal Palace,Everton,D,0.432722,0.275256,0.292023,1.3719,1.0781
2223,2023-04-22,E0,Fulham,Leeds,H,0.287792,0.27962,0.432588,1.0418,1.3405
2223,2023-04-22,E0,Leicester,Wolves,H,0.493886,0.261064,0.245049,1.5407,1.0078
2223,2023-04-22,E0,Liverpool,Nott'm Forest,H,0.760667,0.158415,0.080918,2.4105,0.658
2223,2023-04-23,E0,Bournemouth,West Ham,A,0.268804,0.232763,0.498432,1.2977,1.836
2223,2023-04-23,E0,Newcastle,Tottenham,H,0.199527,0.229597,0.570876,1.0087,1.8608
2223,2023-04-25,E0,Aston Villa,Fulham,H,0.575874,0.259562,0.164564,1.5517,0.6987
2223,2023-04-25,E0,Leeds,Leicester,D,0.271368,0.218449,0.510183,1.4445,2.032
2223,2023-04-25,E0,Wolves,Crystal Palace,H,0.386215,0.306992,0.306793,1.1112,0.9573
2223,2023-04-26,E0,Chelsea,Brentford,A,0.627686,0.214677,0.157637,1.9762,0.8793
2223,2023-04-26,E0,Man City,Arsenal,H,0.703192,0.177947,0.118861,2.3413,0.8583
2223,2023-04-26,E0,Nott'm Forest,Brighton,H,0.366353,0.30233,0.331317,1.1016,1.0329
2223,2023-04-26,E0,West Ham,Liverpool,A,0.172371,0.212092,0.615537,0.9821,2.0368
2223,2023-04-27,E0,Everton,Newcastle,A,0.405573,0.269726,0.324702,1.3738,1.2017
2223,2023-04-27,E0,Southampton,Bournemouth,A,0.429242,0.241985,0.328773,1.6613,1.4293
2223,2023-04-27,E0,Tottenham,Man United,D,0.510339,0.233567,0.256094,1.8301,1.2383
2223,2023-04-29,E0,Brentford,Nott'm Forest,H,0.429962,0.268721,0.301317,1.4178,1.1441
2223,2023-04-29,E0,Brighton,Wolves,H,0.368247,0.327648,0.304105,0.9885,0.8696
2223,2023-04-29,E0,Crystal Palace,West Ham,H,0.333575,0.264495,0.401929,1.2607,1.4084
2223,2023-04-30,E0,Bournemouth,Leeds,H,0.405009,0.234867,0.360124,1.6967,1.5903
2223,2023-04-30,E0,Fulham,Man City,A,0.046567,0.13006,0.823373,0.4574,2.5355
2223,2023-04-30,E0,Liverpool,Tottenham,H,0.56849,0.229787,0.201723,1.8603,1.0182
2223,2023-04-30,E0,Man United,Aston Villa,H,0.508956,0.238357,0.252687,1.7735,1.1864
2223,2023-04-30,E0,Newcastle,Southampton,H,0.451226,0.252121,0.296652,1.588,1.2438
2223,2023-05-01,E0,Leicester,Everton,D,0.561185,0.22456,0.214254,1.9324,1.1172
2223,2023-05-02,E0,Arsenal,Chelsea,H,0.324491,0.262054,0.413455,1.2541,1.4475
2223,2023-05-03,E0,Liverpool,Fulham,H,0.830304,0.127403,0.042293,2.5266,0.4205
2223,2023-05-03,E0,Man City,West Ham,H,0.764316,0.147016,0.088668,2.6685,0.8183
2223,2023-05-04,E0,Brighton,Man United,H,0.293311,0.275449,0.43124,1.0807,1.3686
2223,2023-05-06,E0,Bournemouth,Chelsea,A,0.15675,0.20272,0.64053,0.9526,2.1248
2223,2023-05-06,E0,Liverpool,Brentford,H,0.750657,0.160296,0.089047,2.4399,0.7223
2223,2023-05-06,E0,Man City,Leeds,H,0.876051,0.084288,0.039661,3.4889,0.7088
2223,2023-05-06,E0,Tottenham,Crystal Palace,H,0.612028,0.222032,0.16594,1.9064,0.882
2223,2023-05-06,E0,Wolves,Aston Villa,H,0.36237,0.296166,0.341464,1.1269,1.0853
2223,2023-05-07,E0,Newcastle,Arsenal,A,0.253155,0.249768,0.497077,1.1072,1.6476
2223,2023-05-07,E0,West Ham,Man United,H,0.377308,0.243553,0.379139,1.5448,1.549
2223,2023-05-08,E0,Brighton,Everton,A,0.422539,0.29317,0.28429,1.2398,0.964
2223,2023-05-08,E0,Fulham,Leicester,H,0.176811,0.244654,0.578535,0.8158,1.6873
2223,2023-05-08,E0,Nott'm Forest,Southampton,H,0.463268,0.255445,0.281287,1.5692,1.1692
2223,2023-05-13,E0,Aston Villa,Tottenham,H,0.254799,0.245522,0.499679,1.1425,1.692
2223,2023-05-13,E0,Chelsea,Nott'm Forest,D,0.642122,0.214156,0.143722,1.9525,0.801
2223,2023-05-13,E0,Crystal Palace,Bournemouth,H,0.487718,0.251683,0.260599,1.6238,1.1221
2223,2023-05-13,E0,Leeds,Newcastle,D,0.40053,0.247594,0.351876,1.5546,1.4439
2223,2023-05-13,E0,Man United,Wolves,H,0.510762,0.262436,0.226802,1.5356,0.9336
2223,2023-05-13,E0,Southampton,Fulham,A,0.488829,0.278413,0.232758,1.4003,0.8776
2223,2023-05-14,E0,Arsenal,Brighton,A,0.518679,0.265789,0.215532,1.5094,0.8749
2223,2023-05-14,E0,Brentford,West Ham,H,0.34471,0.254164,0.401126,1.3688,1.4945
2223,2023-05-14,E0,Everton,Man City,A,0.081647,0.150693,0.76766,0.7157,2.5413
2223,2023-05-15,E0,Leicester,Liverpool,A,0.185074,0.210146,0.60478,1.0708,2.0854
2223,2023-05-18,E0,Newcastle,Brighton,H,0.355968,0.296121,0.347911,1.1148,1.0988
2223,2023-05-20,E0,Bournemouth,Man United,A,0.230539,0.22053,0.548931,1.2308,1.9951
2223,2023-05-20,E0,Fulham,Crystal Palace,D,0.239756,0.306535,0.453708,0.7873,1.1979
2223,2023-05-20,E0,Liverpool,Aston Villa,D,0.725619,0.172605,0.101776,2.3318,0.7542
2223,2023-05-20,E0,Nott'm Forest,Arsenal,H,0.265732,0.25883,0.475438,1.094,1.5487
2223,2023-05-20,E0,Tottenham,Brentford,A,0.618498,0.212657,0.168845,2.0229,0.9576
2223,2023-05-20,E0,Wolves,Everton,D,0.422017,0.295753,0.28223,1.2238,0.9467
2223,2023-05-21,E0,Brighton,Southampton,H,0.468435,0.271983,0.259583,1.4339,0.9973
2223,2023-05-21,E0,Man City,Chelsea,H,0.607442,0.218621,0.173937,1.9588,0.947
2223,2023-05-21,E0,West Ham,Leeds,H,0.576568,0.209979,0.213453,2.1295,1.2347
2223,2023-05-22,E0,Newcastle,Leicester,D,0.287277,0.241873,0.470851,1.292,1.7126
2223,2023-05-24,E0,Brighton,Man City,D,0.104408,0.19409,0.701502,0.654,2.0633
2223,2023-05-25,E0,Man United,Chelsea,H,0.31447,0.252199,0.43333,1.2992,1.5647
2223,2023-05-28,E0,Arsenal,Wolves,H,0.514421,0.269026,0.216553,1.4823,0.8636
2223,2023-05-28,E0,Aston Villa,Brighton,H,0.420819,0.289082,0.290099,1.2627,0.9992
2223,2023-05-28,E0,Brentford,Man City,H,0.098493,0.163772,0.737735,0.7857,2.4484
2223,2023-05-28,E0,Chelsea,Newcastle,D,0.665214,0.201326,0.13346,2.077,0.8107
2223,2023-05-28,E0,Crystal Palace,Nott'm Forest,D,0.41466,0.281163,0.304177,1.3058,1.0782
2223,2023-05-28,E0,Everton,Bournemouth,H,0.45741,0.250972,0.291618,1.6058,1.2359
2223,2023-05-28,E0,Leeds,Tottenham,A,0.182309,0.201175,0.616516,1.1278,2.2079
2223,2023-05-28,E0,Leicester,West Ham,H,0.449815,0.234349,0.315836,1.7759,1.4595
2223,2023-05-28,E0,Man United,Fulham,H,0.671359,0.210968,0.117672,1.9216,0.6614
2223,2023-05-28,E0,Southampton,Liverpool,D,0.08947,0.153113,0.757417,0.7777,2.5632
2324,2023-08-11,E0,Burnley,Man City,A,0.090749,0.167209,0.742041,0.6167,2.2136
2324,2023-08-12,E0,Arsenal,Nott'm Forest,H,0.75645,0.145862,0.097687,2.6093,0.8302
2324,2023-08-12,E0,Bournemouth,West Ham,D,0.287355,0.247093,0.465551,1.1463,1.5342
2324,2023-08-12,E0,Brighton,Luton,H,0.539815,0.232642,0.227543,1.7156,1.0204
2324,2023-08-12,E0,Everton,Fulham,A,0.346286,0.271573,0.382141,1.1467,1.2202
2324,2023-08-12,E0,Newcastle,Aston Villa,H,0.470128,0.254525,0.275347,1.472,1.0582
2324,2023-08-12,E0,Sheffield United,Crystal Palace,A,0.251676,0.320669,0.427655,0.7173,1.0377
2324,2023-08-13,E0,Brentford,Tottenham,D,0.412669,0.234332,0.352999,1.5915,1.4548
2324,2023-08-13,E0,Chelsea,Liverpool,D,0.288614,0.250406,0.46098,1.1275,1.4991
2324,2023-08-14,E0,Man United,Wolves,H,0.601955,0.232946,0.165099,1.6804,0.7405
2324,2023-08-18,E0,Nott'm Forest,Sheffield United,H,0.474075,0.291207,0.234718,1.2251,0.7643
2324,2023-08-19,E0,Fulham,Brentford,A,0.360309,0.26253,0.377161,1.2365,1.272
2324,2023-08-19,E0,Liverpool,Bournemouth,H,0.82457,0.113758,0.061671,2.909,0.6889
2324,2023-08-19,E0,Man City,Newcastle,H,0.721982,0.166424,0.111594,2.3378,0.7914
2324,2023-08-19,E0,Tottenham,Man United,H,0.452893,0.226816,0.32029,1.7417,1.4314
2324,2023-08-19,E0,Wolves,Brighton,A,0.288274,0.273235,0.438491,0.9919,1.2966
2324,2023-08-20,E0,Aston Villa,Everton,H,0.554215,0.243757,0.202028,1.6001,0.8494
2324,2023-08-20,E0,West Ham,Chelsea,H,0.352875,0.267017,0.380108,1.1899,1.2465
2324,2023-08-21,E0,Crystal Palace,Arsenal,A,0.250121,0.240618,0.509261,1.0584,1.627
2324,2023-08-25,E0,Chelsea,Luton,H,0.545365,0.245816,0.208819,1.5821,0.8664
2324,2023-08-26,E0,Arsenal,Fulham,D,0.638356,0.194883,0.166762,2.1203,0.9774
2324,2023-08-26,E0,Bournemouth,Tottenham,A,0.206427,0.203019,0.590555,1.1491,2.0816
2324,2023-08-26,E0,Brentford,Crystal Palace,D,0.510348,0.258168,0.231484,1.469,0.8897
2324,2023-08-26,E0,Brighton,West Ham,A,0.497152,0.237131,0.265718,1.6582,1.1424
2324,2023-08-26,E0,Everton,Wolves,A,0.404152,0.295682,0.300166,1.1191,0.9186
2324,2023-08-26,E0,Man United,Nott'm Forest,H,0.671916,0.189193,0.138891,2.1188,0.8355
2324,2023-08-27,E0,Burnley,Aston Villa,A,0.284334,0.282819,0.432847,0.935,1.2292
2324,2023-08-27,E0,Newcastle,Liverpool,A,0.28851,0.238443,0.473046,1.2151,1.6276
2324,2023-08-27,E0,Sheffield United,Man City,A,0.061477,0.150057,0.788465,0.4567,2.2631
2324,2023-09-01,E0,Luton,West Ham,A,0.389081,0.256851,0.354068,1.3379,1.2631
2324,2023-09-02,E0,Brentford,Bournemouth,D,0.650939,0.200783,0.148277,1.995,0.8206
2324,2023-09-02,E0,Brighton,Newcastle,H,0.414402,0.251134,0.334464,1.4303,1.257
2324,2023-09-02,E0,Burnley,Tottenham,A,0.242854,0.237729,0.519418,1.0494,1.6597
2324,2023-09-02,E0,Chelsea,Nott'm Forest,A,0.63176,0.214426,0.153813,1.8496,0.7745
2324,2023-09-02,E0,Man City,Fulham,H,0.796682,0.131002,0.072316,2.6639,0.6761
2324,2023-09-02,E0,Sheffield United,Everton,D,0.298804,0.320506,0.38069,0.8242,0.9741
2324,2023-09-03,E0,Arsenal,Man United,H,0.524809,0.221845,0.253346,1.8488,1.216
2324,2023-09-03,E0,Crystal Palace,Wolves,H,0.45525,0.293984,0.250766,1.1922,0.7995
2324,2023-09-03,E0,Liverpool,Aston Villa,H,0.645193,0.196996,0.157811,2.0676,0.9045
2324,2023-09-16,E0,Aston Villa,Crystal Palace,H,0.486095,0.266275,0.247629,1.3926,0.9048
2324,2023-09-16,E0,Fulham,Luton,H,0.462913,0.255526,0.281561,1.4567,1.0718
2324,2023-09-16,E0,Man United,Brighton,A,0.488788,0.238472,0.27274,1.6391,1.1584
2324,2023-09-16,E0,Newcastle,Brentford,H,0.450212,0.254991,0.294797,1.4474,1.1162
2324,2023-09-16,E0,Tottenham,Sheffield United,H,0.714475,0.182116,0.10341,2.0817,0.6335
2324,2023-09-16,E0,West Ham,Man City,A,0.139174,0.182932,0.677895,0.8823,2.2093
2324,2023-09-16,E0,Wolves,Liverpool,A,0.159761,0.219038,0.621201,0.7816,1.8101
2324,2023-09-17,E0,Bournemouth,Chelsea,D,0.222323,0.247461,0.530216,0.9107,1.5663
2324,2023-09-17,E0,Everton,Arsenal,A,0.20021,0.218088,0.581702,0.9936,1.8695
2324,2023-09-18,E0,Nott'm Forest,Burnley,D,0.40131,0.280437,0.318252,1.1983,1.0321
2324,2023-09-23,E0,Brentford,Everton,A,0.579244,0.23384,0.186916,1.6879,0.8352
2324,2023-09-23,E0,Burnley,Man United,A,0.239448,0.26226,0.498292,0.8972,1.4307
2324,2023-09-23,E0,Crystal Palace,Fulham,D,0.401218,0.276591,0.322192,1.2215,1.0619
2324,2023-09-23,E0,Luton,Wolves,D,0.458364,0.278756,0.26288,1.2833,0.894
2324,2023-09-23,E0,Man City,Nott'm Forest,H,0.881212,0.082311,0.036477,3.2783,0.5743
2324,2023-09-24,E0,Arsenal,Tottenham,D,0.549146,0.201266,0.249588,2.1625,1.4107
2324,2023-09-24,E0,Brighton,Bournemouth,H,0.655694,0.194264,0.150043,2.0837,0.8743
2324,2023-09-24,E0,Chelsea,Aston Villa,A,0.461723,0.267036,0.271242,1.3658,0.9747
2324,2023-09-24,E0,Liverpool,West Ham,H,0.69298,0.174407,0.132613,2.3149,0.9002
2324,2023-09-24,E0,Sheffield United,Newcastle,A,0.184604,0.272402,0.542994,0.6687,1.3761
2324,2023-09-30,E0,Aston Villa,Brighton,H,0.419542,0.254695,0.325763,1.4083,1.2073
2324,2023-09-30,E0,Bournemouth,Arsenal,A,0.156982,0.187019,0.656,0.9762,2.2096
2324,2023-09-30,E0,Everton,Luton,A,0.375745,0.271735,0.35252,1.207,1.1594
2324,2023-09-30,E0,Man United,Crystal Palace,A,0.554538,0.241565,0.203896,1.6208,0.8682
2324,2023-09-30,E0,Newcastle,Burnley,H,0.596182,0.236376,0.167443,1.6513,0.736
2324,2023-09-30,E0,Tottenham,Liverpool,H,0.309949,0.217347,0.472704,1.4984,1.8916
2324,2023-09-30,E0,West Ham,Sheffield United,H,0.595176,0.24974,0.155084,1.5343,0.6319
2324,2023-09-30,E0,Wolves,Man City,H,0.098888,0.177533,0.723579,0.6245,2.1192
2324,2023-10-01,E0,Nott'm Forest,Brentford,D,0.257882,0.246264,0.495854,1.0503,1.5653
2324,2023-10-02,E0,Fulham,Chelsea,A,0.337453,0.272915,0.389633,1.1186,1.2251
2324,2023-10-03,E0,Luton,Burnley,A,0.477223,0.272696,0.250082,1.3405,0.8828
2324,2023-10-07,E0,Burnley,Chelsea,A,0.250727,0.285355,0.463918,0.8317,1.2489
2324,2023-10-07,E0,Crystal Palace,Nott'm Forest,D,0.516246,0.254274,0.229481,1.5032,0.902
2324,2023-10-07,E0,Everton,Bournemouth,H,0.484014,0.256613,0.259372,1.466,0.9934
2324,2023-10-07,E0,Fulham,Sheffield United,H,0.574114,0.262824,0.163062,1.4423,0.6211
2324,2023-10-07,E0,Luton,Tottenham,A,0.304033,0.23022,0.465746,1.3412,1.7138
2324,2023-10-07,E0,Man United,Brentford,H,0.475243,0.24757,0.277187,1.5385,1.1091
2324,2023-10-08,E0,Arsenal,Man City,H,0.260763,0.21946,0.519776,1.2708,1.8815
2324,2023-10-08,E0,Brighton,Liverpool,D,0.267713,0.228076,0.504212,1.2226,1.7656
2324,2023-10-08,E0,West Ham,Newcastle,D,0.360504,0.255012,0.384484,1.2919,1.3434
2324,2023-10-08,E0,Wolves,Aston Villa,D,0.29754,0.287695,0.414765,0.9468,1.1768
2324,2023-10-21,E0,Bournemouth,Wolves,A,0.360884,0.285209,0.353907,1.0996,1.0858
2324,2023-10-21,E0,Brentford,Burnley,H,0.577801,0.244024,0.178175,1.5907,0.7494
2324,2023-10-21,E0,Chelsea,Arsenal,D,0.352551,0.251261,0.396188,1.3023,1.397
2324,2023-10-21,E0,Liverpool,Everton,H,0.762333,0.149676,0.08799,2.4612,0.7011
2324,2023-10-21,E0,Man City,Brighton,H,0.752763,0.149623,0.097614,2.5361,0.7963
2324,2023-10-21,E0,Newcastle,Crystal Palace,H,0.528943,0.252136,0.218921,1.5249,0.8738
2324,2023-10-21,E0,Nott'm Forest,Luton,D,0.351009,0.259418,0.389573,1.2373,1.319
2324,2023-10-21,E0,Sheffield United,Man United,A,0.172218,0.260111,0.56767,0.6644,1.4627
2324,2023-10-22,E0,Aston Villa,West Ham,H,0.471085,0.250833,0.278082,1.5051,1.0904
2324,2023-10-23,E0,Tottenham,Fulham,H,0.572553,0.209734,0.217713,1.9974,1.1505
2324,2023-10-27,E0,Crystal Palace,Tottenham,A,0.312683,0.244545,0.442773,1.2459,1.5327
2324,2023-10-28,E0,Arsenal,Sheffield United,H,0.760401,0.161993,0.077606,2.2098,0.5382
2324,2023-10-28,E0,Bournemouth,Burnley,H,0.378033,0.282173,0.339794,1.1485,1.0723
2324,2023-10-28,E0,Chelsea,Brentford,A,0.442785,0.267285,0.28993,1.343,1.0281
2324,2023-10-28,E0,Wolves,Newcastle,D,0.267779,0.277345,0.454876,0.9143,1.2886
2324,2023-10-29,E0,Aston Villa,Luton,H,0.512225,0.247961,0.239814,1.5571,0.974
2324,2023-10-29,E0,Brighton,Fulham,D,0.5063,0.240226,0.253474,1.6298,1.0738
2324,2023-10-29,E0,Liverpool,Nott'm Forest,H,0.805615,0.123704,0.070681,2.8,0.7188
2324,2023-10-29,E0,Man United,Man City,A,0.205643,0.216576,0.57778,1.032,1.8934
2324,2023-10-29,E0,West Ham,Everton,A,0.52677,0.244595,0.228635,1.5924,0.951
2324,2023-11-04,E0,Brentford,West Ham,H,0.496246,0.243964,0.25979,1.5876,1.0722
2324,2023-11-04,E0,Burnley,Crystal Palace,A,0.336496,0.302613,0.360891,0.9686,1.015
2324,2023-11-04,E0,Everton,Brighton,D,0.290185,0.256642,0.453173,1.0916,1.437
2324,2023-11-04,E0,Fulham,Man United,A,0.326524,0.255065,0.41841,1.2067,1.4034
2324,2023-11-04,E0,Man City,Bournemouth,H,0.894961,0.073881,0.031158,3.4059,0.5504
2324,2023-11-04,E0,Newcastle,Arsenal,H,0.354771,0.240123,0.405106,1.4036,1.5167
2324,2023-11-04,E0,Sheffield United,Wolves,H,0.289244,0.341177,0.369579,0.7436,0.8851
2324,2023-11-05,E0,Luton,Liverpool,D,0.188189,0.21031,0.601501,0.9864,1.9522
2324,2023-11-05,E0,Nott'm Forest,Aston Villa,H,0.275933,0.253218,0.470849,1.0682,1.4839
2324,2023-11-06,E0,Tottenham,Chelsea,A,0.462166,0.238698,0.299137,1.6146,1.2495
2324,2023-11-11,E0,Arsenal,Burnley,H,0.706226,0.179371,0.114403,2.1614,0.7267
2324,2023-11-11,E0,Bournemouth,Newcastle,H,0.223922,0.235147,0.540931,0.9887,1.6881
2324,2023-11-11,E0,Crystal Palace,Everton,A,0.472598,0.27497,0.252432,1.3213,0.8799
2324,2023-11-11,E0,Man United,Luton,H,0.583249,0.22249,0.194262,1.8124,0.9346
2324,2023-11-11,E0,Wolves,Tottenham,H,0.25717,0.243967,0.498863,1.0626,1.589
2324,2023-11-12,E0,Aston Villa,Fulham,H,0.479881,0.254647,0.265472,1.4793,1.0251
2324,2023-11-12,E0,Brighton,Sheffield United,D,0.646164,0.226064,0.127772,1.6986,0.5913
2324,2023-11-12,E0,Chelsea,Man City,D,0.193826,0.22767,0.578504,0.9008,1.7552
2324,2023-11-12,E0,Liverpool,Brentford,H,0.626246,0.201961,0.171792,2.0331,0.9542
2324,2023-11-12,E0,West Ham,Nott'm Forest,H,0.573226,0.223214,0.20356,1.8116,0.9748
2324,2023-11-25,E0,Brentford,Arsenal,A,0.336907,0.240425,0.422668,1.3521,1.5443
2324,2023-11-25,E0,Burnley,West Ham,A,0.317589,0.277312,0.405099,1.0468,1.2232
2324,2023-11-25,E0,Luton,Crystal Palace,H,0.408952,0.275936,0.315112,1.2379,1.0481
2324,2023-11-25,E0,Man City,Liverpool,D,0.581755,0.20899,0.209255,1.9984,1.1116
2324,2023-11-25,E0,Newcastle,Chelsea,H,0.422696,0.268272,0.309031,1.3094,1.0751
2324,2023-11-25,E0,Nott'm Forest,Brighton,A,0.263776,0.239318,0.496906,1.119,1.6349
2324,2023-11-25,E0,Sheffield United,Bournemouth,A,0.350629,0.307775,0.341596,0.9742,0.9571
2324,2023-11-26,E0,Everton,Man United,A,0.252583,0.251442,0.495975,0.9999,1.5181
2324,2023-11-26,E0,Tottenham,Aston Villa,A,0.514007,0.224355,0.261637,1.8151,1.2298
2324,2023-11-27,E0,Fulham,Wolves,H,0.488468,0.272496,0.239036,1.3506,0.8493
2324,2023-12-02,E0,Arsenal,Wolves,H,0.686683,0.189233,0.124084,2.0693,0.7359
2324,2023-12-02,E0,Brentford,Luton,H,0.537495,0.239549,0.222957,1.6426,0.9578
2324,2023-12-02,E0,Burnley,Sheffield United,H,0.460903,0.320949,0.218147,1.0723,0.6331
2324,2023-12-02,E0,Newcastle,Man United,H,0.415309,0.25339,0.3313,1.4125,1.2316
2324,2023-12-02,E0,Nott'm Forest,Everton,A,0.395533,0.267497,0.336971,1.2715,1.1502
2324,2023-12-03,E0,Bournemouth,Aston Villa,D,0.254965,0.248835,0.496201,1.0239,1.5416
2324,2023-12-03,E0,Chelsea,Brighton,H,0.455665,0.257737,0.286598,1.4308,1.0739
2324,2023-12-03,E0,Liverpool,Fulham,H,0.69841,0.175132,0.126458,2.2753,0.8462
2324,2023-12-03,E0,Man City,Tottenham,D,0.741856,0.146402,0.111742,2.717,0.9759
2324,2023-12-03,E0,West Ham,Crystal Palace,D,0.457977,0.263805,0.278219,1.3858,1.013
2324,2023-12-05,E0,Luton,Arsenal,A,0.240254,0.224013,0.535734,1.1394,1.8192
2324,2023-12-05,E0,Wolves,Burnley,H,0.41039,0.309645,0.279964,1.0621,0.8185
2324,2023-12-06,E0,Aston Villa,Man City,H,0.16441,0.205409,0.630181,0.8866,1.9733
2324,2023-12-06,E0,Brighton,Brentford,H,0.431175,0.2511,0.317725,1.4564,1.2109
2324,2023-12-06,E0,Crystal Palace,Bournemouth,A,0.540701,0.248073,0.211226,1.5617,0.8645
2324,2023-12-06,E0,Fulham,Nott'm Forest,H,0.551995,0.233561,0.214444,1.703,0.9581
2324,2023-12-06,E0,Man United,Chelsea,H,0.446587,0.261362,0.292051,1.3917,1.0683
2324,2023-12-06,E0,Sheffield United,Liverpool,A,0.102995,0.195331,0.701674,0.5716,1.9329
2324,2023-12-07,E0,Everton,Newcastle,H,0.269099,0.259952,0.47095,1.0063,1.4282
2324,2023-12-07,E0,Tottenham,West Ham,A,0.563204,0.208111,0.228685,2.0322,1.2239
2324,2023-12-09,E0,Aston Villa,Arsenal,H,0.314798,0.24093,0.444272,1.2818,1.5706
2324,2023-12-09,E0,Brighton,Burnley,D,0.582341,0.236273,0.181386,1.6615,0.7984
2324,2023-12-09,E0,Crystal Palace,Liverpool,A,0.198678,0.228849,0.572473,0.9163,1.7459
2324,2023-12-09,E0,Man United,Bournemouth,A,0.695717,0.179583,0.124701,2.2013,0.8008
2324,2023-12-09,E0,Sheffield United,Brentford,H,0.194982,0.27954,0.525478,0.6808,1.3256
2324,2023-12-09,E0,Wolves,Nott'm Forest,D,0.447994,0.277175,0.274832,1.2822,0.9351
2324,2023-12-10,E0,Everton,Chelsea,H,0.264995,0.272906,0.462099,0.9269,1.3252
2324,2023-12-10,E0,Fulham,West Ham,H,0.421067,0.255017,0.323917,1.408,1.2
2324,2023-12-10,E0,Luton,Man City,A,0.115234,0.170981,0.713785,0.7881,2.2857
2324,2023-12-10,E0,Tottenham,Newcastle,H,0.473663,0.227627,0.29871,1.7529,1.3467
2324,2023-12-15,E0,Nott'm Forest,Tottenham,A,0.227268,0.209946,0.562786,1.1989,2.0036
2324,2023-12-16,E0,Burnley,Everton,A,0.394367,0.293942,0.311691,1.113,0.9528
2324,2023-12-16,E0,Chelsea,Sheffield United,H,0.639508,0.241719,0.118773,1.5664,0.502
2324,2023-12-16,E0,Man City,Crystal Palace,D,0.792254,0.138038,0.069708,2.5078,0.5968
2324,2023-12-16,E0,Newcastle,Fulham,H,0.524032,0.241716,0.234252,1.6199,0.9899
2324,2023-12-17,E0,Arsenal,Brighton,H,0.57689,0.208065,0.215046,2.0185,1.1511
2324,2023-12-17,E0,Brentford,Aston Villa,A,0.45145,0.258741,0.289808,1.418,1.0774
2324,2023-12-17,E0,Liverpool,Man United,D,0.592479,0.209017,0.198504,1.984,1.0528
2324,2023-12-17,E0,West Ham,Wolves,H,0.508256,0.262169,0.229575,1.4367,0.8641
2324,2023-12-21,E0,Crystal Palace,Brighton,D,0.344612,0.268331,0.387057,1.1629,1.2506
2324,2023-12-22,E0,Aston Villa,Sheffield United,D,0.615769,0.247273,0.136958,1.5417,0.5644
2324,2023-12-23,E0,Fulham,Burnley,A,0.507684,0.265626,0.22669,1.4107,0.8387
2324,2023-12-23,E0,Liverpool,Arsenal,D,0.533879,0.213158,0.252963,1.9715,1.2965
2324,2023-12-23,E0,Luton,Newcastle,H,0.315216,0.258245,0.426539,1.154,1.3899
2324,2023-12-23,E0,Nott'm Forest,Bournemouth,A,0.461301,0.250031,0.288667,1.5028,1.1302
2324,2023-12-23,E0,Tottenham,Everton,H,0.651942,0.190397,0.157661,2.1606,0.9533
2324,2023-12-23,E0,West Ham,Man United,H,0.341767,0.250177,0.408056,1.2837,1.4279
2324,2023-12-24,E0,Wolves,Chelsea,H,0.262994,0.291396,0.44561,0.8422,1.1957
2324,2023-12-26,E0,Bournemouth,Fulham,H,0.298474,0.255088,0.446438,1.1267,1.4421
2324,2023-12-26,E0,Burnley,Liverpool,A,0.148853,0.20984,0.641306,0.7718,1.8906
2324,2023-12-26,E0,Man United,Aston Villa,H,0.495424,0.246311,0.258265,1.5646,1.0514
2324,2023-12-26,E0,Newcastle,Nott'm Forest,A,0.645623,0.201746,0.152631,1.9934,0.8408
2324,2023-12-26,E0,Sheffield United,Luton,A,0.264688,0.303636,0.431677,0.802,1.1171
2324,2023-12-27,E0,Brentford,Wolves,A,0.558132,0.252513,0.189355,1.5229,0.7589
2324,2023-12-27,E0,Chelsea,Crystal Palace,H,0.517516,0.265669,0.216815,1.4149,0.8048
2324,2023-12-27,E0,Everton,Man City,A,0.093307,0.158854,0.747839,0.6873,2.3488
2324,2023-12-28,E0,Arsenal,West Ham,A,0.631091,0.193838,0.175071,2.1572,1.0397
2324,2023-12-28,E0,Brighton,Tottenham,H,0.410058,0.227771,0.362171,1.6623,1.55
2324,2023-12-30,E0,Aston Villa,Burnley,H,0.553399,0.254391,0.19221,1.508,0.7621
2324,2023-12-30,E0,Crystal Palace,Brentford,H,0.335394,0.276828,0.387779,1.0915,1.1974
2324,2023-12-30,E0,Luton,Chelsea,A,0.309382,0.27058,0.420038,1.0629,1.2896
2324,2023-12-30,E0,Man City,Sheffield United,H,0.870621,0.097736,0.031642,2.7764,0.3723
2324,2023-12-30,E0,Nott'm Forest,Man United,H,0.226972,0.231595,0.541433,1.025,1.7271
2324,2023-12-30,E0,Wolves,Everton,H,0.408056,0.29525,0.296694,1.127,0.9122
2324,2023-12-31,E0,Fulham,Arsenal,H,0.268098,0.231066,0.500836,1.1991,1.7283
2324,2023-12-31,E0,Tottenham,Bournemouth,H,0.725008,0.156598,0.118394,2.5537,0.9367
2324,2024-01-01,E0,Liverpool,Newcastle,H,0.609978,0.206363,0.183659,1.9967,0.9905
2324,2024-01-02,E0,West Ham,Brighton,D,0.387047,0.248659,0.364294,1.4015,1.3517
2324,2024-01-12,E0,Burnley,Luton,D,0.354582,0.285987,0.359431,1.0831,1.0926
2324,2024-01-13,E0,Chelsea,Fulham,H,0.513725,0.254192,0.232083,1.503,0.9118
2324,2024-01-13,E0,Newcastle,Man City,A,0.190582,0.214267,0.595151,0.9709,1.9056
2324,2024-01-14,E0,Everton,Aston Villa,D,0.300833,0.270253,0.428914,1.042,1.3043
2324,2024-01-14,E0,Man United,Tottenham,D,0.458687,0.226215,0.315098,1.7561,1.4197
2324,2024-01-20,E0,Arsenal,Crystal Palace,H,0.640762,0.202326,0.156912,1.996,0.8627
2324,2024-01-20,E0,Brentford,Nott'm Forest,H,0.626495,0.209676,0.163828,1.9203,0.8562
2324,2024-01-21,E0,Bournemouth,Liverpool,A,0.11811,0.166574,0.715316,0.8452,2.3712
2324,2024-01-21,E0,Sheffield United,West Ham,D,0.233829,0.287365,0.478806,0.7752,1.2506
2324,2024-01-22,E0,Brighton,Wolves,D,0.562358,0.244601,0.193041,1.5907,0.8085
2324,2024-01-30,E0,Aston Villa,Newcastle,A,0.392006,0.262839,0.345155,1.2982,1.1999
2324,2024-01-30,E0,Crystal Palace,Sheffield United,H,0.536691,0.289354,0.173955,1.2731,0.5847
2324,2024-01-30,E0,Fulham,Everton,D,0.506453,0.254545,0.239002,1.4969,0.9347
2324,2024-01-30,E0,Luton,Brighton,H,0.339237,0.253469,0.407293,1.2518,1.3984
2324,2024-01-30,E0,Nott'm Forest,Arsenal,A,0.174267,0.195721,0.630012,1.0185,2.1269
2324,2024-01-31,E0,Liverpool,Chelsea,H,0.593141,0.219534,0.187324,1.8392,0.919
2324,2024-01-31,E0,Man City,Burnley,H,0.838597,0.113443,0.04796,2.7156,0.5027
2324,2024-01-31,E0,Tottenham,Brentford,H,0.491909,0.226107,0.281985,1.7848,1.2973
2324,2024-02-01,E0,West Ham,Bournemouth,D,0.598901,0.215667,0.185433,1.8821,0.9344
2324,2024-02-01,E0,Wolves,Man United,A,0.252387,0.268677,0.478936,0.9085,1.3697
2324,2024-02-03,E0,Brighton,Crystal Palace,H,0.512829,0.250525,0.236646,1.5343,0.9479
2324,2024-02-03,E0,Burnley,Fulham,D,0.326921,0.285052,0.388027,1.0289,1.1499
2324,2024-02-03,E0,Everton,Tottenham,D,0.255987,0.228682,0.515331,1.1695,1.7612
2324,2024-02-03,E0,Newcastle,Luton,D,0.556822,0.233228,0.20995,1.7051,0.9406
2324,2024-02-03,E0,Sheffield United,Aston Villa,A,0.208335,0.289314,0.50235,0.6924,1.2567
2324,2024-02-04,E0,Arsenal,Liverpool,H,0.382128,0.228711,0.389161,1.5905,1.607
2324,2024-02-04,E0,Bournemouth,Nott'm Forest,D,0.409998,0.255466,0.334537,1.3865,1.225
2324,2024-02-04,E0,Chelsea,Wolves,A,0.562791,0.259613,0.177596,1.4669,0.6865
2324,2024-02-04,E0,Man United,West Ham,H,0.542097,0.229437,0.228466,1.7518,1.0463
2324,2024-02-05,E0,Brentford,Man City,A,0.178593,0.210092,0.611315,0.9353,1.9403
2324,2024-02-10,E0,Fulham,Bournemouth,H,0.577389,0.226515,0.196096,1.7692,0.9184
2324,2024-02-10,E0,Liverpool,Burnley,H,0.756599,0.157631,0.085771,2.3194,0.6291
2324,2024-02-10,E0,Luton,Sheffield United,A,0.545484,0.273346,0.181169,1.3705,0.6538
2324,2024-02-10,E0,Man City,Everton,H,0.845911,0.105898,0.048191,2.8816,0.5602
2324,2024-02-10,E0,Nott'm Forest,Newcastle,A,0.243805,0.24101,0.515186,1.0316,1.6249
2324,2024-02-10,E0,Tottenham,Brighton,H,0.505607,0.217917,0.276476,1.9015,1.355
2324,2024-02-10,E0,Wolves,Brentford,A,0.280952,0.281717,0.437331,0.931,1.2414
2324,2024-02-11,E0,Aston Villa,Man United,A,0.373858,0.259144,0.366999,1.2899,1.2754
2324,2024-02-11,E0,West Ham,Arsenal,A,0.281224,0.228152,0.490625,1.2756,1.7584
2324,2024-02-12,E0,Crystal Palace,Chelsea,A,0.314055,0.287518,0.398427,0.9874,1.1533
2324,2024-02-17,E0,Brentford,Liverpool,A,0.272733,0.236875,0.490392,1.1706,1.6572
2324,2024-02-17,E0,Burnley,Arsenal,A,0.190798,0.226835,0.582368,0.8915,1.7618
2324,2024-02-17,E0,Fulham,Aston Villa,A,0.379759,0.265304,0.354938,1.2575,1.2058
2324,2024-02-17,E0,Man City,Chelsea,D,0.702897,0.180612,0.116491,2.1533,0.7343
2324,2024-02-17,E0,Newcastle,Bournemouth,D,0.669778,0.192508,0.137714,2.071,0.8059
2324,2024-02-17,E0,Nott'm Forest,West Ham,H,0.310163,0.250125,0.439712,1.1959,1.4767
2324,2024-02-17,E0,Tottenham,Wolves,A,0.630195,0.207077,0.162728,1.9494,0.8662
2324,2024-02-18,E0,Luton,Man United,A,0.297377,0.25163,0.450992,1.1466,1.4773
2324,2024-02-18,E0,Sheffield United,Brighton,A,0.199286,0.270631,0.530083,0.7254,1.3846
2324,2024-02-19,E0,Everton,Crystal Palace,D,0.356836,0.287545,0.355618,1.0794,1.077
2324,2024-02-20,E0,Man City,Brentford,H,0.735737,0.160839,0.103424,2.3804,0.7624
2324,2024-02-21,E0,Liverpool,Luton,H,0.728661,0.162097,0.109243,2.395,0.804
2324,2024-02-24,E0,Arsenal,Newcastle,H,0.544043,0.220664,0.235293,1.8607,1.1441
2324,2024-02-24,E0,Aston Villa,Nott'm Forest,H,0.600959,0.22034,0.178701,1.8205,0.8707
2324,2024-02-24,E0,Bournemouth,Man City,A,0.066382,0.122317,0.811301,0.6753,2.7762
2324,2024-02-24,E0,Brighton,Everton,D,0.583069,0.226685,0.190246,1.763,0.8898
2324,2024-02-24,E0,Crystal Palace,Burnley,H,0.473549,0.287525,0.238925,1.2452,0.7895
2324,2024-02-24,E0,Man United,Fulham,A,0.550212,0.231897,0.217891,1.7218,0.9836
2324,2024-02-25,E0,Wolves,Sheffield United,H,0.472586,0.320259,0.207155,1.0859,0.6062
2324,2024-02-26,E0,West Ham,Brentford,H,0.376709,0.256555,0.366736,1.3154,1.2941
2324,2024-03-02,E0,Brentford,Chelsea,D,0.405011,0.271351,0.323638,1.2613,1.0947
2324,2024-03-02,E0,Everton,West Ham,A,0.336214,0.264625,0.399161,1.1666,1.298
2324,2024-03-02,E0,Fulham,Brighton,H,0.370163,0.25451,0.375326,1.3174,1.3285
2324,2024-03-02,E0,Luton,Aston Villa,A,0.349619,0.265133,0.385248,1.1949,1.2692
2324,2024-03-02,E0,Newcastle,Wolves,H,0.576442,0.245188,0.17837,1.5809,0.7453
2324,2024-03-02,E0,Nott'm Forest,Liverpool,A,0.132259,0.176338,0.691403,0.8818,2.2824
2324,2024-03-02,E0,Tottenham,Crystal Palace,H,0.578812,0.21748,0.203708,1.8803,1.0155
2324,2024-03-03,E0,Burnley,Bournemouth,A,0.457105,0.273598,0.269296,1.3155,0.9362
2324,2024-03-03,E0,Man City,Man United,H,0.70795,0.170596,0.121453,2.3229,0.8412
2324,2024-03-04,E0,Sheffield United,Arsenal,A,0.13348,0.21573,0.650791,0.6602,1.8013
2324,2024-03-09,E0,Arsenal,Brentford,H,0.561418,0.217482,0.2211,1.8946,1.1021
2324,2024-03-09,E0,Bournemouth,Sheffield United,D,0.451211,0.296598,0.252192,1.1742,0.794
2324,2024-03-09,E0,Crystal Palace,Luton,D,0.431449,0.273501,0.29505,1.2858,1.009
2324,2024-03-09,E0,Man United,Everton,H,0.624273,0.214379,0.161348,1.8624,0.815
2324,2024-03-09,E0,Wolves,Fulham,H,0.340736,0.2885,0.370764,1.0419,1.1009
2324,2024-03-10,E0,Aston Villa,Tottenham,A,0.38772,0.237429,0.37485,1.5088,1.4795
2324,2024-03-10,E0,Brighton,Nott'm Forest,H,0.630724,0.203135,0.166141,2.0057,0.9122
2324,2024-03-10,E0,Liverpool,Man City,D,0.324277,0.235006,0.440717,1.3637,1.6289
2324,2024-03-10,E0,West Ham,Burnley,D,0.527885,0.254992,0.217123,1.5007,0.8533
2324,2024-03-11,E0,Chelsea,Newcastle,H,0.427128,0.267795,0.305076,1.319,1.0673
2324,2024-03-13,E0,Bournemouth,Luton,H,0.327369,0.258353,0.414278,1.186,1.3704
2324,2024-03-16,E0,Burnley,Brentford,H,0.267826,0.276271,0.455902,0.9194,1.2966
2324,2024-03-16,E0,Fulham,Tottenham,H,0.335838,0.233732,0.43043,1.4114,1.6281
2324,2024-03-16,E0,Luton,Nott'm Forest,D,0.51909,0.241778,0.239132,1.6182,1.0086
2324,2024-03-17,E0,West Ham,Aston Villa,D,0.396785,0.258712,0.344503,1.3378,1.2268
2324,2024-03-30,E0,Aston Villa,Wolves,H,0.533918,0.262441,0.203641,1.4437,0.7718
2324,2024-03-30,E0,Bournemouth,Everton,H,0.371439,0.268617,0.359944,1.2187,1.195
2324,2024-03-30,E0,Brentford,Man United,D,0.396985,0.255844,0.347172,1.3607,1.2541
2324,2024-03-30,E0,Chelsea,Burnley,D,0.5821,0.250694,0.167206,1.5321,0.6779
2324,2024-03-30,E0,Newcastle,West Ham,H,0.515712,0.23876,0.245528,1.6481,1.0531
2324,2024-03-30,E0,Nott'm Forest,Crystal Palace,D,0.33404,0.273623,0.392337,1.1065,1.2253
2324,2024-03-30,E0,Sheffield United,Fulham,D,0.242157,0.298049,0.459794,0.7619,1.1756
2324,2024-03-30,E0,Tottenham,Luton,H,0.607732,0.199993,0.192275,2.1025,1.0932
2324,2024-03-31,E0,Liverpool,Brighton,H,0.642863,0.191573,0.165564,2.1661,0.9966
2324,2024-03-31,E0,Man City,Arsenal,D,0.660802,0.181163,0.158035,2.3083,1.0359
2324,2024-04-02,E0,Bournemouth,Crystal Palace,H,0.311897,0.272153,0.415949,1.0606,1.273
2324,2024-04-02,E0,Burnley,Wolves,D,0.380736,0.312979,0.306284,1.0042,0.8657
2324,2024-04-02,E0,Newcastle,Everton,D,0.598157,0.226466,0.175377,1.7522,0.8202
2324,2024-04-02,E0,Nott'm Forest,Fulham,H,0.321218,0.257488,0.421294,1.1755,1.3881
2324,2024-04-02,E0,West Ham,Tottenham,D,0.351927,0.229566,0.418507,1.5015,1.6565
2324,2024-04-03,E0,Arsenal,Luton,H,0.671248,0.183047,0.145705,2.2319,0.9287
2324,2024-04-03,E0,Brentford,Brighton,D,0.443948,0.249749,0.306303,1.4855,1.1871
2324,2024-04-03,E0,Man City,Aston Villa,H,0.751237,0.154687,0.094076,2.4208,0.7227
2324,2024-04-04,E0,Chelsea,Man United,H,0.40967,0.265313,0.325017,1.3106,1.1344
2324,2024-04-04,E0,Liverpool,Sheffield United,H,0.802279,0.140048,0.057672,2.3713,0.4659
2324,2024-04-06,E0,Aston Villa,Brentford,D,0.407964,0.263385,0.328651,1.3218,1.1559
2324,2024-04-06,E0,Brighton,Arsenal,A,0.332906,0.232742,0.434351,1.4122,1.6453
2324,2024-04-06,E0,Crystal Palace,Man City,A,0.125623,0.191666,0.682712,0.7321,2.0441
2324,2024-04-06,E0,Everton,Burnley,H,0.421808,0.290917,0.287275,1.1689,0.9072
2324,2024-04-06,E0,Fulham,Newcastle,A,0.344647,0.26053,0.394823,1.2144,1.3204
2324,2024-04-06,E0,Luton,Bournemouth,H,0.544658,0.235751,0.21959,1.6812,0.9667
2324,2024-04-06,E0,Wolves,West Ham,A,0.331682,0.281078,0.387239,1.06,1.1711
2324,2024-04-07,E0,Man United,Liverpool,D,0.308922,0.237561,0.453517,1.2916,1.6172
2324,2024-04-07,E0,Sheffield United,Chelsea,D,0.182741,0.288159,0.5291,0.6159,1.2768
2324,2024-04-07,E0,Tottenham,Nott'm Forest,H,0.700431,0.16635,0.133219,2.4581,0.9772
2324,2024-04-13,E0,Bournemouth,Man United,D,0.207628,0.224967,0.567405,0.9824,1.7943
2324,2024-04-13,E0,Brentford,Sheffield United,H,0.639168,0.234709,0.126123,1.6263,0.555
2324,2024-04-13,E0,Burnley,Brighton,D,0.274574,0.268021,0.457405,0.9795,1.3543
2324,2024-04-13,E0,Man City,Luton,H,0.82124,0.117798,0.060962,2.8041,0.6424
2324,2024-04-13,E0,Newcastle,Tottenham,H,0.432482,0.231907,0.335611,1.6521,1.4288
2324,2024-04-13,E0,Nott'm Forest,Wolves,D,0.383632,0.284178,0.33219,1.1472,1.0451
2324,2024-04-14,E0,Arsenal,Aston Villa,A,0.582039,0.213847,0.204113,1.9268,1.0448
2324,2024-04-14,E0,Liverpool,Crystal Palace,A,0.697719,0.182453,0.119828,2.1419,0.7469
2324,2024-04-14,E0,West Ham,Fulham,A,0.449427,0.252009,0.298564,1.4721,1.1477
2324,2024-04-15,E0,Chelsea,Everton,H,0.584852,0.239826,0.175322,1.6258,0.7555
2324,2024-04-20,E0,Luton,Brentford,A,0.33049,0.261178,0.408332,1.175,1.3389
2324,2024-04-20,E0,Sheffield United,Burnley,A,0.302997,0.338978,0.358024,0.7767,0.8741
2324,2024-04-20,E0,Wolves,Arsenal,A,0.203358,0.234778,0.561864,0.9028,1.6868
2324,2024-04-21,E0,Aston Villa,Bournemouth,H,0.625629,0.211966,0.162405,1.8913,0.8346
2324,2024-04-21,E0,Crystal Palace,West Ham,H,0.392141,0.270873,0.336986,1.2428,1.1296
2324,2024-04-21,E0,Everton,Nott'm Forest,H,0.459222,0.260681,0.280097,1.4111,1.0364
2324,2024-04-21,E0,Fulham,Liverpool,A,0.212192,0.220137,0.56767,1.0381,1.8546
2324,2024-04-23,E0,Arsenal,Chelsea,H,0.529526,0.232852,0.237622,1.7139,1.0615
2324,2024-04-24,E0,Crystal Palace,Newcastle,H,0.320858,0.274157,0.404985,1.072,1.243
2324,2024-04-24,E0,Everton,Liverpool,H,0.15529,0.201225,0.643485,0.8602,2.0062
2324,2024-04-24,E0,Man United,Sheffield United,H,0.681,0.21107,0.10793,1.7944,0.5416
2324,2024-04-24,E0,Wolves,Bournemouth,A,0.471524,0.273212,0.255264,1.3321,0.8963
2324,2024-04-25,E0,Brighton,Man City,A,0.172595,0.199601,0.627804,0.9769,2.0672
2324,2024-04-27,E0,Aston Villa,Chelsea,D,0.382537,0.275566,0.341897,1.1957,1.1133
2324,2024-04-27,E0,Everton,Brentford,H,0.283101,0.264349,0.45255,1.0246,1.3759
2324,2024-04-27,E0,Fulham,Crystal Palace,D,0.439298,0.27247,0.288232,1.3027,0.9957
2324,2024-04-27,E0,Man United,Burnley,D,0.621796,0.223792,0.154412,1.7552,0.7313
2324,2024-04-27,E0,Newcastle,Sheffield United,H,0.656435,0.225604,0.117961,1.6882,0.545
2324,2024-04-27,E0,West Ham,Liverpool,D,0.222649,0.21815,0.559201,1.1043,1.887
2324,2024-04-27,E0,Wolves,Luton,H,0.368613,0.288542,0.342845,1.0967,1.0461
2324,2024-04-28,E0,Bournemouth,Brighton,H,0.242577,0.234194,0.523229,1.0726,1.6985
2324,2024-04-28,E0,Nott'm Forest,Man City,A,0.075727,0.132404,0.791869,0.7045,2.6722
2324,2024-04-28,E0,Tottenham,Arsenal,A,0.384435,0.21799,0.397575,1.7307,1.7627
2324,2024-05-02,E0,Chelsea,Tottenham,H,0.427549,0.242327,0.330124,1.5329,1.3161
2324,2024-05-03,E0,Luton,Everton,D,0.474779,0.261127,0.264094,1.4224,0.9839
2324,2024-05-04,E0,Arsenal,Bournemouth,H,0.778219,0.135725,0.086056,2.7108,0.7958
2324,2024-05-04,E0,Brentford,Fulham,D,0.504814,0.24727,0.247916,1.5604,1.0079
2324,2024-05-04,E0,Burnley,Newcastle,A,0.254785,0.27145,0.473765,0.9029,1.346
2324,2024-05-04,E0,Man City,Wolves,H,0.82337,0.123224,0.053405,2.5999,0.509
2324,2024-05-04,E0,Sheffield United,Nott'm Forest,A,0.330287,0.307099,0.362614,0.9377,0.9986
2324,2024-05-05,E0,Brighton,Aston Villa,H,0.451672,0.251289,0.297038,1.4811,1.1479
2324,2024-05-05,E0,Chelsea,West Ham,H,0.506099,0.250785,0.243116,1.5292,0.97
2324,2024-05-05,E0,Liverpool,Tottenham,H,0.62169,0.1867,0.19161,2.3206,1.2214
2324,2024-05-06,E0,Crystal Palace,Man United,H,0.304083,0.267701,0.428216,1.0651,1.3212
2324,2024-05-11,E0,Bournemouth,Brentford,A,0.237473,0.241032,0.521495,1.0068,1.6262
2324,2024-05-11,E0,Everton,Sheffield United,H,0.489353,0.299267,0.21138,1.1951,0.6718
2324,2024-05-11,E0,Fulham,Man City,A,0.132751,0.183881,0.683368,0.8294,2.1714
2324,2024-05-11,E0,Newcastle,Brighton,D,0.46308,0.245997,0.290923,1.5421,1.1659
2324,2024-05-11,E0,Nott'm Forest,Chelsea,A,0.241358,0.25322,0.505422,0.9501,1.5077
2324,2024-05-11,E0,Tottenham,Burnley,H,0.650766,0.198087,0.151147,2.0362,0.8554
2324,2024-05-11,E0,West Ham,Luton,H,0.482396,0.246991,0.270612,1.5496,1.0905
2324,2024-05-11,E0,Wolves,Crystal Palace,A,0.349542,0.305699,0.344759,0.9808,0.9718
2324,2024-05-12,E0,Man United,Arsenal,A,0.378173,0.23698,0.384847,1.4919,1.507
2324,2024-05-13,E0,Aston Villa,Liverpool,D,0.253518,0.235163,0.511319,1.1097,1.6854
2324,2024-05-14,E0,Tottenham,Man City,A,0.199564,0.19388,0.606556,1.1972,2.2147
2324,2024-05-15,E0,Brighton,Chelsea,A,0.404482,0.263198,0.33232,1.3174,1.1663
2324,2024-05-15,E0,Man United,Newcastle,H,0.458524,0.248819,0.292657,1.511,1.1513
2324,2024-05-19,E0,Arsenal,Everton,H,0.710081,0.1715,0.118419,2.2935,0.8099
2324,2024-05-19,E0,Brentford,Newcastle,A,0.415379,0.258696,0.325925,1.3694,1.1798
2324,2024-05-19,E0,Brighton,Man United,A,0.39529,0.248276,0.356434,1.4212,1.3361
2324,2024-05-19,E0,Burnley,Nott'm Forest,A,0.43352,0.276937,0.289543,1.2662,0.9767
2324,2024-05-19,E0,Chelsea,Bournemouth,H,0.655349,0.205279,0.139372,1.9216,0.7423
2324,2024-05-19,E0,Crystal Palace,Aston Villa,H,0.353471,0.280552,0.365977,1.11,1.1351
2324,2024-05-19,E0,Liverpool,Wolves,H,0.738336,0.167874,0.09379,2.2206,0.6371
2324,2024-05-19,E0,Luton,Fulham,A,0.399219,0.262309,0.338471,1.315,1.1874
2324,2024-05-19,E0,Man City,West Ham,H,0.793931,0.130484,0.075584,2.7104,0.7192
2324,2024-05-19,E0,Sheffield United,Tottenham,A,0.171894,0.231789,0.596317,0.7771,1.6969
2425,2024-08-16,E0,Man United,Fulham,H,0.502001,0.241637,0.256363,1.6805,1.1313
2425,2024-08-17,E0,Arsenal,Wolves,H,0.760327,0.157154,0.082519,2.3803,0.6459
2425,2024-08-17,E0,Everton,Brighton,A,0.33206,0.284272,0.383667,1.0909,1.1951
2425,2024-08-17,E0,Ipswich,Liverpool,A,0.197475,0.212695,0.589829,1.0759,2.0098
2425,2024-08-17,E0,Newcastle,Southampton,H,0.709862,0.166287,0.123851,2.4945,0.9527
2425,2024-08-17,E0,Nott'm Forest,Bournemouth,D,0.429169,0.247347,0.323484,1.5531,1.317
2425,2024-08-17,E0,West Ham,Aston Villa,A,0.357198,0.233335,0.409467,1.545,1.6677
2425,2024-08-18,E0,Brentford,Crystal Palace,H,0.437339,0.256161,0.3065,1.4833,1.1992
2425,2024-08-18,E0,Chelsea,Man City,A,0.192216,0.208129,0.599655,1.083,2.0644
2425,2024-08-19,E0,Leicester,Tottenham,D,0.369984,0.224387,0.405629,1.6824,1.7687
2425,2024-08-24,E0,Aston Villa,Arsenal,A,0.238916,0.226716,0.534368,1.1714,1.8585
2425,2024-08-24,E0,Brighton,Man United,H,0.390928,0.254446,0.354626,1.4225,1.3428
2425,2024-08-24,E0,Crystal Palace,West Ham,A,0.475384,0.24262,0.281996,1.654,1.2194
2425,2024-08-24,E0,Fulham,Leicester,H,0.438111,0.243044,0.318845,1.6089,1.3391
2425,2024-08-24,E0,Man City,Ipswich,H,0.811611,0.123446,0.064943,2.8239,0.6954
2425,2024-08-24,E0,Southampton,Nott'm Forest,A,0.381828,0.256281,0.36189,1.3888,1.3453
2425,2024-08-24,E0,Tottenham,Everton,H,0.598315,0.219678,0.182007,1.9015,0.9425
2425,2024-08-25,E0,Bournemouth,Newcastle,D,0.267218,0.221278,0.511504,1.3466,1.932
2425,2024-08-25,E0,Liverpool,Brentford,H,0.683795,0.179424,0.136781,2.336,0.9468
2425,2024-08-25,E0,Wolves,Chelsea,A,0.275737,0.250857,0.473406,1.1375,1.5703
2425,2024-08-31,E0,Arsenal,Brighton,D,0.698035,0.179757,0.122208,2.2667,0.8312
2425,2024-08-31,E0,Brentford,Southampton,H,0.597226,0.21674,0.186034,1.9423,0.9837
2425,2024-08-31,E0,Everton,Bournemouth,A,0.419883,0.27643,0.303686,1.3029,1.0642
2425,2024-08-31,E0,Ipswich,Fulham,D,0.410317,0.253388,0.336295,1.4671,1.3044
2425,2024-08-31,E0,Leicester,Aston Villa,A,0.388545,0.235813,0.375642,1.5967,1.5666
2425,2024-08-31,E0,Nott'm Forest,Wolves,D,0.4177,0.267246,0.315053,1.3656,1.1492
2425,2024-08-31,E0,West Ham,Man City,A,0.118284,0.16485,0.716866,0.9156,2.4875
2425,2024-09-01,E0,Chelsea,Crystal Palace,D,0.522781,0.234808,0.24241,1.761,1.1243
2425,2024-09-01,E0,Man United,Liverpool,A,0.270632,0.235648,0.49372,1.2325,1.743
2425,2024-09-01,E0,Newcastle,Tottenham,H,0.487725,0.210753,0.301522,2.0831,1.6142
2425,2024-09-14,E0,Aston Villa,Everton,H,0.560211,0.241199,0.19859,1.6842,0.8945
2425,2024-09-14,E0,Bournemouth,Chelsea,A,0.280359,0.231748,0.487892,1.3035,1.7859
2425,2024-09-14,E0,Brighton,Ipswich,D,0.482734,0.244477,0.272789,1.6402,1.1723
2425,2024-09-14,E0,Crystal Palace,Leicester,D,0.441674,0.249068,0.309258,1.5538,1.2602
2425,2024-09-14,E0,Fulham,West Ham,D,0.472442,0.237014,0.290544,1.7127,1.2958
2425,2024-09-14,E0,Liverpool,Nott'm Forest,A,0.774122,0.140322,0.085555,2.7014,0.8007
2425,2024-09-14,E0,Man City,Brentford,H,0.783434,0.137672,0.078894,2.6883,0.7471
2425,2024-09-14,E0,Southampton,Man United,A,0.244983,0.240536,0.514482,1.094,1.6962
2425,2024-09-15,E0,Tottenham,Arsenal,A,0.257949,0.219461,0.52259,1.3225,1.9583
2425,2024-09-15,E0,Wolves,Newcastle,A,0.264036,0.239713,0.496251,1.175,1.6987
2425,2024-09-21,E0,Aston Villa,Wolves,H,0.578,0.226783,0.195217,1.8339,0.9639
2425,2024-09-21,E0,Crystal Palace,Man United,D,0.377869,0.262195,0.359936,1.3338,1.2953
2425,2024-09-21,E0,Fulham,Newcastle,H,0.340943,0.236291,0.422766,1.4683,1.6581
2425,2024-09-21,E0,Leicester,Everton,D,0.502969,0.256406,0.240624,1.5382,0.9786
2425,2024-09-21,E0,Liverpool,Bournemouth,H,0.768412,0.142083,0.089505,2.7034,0.8295
2425,2024-09-21,E0,Southampton,Ipswich,D,0.32286,0.254149,0.422991,1.2615,1.4807
2425,2024-09-21,E0,Tottenham,Brentford,H,0.537854,0.214073,0.248073,2.0348,1.3285
2425,2024-09-21,E0,West Ham,Chelsea,A,0.331512,0.23096,0.437528,1.4933,1.7433
2425,2024-09-22,E0,Brighton,Nott'm Forest,D,0.547162,0.230689,0.222149,1.8058,1.0651
2425,2024-09-22,E0,Man City,Arsenal,D,0.524931,0.236021,0.239048,1.7472,1.1013
2425,2024-09-28,E0,Arsenal,Leicester,H,0.724726,0.163035,0.112239,2.4825,0.8763
2425,2024-09-28,E0,Brentford,West Ham,D,0.489227,0.231253,0.27952,1.7927,1.3046
2425,2024-09-28,E0,Chelsea,Brighton,H,0.520505,0.229404,0.250091,1.8256,1.1991
2425,2024-09-28,E0,Everton,Crystal Palace,H,0.336059,0.293307,0.370634,1.0523,1.1206
2425,2024-09-28,E0,Newcastle,Man City,D,0.202084,0.204526,0.59339,1.1715,2.1325
2425,2024-09-28,E0,Nott'm Forest,Fulham,A,0.349462,0.254094,0.396443,1.3329,1.4361
2425,2024-09-28,E0,Wolves,Liverpool,A,0.163996,0.213437,0.622567,0.8838,1.9469
2425,2024-09-29,E0,Ipswich,Aston Villa,D,0.352342,0.243352,0.404306,1.4328,1.5507
2425,2024-09-29,E0,Man United,Tottenham,A,0.429178,0.231053,0.339769,1.7293,1.5183
2425,2024-09-30,E0,Bournemouth,Southampton,H,0.505434,0.239787,0.25478,1.7017,1.1384
2425,2024-10-05,E0,Arsenal,Southampton,H,0.827262,0.116312,0.056426,2.863,0.6393
2425,2024-10-05,E0,Brentford,Wolves,H,0.518618,0.248626,0.232756,1.6148,0.9938
2425,2024-10-05,E0,Crystal Palace,Liverpool,A,0.224926,0.232271,0.542803,1.0665,1.7884
2425,2024-10-05,E0,Everton,Newcastle,D,0.265579,0.252644,0.481776,1.0904,1.56
2425,2024-10-05,E0,Leicester,Bournemouth,H,0.536292,0.223146,0.240562,1.905,1.2086
2425,2024-10-05,E0,Man City,Fulham,H,0.787896,0.136751,0.075353,2.6701,0.7138
2425,2024-10-05,E0,West Ham,Ipswich,H,0.447645,0.238207,0.314149,1.6732,1.3667
2425,2024-10-06,E0,Aston Villa,Man United,D,0.444962,0.240776,0.314262,1.6419,1.3443
2425,2024-10-06,E0,Brighton,Tottenham,H,0.379021,0.233849,0.38713,1.5959,1.615
2425,2024-10-06,E0,Chelsea,Nott'm Forest,D,0.634984,0.196646,0.16837,2.1788,1.0305
2425,2024-10-19,E0,Bournemouth,Arsenal,H,0.139995,0.18801,0.671995,0.9037,2.2174
2425,2024-10-19,E0,Fulham,Aston Villa,A,0.377967,0.246013,0.37602,1.4706,1.4662
2425,2024-10-19,E0,Ipswich,Everton,A,0.46363,0.272731,0.263639,1.3803,0.9687
2425,2024-10-19,E0,Man United,Brentford,H,0.492566,0.240154,0.26728,1.692,1.1841
2425,2024-10-19,E0,Newcastle,Brighton,A,0.544898,0.217896,0.237207,1.9749,1.2387
2425,2024-10-19,E0,Southampton,Leicester,A,0.295995,0.241851,0.462154,1.2745,1.6501
2425,2024-10-19,E0,Tottenham,West Ham,H,0.590802,0.19551,0.213688,2.2987,1.3334
2425,2024-10-20,E0,Liverpool,Chelsea,H,0.615751,0.198662,0.185587,2.19,1.1241
2425,2024-10-20,E0,Wolves,Man City,A,0.100595,0.174317,0.725088,0.6974,2.2406
2425,2024-10-21,E0,Nott'm Forest,Crystal Palace,H,0.338759,0.260876,0.400365,1.2544,1.3868
2425,2024-10-25,E0,Leicester,Nott'm Forest,A,0.545604,0.223011,0.231384,1.9035,1.1665
2425,2024-10-26,E0,Aston Villa,Bournemouth,D,0.599071,0.206826,0.194102,2.0858,1.1047
2425,2024-10-26,E0,Brentford,Ipswich,H,0.480688,0.241779,0.277533,1.667,1.2098
2425,2024-10-26,E0,Brighton,Wolves,D,0.519694,0.251387,0.228919,1.5889,0.9629
2425,2024-10-26,E0,Everton,Fulham,D,0.346917,0.285241,0.367841,1.1182,1.1604
2425,2024-10-26,E0,Man City,Southampton,H,0.882524,0.083158,0.034318,3.2902,0.5654
2425,2024-10-27,E0,Arsenal,Liverpool,D,0.481971,0.238463,0.279566,1.7039,1.2435
2425,2024-10-27,E0,Chelsea,Newcastle,H,0.441405,0.224973,0.333622,1.8247,1.5651
2425,2024-10-27,E0,Crystal Palace,Tottenham,H,0.366389,0.240455,0.393156,1.4965,1.5578
2425,2024-10-27,E0,West Ham,Man United,H,0.353956,0.241853,0.404191,1.451,1.5656
2425,2024-11-02,E0,Bournemouth,Man City,H,0.095264,0.152711,0.752026,0.7992,2.5483
2425,2024-11-02,E0,Ipswich,Leicester,D,0.4118,0.243041,0.345158,1.5675,1.4162
2425,2024-11-02,E0,Liverpool,Brighton,H,0.674074,0.185115,0.140811,2.2635,0.9316
2425,2024-11-02,E0,Newcastle,Arsenal,H,0.274117,0.226666,0.499217,1.3247,1.8556
2425,2024-11-02,E0,Nott'm Forest,West Ham,H,0.380653,0.241904,0.377443,1.5161,1.5087
2425,2024-11-02,E0,Southampton,Everton,H,0.354706,0.287415,0.35788,1.1222,1.1286
2425,2024-11-02,E0,Wolves,Crystal Palace,D,0.339156,0.279508,0.381335,1.134,1.2203
2425,2024-11-03,E0,Man United,Chelsea,D,0.418514,0.24234,0.339145,1.5863,1.4058
2425,2024-11-03,E0,Tottenham,Aston Villa,H,0.486014,0.217686,0.296299,1.9738,1.5088
2425,2024-11-04,E0,Fulham,Brentford,H,0.425543,0.250674,0.323784,1.5161,1.291
2425,2024-11-09,E0,Brentford,Bournemouth,H,0.536893,0.228415,0.234692,1.8365,1.1388
2425,2024-11-09,E0,Brighton,Man City,H,0.147029,0.195595,0.657376,0.8975,2.1336
2425,2024-11-09,E0,Crystal Palace,Fulham,A,0.438487,0.259728,0.301785,1.4542,1.1607
2425,2024-11-09,E0,Liverpool,Aston Villa,H,0.641597,0.190816,0.167587,2.2659,1.0753
2425,2024-11-09,E0,West Ham,Everton,D,0.474914,0.260157,0.264928,1.4884,1.0417
2425,2024-11-09,E0,Wolves,Southampton,H,0.483768,0.261364,0.254868,1.4849,1.0009
2425,2024-11-10,E0,Chelsea,Arsenal,D,0.26041,0.231619,0.507971,1.2245,1.7963
2425,2024-11-10,E0,Man United,Leicester,H,0.506966,0.231655,0.261379,1.7956,1.2282
2425,2024-11-10,E0,Nott'm Forest,Newcastle,A,0.257065,0.221431,0.521505,1.2997,1.9305
2425,2024-11-10,E0,Tottenham,Ipswich,A,0.579777,0.20544,0.214783,2.1375,1.2365
2425,2024-11-23,E0,Arsenal,Nott'm Forest,H,0.792509,0.133988,0.073503,2.7052,0.7144
2425,2024-11-23,E0,Aston Villa,Crystal Palace,D,0.495567,0.240985,0.263447,1.6846,1.1633
2425,2024-11-23,E0,Bournemouth,Brighton,A,0.344608,0.250812,0.40458,1.3472,1.4801
2425,2024-11-23,E0,Everton,Brentford,D,0.338006,0.280466,0.381528,1.1258,1.2146
2425,2024-11-23,E0,Fulham,Wolves,A,0.502079,0.255846,0.242074,1.5427,0.987
2425,2024-11-23,E0,Leicester,Chelsea,A,0.362355,0.234832,0.402813,1.5432,1.6377
2425,2024-11-23,E0,Man City,Tottenham,A,0.748273,0.146663,0.105064,2.7476,0.958
2425,2024-11-24,E0,Ipswich,Man United,D,0.348859,0.252347,0.398794,1.3456,1.4558
2425,2024-11-24,E0,Southampton,Liverpool,A,0.123499,0.175235,0.701266,0.8748,2.3417
2425,2024-11-25,E0,Newcastle,West Ham,A,0.606719,0.193655,0.199626,2.3025,1.2635
2425,2024-11-29,E0,Brighton,Southampton,D,0.597831,0.218994,0.183175,1.9111,0.9532
2425,2024-11-30,E0,Brentford,Leicester,H,0.454224,0.237932,0.307845,1.6841,1.3482
2425,2024-11-30,E0,Crystal Palace,Newcastle,D,0.346929,0.243379,0.409692,1.418,1.5603
2425,2024-11-30,E0,Nott'm Forest,Ipswich,H,0.376208,0.25239,0.371402,1.4097,1.3991
2425,2024-11-30,E0,West Ham,Arsenal,A,0.170869,0.198052,0.631079,1.0352,2.1645
2425,2024-11-30,E0,Wolves,Bournemouth,A,0.425787,0.263784,0.31043,1.4041,1.1588
2425,2024-12-01,E0,Chelsea,Aston Villa,H,0.479913,0.227983,0.292104,1.8275,1.384
2425,2024-12-01,E0,Liverpool,Man City,H,0.320622,0.243264,0.436115,1.3427,1.6039
2425,2024-12-01,E0,Man United,Everton,H,0.548619,0.252296,0.199085,1.5811,0.84
2425,2024-12-01,E0,Tottenham,Fulham,D,0.548032,0.214653,0.237315,2.0211,1.2692
2425,2024-12-03,E0,Ipswich,Crystal Palace,A,0.397589,0.26104,0.34137,1.3806,1.2597
2425,2024-12-03,E0,Leicester,West Ham,H,0.487054,0.225898,0.287048,1.8595,1.3845
2425,2024-12-04,E0,Arsenal,Man United,H,0.656111,0.195978,0.147911,2.131,0.9007
2425,2024-12-04,E0,Aston Villa,Brentford,H,0.50118,0.230944,0.267876,1.8023,1.2608
2425,2024-12-04,E0,Everton,Wolves,H,0.406133,0.299426,0.294441,1.1456,0.9286
2425,2024-12-04,E0,Man City,Nott'm Forest,H,0.85502,0.098981,0.046,3.1089,0.6318
2425,2024-12-04,E0,Newcastle,Liverpool,D,0.310675,0.224978,0.464347,1.4846,1.853
2425,2024-12-04,E0,Southampton,Chelsea,A,0.224392,0.223916,0.551692,1.1259,1.8887
2425,2024-12-05,E0,Bournemouth,Tottenham,H,0.284186,0.221124,0.494691,1.4211,1.9288
2425,2024-12-05,E0,Fulham,Brighton,H,0.418124,0.254616,0.327261,1.4691,1.2703
2425,2024-12-07,E0,Aston Villa,Southampton,H,0.657989,0.191304,0.150707,2.2059,0.9542
2425,2024-12-07,E0,Brentford,Newcastle,H,0.354985,0.23352,0.411495,1.5369,1.6694
2425,2024-12-07,E0,Crystal Palace,Man City,D,0.143507,0.200562,0.655931,0.8416,2.0581
2425,2024-12-07,E0,Man United,Nott'm Forest,A,0.596094,0.21581,0.188095,1.9567,1.0014
2425,2024-12-08,E0,Fulham,Arsenal,D,0.191245,0.220505,0.58825,0.9854,1.9031
2425,2024-12-08,E0,Ipswich,Bournemouth,A,0.493957,0.238633,0.26741,1.7094,1.1963
2425,2024-12-08,E0,Leicester,Brighton,D,0.430831,0.243392,0.325777,1.595,1.3573
2425,2024-12-08,E0,Tottenham,Chelsea,A,0.457426,0.220448,0.322127,1.9077,1.5772
2425,2024-12-09,E0,West Ham,Wolves,H,0.489414,0.246832,0.263755,1.6208,1.1226
2425,2024-12-14,E0,Arsenal,Everton,D,0.739314,0.173264,0.087422,2.1859,0.5993
2425,2024-12-14,E0,Liverpool,Fulham,D,0.690628,0.178722,0.13065,2.3202,0.9045
2425,2024-12-14,E0,Newcastle,Leicester,H,0.569679,0.204683,0.225638,2.163,1.3057
2425,2024-12-14,E0,Nott'm Forest,Aston Villa,H,0.292882,0.237303,0.469815,1.3018,1.7072
2425,2024-12-14,E0,Wolves,Ipswich,A,0.375499,0.269668,0.354834,1.2745,1.2311
2425,2024-12-15,E0,Brighton,Crystal Palace,A,0.439549,0.259264,0.301188,1.4595,1.162
2425,2024-12-15,E0,Chelsea,Brentford,H,0.52933,0.224817,0.245853,1.8841,1.2186
2425,2024-12-15,E0,Man City,Man United,A,0.737034,0.161108,0.101858,2.449,0.7966
2425,2024-12-15,E0,Southampton,Tottenham,A,0.225805,0.212789,0.561406,1.2275,2.0399
2425,2024-12-16,E0,Bournemouth,West Ham,D,0.393578,0.23929,0.367132,1.5707,1.5098
2425,2024-12-21,E0,Aston Villa,Man City,H,0.174219,0.200579,0.625202,1.036,2.1359
2425,2024-12-21,E0,Brentford,Nott'm Forest,A,0.545849,0.228312,0.225839,1.8352,1.0992
2425,2024-12-21,E0,Crystal Palace,Arsenal,A,0.19797,0.230855,0.571175,0.9516,1.7909
2425,2024-12-21,E0,Ipswich,Newcastle,A,0.315193,0.231815,0.452992,1.4305,1.7536
2425,2024-12-21,E0,West Ham,Brighton,D,0.400071,0.243268,0.356661,1.5434,1.4448
2425,2024-12-22,E0,Everton,Chelsea,D,0.276382,0.264117,0.459501,1.0555,1.442
2425,2024-12-22,E0,Fulham,Southampton,D,0.579698,0.224905,0.195397,1.8556,0.977
2425,2024-12-22,E0,Leicester,Wolves,A,0.518712,0.242621,0.238667,1.6749,1.0546
2425,2024-12-22,E0,Man United,Bournemouth,A,0.587801,0.216483,0.195716,1.9581,1.0374
2425,2024-12-22,E0,Tottenham,Liverpool,A,0.293397,0.218993,0.48761,1.4822,1.9556
2425,2024-12-26,E0,Bournemouth,Crystal Palace,D,0.350302,0.258632,0.391066,1.2996,1.3879
2425,2024-12-26,E0,Chelsea,Fulham,A,0.538906,0.22564,0.235454,1.8713,1.1642
2425,2024-12-26,E0,Liverpool,Leicester,H,0.700809,0.169089,0.130102,2.479,0.9821
2425,2024-12-26,E0,Man City,Everton,D,0.805714,0.135883,0.058403,2.5121,0.53
2425,2024-12-26,E0,Newcastle,Aston Villa,H,0.503422,0.218016,0.278562,1.977,1.4297
2425,2024-12-26,E0,Nott'm Forest,Tottenham,H,0.273467,0.221502,0.505031,1.3716,1.9274
2425,2024-12-26,E0,Southampton,West Ham,A,0.325312,0.243298,0.43139,1.3567,1.5968
2425,2024-12-26,E0,Wolves,Man United,H,0.295156,0.265326,0.439518,1.1053,1.4102
2425,2024-12-27,E0,Arsenal,Ipswich,H,0.74066,0.159728,0.099613,2.4572,0.7863
2425,2024-12-27,E0,Brighton,Brentford,D,0.443738,0.248541,0.307721,1.5615,1.2595
2425,2024-12-29,E0,Crystal Palace,Southampton,H,0.579375,0.230213,0.190413,1.792,0.9194
2425,2024-12-29,E0,Everton,Nott'm Forest,A,0.428161,0.278241,0.293598,1.302,1.0272
2425,2024-12-29,E0,Fulham,Bournemouth,D,0.519683,0.235344,0.244973,1.7546,1.1311
2425,2024-12-29,E0,Leicester,Man City,A,0.136591,0.179324,0.684085,0.9461,2.3368
2425,2024-12-29,E0,Tottenham,Wolves,D,0.616682,0.205757,0.177562,2.0705,1.0157
2425,2024-12-29,E0,West Ham,Liverpool,A,0.196231,0.201942,0.601827,1.1602,2.1615
2425,2024-12-30,E0,Aston Villa,Brighton,D,0.492682,0.235308,0.27201,1.7464,1.2406
2425,2024-12-30,E0,Ipswich,Chelsea,H,0.327732,0.240954,0.431313,1.3848,1.621
2425,2024-12-30,E0,Man United,Newcastle,A,0.407526,0.235577,0.356897,1.6387,1.5208
2425,2025-01-01,E0,Brentford,Arsenal,A,0.199744,0.220202,0.580053,1.0314,1.916
2425,2025-01-04,E0,Aston Villa,Leicester,H,0.515751,0.222709,0.26154,1.9127,1.3078
2425,2025-01-04,E0,Bournemouth,Everton,H,0.418188,0.276613,0.305199,1.2993,1.0672
2425,2025-01-04,E0,Brighton,Arsenal,D,0.203786,0.225443,0.570771,1.0149,1.8566
2425,2025-01-04,E0,Crystal Palace,Chelsea,D,0.358282,0.251898,0.389819,1.3727,1.4424
2425,2025-01-04,E0,Man City,West Ham,H,0.826296,0.112335,0.061369,3.0369,0.7499
2425,2025-01-04,E0,Southampton,Brentford,A,0.288092,0.247848,0.46406,1.201,1.5909
2425,2025-01-04,E0,Tottenham,Newcastle,A,0.445361,0.215083,0.339556,1.9707,1.7062
2425,2025-01-05,E0,Fulham,Ipswich,D,0.464331,0.2477,0.28797,1.5926,1.2017
2425,2025-01-05,E0,Liverpool,Man United,D,0.629811,0.200402,0.169788,2.128,1.0095
2425,2025-01-06,E0,Wolves,Nott'm Forest,A,0.434608,0.265439,0.299953,1.4031,1.1185
2425,2025-01-14,E0,Brentford,Man City,D,0.143094,0.18983,0.667076,0.9122,2.2019
2425,2025-01-14,E0,Chelsea,Bournemouth,D,0.626731,0.197753,0.175515,2.1804,1.0677
2425,2025-01-14,E0,Nott'm Forest,Liverpool,D,0.154491,0.191662,0.653847,0.9775,2.2126
2425,2025-01-14,E0,West Ham,Fulham,H,0.418107,0.242684,0.339209,1.5821,1.4028
2425,2025-01-15,E0,Arsenal,Tottenham,H,0.663037,0.180894,0.156069,2.3909,1.0832
2425,2025-01-15,E0,Everton,Aston Villa,A,0.297178,0.268473,0.434349,1.0921,1.3795
2425,2025-01-15,E0,Leicester,Crystal Palace,A,0.43513,0.249757,0.315113,1.5385,1.2727
2425,2025-01-15,E0,Newcastle,Wolves,H,0.629987,0.203735,0.166278,2.0739,0.9624
2425,2025-01-16,E0,Ipswich,Brighton,A,0.393025,0.253899,0.353076,1.4312,1.3435
2425,2025-01-16,E0,Man United,Southampton,H,0.645258,0.201574,0.153168,2.0708,0.8961
2425,2025-01-18,E0,Arsenal,Aston Villa,D,0.668684,0.185883,0.145433,2.2691,0.9594
2425,2025-01-18,E0,Brentford,Liverpool,A,0.227656,0.222121,0.550223,1.1559,1.9133
2425,2025-01-18,E0,Leicester,Fulham,A,0.448994,0.241904,0.309102,1.6349,1.3178
2425,2025-01-18,E0,Newcastle,Bournemouth,A,0.652791,0.184256,0.162953,2.3587,1.1029
2425,2025-01-18,E0,West Ham,Crystal Palace,A,0.405171,0.249983,0.344846,1.4888,1.3548
2425,2025-01-19,E0,Everton,Tottenham,H,0.281212,0.251639,0.467149,1.1507,1.5574
2425,2025-01-19,E0,Ipswich,Man City,A,0.121419,0.176437,0.702144,0.849,2.313
2425,2025-01-19,E0,Man United,Brighton,A,0.484191,0.24465,0.271159,1.6395,1.1651
2425,2025-01-19,E0,Nott'm Forest,Southampton,H,0.491287,0.244785,0.263928,1.6425,1.1376
2425,2025-01-20,E0,Chelsea,Wolves,H,0.604382,0.217855,0.177763,1.9171,0.9317
2425,2025-01-25,E0,Bournemouth,Nott'm Forest,H,0.45241,0.244907,0.302683,1.6079,1.2721
2425,2025-01-25,E0,Brighton,Everton,A,0.503415,0.26595,0.230635,1.4591,0.8935
2425,2025-01-25,E0,Liverpool,Ipswich,H,0.718899,0.165772,0.115329,2.4538,0.8813
2425,2025-01-25,E0,Man City,Chelsea,H,0.728478,0.160477,0.111045,2.5203,0.887
2425,2025-01-25,E0,Southampton,Newcastle,A,0.211709,0.211569,0.576722,1.1631,2.0432
2425,2025-01-25,E0,Wolves,Arsenal,A,0.143561,0.209596,0.646843,0.7885,1.9496
2425,2025-01-26,E0,Aston Villa,West Ham,D,0.552064,0.213502,0.234434,2.036,1.2655
2425,2025-01-26,E0,Crystal Palace,Brentford,A,0.428955,0.257049,0.313996,1.4641,1.2149
2425,2025-01-26,E0,Fulham,Man United,A,0.373518,0.255087,0.371395,1.3811,1.3765
2425,2025-01-26,E0,Tottenham,Leicester,A,0.553223,0.205835,0.240943,2.1594,1.378
2425,2025-02-01,E0,Bournemouth,Liverpool,A,0.161095,0.192903,0.646002,1.0128,2.2143
2425,2025-02-01,E0,Everton,Leicester,H,0.347947,0.272841,0.379212,1.1948,1.2599
2425,2025-02-01,E0,Ipswich,Southampton,A,0.555232,0.230233,0.214536,1.8078,1.0333
2425,2025-02-01,E0,Newcastle,Fulham,A,0.56371,0.213678,0.222612,2.0244,1.2027
2425,2025-02-01,E0,Nott'm Forest,Brighton,H,0.333014,0.252776,0.41421,1.3004,1.479
2425,2025-02-01,E0,Wolves,Aston Villa,H,0.297418,0.25541,0.447172,1.1769,1.5021
2425,2025-02-02,E0,Arsenal,Man City,H,0.353387,0.253854,0.392758,1.3446,1.4311
2425,2025-02-02,E0,Brentford,Tottenham,A,0.375228,0.230674,0.394098,1.622,1.6667
2425,2025-02-02,E0,Man United,Crystal Palace,A,0.486684,0.250706,0.262611,1.5815,1.0925
2425,2025-02-03,E0,Chelsea,West Ham,H,0.58091,0.205893,0.213198,2.1284,1.2231
2425,2025-02-12,E0,Everton,Liverpool,D,0.16812,0.228437,0.603443,0.8201,1.7879
2425,2025-02-14,E0,Brighton,Chelsea,H,0.370603,0.244916,0.384481,1.4639,1.4953
2425,2025-02-15,E0,Aston Villa,Ipswich,D,0.541681,0.223902,0.234417,1.8932,1.1735
2425,2025-02-15,E0,Crystal Palace,Everton,A,0.486697,0.277015,0.236288,1.3682,0.8619
2425,2025-02-15,E0,Fulham,Nott'm Forest,H,0.52861,0.235487,0.235902,1.7533,1.0918
2425,2025-02-15,E0,Leicester,Arsenal,A,0.193265,0.210504,0.596231,1.0698,2.0334
2425,2025-02-15,E0,Man City,Newcastle,H,0.726037,0.157854,0.11611,2.6036,0.9596
2425,2025-02-15,E0,Southampton,Bournemouth,A,0.372247,0.253704,0.374049,1.3899,1.3938
2425,2025-02-15,E0,West Ham,Brentford,A,0.407218,0.23977,0.353012,1.5928,1.4684
2425,2025-02-16,E0,Liverpool,Wolves,H,0.741866,0.162913,0.095221,2.377,0.7239
2425,2025-02-16,E0,Tottenham,Man United,H,0.478887,0.225912,0.295201,1.8537,1.4164
2425,2025-02-19,E0,Aston Villa,Liverpool,D,0.271388,0.226722,0.50189,1.3128,1.8559
2425,2025-02-21,E0,Leicester,Brentford,A,0.438466,0.239576,0.321958,1.6461,1.3794
2425,2025-02-22,E0,Arsenal,West Ham,A,0.755746,0.148086,0.096168,2.6426,0.8479
2425,2025-02-22,E0,Aston Villa,Chelsea,H,0.424342,0.233739,0.341919,1.6897,1.4969
2425,2025-02-22,E0,Bournemouth,Wolves,A,0.430565,0.263274,0.306161,1.4148,1.1501
2425,2025-02-22,E0,Everton,Man United,D,0.294438,0.278969,0.426592,1.0256,1.295
2425,2025-02-22,E0,Fulham,Crystal Palace,A,0.422008,0.26148,0.316512,1.4171,1.1911
2425,2025-02-22,E0,Ipswich,Tottenham,A,0.333972,0.230148,0.43588,1.5097,1.7507
2425,2025-02-22,E0,Southampton,Brighton,A,0.283141,0.250702,0.466157,1.1637,1.5653
2425,2025-02-23,E0,Man City,Liverpool,A,0.573136,0.21763,0.209235,1.9582,1.0998
2425,2025-02-23,E0,Newcastle,Nott'm Forest,H,0.661027,0.182885,0.156088,2.357,1.0646
2425,2025-02-25,E0,Brighton,Bournemouth,H,0.538394,0.23079,0.230817,1.8071,1.1035
2425,2025-02-25,E0,Chelsea,Southampton,H,0.684003,0.180875,0.135122,2.3059,0.9222
2425,2025-02-25,E0,Crystal Palace,Aston Villa,H,0.382769,0.252792,0.364439,1.4202,1.3798
2425,2025-02-25,E0,Wolves,Fulham,A,0.349996,0.271963,0.378041,1.2051,1.2636
2425,2025-02-26,E0,Brentford,Everton,D,0.50255,0.262919,0.234532,1.4829,0.9221
2425,2025-02-26,E0,Liverpool,Newcastle,H,0.609374,0.195451,0.195175,2.2624,1.216
2425,2025-02-26,E0,Man United,Ipswich,H,0.531806,0.233386,0.234808,1.7773,1.1021
2425,2025-02-26,E0,Nott'm Forest,Arsenal,D,0.134261,0.186659,0.679081,0.8722,2.2158
2425,2025-02-26,E0,Tottenham,Man City,A,0.18751,0.195102,0.617387,1.1696,2.2505
2425,2025-02-27,E0,West Ham,Leicester,H,0.419172,0.232917,0.347911,1.6904,1.5231
2425,2025-03-08,E0,Brentford,Aston Villa,A,0.392744,0.242198,0.365058,1.5393,1.4762
2425,2025-03-08,E0,Brighton,Fulham,H,0.453586,0.250872,0.295542,1.5509,1.2033
2425,2025-03-08,E0,Crystal Palace,Ipswich,H,0.466802,0.253712,0.279486,1.538,1.1308
2425,2025-03-08,E0,Liverpool,Southampton,H,0.811775,0.1224,0.065825,2.859,0.7165
2425,2025-03-08,E0,Nott'm Forest,Man City,H,0.091168,0.151035,0.757797,0.7714,2.5464
2425,2025-03-08,E0,Wolves,Everton,D,0.40031,0.300068,0.299622,1.1337,0.9383
2425,2025-03-09,E0,Chelsea,Leicester,H,0.544533,0.216228,0.239239,1.9994,1.264
2425,2025-03-09,E0,Man United,Arsenal,D,0.23892,0.236177,0.524902,1.0997,1.7454
2425,2025-03-09,E0,Tottenham,Bournemouth,D,0.638563,0.186756,0.174681,2.3549,1.164
2425,2025-03-10,E0,West Ham,Newcastle,A,0.318136,0.222189,0.459675,1.5426,1.8859
2425,2025-03-15,E0,Bournemouth,Brentford,A,0.35076,0.247616,0.401624,1.3904,1.5043
2425,2025-03-15,E0,Everton,West Ham,D,0.377302,0.270554,0.352144,1.2718,1.2191
2425,2025-03-15,E0,Ipswich,Nott'm Forest,A,0.503207,0.239124,0.257669,1.7081,1.1547
2425,2025-03-15,E0,Man City,Brighton,D,0.774237,0.143627,0.082136,2.6049,0.7352
2425,2025-03-15,E0,Southampton,Wolves,A,0.364342,0.274096,0.361562,1.222,1.2163
2425,2025-03-16,E0,Arsenal,Chelsea,H,0.644174,0.19439,0.161436,2.1931,1.003
2425,2025-03-16,E0,Fulham,Tottenham,H,0.360533,0.233767,0.405701,1.5496,1.6554
2425,2025-03-16,E0,Leicester,Man United,A,0.384157,0.244403,0.37144,1.4995,1.4707
2425,2025-04-01,E0,Arsenal,Fulham,H,0.713675,0.173098,0.113227,2.3234,0.8071
2425,2025-04-01,E0,Nott'm Forest,Man United,H,0.291413,0.246464,0.462124,1.2225,1.6026
2425,2025-04-01,E0,Wolves,West Ham,H,0.380799,0.25826,0.360941,1.3706,1.3275
2425,2025-04-02,E0,Bournemouth,Ipswich,A,0.388752,0.249624,0.361625,1.4605,1.4001
2425,2025-04-02,E0,Brighton,Aston Villa,A,0.395979,0.245384,0.358637,1.5146,1.4304
2425,2025-04-02,E0,Liverpool,Everton,H,0.721109,0.178522,0.100369,2.1829,0.6717
2425,2025-04-02,E0,Man City,Leicester,H,0.799553,0.127023,0.073424,2.8529,0.775
2425,2025-04-02,E0,Newcastle,Brentford,H,0.553999,0.213277,0.232724,2.0382,1.2589
2425,2025-04-02,E0,Southampton,Crystal Palace,D,0.289467,0.259855,0.450678,1.1225,1.4678
2425,2025-04-03,E0,Chelsea,Tottenham,H,0.46437,0.219734,0.315897,1.9256,1.5625
2425,2025-04-05,E0,Aston Villa,Nott'm Forest,H,0.607665,0.205979,0.186357,2.0843,1.0662
2425,2025-04-05,E0,Crystal Palace,Brighton,H,0.421484,0.261184,0.317333,1.4187,1.1954
2425,2025-04-05,E0,Everton,Arsenal,D,0.147788,0.225407,0.626806,0.7317,1.7904
2425,2025-04-05,E0,Ipswich,Wolves,A,0.478182,0.258745,0.263073,1.503,1.0439
2425,2025-04-05,E0,West Ham,Bournemouth,D,0.504859,0.227772,0.267369,1.8434,1.2865
2425,2025-04-06,E0,Brentford,Chelsea,D,0.367113,0.241526,0.391361,1.4878,1.5432
2425,2025-04-06,E0,Fulham,Liverpool,H,0.217967,0.222689,0.559344,1.1044,1.9004
2425,2025-04-06,E0,Man United,Man City,D,0.17608,0.210431,0.613489,0.9725,2.0059
2425,2025-04-06,E0,Tottenham,Southampton,H,0.697626,0.169329,0.133045,2.4904,1.0054
2425,2025-04-07,E0,Leicester,Newcastle,A,0.349561,0.226866,0.423574,1.5942,1.7716
2425,2025-04-12,E0,Arsenal,Brentford,D,0.707719,0.173808,0.118473,2.3393,0.8448
2425,2025-04-12,E0,Brighton,Leicester,D,0.456839,0.240671,0.30249,1.6571,1.3064
2425,2025-04-12,E0,Man City,Crystal Palace,H,0.770744,0.148239,0.081017,2.5127,0.6893
2425,2025-04-12,E0,Nott'm Forest,Everton,A,0.405774,0.280663,0.313563,1.2541,1.0664
2425,2025-04-12,E0,Southampton,Aston Villa,A,0.245049,0.230945,0.524006,1.1649,1.8068
2425,2025-04-13,E0,Chelsea,Ipswich,D,0.569651,0.216392,0.213957,1.9791,1.1342
2425,2025-04-13,E0,Liverpool,West Ham,H,0.733517,0.154552,0.111931,2.6389,0.9503
2425,2025-04-13,E0,Newcastle,Man United,H,0.495616,0.226465,0.277919,1.8567,1.3422
2425,2025-04-13,E0,Wolves,Tottenham,H,0.280046,0.239114,0.48084,1.24,1.6959
2425,2025-04-14,E0,Bournemouth,Fulham,H,0.361407,0.251801,0.386792,1.381,1.4371
2425,2025-04-16,E0,Newcastle,Crystal Palace,H,0.547102,0.222852,0.230045,1.905,1.1614
2425,2025-04-19,E0,Aston Villa,Newcastle,H,0.412666,0.22734,0.359994,1.7455,1.6193
2425,2025-04-19,E0,Brentford,Brighton,H,0.43355,0.249613,0.316836,1.5377,1.279
2425,2025-04-19,E0,Crystal Palace,Bournemouth,D,0.52108,0.2408,0.238119,1.6944,1.0644
2425,2025-04-19,E0,Everton,Man City,A,0.105489,0.190407,0.704103,0.6471,2.0576
2425,2025-04-19,E0,West Ham,Southampton,D,0.568556,0.218557,0.212887,1.9495,1.1112
2425,2025-04-20,E0,Fulham,Chelsea,A,0.352966,0.244776,0.402258,1.4214,1.5327
2425,2025-04-20,E0,Ipswich,Arsenal,A,0.172665,0.209414,0.617921,0.96,2.0127
2425,2025-04-20,E0,Leicester,Liverpool,A,0.221005,0.213144,0.565851,1.199,2.0305
2425,2025-04-20,E0,Man United,Wolves,A,0.566467,0.237327,0.196206,1.7217,0.9053
2425,2025-04-21,E0,Tottenham,Nott'm Forest,A,0.6472,0.185468,0.167332,2.3532,1.1235
2425,2025-04-22,E0,Man City,Aston Villa,H,0.750394,0.150946,0.09866,2.6077,0.8485
2425,2025-04-23,E0,Arsenal,Crystal Palace,D,0.695717,0.184636,0.119647,2.1865,0.7794
2425,2025-04-26,E0,Brighton,West Ham,H,0.491532,0.233751,0.274718,1.764,1.2642
2425,2025-04-26,E0,Chelsea,Everton,H,0.585853,0.232486,0.181662,1.7606,0.8645
2425,2025-04-26,E0,Newcastle,Ipswich,H,0.595068,0.203857,0.201076,2.1409,1.1717
2425,2025-04-26,E0,Southampton,Fulham,A,0.298355,0.253555,0.44809,1.1928,1.5199
2425,2025-04-26,E0,Wolves,Leicester,H,0.350327,0.260235,0.389439,1.2876,1.3719
2425,2025-04-27,E0,Bournemouth,Man United,D,0.302043,0.245333,0.452625,1.2666,1.6038
2425,2025-04-27,E0,Liverpool,Tottenham,H,0.633666,0.185913,0.180421,2.3875,1.214
2425,2025-05-01,E0,Nott'm Forest,Brentford,A,0.338946,0.24962,0.411435,1.342,1.5032
2425,2025-05-02,E0,Man City,Wolves,H,0.825625,0.120571,0.053803,2.7355,0.5712
2425,2025-05-03,E0,Arsenal,Bournemouth,A,0.787458,0.135679,0.076863,2.7072,0.7402
2425,2025-05-03,E0,Aston Villa,Fulham,H,0.511069,0.232196,0.256735,1.7901,1.2046
2425,2025-05-03,E0,Everton,Ipswich,D,0.371502,0.282659,0.345838,1.1826,1.1305
2425,2025-05-03,E0,Leicester,Southampton,H,0.59836,0.211543,0.190098,2.0146,1.0439
2425,2025-05-04,E0,Brentford,Man United,H,0.387943,0.251099,0.360959,1.4457,1.3859
2425,2025-05-04,E0,Brighton,Newcastle,D,0.358828,0.236917,0.404255,1.5123,1.6176
2425,2025-05-04,E0,Chelsea,Liverpool,H,0.294977,0.230333,0.47469,1.3724,1.7938
2425,2025-05-04,E0,West Ham,Tottenham,D,0.33756,0.22073,0.44171,1.628,1.8828
2425,2025-05-05,E0,Crystal Palace,Nott'm Forest,D,0.52965,0.240965,0.229385,1.6932,1.0274
2425,2025-05-10,E0,Bournemouth,Aston Villa,A,0.303779,0.236331,0.45989,1.3487,1.7084
2425,2025-05-10,E0,Fulham,Everton,A,0.486459,0.270244,0.243297,1.4167,0.9159
2425,2025-05-10,E0,Ipswich,Brentford,A,0.400034,0.25023,0.349736,1.4771,1.3654
2425,2025-05-10,E0,Southampton,Man City,D,0.070836,0.133038,0.796126,0.6903,2.6949
2425,2025-05-10,E0,Wolves,Brighton,A,0.33447,0.270904,0.394626,1.1756,1.3014
2425,2025-05-11,E0,Liverpool,Arsenal,D,0.403986,0.246611,0.349403,1.5182,1.3957
2425,2025-05-11,E0,Man United,West Ham,A,0.542311,0.222525,0.235165,1.9114,1.1885
2425,2025-05-11,E0,Newcastle,Chelsea,H,0.475166,0.221495,0.303339,1.9108,1.4945
2425,2025-05-11,E0,Nott'm Forest,Leicester,D,0.348663,0.243215,0.408122,1.4242,1.5591
2425,2025-05-11,E0,Tottenham,Crystal Palace,A,0.531724,0.223448,0.244829,1.9019,1.2257
2425,2025-05-16,E0,Aston Villa,Tottenham,H,0.43493,0.222935,0.342135,1.8421,1.6167
2425,2025-05-16,E0,Chelsea,Man United,H,0.472534,0.236705,0.290761,1.7163,1.2993
2425,2025-05-18,E0,Arsenal,Newcastle,H,0.639332,0.191191,0.169477,2.2655,1.085
2425,2025-05-18,E0,Brentford,Fulham,A,0.451294,0.247963,0.300743,1.5762,1.2418
2425,2025-05-18,E0,Everton,Southampton,H,0.475072,0.274423,0.250506,1.3779,0.9192
2425,2025-05-18,E0,Leicester,Ipswich,H,0.478935,0.236041,0.285024,1.7291,1.2839
2425,2025-05-18,E0,West Ham,Nott'm Forest,A,0.51457,0.228052,0.257378,1.842,1.2418
2425,2025-05-19,E0,Brighton,Liverpool,H,0.23187,0.226941,0.541189,1.1374,1.854
2425,2025-05-20,E0,Crystal Palace,Wolves,H,0.502696,0.262082,0.235222,1.4898,0.9288
2425,2025-05-20,E0,Man City,Bournemouth,H,0.85127,0.100542,0.048188,3.1112,0.6546
2425,2025-05-25,E0,Bournemouth,Leicester,H,0.360877,0.241173,0.39795,1.4755,1.5603
2425,2025-05-25,E0,Fulham,Man City,A,0.136805,0.189331,0.673863,0.8715,2.187
2425,2025-05-25,E0,Ipswich,West Ham,A,0.445771,0.238402,0.315827,1.6686,1.3704
2425,2025-05-25,E0,Liverpool,Crystal Palace,D,0.672678,0.189777,0.137545,2.1834,0.8735
2425,2025-05-25,E0,Man United,Aston Villa,H,0.444696,0.240803,0.3145,1.6412,1.3448
2425,2025-05-25,E0,Newcastle,Everton,A,0.611134,0.218039,0.170826,1.9046,0.8931
2425,2025-05-25,E0,Nott'm Forest,Chelsea,A,0.270049,0.232282,0.497669,1.2582,1.7846
2425,2025-05-25,E0,Southampton,Arsenal,A,0.106983,0.169506,0.72351,0.7805,2.345
2425,2025-05-25,E0,Tottenham,Brighton,A,0.528897,0.218481,0.252622,1.9717,1.3072
2425,2025-05-25,E0,Wolves,Brentford,D,0.340433,0.267359,0.392207,1.2133,1.3226
2526,2025-08-15,E0,Liverpool,Bournemouth,H,0.655926,0.189766,0.154308,2.2484,0.997
2526,2025-08-16,E0,Aston Villa,Newcastle,D,0.371058,0.23733,0.391612,1.5461,1.5938
2526,2025-08-16,E0,Brighton,Fulham,D,0.454936,0.2388,0.306264,1.6821,1.3413
2526,2025-08-16,E0,Sunderland,West Ham,H,0.419054,0.248209,0.332737,1.5355,1.3426
2526,2025-08-16,E0,Tottenham,Burnley,H,0.645419,0.189522,0.165059,2.2867,1.0749
2526,2025-08-16,E0,Wolves,Man City,A,0.139297,0.18759,0.673113,0.9069,2.2287
2526,2025-08-17,E0,Chelsea,Crystal Palace,D,0.501789,0.246584,0.251627,1.6359,1.0844
2526,2025-08-17,E0,Man United,Arsenal,A,0.195946,0.237449,0.566605,0.9081,1.7265
2526,2025-08-17,E0,Nott'm Forest,Brentford,H,0.384562,0.246111,0.369327,1.4905,1.4561
2526,2025-08-18,E0,Leeds,Everton,H,0.314309,0.27049,0.415201,1.1321,1.3433
2526,2025-08-22,E0,West Ham,Chelsea,A,0.268603,0.238459,0.492938,1.208,1.7175
2526,2025-08-23,E0,Arsenal,Leeds,H,0.800363,0.128122,0.071515,2.8138,0.7449
2526,2025-08-23,E0,Bournemouth,Wolves,H,0.495187,0.24373,0.261083,1.6619,1.1399
2526,2025-08-23,E0,Brentford,Aston Villa,H,0.39701,0.24046,0.362529,1.5723,1.4931
2526,2025-08-23,E0,Burnley,Sunderland,H,0.300643,0.257243,0.442114,1.1795,1.486
2526,2025-08-23,E0,Man City,Tottenham,A,0.691266,0.167539,0.141195,2.5763,1.1007
2526,2025-08-24,E0,Crystal Palace,Nott'm Forest,D,0.422803,0.260818,0.316379,1.4295,1.2007
2526,2025-08-24,E0,Everton,Brighton,H,0.340676,0.27508,0.384244,1.1692,1.2595
2526,2025-08-24,E0,Fulham,Man United,D,0.410442,0.260729,0.328829,1.411,1.2353
2526,2025-08-25,E0,Newcastle,Liverpool,A,0.314214,0.22558,0.460206,1.4976,1.8478
2526,2025-08-30,E0,Chelsea,Fulham,H,0.52063,0.237291,0.24208,1.7393,1.1104
2526,2025-08-30,E0,Leeds,Newcastle,D,0.190051,0.191844,0.618105,1.225,2.3188
2526,2025-08-30,E0,Man United,Burnley,H,0.575908,0.233704,0.190388,1.7614,0.9037
2526,2025-08-30,E0,Sunderland,Brentford,H,0.332004,0.242449,0.425547,1.3903,1.6032
2526,2025-08-30,E0,Tottenham,Bournemouth,A,0.456369,0.228421,0.31521,1.8066,1.4712
2526,2025-08-30,E0,Wolves,Everton,A,0.361226,0.289089,0.349685,1.1305,1.1074
2526,2025-08-31,E0,Aston Villa,Crystal Palace,A,0.463002,0.250487,0.286511,1.5706,1.182
2526,2025-08-31,E0,Brighton,Man City,H,0.207604,0.210629,0.581767,1.1546,2.059
2526,2025-08-31,E0,Liverpool,Arsenal,H,0.39187,0.250258,0.357872,1.4673,1.3916
2526,2025-08-31,E0,Nott'm Forest,West Ham,A,0.47317,0.243826,0.283004,1.6462,1.2194
2526,2025-09-13,E0,Arsenal,Nott'm Forest,H,0.658359,0.201325,0.140316,2.0467,0.8213
2526,2025-09-13,E0,Bournemouth,Brighton,H,0.39656,0.244025,0.359415,1.5355,1.4511
2526,2025-09-13,E0,Brentford,Chelsea,D,0.353556,0.243334,0.403111,1.4424,1.5551
2526,2025-09-13,E0,Crystal Palace,Sunderland,D,0.47803,0.251524,0.270446,1.5738,1.12
2526,2025-09-13,E0,Everton,Aston Villa,D,0.310719,0.282308,0.406973,1.055,1.2504
2526,2025-09-13,E0,Fulham,Leeds,H,0.571116,0.214514,0.21437,2.0124,1.1579
2526,2025-09-13,E0,Newcastle,Wolves,H,0.626674,0.197967,0.175359,2.1846,1.0705
2526,2025-09-13,E0,West Ham,Tottenham,A,0.343338,0.225463,0.431199,1.5977,1.8096
2526,2025-09-14,E0,Burnley,Liverpool,A,0.104357,0.160124,0.735519,0.8324,2.4905
2526,2025-09-14,E0,Man City,Man United,H,0.675245,0.190686,0.134069,2.166,0.8479
2526,2025-09-20,E0,Brighton,Tottenham,D,0.440934,0.218528,0.340539,1.9202,1.672
2526,2025-09-20,E0,Burnley,Nott'm Forest,D,0.255148,0.250605,0.494247,1.0713,1.593
2526,2025-09-20,E0,Fulham,Brentford,H,0.386133,0.245244,0.368623,1.5021,1.4625
2526,2025-09-20,E0,Liverpool,Everton,H,0.654358,0.208655,0.136987,1.9514,0.7592
2526,2025-09-20,E0,Man United,Chelsea,H,0.315155,0.257818,0.427027,1.2183,1.4608
2526,2025-09-20,E0,West Ham,Crystal Palace,A,0.348462,0.256617,0.394921,1.3163,1.4177
2526,2025-09-20,E0,Wolves,Leeds,A,0.492164,0.230673,0.277163,1.8085,1.3066
2526,2025-09-21,E0,Arsenal,Man City,D,0.402845,0.259159,0.337996,1.411,1.2706
2526,2025-09-21,E0,Bournemouth,Newcastle,D,0.313623,0.239061,0.447317,1.3635,1.6701
2526,2025-09-21,E0,Sunderland,Aston Villa,D,0.305403,0.245729,0.448868,1.2802,1.6019
2526,2025-09-27,E0,Brentford,Man United,H,0.453352,0.246047,0.300601,1.604,1.2621
2526,2025-09-27,E0,Chelsea,Brighton,A,0.501294,0.23062,0.268086,1.8134,1.2705
2526,2025-09-27,E0,Crystal Palace,Liverpool,H,0.222294,0.22532,0.552386,1.1107,1.8772
2526,2025-09-27,E0,Leeds,Bournemouth,D,0.283807,0.233841,0.482353,1.3044,1.7641
2526,2025-09-27,E0,Man City,Burnley,H,0.820204,0.120623,0.059173,2.8162,0.6463
2526,2025-09-27,E0,Nott'm Forest,Sunderland,A,0.469273,0.248145,0.282582,1.5992,1.1856
2526,2025-09-27,E0,Tottenham,Wolves,D,0.546553,0.21215,0.241297,2.068,1.3199
2526,2025-09-28,E0,Aston Villa,Fulham,H,0.480982,0.242141,0.276877,1.6699,1.2104
2526,2025-09-28,E0,Newcastle,Arsenal,A,0.286087,0.241898,0.472015,1.2454,1.6655
2526,2025-09-29,E0,Everton,West Ham,D,0.41281,0.281321,0.305869,1.2654,1.0479
2526,2025-10-03,E0,Bournemouth,Fulham,H,0.41917,0.255078,0.325752,1.4727,1.2683
2526,2025-10-04,E0,Arsenal,West Ham,H,0.717238,0.172752,0.110011,2.3196,0.788
2526,2025-10-04,E0,Chelsea,Liverpool,H,0.300339,0.236029,0.463632,1.3455,1.7226
2526,2025-10-04,E0,Leeds,Tottenham,A,0.262868,0.204947,0.532185,1.5104,2.1951
2526,2025-10-04,E0,Man United,Sunderland,H,0.46607,0.253288,0.280643,1.5473,1.1429
2526,2025-10-05,E0,Aston Villa,Burnley,H,0.650087,0.200395,0.149518,2.0838,0.8859
2526,2025-10-05,E0,Brentford,Man City,A,0.211363,0.213894,0.574743,1.1471,2.0178
2526,2025-10-05,E0,Everton,Crystal Palace,H,0.345931,0.297785,0.356285,1.0547,1.075
2526,2025-10-05,E0,Newcastle,Nott'm Forest,H,0.547106,0.221726,0.231169,1.9274,1.1819
2526,2025-10-05,E0,Wolves,Brighton,D,0.318554,0.239275,0.44217,1.3775,1.6611
2526,2025-10-18,E0,Brighton,Newcastle,H,0.341876,0.228647,0.429477,1.5573,1.7662
2526,2025-10-18,E0,Burnley,Leeds,H,0.382482,0.247521,0.369998,1.4729,1.4448
2526,2025-10-18,E0,Crystal Palace,Bournemouth,D,0.416618,0.261396,0.321986,1.4154,1.2122
2526,2025-10-18,E0,Fulham,Arsenal,A,0.195311,0.230537,0.574152,0.9458,1.7989
2526,2025-10-18,E0,Man City,Everton,H,0.671989,0.206825,0.121186,1.931,0.6736
2526,2025-10-18,E0,Nott'm Forest,Chelsea,A,0.31557,0.252441,0.43199,1.2591,1.5155
2526,2025-10-18,E0,Sunderland,Wolves,H,0.435221,0.250752,0.314027,1.5356,1.2675
2526,2025-10-19,E0,Liverpool,Man United,A,0.654162,0.193376,0.152462,2.1889,0.9556
2526,2025-10-19,E0,Tottenham,Aston Villa,A,0.398022,0.227182,0.374796,1.724,1.6682
2526,2025-10-20,E0,West Ham,Brentford,A,0.332973,0.23846,0.428566,1.4299,1.6503
2526,2025-10-24,E0,Leeds,West Ham,H,0.343137,0.235112,0.421751,1.493,1.6764
2526,2025-10-25,E0,Brentford,Liverpool,H,0.239587,0.214017,0.546396,1.2928,2.0391
2526,2025-10-25,E0,Chelsea,Sunderland,A,0.578564,0.221554,0.199882,1.9066,1.0278
2526,2025-10-25,E0,Man United,Brighton,H,0.388653,0.249064,0.362284,1.4717,1.4127
2526,2025-10-25,E0,Newcastle,Fulham,H,0.546862,0.22112,0.232018,1.9359,1.1911
2526,2025-10-26,E0,Arsenal,Crystal Palace,H,0.63819,0.212671,0.149139,1.9334,0.8083
2526,2025-10-26,E0,Aston Villa,Man City,H,0.233016,0.227209,0.539775,1.1462,1.858
2526,2025-10-26,E0,Bournemouth,Nott'm Forest,H,0.419656,0.255898,0.324447,1.4663,1.2586
2526,2025-10-26,E0,Everton,Tottenham,A,0.348018,0.261247,0.390735,1.2801,1.3721
2526,2025-10-26,E0,Wolves,Burnley,A,0.510116,0.245601,0.244283,1.6487,1.0626
2526,2025-11-01,E0,Brighton,Leeds,H,0.618871,0.19259,0.188538,2.3024,1.2071
2526,2025-11-01,E0,Burnley,Arsenal,A,0.099175,0.174,0.726825,0.6923,2.2448
2526,2025-11-01,E0,Crystal Palace,Brentford,H,0.395077,0.250999,0.353924,1.4669,1.3755
2526,2025-11-01,E0,Fulham,Wolves,H,0.4907,0.243775,0.265525,1.659,1.1562
2526,2025-11-01,E0,Liverpool,Aston Villa,H,0.605144,0.202967,0.191889,2.1456,1.1305
2526,2025-11-01,E0,Nott'm Forest,Man United,D,0.408767,0.261736,0.329497,1.4001,1.2299
2526,2025-11-01,E0,Tottenham,Chelsea,A,0.3526,0.229369,0.418032,1.5817,1.7375
2526,2025-11-02,E0,Man City,Bournemouth,H,0.677631,0.186877,0.135492,2.2249,0.8846
2526,2025-11-02,E0,West Ham,Newcastle,H,0.258752,0.223331,0.517917,1.2957,1.9116
2526,2025-11-03,E0,Sunderland,Everton,D,0.377827,0.28858,0.333594,1.1643,1.0757
2526,2025-11-08,E0,Chelsea,Wolves,H,0.597954,0.215697,0.186349,1.9627,0.9979
2526,2025-11-08,E0,Everton,Fulham,H,0.360008,0.290311,0.349681,1.1214,1.1008
2526,2025-11-08,E0,Sunderland,Arsenal,D,0.159205,0.211142,0.629652,0.8755,1.9719
2526,2025-11-08,E0,Tottenham,Man United,D,0.458246,0.232464,0.30929,1.7588,1.4101
2526,2025-11-08,E0,West Ham,Burnley,H,0.533636,0.236652,0.229712,1.7464,1.0625
2526,2025-11-09,E0,Aston Villa,Bournemouth,H,0.474772,0.243939,0.281289,1.6463,1.2125
2526,2025-11-09,E0,Brentford,Newcastle,H,0.345902,0.230702,0.423396,1.5472,1.7308
2526,2025-11-09,E0,Crystal Palace,Brighton,D,0.400709,0.248899,0.350392,1.4969,1.3845
2526,2025-11-09,E0,Man City,Liverpool,H,0.463819,0.234046,0.302135,1.7458,1.3699
2526,2025-11-09,E0,Nott'm Forest,Leeds,H,0.568937,0.215718,0.215345,1.9968,1.1528
2526,2025-11-22,E0,Bournemouth,West Ham,D,0.479693,0.242817,0.27749,1.6619,1.2074
2526,2025-11-22,E0,Brighton,Brentford,H,0.42511,0.23197,0.342919,1.7186,1.5248
2526,2025-11-22,E0,Burnley,Chelsea,A,0.178963,0.220097,0.600939,0.9287,1.8993
2526,2025-11-22,E0,Fulham,Sunderland,H,0.471172,0.247056,0.281772,1.6116,1.1908
2526,2025-11-22,E0,Liverpool,Nott'm Forest,A,0.6623,0.187418,0.150282,2.2708,0.9876
2526,2025-11-22,E0,Newcastle,Man City,H,0.279079,0.22907,0.491851,1.3288,1.8284
2526,2025-11-22,E0,Wolves,Crystal Palace,A,0.329473,0.259927,0.410601,1.2427,1.4178
2526,2025-11-23,E0,Arsenal,Tottenham,H,0.666282,0.18281,0.150907,2.3466,1.0317
2526,2025-11-23,E0,Leeds,Aston Villa,A,0.2347,0.216519,0.548781,1.2448,2.0003
2526,2025-11-24,E0,Man United,Everton,A,0.421032,0.292654,0.286314,1.2078,0.9418
2526,2025-11-29,E0,Brentford,Burnley,H,0.632163,0.203154,0.164683,2.0854,0.9621
2526,2025-11-29,E0,Everton,Newcastle,A,0.270216,0.264569,0.465215,1.0382,1.4495
2526,2025-11-29,E0,Man City,Leeds,H,0.823839,0.11229,0.063871,3.0891,0.7947
2526,2025-11-29,E0,Sunderland,Bournemouth,H,0.355868,0.255719,0.388413,1.3415,1.4128
2526,2025-11-29,E0,Tottenham,Fulham,A,0.462799,0.226955,0.310246,1.8326,1.4687
2526,2025-11-30,E0,Aston Villa,Wolves,H,0.559404,0.224441,0.216155,1.8845,1.0878
2526,2025-11-30,E0,Chelsea,Arsenal,D,0.273713,0.253364,0.472922,1.119,1.5526
2526,2025-11-30,E0,Crystal Palace,Man United,A,0.417864,0.266386,0.315749,1.3779,1.1618
2526,2025-11-30,E0,Nott'm Forest,Brighton,A,0.390117,0.244162,0.365721,1.5209,1.4656
2526,2025-11-30,E0,West Ham,Liverpool,A,0.170264,0.192684,0.637052,1.0827,2.2521
2526,2025-12-02,E0,Bournemouth,Everton,A,0.430061,0.285852,0.284088,1.2601,0.9675
2526,2025-12-02,E0,Fulham,Man City,A,0.187264,0.214834,0.597901,1.0091,1.9749
2526,2025-12-02,E0,Newcastle,Tottenham,D,0.540584,0.203893,0.255523,2.2099,1.4847
2526,2025-12-03,E0,Arsenal,Brentford,H,0.640193,0.200994,0.158813,2.1003,0.9409
2526,2025-12-03,E0,Brighton,Aston Villa,A,0.39337,0.238753,0.367877,1.5825,1.5236
2526,2025-12-03,E0,Burnley,Crystal Palace,A,0.244204,0.253712,0.502084,1.012,1.5678
2526,2025-12-03,E0,Leeds,Chelsea,H,0.201881,0.208372,0.589747,1.142,2.0834
2526,2025-12-03,E0,Liverpool,Sunderland,D,0.717491,0.164514,0.117995,2.5001,0.9212
2526,2025-12-03,E0,Wolves,Nott'm Forest,A,0.343834,0.255232,0.400934,1.3155,1.4406
2526,2025-12-04,E0,Man United,West Ham,D,0.470013,0.24886,0.281127,1.5928,1.1755
2526,2025-12-06,E0,Aston Villa,Arsenal,H,0.240513,0.241559,0.517928,1.0744,1.6924
2526,2025-12-06,E0,Bournemouth,Chelsea,D,0.321322,0.253066,0.425612,1.2711,1.5005
2526,2025-12-06,E0,Everton,Nott'm Forest,H,0.360412,0.291351,0.348238,1.1165,1.0923
2526,2025-12-06,E0,Leeds,Liverpool,D,0.115834,0.151896,0.732271,1.0235,2.7319
2526,2025-12-06,E0,Man City,Sunderland,H,0.736197,0.160629,0.103174,2.4739,0.8174
2526,2025-12-06,E0,Newcastle,Burnley,H,0.714444,0.168947,0.116609,2.4157,0.8718
2526,2025-12-06,E0,Tottenham,Brentford,H,0.43093,0.22077,0.3483,1.8723,1.6695
2526,2025-12-07,E0,Brighton,West Ham,D,0.519081,0.224338,0.25658,1.8981,1.2769
2526,2025-12-07,E0,Fulham,Crystal Palace,A,0.398532,0.26171,0.339758,1.3828,1.2564
2526,2025-12-08,E0,Wolves,Man United,A,0.340633,0.260409,0.398958,1.2681,1.3939
2526,2025-12-13,E0,Arsenal,Wolves,H,0.727514,0.170016,0.10247,2.3197,0.7439
2526,2025-12-13,E0,Burnley,Fulham,A,0.254347,0.249421,0.496232,1.076,1.6054
2526,2025-12-13,E0,Chelsea,Everton,H,0.522581,0.263768,0.213651,1.4882,0.847
2526,2025-12-13,E0,Liverpool,Brighton,H,0.648167,0.184505,0.167328,2.3778,1.1387
2526,2025-12-14,E0,Brentford,Leeds,D,0.621364,0.193037,0.185598,2.2876,1.183
2526,2025-12-14,E0,Crystal Palace,Man City,A,0.196767,0.225435,0.577798,0.9855,1.8575
2526,2025-12-14,E0,Nott'm Forest,Tottenham,H,0.398435,0.23219,0.369375,1.6653,1.5967
2526,2025-12-14,E0,Sunderland,Newcastle,H,0.258927,0.227422,0.513651,1.2598,1.857
2526,2025-12-14,E0,West Ham,Aston Villa,A,0.30607,0.241576,0.452353,1.3167,1.649
2526,2025-12-15,E0,Man United,Bournemouth,D,0.405013,0.262019,0.332969,1.3916,1.2369
2526,2025-12-20,E0,Bournemouth,Burnley,D,0.587332,0.226282,0.186386,1.8378,0.9283
2526,2025-12-20,E0,Brighton,Sunderland,D,0.514773,0.228465,0.256762,1.8439,1.2415
2526,2025-12-20,E0,Everton,Arsenal,A,0.174106,0.257145,0.568749,0.7215,1.5392
2526,2025-12-20,E0,Leeds,Crystal Palace,H,0.276906,0.23785,0.485244,1.2444,1.7198
2526,2025-12-20,E0,Man City,West Ham,H,0.742551,0.155871,0.101578,2.5466,0.8407
2526,2025-12-20,E0,Newcastle,Chelsea,D,0.4378,0.237841,0.324358,1.6708,1.4092
2526,2025-12-20,E0,Tottenham,Liverpool,A,0.232688,0.198786,0.568526,1.4176,2.2783
2526,2025-12-20,E0,Wolves,Brentford,A,0.313835,0.240668,0.445497,1.3499,1.6504
2526,2025-12-21,E0,Aston Villa,Man United,H,0.475525,0.248317,0.276158,1.6027,1.1621
2526,2025-12-22,E0,Fulham,Nott'm Forest,H,0.415105,0.255363,0.329532,1.4638,1.2766
2526,2025-12-26,E0,Man United,Newcastle,H,0.307712,0.243389,0.448899,1.3068,1.6259
2526,2025-12-27,E0,Arsenal,Brighton,H,0.647271,0.197225,0.155505,2.1432,0.947
2526,2025-12-27,E0,Brentford,Bournemouth,H,0.451985,0.241673,0.306342,1.6476,1.3168
2526,2025-12-27,E0,Burnley,Everton,D,0.277063,0.291936,0.431001,0.9207,1.2246
2526,2025-12-27,E0,Chelsea,Aston Villa,A,0.461429,0.243726,0.294845,1.6363,1.2613
2526,2025-12-27,E0,Liverpool,Wolves,H,0.735118,0.156898,0.107984,2.5737,0.8945
2526,2025-12-27,E0,Nott'm Forest,Man City,A,0.186638,0.215443,0.597919,1.0013,1.9664
2526,2025-12-27,E0,West Ham,Fulham,A,0.362887,0.250746,0.386367,1.3996,1.4518
2526,2025-12-28,E0,Crystal Palace,Tottenham,A,0.409824,0.236555,0.353621,1.639,1.5083
2526,2025-12-28,E0,Sunderland,Leeds,D,0.512817,0.226978,0.260205,1.8626,1.2692
2526,2025-12-30,E0,Arsenal,Aston Villa,H,0.605687,0.21697,0.177342,1.9339,0.9402
2526,2025-12-30,E0,Burnley,Newcastle,A,0.168434,0.201713,0.629853,0.9962,2.1139
2526,2025-12-30,E0,Chelsea,Bournemouth,D,0.51432,0.239427,0.246253,1.7147,1.1124
2526,2025-12-30,E0,Man United,Wolves,D,0.485195,0.250056,0.264749,1.5929,1.1097
2526,2025-12-30,E0,Nott'm Forest,Everton,A,0.424385,0.286598,0.289017,1.2482,0.9771
2526,2025-12-30,E0,West Ham,Brighton,D,0.337967,0.236979,0.425054,1.4592,1.661
2526,2026-01-01,E0,Brentford,Tottenham,D,0.444865,0.219795,0.33534,1.9078,1.6385
2526,2026-01-01,E0,Crystal Palace,Fulham,D,0.422367,0.259984,0.317649,1.4357,1.2101
2526,2026-01-01,E0,Liverpool,Leeds,D,0.809283,0.116909,0.073808,3.1218,0.8957
2526,2026-01-01,E0,Sunderland,Man City,D,0.150733,0.194685,0.654581,0.934,2.1649
2526,2026-01-03,E0,Aston Villa,Nott'm Forest,H,0.481342,0.242852,0.275806,1.6627,1.201
2526,2026-01-03,E0,Bournemouth,Arsenal,A,0.199013,0.233132,0.567855,0.9475,1.7734
2526,2026-01-03,E0,Brighton,Burnley,H,0.630245,0.202584,0.167171,2.099,0.9817
2526,2026-01-03,E0,Wolves,West Ham,H,0.399719,0.249338,0.350943,1.4909,1.3821
2526,2026-01-04,E0,Everton,Brentford,A,0.33585,0.277076,0.387073,1.1457,1.2513
2526,2026-01-04,E0,Fulham,Liverpool,D,0.212144,0.215564,0.572293,1.1373,1.9958
2526,2026-01-04,E0,Leeds,Man United,D,0.287722,0.239606,0.472672,1.2698,1.6908
2526,2026-01-04,E0,Man City,Chelsea,D,0.583574,0.2181,0.198326,1.9478,1.0447
2526,2026-01-04,E0,Newcastle,Crystal Palace,H,0.527344,0.230361,0.242296,1.8208,1.1632
2526,2026-01-04,E0,Tottenham,Sunderland,D,0.525259,0.216498,0.258243,2.0088,1.3594
2526,2026-01-06,E0,West Ham,Nott'm Forest,A,0.363562,0.251643,0.384795,1.3935,1.4406
2526,2026-01-07,E0,Bournemouth,Tottenham,H,0.405206,0.232027,0.362768,1.6812,1.581
2526,2026-01-07,E0,Brentford,Sunderland,H,0.51768,0.229438,0.252882,1.832,1.2167
2526,2026-01-07,E0,Burnley,Man United,D,0.253633,0.255971,0.490396,1.0327,1.5414
2526,2026-01-07,E0,Crystal Palace,Aston Villa,D,0.365819,0.257463,0.376719,1.3507,1.3745
2526,2026-01-07,E0,Everton,Wolves,D,0.426423,0.284257,0.289321,1.2655,0.9893
2526,2026-01-07,E0,Fulham,Chelsea,H,0.316832,0.25165,0.431518,1.2689,1.5221
2526,2026-01-07,E0,Man City,Brighton,D,0.672234,0.181354,0.146412,2.3529,1.0104
2526,2026-01-07,E0,Newcastle,Leeds,H,0.709399,0.16058,0.130022,2.6498,1.072
2526,2026-01-08,E0,Arsenal,Liverpool,D,0.445158,0.246445,0.308397,1.5902,1.284
2526,2026-01-17,E0,Chelsea,Brentford,H,0.494719,0.233373,0.271908,1.7771,1.2623
2526,2026-01-17,E0,Leeds,Fulham,H,0.288678,0.233799,0.477523,1.3231,1.761
2526,2026-01-17,E0,Liverpool,Burnley,D,0.807677,0.124535,0.067788,2.8459,0.7284
2526,2026-01-17,E0,Man United,Man City,H,0.188278,0.221435,0.590287,0.9689,1.8954
2526,2026-01-17,E0,Nott'm Forest,Arsenal,D,0.194641,0.23121,0.57415,0.9385,1.7911
2526,2026-01-17,E0,Sunderland,Crystal Palace,H,0.346939,0.260931,0.39213,1.2799,1.3773
2526,2026-01-17,E0,Tottenham,West Ham,A,0.529505,0.212604,0.25789,2.0679,1.3981
2526,2026-01-18,E0,Aston Villa,Everton,A,0.48757,0.269429,0.243,1.4288,0.9232
2526,2026-01-18,E0,Wolves,Newcastle,D,0.242588,0.223219,0.534193,1.2233,1.9117
2526,2026-01-19,E0,Brighton,Bournemouth,D,0.44874,0.240311,0.31095,1.6583,1.3437
2526,2026-01-24,E0,Bournemouth,Liverpool,H,0.21632,0.217958,0.565723,1.1393,1.9676
2526,2026-01-24,E0,Burnley,Tottenham,D,0.231038,0.216304,0.552658,1.2283,2.0011
2526,2026-01-24,E0,Fulham,Brighton,H,0.391711,0.243294,0.364994,1.5328,1.472
2526,2026-01-24,E0,Man City,Wolves,H,0.752815,0.152856,0.09433,2.5467,0.7936
2526,2026-01-24,E0,West Ham,Sunderland,H,0.418481,0.24825,0.333269,1.5342,1.3437
2526,2026-01-25,E0,Arsenal,Man United,A,0.64989,0.207881,0.142229,1.9729,0.7947
2526,2026-01-25,E0,Brentford,Nott'm Forest,A,0.458642,0.240837,0.300521,1.664,1.3043
2526,2026-01-25,E0,Crystal Palace,Chelsea,A,0.325968,0.25911,0.414923,1.2392,1.4316
2526,2026-01-25,E0,Newcastle,Aston Villa,A,0.484921,0.229312,0.285767,1.8212,1.353
2526,2026-01-26,E0,Everton,Leeds,D,0.49889,0.257215,0.243895,1.535,0.9907
2526,2026-01-31,E0,Brighton,Everton,D,0.46608,0.265956,0.267964,1.4392,1.0231
2526,2026-01-31,E0,Chelsea,West Ham,H,0.583867,0.21701,0.199124,1.9626,1.0571
2526,2026-01-31,E0,Leeds,Arsenal,A,0.109516,0.163692,0.726792,0.8512,2.4623
2526,2026-01-31,E0,Liverpool,Newcastle,H,0.557762,0.208931,0.233306,2.1115,1.3105
2526,2026-01-31,E0,Wolves,Bournemouth,A,0.337913,0.254919,0.407168,1.3026,1.4544
2526,2026-02-01,E0,Aston Villa,Brentford,A,0.453227,0.236472,0.310301,1.7062,1.3759
2526,2026-02-01,E0,Man United,Fulham,H,0.410688,0.260711,0.328601,1.4116,1.2348
2526,2026-02-01,E0,Nott'm Forest,Crystal Palace,D,0.396905,0.262695,0.3404,1.3721,1.251
2526,2026-02-01,E0,Tottenham,Man City,D,0.204114,0.197517,0.598368,1.2579,2.2545
2526,2026-02-02,E0,Sunderland,Burnley,H,0.529363,0.241112,0.229525,1.698,1.0322
2526,2026-02-06,E0,Leeds,Nott'm Forest,H,0.289573,0.234823,0.475604,1.3174,1.7474
2526,2026-02-07,E0,Arsenal,Sunderland,H,0.710776,0.177763,0.111462,2.2534,0.7661
2526,2026-02-07,E0,Bournemouth,Aston Villa,D,0.361541,0.252014,0.386445,1.3855,1.4407
2526,2026-02-07,E0,Burnley,West Ham,A,0.301944,0.252918,0.445138,1.2142,1.5283
2526,2026-02-07,E0,Fulham,Everton,A,0.426151,0.285403,0.288446,1.2579,0.9813
2526,2026-02-07,E0,Man United,Tottenham,H,0.397143,0.236784,0.366073,1.6113,1.5391
2526,2026-02-07,E0,Newcastle,Brentford,A,0.519712,0.218622,0.261667,1.9779,1.354
2526,2026-02-07,E0,Wolves,Chelsea,A,0.252494,0.239029,0.508477,1.1404,1.7176
2526,2026-02-08,E0,Brighton,Crystal Palace,A,0.437522,0.246265,0.316213,1.582,1.3099
2526,2026-02-08,E0,Liverpool,Man City,A,0.388477,0.239379,0.372143,1.5654,1.5278
2526,2026-02-10,E0,Chelsea,Leeds,D,0.679712,0.178507,0.141781,2.3808,0.9993
2526,2026-02-10,E0,Everton,Bournemouth,A,0.354994,0.291424,0.353582,1.1055,1.1027
2526,2026-02-10,E0,Tottenham,Newcastle,A,0.343547,0.217389,0.439064,1.6966,1.9339
2526,2026-02-10,E0,West Ham,Man United,D,0.360033,0.25674,0.383227,1.3432,1.3939
2526,2026-02-11,E0,Aston Villa,Brighton,H,0.459501,0.234071,0.306428,1.741,1.3848
2526,2026-02-11,E0,Crystal Palace,Burnley,A,0.58742,0.230174,0.182406,1.7916,0.8856
2526,2026-02-11,E0,Man City,Fulham,H,0.6839,0.183837,0.132263,2.2568,0.8831
2526,2026-02-11,E0,Nott'm Forest,Wolves,D,0.488736,0.244904,0.26636,1.6462,1.1512
2526,2026-02-11,E0,Sunderland,Liverpool,A,0.171492,0.197103,0.631405,1.0527,2.1878
2526,2026-02-12,E0,Brentford,Arsenal,D,0.21969,0.228445,0.551865,1.0752,1.838
2526,2026-02-18,E0,Wolves,Arsenal,D,0.147802,0.204268,0.647929,0.85,2.03
2526,2026-02-21,E0,Aston Villa,Leeds,D,0.641996,0.190123,0.167881,2.2858,1.0893
2526,2026-02-21,E0,Brentford,Brighton,A,0.434861,0.231282,0.333857,1.7424,1.5039
2526,2026-02-21,E0,Chelsea,Burnley,D,0.684498,0.188481,0.127021,2.1704,0.8127
2526,2026-02-21,E0,Man City,Newcastle,H,0.586233,0.208311,0.205456,2.0894,1.1628
2526,2026-02-21,E0,West Ham,Bournemouth,D,0.357429,0.251524,0.391047,1.3798,1.4543
2526,2026-02-22,E0,Crystal Palace,Wolves,H,0.497187,0.247957,0.254857,1.6202,1.0875
2526,2026-02-22,E0,Nott'm Forest,Liverpool,A,0.211394,0.216153,0.572454,1.1285,1.9871
2526,2026-02-22,E0,Sunderland,Fulham,A,0.361259,0.254917,0.383824,1.3608,1.4103
2526,2026-02-22,E0,Tottenham,Arsenal,A,0.213458,0.211508,0.575034,1.179,2.0535
2526,2026-02-23,E0,Everton,Man United,A,0.356188,0.297499,0.346313,1.0763,1.0569
2526,2026-02-27,E0,Wolves,Aston Villa,H,0.288243,0.243161,0.468596,1.243,1.6491
2526,2026-02-28,E0,Bournemouth,Sunderland,D,0.475701,0.24715,0.277149,1.6144,1.174
2526,2026-02-28,E0,Burnley,Brentford,A,0.227036,0.229778,0.543186,1.0994,1.825
2526,2026-02-28,E0,Leeds,Man City,A,0.100704,0.147412,0.751884,0.9082,2.7033
2526,2026-02-28,E0,Liverpool,West Ham,H,0.723675,0.159956,0.116369,2.5735,0.9475
2526,2026-02-28,E0,Newcastle,Everton,A,0.549623,0.244911,0.205466,1.6564,0.9085
2526,2026-03-01,E0,Arsenal,Chelsea,H,0.560252,0.233456,0.206292,1.7742,0.9792
2526,2026-03-01,E0,Brighton,Nott'm Forest,H,0.455431,0.239517,0.305052,1.6748,1.331
2526,2026-03-01,E0,Fulham,Tottenham,H,0.400068,0.23137,0.368562,1.6783,1.6037
2526,2026-03-01,E0,Man United,Crystal Palace,H,0.394802,0.268066,0.337132,1.3276,1.2058
2526,2026-03-03,E0,Bournemouth,Brentford,D,0.390935,0.246024,0.363041,1.5047,1.4418
2526,2026-03-03,E0,Everton,Burnley,H,0.509356,0.274994,0.21565,1.3994,0.8057
2526,2026-03-03,E0,Leeds,Sunderland,A,0.34153,0.23897,0.4195,1.4504,1.63
2526,2026-03-03,E0,Wolves,Liverpool,H,0.158677,0.190438,0.650884,1.0221,2.2522
2526,2026-03-04,E0,Aston Villa,Chelsea,A,0.377234,0.249735,0.373031,1.4413,1.4319
2526,2026-03-04,E0,Brighton,Arsenal,A,0.216116,0.225169,0.558714,1.0822,1.8755
2526,2026-03-04,E0,Fulham,West Ham,A,0.475081,0.242752,0.282167,1.659,1.2248
2526,2026-03-04,E0,Man City,Nott'm Forest,D,0.68369,0.184404,0.131905,2.247,0.8763
2526,2026-03-04,E0,Newcastle,Man United,H,0.540371,0.2272,0.232429,1.8579,1.1436
2526,2026-03-05,E0,Tottenham,Crystal Palace,A,0.444948,0.234068,0.320984,1.7236,1.4343
2526,2026-03-14,E0,Arsenal,Everton,H,0.645997,0.225895,0.128108,1.7589,0.6314
2526,2026-03-14,E0,Burnley,Bournemouth,D,0.250117,0.249342,0.500541,1.0608,1.6082
2526,2026-03-14,E0,Chelsea,Newcastle,A,0.41238,0.239647,0.347974,1.6103,1.4621
2526,2026-03-14,E0,Sunderland,Brighton,A,0.336955,0.240924,0.422121,1.4187,1.6136
2526,2026-03-14,E0,West Ham,Man City,D,0.149428,0.190008,0.660564,0.9607,2.2285
2526,2026-03-15,E0,Crystal Palace,Leeds,D,0.576919,0.217373,0.205707,1.9652,1.089
2526,2026-03-15,E0,Liverpool,Tottenham,D,0.666315,0.17143,0.162255,2.6035,1.2406
2526,2026-03-15,E0,Man United,Aston Villa,H,0.35441,0.256987,0.388604,1.328,1.4025
2526,2026-03-15,E0,Nott'm Forest,Fulham,D,0.412911,0.255521,0.331568,1.4588,1.281
2526,2026-03-16,E0,Brentford,Wolves,D,0.53798,0.225085,0.236935,1.8859,1.1813
2526,2026-03-20,E0,Bournemouth,Man United,D,0.414885,0.261303,0.323811,1.4135,1.2178
2526,2026-03-21,E0,Brighton,Liverpool,H,0.235569,0.211053,0.553377,1.3012,2.0808
2526,2026-03-21,E0,Everton,Chelsea,H,0.276618,0.281479,0.441903,0.9679,1.3023
2526,2026-03-21,E0,Fulham,Burnley,H,0.583326,0.226876,0.189798,1.8346,0.9416
2526,2026-03-21,E0,Leeds,Brentford,D,0.257639,0.216965,0.525395,1.3518,2.0018
2526,2026-03-22,E0,Aston Villa,West Ham,H,0.544337,0.225042,0.230621,1.8844,1.1522
2526,2026-03-22,E0,Newcastle,Sunderland,A,0.606775,0.204205,0.189021,2.1221,1.1025
2526,2026-03-22,E0,Tottenham,Nott'm Forest,A,0.463371,0.227617,0.309012,1.8246,1.4573
2526,2026-04-10,E0,West Ham,Wolves,H,0.437985,0.246599,0.315416,1.5794,1.3047
2526,2026-04-11,E0,Arsenal,Bournemouth,A,0.652358,0.203739,0.143903,2.0266,0.8292
2526,2026-04-11,E0,Brentford,Everton,D,0.468505,0.267414,0.264081,1.4299,1.0026
2526,2026-04-11,E0,Burnley,Brighton,A,0.230491,0.228878,0.540631,1.1218,1.8368
2526,2026-04-11,E0,Liverpool,Fulham,H,0.662391,0.18688,0.150728,2.2807,0.9953
2526,2026-04-12,E0,Chelsea,Man City,A,0.267307,0.239637,0.493056,1.1938,1.7046
2526,2026-04-12,E0,Crystal Palace,Newcastle,H,0.318926,0.244945,0.436129,1.3292,1.5933
2526,2026-04-12,E0,Nott'm Forest,Aston Villa,D,0.355454,0.251817,0.392729,1.3725,1.455
2526,2026-04-12,E0,Sunderland,Tottenham,H,0.342459,0.229169,0.428372,1.5534,1.7579
2526,2026-04-13,E0,Man United,Leeds,A,0.564482,0.220585,0.214933,1.9321,1.1112
2526,2026-04-18,E0,Brentford,Fulham,D,0.458171,0.240118,0.301711,1.6712,1.3145
2526,2026-04-18,E0,Chelsea,Man United,A,0.514293,0.243697,0.242011,1.6693,1.0661
2526,2026-04-18,E0,Leeds,Wolves,H,0.360554,0.239943,0.399503,1.4931,1.5827
2526,2026-04-18,E0,Newcastle,Bournemouth,A,0.54031,0.223331,0.236359,1.9085,1.1932
2526,2026-04-18,E0,Tottenham,Brighton,D,0.437192,0.218789,0.344019,1.9106,1.6803
2526,2026-04-19,E0,Aston Villa,Sunderland,H,0.539564,0.229406,0.231031,1.8306,1.1203
2526,2026-04-19,E0,Everton,Liverpool,A,0.188746,0.238902,0.572352,0.8675,1.7077
2526,2026-04-19,E0,Man City,Arsenal,H,0.421137,0.257837,0.321025,1.4519,1.2348
2526,2026-04-19,E0,Nott'm Forest,Burnley,H,0.581118,0.228223,0.190659,1.8204,0.9375
2526,2026-04-20,E0,Crystal Palace,West Ham,D,0.482155,0.247064,0.270781,1.6201,1.1519
2526,2026-04-21,E0,Brighton,Chelsea,H,0.349846,0.241273,0.408881,1.4518,1.5869
2526,2026-04-22,E0,Bournemouth,Leeds,D,0.575635,0.213958,0.210407,2.0159,1.1415
2526,2026-04-22,E0,Burnley,Man City,A,0.091385,0.156341,0.752273,0.7386,2.4644
2526,2026-04-24,E0,Sunderland,Nott'm Forest,A,0.361906,0.255833,0.382261,1.3549,1.3994
2526,2026-04-25,E0,Arsenal,Newcastle,H,0.563078,0.222822,0.214101,1.9032,1.0899
2526,2026-04-25,E0,Fulham,Aston Villa,H,0.356899,0.250972,0.392129,1.3831,1.4614
2526,2026-04-25,E0,Liverpool,Crystal Palace,H,0.641764,0.198014,0.160222,2.1451,0.9719
2526,2026-04-25,E0,West Ham,Everton,H,0.380379,0.283717,0.335904,1.1975,1.1074
2526,2026-04-25,E0,Wolves,Tottenham,A,0.323117,0.227509,0.449374,1.5083,1.8097
2526,2026-04-27,E0,Man United,Brentford,H,0.383148,0.251069,0.365783,1.4422,1.4036
2526,2026-05-01,E0,Leeds,Burnley,H,0.45891,0.242073,0.299017,1.651,1.2889
2526,2026-05-02,E0,Arsenal,Fulham,H,0.658584,0.200699,0.140717,2.0557,0.8277
2526,2026-05-02,E0,Brentford,West Ham,H,0.52206,0.225263,0.252677,1.8858,1.2513
2526,2026-05-02,E0,Newcastle,Brighton,H,0.526557,0.215855,0.257587,2.0183,1.3628
2526,2026-05-02,E0,Wolves,Sunderland,D,0.396981,0.253499,0.34952,1.4484,1.3438
2526,2026-05-03,E0,Aston Villa,Tottenham,A,0.470967,0.222069,0.306964,1.9063,1.5087
2526,2026-05-03,E0,Bournemouth,Crystal Palace,H,0.402972,0.262386,0.334643,1.3852,1.2386
2526,2026-05-03,E0,Man United,Liverpool,H,0.212905,0.221768,0.565327,1.092,1.9155
2526,2026-05-04,E0,Chelsea,Nott'm Forest,A,0.520851,0.23797,0.241179,1.7317,1.1018
2526,2026-05-04,E0,Everton,Man City,D,0.167651,0.239106,0.593243,0.7697,1.6898
2526,2026-05-09,E0,Brighton,Wolves,H,0.535207,0.224212,0.240581,1.8982,1.2055
2526,2026-05-09,E0,Fulham,Bournemouth,A,0.408822,0.255824,0.335354,1.4494,1.2888
2526,2026-05-09,E0,Liverpool,Chelsea,D,0.557131,0.218362,0.224507,1.9684,1.1775
2526,2026-05-09,E0,Man City,Brentford,H,0.665096,0.185079,0.149825,2.3058,1.0038
2526,2026-05-09,E0,Sunderland,Man United,D,0.358334,0.261038,0.380628,1.306,1.3541
2526,2026-05-10,E0,Burnley,Aston Villa,D,0.2073,0.22909,0.56361,1.0123,1.8236
2526,2026-05-10,E0,Crystal Palace,Everton,D,0.431571,0.291393,0.277036,1.2285,0.923
2526,2026-05-10,E0,Nott'm Forest,Newcastle,D,0.307672,0.238289,0.45404,1.3506,1.6867
2526,2026-05-10,E0,West Ham,Arsenal,A,0.158124,0.206251,0.635626,0.9004,2.0299
2526,2026-05-11,E0,Tottenham,Leeds,D,0.632516,0.180936,0.186548,2.5084,1.3217
2526,2026-05-13,E0,Man City,Crystal Palace,H,0.663405,0.195589,0.141006,2.1226,0.8624
2021,2020-09-12,SP1,Cadiz,Osasuna,A,0.450708,0.271523,0.277769,1.4817,1.1109
2021,2020-09-12,SP1,Eibar,Celta,D,0.43707,0.275647,0.287283,1.4339,1.1156
2021,2020-09-12,SP1,Granada,Ath Bilbao,H,0.498309,0.283139,0.218552,1.4252,0.8527
2021,2020-09-13,SP1,Alaves,Betis,A,0.368261,0.279619,0.35212,1.2937,1.2596
2021,2020-09-13,SP1,Valencia,Levante,H,0.526045,0.245877,0.228078,1.7631,1.0886
2021,2020-09-13,SP1,Valladolid,Sociedad,D,0.31154,0.311815,0.376646,0.9902,1.1174
2021,2020-09-13,SP1,Villarreal,Huesca,D,0.6661,0.18898,0.14492,2.3667,1.0313
2021,2020-09-19,SP1,Celta,Valencia,H,0.373219,0.280047,0.346735,1.3007,1.2447
2021,2020-09-19,SP1,Getafe,Osasuna,H,0.516509,0.283171,0.20032,1.4299,0.7875
2021,2020-09-19,SP1,Villarreal,Eibar,H,0.587227,0.229551,0.183222,1.9177,0.9811
2021,2020-09-20,SP1,Betis,Valladolid,H,0.477239,0.290625,0.232136,1.3614,0.8663
2021,2020-09-20,SP1,Granada,Alaves,H,0.633956,0.227952,0.138092,1.8622,0.7454
2021,2020-09-20,SP1,Huesca,Cadiz,A,0.384165,0.269314,0.346521,1.4004,1.3185
2021,2020-09-20,SP1,Sociedad,Real Madrid,D,0.264403,0.257744,0.477852,1.153,1.6264
2021,2020-09-26,SP1,Alaves,Getafe,D,0.25789,0.327021,0.41509,0.8011,1.0961
2021,2020-09-26,SP1,Betis,Real Madrid,A,0.200388,0.232345,0.567267,1.0505,1.9027
2021,2020-09-26,SP1,Elche,Sociedad,A,0.383963,0.276205,0.339832,1.3483,1.2541
2021,2020-09-26,SP1,Valencia,Huesca,D,0.608914,0.222448,0.168638,1.979,0.9467
2021,2020-09-27,SP1,Ath Madrid,Granada,H,0.559841,0.275545,0.164614,1.4825,0.6792
2021,2020-09-27,SP1,Barcelona,Villarreal,H,0.726588,0.160315,0.113096,2.6942,1.0076
2021,2020-09-27,SP1,Cadiz,Sevilla,A,0.313454,0.287146,0.3994,1.1208,1.2988
2021,2020-09-27,SP1,Eibar,Ath Bilbao,A,0.375899,0.310296,0.313805,1.124,1.0023
2021,2020-09-27,SP1,Osasuna,Levante,A,0.462493,0.249594,0.287913,1.6937,1.295
2021,2020-09-27,SP1,Valladolid,Celta,D,0.3753,0.317008,0.307692,1.089,0.9586
2021,2020-09-29,SP1,Getafe,Betis,H,0.535265,0.271347,0.193388,1.5223,0.81
2021,2020-09-29,SP1,Sociedad,Valencia,A,0.454838,0.26788,0.277282,1.5161,1.1317
2021,2020-09-30,SP1,Eibar,Elche,A,0.420461,0.286729,0.292811,1.3323,1.0683
2021,2020-09-30,SP1,Huesca,Ath Madrid,D,0.167931,0.259749,0.57232,0.7529,1.6083
2021,2020-09-30,SP1,Real Madrid,Valladolid,H,0.717634,0.19963,0.082736,1.9802,0.5202
2021,2020-09-30,SP1,Villarreal,Alaves,H,0.649479,0.211871,0.13865,2.0389,0.8322
2021,2020-10-01,SP1,Ath Bilbao,Cadiz,A,0.45705,0.298834,0.244116,1.2927,0.8693
2021,2020-10-01,SP1,Celta,Barcelona,A,0.164753,0.204364,0.630883,1.0482,2.2019
2021,2020-10-01,SP1,Sevilla,Levante,H,0.601255,0.223275,0.17547,1.9801,0.9795
2021,2020-10-03,SP1,Ath Madrid,Villarreal,D,0.586377,0.253521,0.160102,1.6551,0.7436
2021,2020-10-03,SP1,Elche,Huesca,D,0.535864,0.245772,0.218364,1.7631,1.0472
2021,2020-10-03,SP1,Sociedad,Getafe,H,0.401755,0.305685,0.29256,1.1888,0.973
2021,2020-10-03,SP1,Valencia,Betis,A,0.541043,0.24497,0.213987,1.7706,1.0329
2021,2020-10-03,SP1,Valladolid,Eibar,A,0.379403,0.326797,0.293799,1.0492,0.8877
2021,2020-10-04,SP1,Alaves,Ath Bilbao,H,0.310805,0.319845,0.36935,0.9534,1.0656
2021,2020-10-04,SP1,Barcelona,Sevilla,D,0.659077,0.198171,0.142752,2.2255,0.9463
2021,2020-10-04,SP1,Cadiz,Granada,D,0.346311,0.284455,0.369234,1.2153,1.2633
2021,2020-10-04,SP1,Levante,Real Madrid,A,0.214049,0.233806,0.552145,1.1071,1.8947
2021,2020-10-04,SP1,Osasuna,Celta,H,0.470069,0.260058,0.269873,1.5989,1.157
2021,2020-10-17,SP1,Celta,Ath Madrid,A,0.207687,0.293552,0.498761,0.7735,1.3526
2021,2020-10-17,SP1,Getafe,Barcelona,H,0.245657,0.278234,0.47611,0.9687,1.4503
2021,2020-10-17,SP1,Granada,Sevilla,H,0.414347,0.279595,0.306058,1.3741,1.1457
2021,2020-10-17,SP1,Real Madrid,Cadiz,A,0.715014,0.185368,0.099618,2.2225,0.7084
2021,2020-10-18,SP1,Alaves,Elche,A,0.348658,0.299815,0.351527,1.1301,1.1358
2021,2020-10-18,SP1,Ath Bilbao,Levante,H,0.47094,0.274761,0.254299,1.4738,1.0159
2021,2020-10-18,SP1,Betis,Sociedad,A,0.384309,0.257819,0.357872,1.4952,1.4357
2021,2020-10-18,SP1,Eibar,Osasuna,D,0.428549,0.274412,0.297039,1.4328,1.1519
2021,2020-10-18,SP1,Huesca,Valladolid,D,0.419977,0.29978,0.280243,1.2477,0.9683
2021,2020-10-18,SP1,Villarreal,Valencia,H,0.492351,0.253927,0.253721,1.672,1.1389
2021,2020-10-23,SP1,Elche,Valencia,H,0.376878,0.28944,0.333681,1.2456,1.1565
2021,2020-10-24,SP1,Ath Madrid,Betis,H,0.6815,0.213374,0.105126,1.9242,0.6143
2021,2020-10-24,SP1,Barcelona,Real Madrid,A,0.525147,0.235558,0.239296,1.881,1.2108
2021,2020-10-24,SP1,Osasuna,Ath Bilbao,H,0.404985,0.295546,0.299469,1.2533,1.0396
2021,2020-10-24,SP1,Sevilla,Eibar,A,0.603405,0.237619,0.158976,1.8009,0.8104
2021,2020-10-25,SP1,Cadiz,Villarreal,D,0.359825,0.268333,0.371842,1.3568,1.3831
2021,2020-10-25,SP1,Getafe,Granada,A,0.41542,0.31189,0.27269,1.1729,0.8955
2021,2020-10-25,SP1,Sociedad,Huesca,H,0.625127,0.208709,0.166164,2.146,1.0248
2021,2020-10-25,SP1,Valladolid,Alaves,A,0.433395,0.327149,0.239455,1.1155,0.7529
2021,2020-10-26,SP1,Levante,Celta,D,0.487092,0.247673,0.265235,1.733,1.2266
2021,2020-10-30,SP1,Eibar,Cadiz,A,0.420461,0.286729,0.292811,1.3323,1.0683
2021,2020-10-31,SP1,Alaves,Barcelona,D,0.117405,0.189079,0.693516,0.8233,2.2553
2021,2020-10-31,SP1,Ath Bilbao,Sevilla,H,0.33415,0.309216,0.356634,1.0515,1.0958
2021,2020-10-31,SP1,Osasuna,Ath Madrid,A,0.214871,0.293269,0.49186,0.7987,1.3516
2021,2020-10-31,SP1,Real Madrid,Huesca,H,0.806294,0.12966,0.064046,2.8439,0.72
2021,2020-11-01,SP1,Betis,Elche,H,0.447015,0.265516,0.287469,1.528,1.1796
2021,2020-11-01,SP1,Celta,Sociedad,A,0.379688,0.26722,0.353093,1.4079,1.3497
2021,2020-11-01,SP1,Granada,Levante,D,0.569685,0.230325,0.19999,1.9259,1.0622
2021,2020-11-01,SP1,Valencia,Getafe,D,0.391391,0.320529,0.28808,1.0963,0.8989
2021,2020-11-02,SP1,Villarreal,Valladolid,H,0.584194,0.254481,0.161325,1.6479,0.7452
2021,2020-11-06,SP1,Elche,Celta,D,0.459138,0.272397,0.268465,1.4829,1.0759
2021,2020-11-07,SP1,Ath Madrid,Cadiz,H,0.644466,0.24258,0.112954,1.6807,0.5539
2021,2020-11-07,SP1,Barcelona,Betis,H,0.819485,0.116833,0.063682,3.1322,0.8324
2021,2020-11-07,SP1,Huesca,Eibar,D,0.406641,0.267894,0.325465,1.452,1.2749
2021,2020-11-07,SP1,Sevilla,Osasuna,H,0.595063,0.23282,0.172117,1.8678,0.9037
2021,2020-11-08,SP1,Getafe,Villarreal,A,0.434623,0.292761,0.272616,1.3094,0.9805
2021,2020-11-08,SP1,Levante,Alaves,D,0.559001,0.243835,0.197164,1.7751,0.9634
2021,2020-11-08,SP1,Sociedad,Granada,H,0.421987,0.26748,0.310533,1.4792,1.2362
2021,2020-11-08,SP1,Valencia,Real Madrid,H,0.261929,0.270854,0.467217,1.0633,1.5025
2021,2020-11-08,SP1,Valladolid,Ath Bilbao,H,0.321781,0.352197,0.326021,0.8537,0.8613
2021,2020-11-20,SP1,Osasuna,Huesca,D,0.549111,0.233417,0.217473,1.901,1.1262
2021,2020-11-21,SP1,Ath Madrid,Barcelona,H,0.38327,0.294667,0.322063,1.2245,1.0999
2021,2020-11-21,SP1,Levante,Elche,D,0.468897,0.258722,0.272381,1.6103,1.1747
2021,2020-11-21,SP1,Sevilla,Celta,H,0.602486,0.231863,0.165652,1.8693,0.8752
2021,2020-11-21,SP1,Villarreal,Real Madrid,D,0.291817,0.254422,0.453761,1.2716,1.6366
2021,2020-11-22,SP1,Alaves,Valencia,D,0.290383,0.294394,0.415223,1.0216,1.2749
2021,2020-11-22,SP1,Cadiz,Sociedad,A,0.383963,0.276205,0.339832,1.3483,1.2541
2021,2020-11-22,SP1,Eibar,Getafe,D,0.315142,0.324192,0.360666,0.9445,1.031
2021,2020-11-22,SP1,Granada,Valladolid,A,0.569046,0.272113,0.158841,1.5051,0.6675
2021,2020-11-23,SP1,Ath Bilbao,Betis,H,0.48516,0.275156,0.239685,1.48,0.964
2021,2020-11-27,SP1,Valladolid,Levante,D,0.368938,0.302555,0.328507,1.1536,1.0729
2021,2020-11-28,SP1,Elche,Cadiz,D,0.441757,0.283908,0.274335,1.3779,1.0304
2021,2020-11-28,SP1,Huesca,Sevilla,A,0.255353,0.254814,0.489833,1.1391,1.662
2021,2020-11-28,SP1,Real Madrid,Alaves,A,0.782152,0.152675,0.065173,2.45,0.581
2021,2020-11-28,SP1,Valencia,Ath Madrid,A,0.260032,0.319974,0.419994,0.8314,1.1362
2021,2020-11-29,SP1,Barcelona,Osasuna,H,0.801174,0.128676,0.070149,2.9422,0.8094
2021,2020-11-29,SP1,Celta,Granada,H,0.341595,0.274623,0.383782,1.2691,1.3596
2021,2020-11-29,SP1,Getafe,Ath Bilbao,D,0.45314,0.32961,0.217249,1.1218,0.6853
2021,2020-11-29,SP1,Sociedad,Villarreal,D,0.439671,0.251178,0.309151,1.6515,1.3535
2021,2020-11-30,SP1,Betis,Eibar,A,0.470165,0.261664,0.268171,1.5843,1.1406
2021,2020-12-04,SP1,Ath Bilbao,Celta,A,0.475138,0.286135,0.238727,1.3913,0.9077
2021,2020-12-05,SP1,Ath Madrid,Valladolid,H,0.642739,0.263701,0.09356,1.4975,0.4068
2021,2020-12-05,SP1,Cadiz,Barcelona,H,0.173019,0.21753,0.609451,1.0038,2.0459
2021,2020-12-05,SP1,Levante,Getafe,H,0.352413,0.299105,0.348482,1.1415,1.1336
2021,2020-12-05,SP1,Sevilla,Real Madrid,A,0.323193,0.27908,0.397727,1.1941,1.3519
2021,2020-12-06,SP1,Alaves,Sociedad,D,0.293878,0.28058,0.425542,1.1058,1.3825
2021,2020-12-06,SP1,Granada,Huesca,D,0.651989,0.203349,0.144662,2.1617,0.9237
2021,2020-12-06,SP1,Osasuna,Betis,A,0.47887,0.250254,0.270875,1.7008,1.2288
2021,2020-12-06,SP1,Villarreal,Elche,D,0.563797,0.236979,0.199224,1.8495,1.0146
2021,2020-12-07,SP1,Eibar,Valencia,D,0.356442,0.289698,0.35386,1.2045,1.1991
2021,2020-12-11,SP1,Valladolid,Osasuna,H,0.367986,0.314724,0.31729,1.0882,0.9898
2021,2020-12-12,SP1,Getafe,Sevilla,A,0.381747,0.320621,0.297633,1.0816,0.9207
2021,2020-12-12,SP1,Huesca,Alaves,H,0.473635,0.26655,0.259815,1.5438,1.0813
2021,2020-12-12,SP1,Real Madrid,Ath Madrid,H,0.429677,0.310926,0.259397,1.1949,0.8641
2021,2020-12-12,SP1,Valencia,Ath Bilbao,D,0.459322,0.297232,0.243446,1.3047,0.8739
2021,2020-12-13,SP1,Barcelona,Levante,H,0.80988,0.120736,0.069384,3.1191,0.8773
2021,2020-12-13,SP1,Betis,Villarreal,D,0.357946,0.249921,0.392133,1.5047,1.5834
2021,2020-12-13,SP1,Elche,Granada,A,0.346311,0.284455,0.369234,1.2153,1.2633
2021,2020-12-13,SP1,Sociedad,Eibar,D,0.547577,0.247737,0.204686,1.7389,0.975
2021,2020-12-14,SP1,Celta,Cadiz,H,0.439879,0.275446,0.284675,1.4387,1.1089
2021,2020-12-15,SP1,Real Madrid,Ath Bilbao,H,0.657856,0.222467,0.119677,1.875,0.6646
2021,2020-12-16,SP1,Barcelona,Sociedad,H,0.743638,0.156264,0.100099,2.6773,0.9136
2021,2020-12-18,SP1,Ath Bilbao,Huesca,H,0.549828,0.256095,0.194077,1.6542,0.8835
2021,2020-12-19,SP1,Ath Madrid,Elche,H,0.644466,0.24258,0.112954,1.6807,0.5539
2021,2020-12-19,SP1,Barcelona,Valencia,D,0.726861,0.169514,0.103625,2.4733,0.8426
2021,2020-12-19,SP1,Levante,Sociedad,H,0.405353,0.253431,0.341216,1.5758,1.4297
2021,2020-12-19,SP1,Osasuna,Villarreal,A,0.366132,0.256924,0.376944,1.463,1.4874
2021,2020-12-19,SP1,Sevilla,Valladolid,D,0.594484,0.264677,0.140839,1.5475,0.6155
2021,2020-12-20,SP1,Cadiz,Getafe,A,0.332854,0.325026,0.34212,0.9768,0.9943
2021,2020-12-20,SP1,Celta,Alaves,H,0.526202,0.263952,0.209846,1.586,0.9095
2021,2020-12-20,SP1,Eibar,Real Madrid,A,0.192808,0.248755,0.558437,0.916,1.7232
2021,2020-12-20,SP1,Granada,Betis,H,0.584396,0.228525,0.187079,1.934,1.0078
2021,2020-12-22,SP1,Elche,Osasuna,D,0.450708,0.271523,0.277769,1.4817,1.1109
2021,2020-12-22,SP1,Huesca,Levante,D,0.388151,0.247694,0.364155,1.5966,1.5409
2021,2020-12-22,SP1,Sociedad,Ath Madrid,A,0.264208,0.304957,0.430834,0.9016,1.2299
2021,2020-12-22,SP1,Valencia,Sevilla,A,0.376513,0.287394,0.336093,1.258,1.1742
2021,2020-12-22,SP1,Valladolid,Barcelona,A,0.140309,0.232349,0.627342,0.7372,1.8229
2021,2020-12-22,SP1,Villarreal,Ath Bilbao,D,0.509061,0.266639,0.2243,1.5604,0.952
2021,2020-12-23,SP1,Alaves,Eibar,H,0.368613,0.299235,0.332152,1.1717,1.0983
2021,2020-12-23,SP1,Betis,Cadiz,H,0.447015,0.265516,0.287469,1.528,1.1796
2021,2020-12-23,SP1,Getafe,Celta,D,0.523382,0.283133,0.193485,1.431,0.7627
2021,2020-12-23,SP1,Real Madrid,Granada,H,0.624074,0.221771,0.154155,1.9604,0.8685
2021,2020-12-29,SP1,Barcelona,Eibar,D,0.804225,0.13066,0.065115,2.8367,0.7259
2021,2020-12-29,SP1,Cadiz,Valladolid,D,0.466831,0.31111,0.222059,1.2276,0.7567
2021,2020-12-29,SP1,Levante,Betis,H,0.496072,0.238167,0.26576,1.8435,1.3026
2021,2020-12-29,SP1,Sevilla,Villarreal,H,0.504882,0.250617,0.244501,1.7104,1.1251
2021,2020-12-30,SP1,Ath Madrid,Getafe,H,0.517287,0.322306,0.160407,1.1914,0.5346
2021,2020-12-30,SP1,Celta,Huesca,H,0.535242,0.23882,0.225938,1.841,1.1271
2021,2020-12-30,SP1,Elche,Real Madrid,D,0.208558,0.25568,0.535762,0.9473,1.662
2021,2020-12-30,SP1,Granada,Valencia,H,0.4839,0.269294,0.246807,1.5272,1.0201
2021,2020-12-31,SP1,Ath Bilbao,Sociedad,A,0.404089,0.293466,0.302445,1.265,1.058
2021,2020-12-31,SP1,Osasuna,Alaves,D,0.539363,0.258154,0.202483,1.6377,0.9088
2021,2021-01-02,SP1,Betis,Sevilla,D,0.310844,0.266641,0.422515,1.2429,1.487
2021,2021-01-02,SP1,Getafe,Valladolid,A,0.514647,0.323515,0.161838,1.1847,0.5364
2021,2021-01-02,SP1,Real Madrid,Celta,H,0.736747,0.170432,0.092821,2.3919,0.7397
2021,2021-01-02,SP1,Villarreal,Levante,H,0.580517,0.216161,0.203322,2.1086,1.1858
2021,2021-01-03,SP1,Alaves,Ath Madrid,A,0.157325,0.289223,0.553453,0.6075,1.3855
2021,2021-01-03,SP1,Ath Bilbao,Elche,H,0.45705,0.298834,0.244116,1.2927,0.8693
2021,2021-01-03,SP1,Eibar,Granada,H,0.326188,0.283335,0.390477,1.1752,1.3098
2021,2021-01-03,SP1,Huesca,Barcelona,A,0.121023,0.167144,0.711833,1.0203,2.618
2021,2021-01-03,SP1,Sociedad,Osasuna,D,0.535875,0.242099,0.222025,1.8035,1.0872
2021,2021-01-04,SP1,Valencia,Cadiz,D,0.510587,0.268287,0.221126,1.5465,0.9315
2021,2021-01-06,SP1,Ath Bilbao,Barcelona,A,0.198554,0.248765,0.552681,0.9418,1.726
2021,2021-01-08,SP1,Celta,Villarreal,A,0.354459,0.259097,0.386444,1.4168,1.4885
2021,2021-01-09,SP1,Granada,Barcelona,A,0.255143,0.241801,0.503056,1.2307,1.8046
2021,2021-01-09,SP1,Osasuna,Real Madrid,D,0.209008,0.24323,0.547763,1.0214,1.7873
2021,2021-01-09,SP1,Sevilla,Sociedad,H,0.527166,0.251956,0.220877,1.6997,1.0201
2021,2021-01-10,SP1,Cadiz,Alaves,H,0.525284,0.271809,0.202906,1.5189,0.8451
2021,2021-01-10,SP1,Levante,Eibar,H,0.492464,0.254175,0.253361,1.6696,1.1359
2021,2021-01-10,SP1,Valladolid,Valencia,A,0.306021,0.326746,0.367234,0.9148,1.0304
2021,2021-01-11,SP1,Elche,Getafe,A,0.332854,0.325026,0.34212,0.9768,0.9943
2021,2021-01-11,SP1,Huesca,Betis,A,0.405442,0.250559,0.343999,1.6033,1.4621
2021,2021-01-12,SP1,Ath Madrid,Sevilla,H,0.523039,0.292263,0.184698,1.3672,0.6983
2021,2021-01-12,SP1,Granada,Osasuna,H,0.564652,0.239773,0.195575,1.8167,0.9799
2021,2021-01-19,SP1,Alaves,Sevilla,A,0.235411,0.281274,0.483314,0.9192,1.4318
2021,2021-01-19,SP1,Cadiz,Levante,D,0.452365,0.261309,0.286325,1.5708,1.2042
2021,2021-01-19,SP1,Valladolid,Elche,D,0.360685,0.328505,0.31081,1.0119,0.918
2021,2021-01-20,SP1,Betis,Celta,H,0.464487,0.254727,0.280786,1.6444,1.2317
2021,2021-01-20,SP1,Getafe,Huesca,H,0.597902,0.247586,0.154513,1.7015,0.7424
2021,2021-01-20,SP1,Villarreal,Granada,D,0.458559,0.255485,0.285956,1.6314,1.244
2021,2021-01-21,SP1,Eibar,Ath Madrid,A,0.198786,0.301356,0.499858,0.7163,1.3032
2021,2021-01-21,SP1,Valencia,Osasuna,D,0.52206,0.255647,0.222293,1.6631,1.0043
2021,2021-01-22,SP1,Levante,Valladolid,D,0.498348,0.281849,0.219803,1.4347,0.8627
2021,2021-01-23,SP1,Alaves,Real Madrid,A,0.14809,0.232806,0.619105,0.7769,1.8321
2021,2021-01-23,SP1,Huesca,Villarreal,D,0.295188,0.242424,0.462388,1.3791,1.7698
2021,2021-01-23,SP1,Sevilla,Cadiz,H,0.581386,0.245824,0.172789,1.7369,0.8381
2021,2021-01-23,SP1,Sociedad,Betis,D,0.555231,0.231631,0.213137,1.92,1.1181
2021,2021-01-24,SP1,Ath Madrid,Valencia,H,0.585494,0.269007,0.145499,1.5194,0.6218
2021,2021-01-24,SP1,Celta,Eibar,D,0.462316,0.271652,0.266032,1.4918,1.0723
2021,2021-01-24,SP1,Elche,Barcelona,A,0.173019,0.21753,0.609451,1.0038,2.0459
2021,2021-01-24,SP1,Osasuna,Granada,H,0.352645,0.272427,0.374928,1.3104,1.3585
2021,2021-01-25,SP1,Ath Bilbao,Getafe,H,0.347829,0.347133,0.305038,0.9164,0.8389
2021,2021-01-29,SP1,Valladolid,Huesca,A,0.441915,0.296239,0.261846,1.2949,0.9331
2021,2021-01-30,SP1,Eibar,Sevilla,A,0.294397,0.284726,0.420877,1.0838,1.3467
2021,2021-01-30,SP1,Real Madrid,Levante,A,0.739835,0.163163,0.097002,2.5338,0.8279
2021,2021-01-30,SP1,Valencia,Elche,H,0.510587,0.268287,0.221126,1.5465,0.9315
2021,2021-01-30,SP1,Villarreal,Sociedad,D,0.503344,0.241338,0.255318,1.8099,1.235
2021,2021-01-31,SP1,Barcelona,Ath Bilbao,H,0.730959,0.176258,0.092783,2.3081,0.7043
2021,2021-01-31,SP1,Cadiz,Ath Madrid,A,0.212797,0.307473,0.47973,0.7408,1.2568
2021,2021-01-31,SP1,Getafe,Alaves,D,0.577791,0.276549,0.14566,1.4658,0.5991
2021,2021-01-31,SP1,Granada,Celta,D,0.572543,0.239114,0.188342,1.8181,0.949
2021,2021-02-01,SP1,Betis,Osasuna,H,0.455297,0.253919,0.290784,1.6432,1.2719
2021,2021-02-05,SP1,Alaves,Valladolid,H,0.378583,0.336237,0.28518,1.0069,0.8342
2021,2021-02-06,SP1,Elche,Villarreal,D,0.359825,0.268333,0.371842,1.3568,1.3831
2021,2021-02-06,SP1,Huesca,Real Madrid,A,0.155876,0.208339,0.635785,0.9628,2.1267
2021,2021-02-06,SP1,Levante,Granada,D,0.364724,0.261644,0.373632,1.4204,1.4402
2021,2021-02-06,SP1,Sevilla,Getafe,H,0.45441,0.308745,0.236845,1.2313,0.8088
2021,2021-02-07,SP1,Ath Bilbao,Valencia,D,0.395206,0.30761,0.297184,1.1687,0.9757
2021,2021-02-07,SP1,Betis,Barcelona,A,0.16239,0.19433,0.64328,1.1132,2.3422
2021,2021-02-07,SP1,Osasuna,Eibar,H,0.475098,0.267066,0.257836,1.5404,1.0714
2021,2021-02-07,SP1,Sociedad,Cadiz,H,0.524508,0.254232,0.22126,1.677,1.0083
2021,2021-02-08,SP1,Ath Madrid,Celta,D,0.666668,0.226093,0.107239,1.8088,0.5784
2021,2021-02-09,SP1,Real Madrid,Getafe,H,0.582745,0.262577,0.154678,1.5755,0.6836
2021,2021-02-12,SP1,Celta,Elche,H,0.439879,0.275446,0.284675,1.4387,1.1089
2021,2021-02-13,SP1,Barcelona,Alaves,H,0.845988,0.108795,0.045218,3.0159,0.6157
2021,2021-02-13,SP1,Eibar,Valladolid,D,0.447362,0.31563,0.237008,1.1871,0.7846
2021,2021-02-13,SP1,Granada,Ath Madrid,A,0.288557,0.318488,0.392955,0.9082,1.1086
2021,2021-02-13,SP1,Sevilla,Huesca,H,0.680697,0.193896,0.125407,2.2225,0.8519
2021,2021-02-14,SP1,Getafe,Sociedad,A,0.454549,0.297144,0.248308,1.3012,0.889
2021,2021-02-14,SP1,Levante,Osasuna,A,0.477855,0.247213,0.274932,1.7317,1.2665
2021,2021-02-14,SP1,Real Madrid,Valencia,H,0.652583,0.21337,0.134047,2.0092,0.7951
2021,2021-02-14,SP1,Villarreal,Betis,A,0.596132,0.214137,0.189731,2.1174,1.1252
2021,2021-02-15,SP1,Cadiz,Ath Bilbao,A,0.395446,0.308817,0.295737,1.1624,0.9667
2021,2021-02-17,SP1,Levante,Ath Madrid,D,0.220897,0.282032,0.49707,0.8657,1.4329
2021,2021-02-19,SP1,Betis,Getafe,H,0.334601,0.303125,0.362273,1.0832,1.1384
2021,2021-02-20,SP1,Ath Madrid,Levante,A,0.671105,0.216398,0.112497,1.9161,0.6474
2021,2021-02-20,SP1,Elche,Eibar,H,0.463612,0.279848,0.256541,1.4286,0.9963
2021,2021-02-20,SP1,Valencia,Celta,H,0.530112,0.255499,0.214389,1.6644,0.9726
2021,2021-02-20,SP1,Valladolid,Real Madrid,A,0.169146,0.276002,0.554853,0.6957,1.4808
2021,2021-02-21,SP1,Ath Bilbao,Villarreal,D,0.382218,0.286679,0.331103,1.273,1.1668
2021,2021-02-21,SP1,Barcelona,Cadiz,D,0.785974,0.14056,0.073467,2.7359,0.7507
2021,2021-02-21,SP1,Huesca,Granada,H,0.28631,0.256865,0.456825,1.2353,1.6165
2021,2021-02-21,SP1,Sociedad,Alaves,H,0.610023,0.232646,0.15733,1.8487,0.827
2021,2021-02-22,SP1,Osasuna,Sevilla,A,0.318516,0.274941,0.406543,1.2085,1.3968
2021,2021-02-24,SP1,Barcelona,Elche,H,0.785974,0.14056,0.073467,2.7359,0.7507
2021,2021-02-26,SP1,Levante,Ath Bilbao,D,0.419921,0.282865,0.297214,1.3585,1.1021
2021,2021-02-27,SP1,Alaves,Osasuna,A,0.354148,0.287175,0.358677,1.2153,1.2247
2021,2021-02-27,SP1,Eibar,Huesca,D,0.512738,0.251346,0.235916,1.7049,1.0858
2021,2021-02-27,SP1,Getafe,Valencia,H,0.442899,0.312094,0.245007,1.2021,0.8198
2021,2021-02-27,SP1,Sevilla,Barcelona,A,0.285684,0.252458,0.461858,1.2654,1.6642
2021,2021-02-28,SP1,Cadiz,Betis,A,0.467984,0.262224,0.269792,1.5774,1.1426
2021,2021-02-28,SP1,Celta,Valladolid,D,0.467847,0.301959,0.230194,1.2819,0.8144
2021,2021-02-28,SP1,Granada,Elche,H,0.552038,0.252407,0.195555,1.6893,0.9088
2021,2021-02-28,SP1,Villarreal,Ath Madrid,A,0.289549,0.29949,0.410961,0.9944,1.2377
2021,2021-03-01,SP1,Real Madrid,Sociedad,D,0.669187,0.19919,0.131623,2.1749,0.8622
2021,2021-03-05,SP1,Valencia,Villarreal,H,0.430067,0.263656,0.306278,1.523,1.2503
2021,2021-03-06,SP1,Cadiz,Eibar,H,0.463612,0.279848,0.256541,1.4286,0.9963
2021,2021-03-06,SP1,Elche,Sevilla,H,0.313454,0.287146,0.3994,1.1208,1.2988
2021,2021-03-06,SP1,Osasuna,Barcelona,A,0.171636,0.205639,0.622725,1.0823,2.2002
2021,2021-03-06,SP1,Valladolid,Getafe,H,0.269872,0.363987,0.36614,0.7173,0.8859
2021,2021-03-07,SP1,Ath Bilbao,Granada,H,0.36661,0.304233,0.329156,1.1403,1.0657
2021,2021-03-07,SP1,Ath Madrid,Real Madrid,D,0.410693,0.314026,0.275281,1.1555,0.8935
2021,2021-03-07,SP1,Huesca,Celta,A,0.399272,0.2598,0.340927,1.5072,1.3767
2021,2021-03-07,SP1,Sociedad,Levante,H,0.539533,0.232834,0.227633,1.9119,1.1784
2021,2021-03-08,SP1,Betis,Alaves,H,0.536269,0.253387,0.210345,1.6844,0.9675
2021,2021-03-10,SP1,Ath Madrid,Ath Bilbao,H,0.587816,0.282256,0.129929,1.4179,0.5197
2021,2021-03-12,SP1,Levante,Valencia,H,0.398382,0.265697,0.335921,1.4557,1.3185
2021,2021-03-13,SP1,Alaves,Cadiz,D,0.348658,0.299815,0.351527,1.1301,1.1358
2021,2021-03-13,SP1,Getafe,Ath Madrid,D,0.268026,0.363469,0.368505,0.7149,0.891
2021,2021-03-13,SP1,Osasuna,Valladolid,D,0.480025,0.29658,0.223395,1.3237,0.8138
2021,2021-03-13,SP1,Real Madrid,Elche,H,0.715014,0.185368,0.099618,2.2225,0.7084
2021,2021-03-14,SP1,Celta,Ath Bilbao,D,0.393525,0.299233,0.307242,1.2138,1.0404
2021,2021-03-14,SP1,Eibar,Villarreal,A,0.338382,0.267435,0.394182,1.312,1.4341
2021,2021-03-14,SP1,Granada,Sociedad,H,0.495314,0.256004,0.248682,1.6531,1.1062
2021,2021-03-14,SP1,Sevilla,Betis,H,0.615137,0.220937,0.163926,1.9885,0.9294
2021,2021-03-15,SP1,Barcelona,Huesca,H,0.867766,0.089494,0.04274,3.5009,0.7629
2021,2021-03-17,SP1,Sevilla,Elche,H,0.581386,0.245824,0.172789,1.7369,0.8381
2021,2021-03-19,SP1,Betis,Levante,H,0.455942,0.244347,0.299712,1.742,1.3786
2021,2021-03-20,SP1,Ath Bilbao,Eibar,D,0.477892,0.293818,0.22829,1.3404,0.8405
2021,2021-03-20,SP1,Celta,Real Madrid,A,0.201354,0.242759,0.555887,0.9892,1.7887
2021,2021-03-20,SP1,Huesca,Osasuna,D,0.389829,0.257867,0.352304,1.506,1.4216
2021,2021-03-20,SP1,Valladolid,Sevilla,D,0.253762,0.317731,0.428508,0.8231,1.1572
2021,2021-03-21,SP1,Ath Madrid,Alaves,H,0.710251,0.211275,0.078474,1.8527,0.4543
2021,2021-03-21,SP1,Getafe,Elche,D,0.503698,0.297346,0.198956,1.3297,0.7304
2021,2021-03-21,SP1,Sociedad,Barcelona,A,0.224803,0.225546,0.549651,1.2218,2.0021
2021,2021-03-21,SP1,Valencia,Granada,H,0.412465,0.280597,0.306938,1.3641,1.142
2021,2021-03-21,SP1,Villarreal,Cadiz,H,0.563797,0.236979,0.199224,1.8495,1.0146
2021,2021-04-02,SP1,Levante,Huesca,A,0.568548,0.220343,0.211109,2.0605,1.1939
2021,2021-04-03,SP1,Granada,Villarreal,A,0.471802,0.253422,0.274777,1.6636,1.22
2021,2021-04-03,SP1,Osasuna,Getafe,D,0.340171,0.311399,0.34843,1.0531,1.0693
2021,2021-04-03,SP1,Real Madrid,Eibar,H,0.734891,0.175272,0.089837,2.3044,0.685
2021,2021-04-04,SP1,Alaves,Celta,A,0.362437,0.289755,0.347808,1.2162,1.186
2021,2021-04-04,SP1,Cadiz,Valencia,H,0.376878,0.28944,0.333681,1.2456,1.1565
2021,2021-04-04,SP1,Elche,Betis,D,0.467984,0.262224,0.269792,1.5774,1.1426
2021,2021-04-04,SP1,Sevilla,Ath Madrid,H,0.313592,0.326017,0.360391,0.9338,1.0224
2021,2021-04-05,SP1,Barcelona,Valladolid,H,0.787108,0.151327,0.061565,2.4376,0.5513
2021,2021-04-07,SP1,Sociedad,Ath Bilbao,D,0.472103,0.282586,0.245311,1.4148,0.946
2021,2021-04-09,SP1,Huesca,Elche,H,0.384165,0.269314,0.346521,1.4004,1.3185
2021,2021-04-10,SP1,Ath Bilbao,Alaves,D,0.535118,0.283974,0.180909,1.425,0.7129
2021,2021-04-10,SP1,Eibar,Levante,A,0.429434,0.264022,0.306544,1.5189,1.2486
2021,2021-04-10,SP1,Getafe,Cadiz,A,0.503698,0.297346,0.198956,1.3297,0.7304
2021,2021-04-10,SP1,Real Madrid,Barcelona,H,0.420673,0.251634,0.327693,1.6192,1.4066
2021,2021-04-11,SP1,Betis,Ath Madrid,D,0.208137,0.281784,0.510079,0.8215,1.4389
2021,2021-04-11,SP1,Valencia,Sociedad,D,0.453694,0.268061,0.278245,1.5134,1.1337
2021,2021-04-11,SP1,Valladolid,Granada,A,0.280586,0.317574,0.40184,0.8926,1.1255
2021,2021-04-11,SP1,Villarreal,Osasuna,A,0.576076,0.225006,0.198919,1.989,1.094
2021,2021-04-12,SP1,Celta,Sevilla,A,0.308251,0.276556,0.415193,1.1703,1.3978
2021,2021-04-18,SP1,Alaves,Huesca,H,0.431467,0.273201,0.295332,1.446,1.1544
2021,2021-04-18,SP1,Ath Madrid,Eibar,H,0.66384,0.232628,0.103532,1.7427,0.5356
2021,2021-04-18,SP1,Betis,Valencia,D,0.378071,0.270237,0.351692,1.3813,1.324
2021,2021-04-18,SP1,Cadiz,Celta,D,0.459138,0.272397,0.268465,1.4829,1.0759
2021,2021-04-18,SP1,Getafe,Real Madrid,D,0.27725,0.310236,0.412514,0.9142,1.1782
2021,2021-04-18,SP1,Levante,Villarreal,A,0.378606,0.246627,0.374768,1.5857,1.5768
2021,2021-04-18,SP1,Osasuna,Elche,H,0.452389,0.271257,0.276354,1.4856,1.108
2021,2021-04-18,SP1,Sociedad,Sevilla,A,0.384583,0.274204,0.341213,1.3642,1.271
2021,2021-04-21,SP1,Alaves,Villarreal,H,0.270998,0.267605,0.461398,1.1128,1.5247
2021,2021-04-21,SP1,Betis,Ath Bilbao,D,0.39983,0.288728,0.311442,1.2891,1.1067
2021,2021-04-21,SP1,Cadiz,Real Madrid,A,0.208558,0.25568,0.535762,0.9473,1.662
2021,2021-04-21,SP1,Elche,Valladolid,D,0.466831,0.31111,0.222059,1.2276,0.7567
2021,2021-04-21,SP1,Levante,Sevilla,A,0.329039,0.264394,0.406566,1.3099,1.4808
2021,2021-04-21,SP1,Osasuna,Valencia,H,0.384745,0.277141,0.338114,1.343,1.2437
2021,2021-04-22,SP1,Ath Madrid,Huesca,H,0.738057,0.182584,0.079359,2.1507,0.563
2021,2021-04-22,SP1,Barcelona,Getafe,H,0.655982,0.217816,0.126203,1.9395,0.7244
2021,2021-04-22,SP1,Granada,Eibar,H,0.57452,0.245002,0.180477,1.7516,0.8788
2021,2021-04-22,SP1,Sociedad,Celta,H,0.544331,0.241765,0.213904,1.8049,1.0529
2021,2021-04-24,SP1,Elche,Levante,H,0.452365,0.261309,0.286325,1.5708,1.2042
2021,2021-04-24,SP1,Real Madrid,Betis,D,0.750774,0.159417,0.089809,2.5444,0.7856
2021,2021-04-24,SP1,Valencia,Alaves,D,0.593009,0.247797,0.159194,1.7048,0.7639
2021,2021-04-24,SP1,Valladolid,Cadiz,D,0.360685,0.328505,0.31081,1.0119,0.918
2021,2021-04-25,SP1,Ath Bilbao,Ath Madrid,H,0.2305,0.338707,0.430792,0.695,1.0603
2021,2021-04-25,SP1,Celta,Osasuna,H,0.448319,0.263467,0.288214,1.5472,1.1956
2021,2021-04-25,SP1,Huesca,Getafe,A,0.282709,0.296041,0.421249,0.9927,1.2724
2021,2021-04-25,SP1,Sevilla,Granada,H,0.48336,0.268681,0.247959,1.532,1.0276
2021,2021-04-25,SP1,Villarreal,Barcelona,A,0.250276,0.225129,0.524595,1.3475,2.0147
2021,2021-04-26,SP1,Eibar,Sociedad,A,0.362582,0.276466,0.360952,1.3038,1.3003
2021,2021-04-28,SP1,Ath Bilbao,Valladolid,D,0.475368,0.326691,0.197942,1.1518,0.6384
2021,2021-04-29,SP1,Barcelona,Granada,A,0.699297,0.179456,0.121247,2.4132,0.9203
2021,2021-04-30,SP1,Celta,Levante,H,0.44932,0.253536,0.297144,1.6403,1.296
2021,2021-05-01,SP1,Eibar,Alaves,H,0.504051,0.27764,0.218309,1.4687,0.8762
2021,2021-05-01,SP1,Elche,Ath Madrid,A,0.212797,0.307473,0.47973,0.7408,1.2568
2021,2021-05-01,SP1,Huesca,Sociedad,H,0.321491,0.253792,0.424716,1.3704,1.6048
2021,2021-05-01,SP1,Real Madrid,Osasuna,H,0.730908,0.172236,0.096856,2.3901,0.7638
2021,2021-05-02,SP1,Granada,Cadiz,A,0.552038,0.252407,0.195555,1.6893,0.9088
2021,2021-05-02,SP1,Valencia,Barcelona,A,0.224669,0.238053,0.537277,1.1267,1.8495
2021,2021-05-02,SP1,Valladolid,Betis,D,0.382536,0.305883,0.31158,1.1585,1.018
2021,2021-05-02,SP1,Villarreal,Getafe,H,0.435413,0.292634,0.271953,1.3111,0.9792
2021,2021-05-03,SP1,Sevilla,Ath Bilbao,A,0.526388,0.278575,0.195037,1.4653,0.7863
2021,2021-05-07,SP1,Sociedad,Elche,H,0.524508,0.254232,0.22126,1.677,1.0083
2021,2021-05-08,SP1,Alaves,Levante,D,0.353021,0.275684,0.371294,1.2883,1.3274
2021,2021-05-08,SP1,Ath Bilbao,Osasuna,D,0.467527,0.28552,0.246953,1.3902,0.9372
2021,2021-05-08,SP1,Barcelona,Ath Madrid,D,0.494694,0.276913,0.228393,1.4709,0.9157
2021,2021-05-08,SP1,Cadiz,Huesca,H,0.535864,0.245772,0.218364,1.7631,1.0472
2021,2021-05-09,SP1,Getafe,Eibar,A,0.5241,0.290565,0.185335,1.3787,0.7063
2021,2021-05-09,SP1,Real Madrid,Sevilla,D,0.584088,0.239061,0.176851,1.8079,0.893
2021,2021-05-09,SP1,Valencia,Valladolid,H,0.529956,0.290725,0.179319,1.3779,0.6841
2021,2021-05-09,SP1,Villarreal,Celta,A,0.584489,0.224196,0.191315,1.9905,1.0595
2021,2021-05-10,SP1,Betis,Granada,H,0.345182,0.264937,0.38988,1.3478,1.4462
2021,2021-05-11,SP1,Elche,Alaves,A,0.525284,0.271809,0.202906,1.5189,0.8451
2021,2021-05-11,SP1,Levante,Barcelona,D,0.1747,0.197156,0.628144,1.1732,2.3324
2021,2021-05-11,SP1,Osasuna,Cadiz,H,0.452389,0.271257,0.276354,1.4856,1.108
2021,2021-05-12,SP1,Ath Madrid,Sociedad,H,0.602509,0.252841,0.144649,1.6447,0.6742
2021,2021-05-12,SP1,Celta,Getafe,H,0.330056,0.314066,0.355878,1.0199,1.0701
2021,2021-05-12,SP1,Huesca,Ath Bilbao,H,0.342313,0.288521,0.369166,1.1815,1.237
2021,2021-05-12,SP1,Sevilla,Valencia,H,0.514356,0.265635,0.220009,1.5702,0.9407
2021,2021-05-13,SP1,Eibar,Betis,D,0.445188,0.265584,0.289227,1.5253,1.1847
2021,2021-05-13,SP1,Granada,Real Madrid,A,0.293617,0.271275,0.435108,1.1614,1.466
2021,2021-05-13,SP1,Valladolid,Villarreal,A,0.291161,0.29992,0.408919,0.9965,1.2323
2021,2021-05-16,SP1,Alaves,Granada,H,0.26271,0.283552,0.453739,0.9968,1.3926
2021,2021-05-16,SP1,Ath Bilbao,Real Madrid,A,0.231857,0.285288,0.482855,0.8888,1.4021
2021,2021-05-16,SP1,Ath Madrid,Osasuna,H,0.661226,0.227395,0.111379,1.8074,0.5973
2021,2021-05-16,SP1,Barcelona,Celta,A,0.806351,0.126709,0.066939,2.9444,0.7838
2021,2021-05-16,SP1,Betis,Huesca,H,0.544515,0.229279,0.226206,1.9552,1.1989
2021,2021-05-16,SP1,Cadiz,Elche,A,0.441757,0.283908,0.274335,1.3779,1.0304
2021,2021-05-16,SP1,Getafe,Levante,H,0.522301,0.272155,0.205543,1.5159,0.8536
2021,2021-05-16,SP1,Sociedad,Valladolid,H,0.546278,0.274598,0.179124,1.4942,0.7405
2021,2021-05-16,SP1,Valencia,Eibar,H,0.532848,0.26196,0.205192,1.6035,0.9007
2021,2021-05-16,SP1,Villarreal,Sevilla,H,0.419165,0.263975,0.31686,1.5045,1.279
2021,2021-05-21,SP1,Levante,Cadiz,D,0.468897,0.258722,0.272381,1.6103,1.1747
2021,2021-05-22,SP1,Celta,Betis,A,0.465608,0.254553,0.27984,1.6471,1.2297
2021,2021-05-22,SP1,Eibar,Barcelona,A,0.158003,0.209151,0.632845,0.9707,2.1213
2021,2021-05-22,SP1,Elche,Ath Bilbao,H,0.395446,0.308817,0.295737,1.1624,0.9667
2021,2021-05-22,SP1,Huesca,Valencia,D,0.31804,0.266266,0.415694,1.266,1.4799
2021,2021-05-22,SP1,Osasuna,Sociedad,A,0.391618,0.264419,0.343963,1.4538,1.3486
2021,2021-05-22,SP1,Real Madrid,Villarreal,H,0.650863,0.201893,0.147244,2.1886,0.9509
2021,2021-05-22,SP1,Valladolid,Ath Madrid,A,0.172848,0.335385,0.491768,0.544,1.1198
2021,2021-05-23,SP1,Granada,Getafe,D,0.427284,0.309955,0.262761,1.1975,0.8771
2021,2021-05-23,SP1,Sevilla,Alaves,H,0.660333,0.218828,0.120839,1.9147,0.6874
2122,2021-08-13,SP1,Valencia,Getafe,H,0.435399,0.318784,0.245816,1.1881,0.8229
2122,2021-08-14,SP1,Alaves,Real Madrid,A,0.126687,0.230114,0.643199,0.6998,1.859
2122,2021-08-14,SP1,Cadiz,Levante,D,0.352251,0.278182,0.369567,1.3078,1.3451
2122,2021-08-14,SP1,Mallorca,Betis,D,0.324599,0.264461,0.41094,1.3369,1.5296
2122,2021-08-14,SP1,Osasuna,Espanol,D,0.464716,0.307076,0.228207,1.2802,0.8151
2122,2021-08-15,SP1,Barcelona,Sociedad,H,0.654262,0.19687,0.148867,2.3154,1.0345
2122,2021-08-15,SP1,Celta,Ath Madrid,A,0.189331,0.265158,0.545511,0.8505,1.6121
2122,2021-08-15,SP1,Sevilla,Vallecano,H,0.714866,0.185058,0.100076,2.2792,0.7444
2122,2021-08-16,SP1,Elche,Ath Bilbao,D,0.276283,0.322092,0.401625,0.8906,1.1317
2122,2021-08-16,SP1,Villarreal,Granada,D,0.59422,0.215782,0.189998,2.1459,1.1517
2122,2021-08-20,SP1,Betis,Cadiz,D,0.55342,0.251076,0.195504,1.7454,0.9488
2122,2021-08-21,SP1,Alaves,Mallorca,A,0.431448,0.280226,0.288326,1.4316,1.1271
2122,2021-08-21,SP1,Ath Bilbao,Barcelona,D,0.21177,0.251821,0.53641,1.017,1.7439
2122,2021-08-21,SP1,Espanol,Villarreal,D,0.242201,0.278043,0.479756,0.9905,1.493
2122,2021-08-21,SP1,Granada,Valencia,D,0.39525,0.262967,0.341783,1.5148,1.3948
2122,2021-08-22,SP1,Ath Madrid,Elche,H,0.734012,0.197827,0.068161,1.9691,0.4456
2122,2021-08-22,SP1,Levante,Real Madrid,D,0.170858,0.234173,0.594969,0.9229,1.8976
2122,2021-08-22,SP1,Sociedad,Vallecano,H,0.696431,0.184998,0.118572,2.3706,0.8932
2122,2021-08-23,SP1,Getafe,Sevilla,A,0.262747,0.3455,0.391753,0.775,1.011
2122,2021-08-23,SP1,Osasuna,Celta,D,0.397408,0.277157,0.325435,1.4048,1.2497
2122,2021-08-27,SP1,Mallorca,Espanol,H,0.411428,0.295912,0.29266,1.2955,1.0523
2122,2021-08-27,SP1,Valencia,Alaves,H,0.563895,0.253796,0.182309,1.7113,0.8743
2122,2021-08-28,SP1,Betis,Real Madrid,A,0.195295,0.251371,0.553334,0.9462,1.7424
2122,2021-08-28,SP1,Celta,Ath Bilbao,A,0.397621,0.285731,0.316648,1.3431,1.1726
2122,2021-08-28,SP1,Elche,Sevilla,D,0.199746,0.291812,0.508442,0.7787,1.4007
2122,2021-08-28,SP1,Sociedad,Levante,H,0.582258,0.23068,0.187062,1.9567,1.0296
2122,2021-08-29,SP1,Ath Madrid,Villarreal,D,0.593367,0.249135,0.157498,1.7316,0.7788
2122,2021-08-29,SP1,Barcelona,Getafe,H,0.697997,0.203472,0.09853,2.0481,0.6394
2122,2021-08-29,SP1,Cadiz,Osasuna,A,0.344376,0.30454,0.351084,1.1286,1.1421
2122,2021-08-29,SP1,Vallecano,Granada,H,0.332974,0.249098,0.417928,1.4856,1.6839
2122,2021-09-11,SP1,Ath Bilbao,Mallorca,H,0.567519,0.25533,0.177151,1.6934,0.8432
2122,2021-09-11,SP1,Levante,Vallecano,D,0.572429,0.224151,0.20342,2.0531,1.1617
2122,2021-09-12,SP1,Cadiz,Sociedad,A,0.236707,0.271515,0.491777,1.0055,1.5531
2122,2021-09-12,SP1,Espanol,Ath Madrid,A,0.131702,0.278998,0.5893,0.5548,1.4691
2122,2021-09-12,SP1,Osasuna,Valencia,A,0.365194,0.292722,0.342084,1.2391,1.1912
2122,2021-09-12,SP1,Real Madrid,Celta,H,0.715949,0.181313,0.102738,2.3447,0.7886
2122,2021-09-13,SP1,Getafe,Elche,A,0.465131,0.332894,0.201975,1.1396,0.6531
2122,2021-09-13,SP1,Granada,Betis,A,0.421571,0.256818,0.321611,1.6151,1.3873
2122,2021-09-17,SP1,Celta,Cadiz,A,0.561154,0.241874,0.196972,1.8409,1.0089
2122,2021-09-18,SP1,Alaves,Osasuna,A,0.344619,0.308313,0.347068,1.1089,1.1138
2122,2021-09-18,SP1,Ath Madrid,Ath Bilbao,D,0.604871,0.269177,0.125952,1.5315,0.5574
2122,2021-09-18,SP1,Elche,Levante,D,0.344114,0.289512,0.366374,1.2152,1.2618
2122,2021-09-18,SP1,Vallecano,Getafe,H,0.303844,0.312287,0.383869,0.9999,1.1578
2122,2021-09-19,SP1,Betis,Espanol,D,0.524318,0.273176,0.202506,1.5459,0.8672
2122,2021-09-19,SP1,Mallorca,Villarreal,D,0.237977,0.240505,0.521519,1.2065,1.8695
2122,2021-09-19,SP1,Sociedad,Sevilla,D,0.379601,0.294619,0.325781,1.2539,1.1429
2122,2021-09-19,SP1,Valencia,Real Madrid,A,0.21121,0.263183,0.525607,0.9513,1.6341
2122,2021-09-20,SP1,Barcelona,Granada,D,0.789907,0.131464,0.078628,3.043,0.93
2122,2021-09-21,SP1,Ath Bilbao,Vallecano,A,0.60018,0.238299,0.161521,1.8415,0.8514
2122,2021-09-21,SP1,Getafe,Ath Madrid,A,0.175663,0.338753,0.485584,0.5613,1.123
2122,2021-09-21,SP1,Levante,Celta,A,0.418548,0.252182,0.32927,1.6545,1.4481
2122,2021-09-22,SP1,Espanol,Alaves,H,0.410429,0.316759,0.272812,1.171,0.9034
2122,2021-09-22,SP1,Real Madrid,Mallorca,H,0.802485,0.138393,0.059122,2.6756,0.6266
2122,2021-09-22,SP1,Sevilla,Valencia,H,0.538827,0.264506,0.196667,1.62,0.8845
2122,2021-09-22,SP1,Villarreal,Elche,H,0.64892,0.21801,0.13307,2.0011,0.7957
2122,2021-09-23,SP1,Cadiz,Barcelona,D,0.113863,0.182125,0.704012,0.875,2.3902
2122,2021-09-23,SP1,Granada,Sociedad,A,0.322531,0.261622,0.415847,1.3525,1.5623
2122,2021-09-23,SP1,Osasuna,Betis,A,0.389024,0.286834,0.324141,1.3212,1.1848
2122,2021-09-25,SP1,Alaves,Ath Madrid,H,0.126837,0.257796,0.615367,0.5964,1.6176
2122,2021-09-25,SP1,Real Madrid,Villarreal,D,0.617345,0.224084,0.158571,1.99,0.9138
2122,2021-09-25,SP1,Sevilla,Espanol,H,0.626488,0.250088,0.123424,1.6738,0.6053
2122,2021-09-25,SP1,Valencia,Ath Bilbao,D,0.411314,0.298264,0.290422,1.2803,1.0342
2122,2021-09-26,SP1,Barcelona,Levante,H,0.792325,0.131552,0.076123,3.0114,0.8959
2122,2021-09-26,SP1,Betis,Getafe,H,0.419924,0.316905,0.26317,1.1817,0.8774
2122,2021-09-26,SP1,Mallorca,Osasuna,A,0.354342,0.286499,0.359159,1.2566,1.2667
2122,2021-09-26,SP1,Sociedad,Elche,H,0.629756,0.233805,0.136439,1.8438,0.7383
2122,2021-09-26,SP1,Vallecano,Cadiz,H,0.415647,0.271677,0.312676,1.4769,1.2519
2122,2021-09-27,SP1,Celta,Granada,H,0.484178,0.240887,0.274935,1.8518,1.357
2122,2021-10-01,SP1,Ath Bilbao,Alaves,H,0.541655,0.279876,0.178468,1.489,0.7441
2122,2021-10-02,SP1,Ath Madrid,Barcelona,H,0.427694,0.284088,0.288219,1.3982,1.1043
2122,2021-10-02,SP1,Cadiz,Valencia,D,0.296148,0.284237,0.419615,1.1262,1.3866
2122,2021-10-02,SP1,Mallorca,Levante,H,0.361377,0.261398,0.377226,1.4561,1.4918
2122,2021-10-02,SP1,Osasuna,Vallecano,H,0.539763,0.251798,0.208439,1.7433,1.0026
2122,2021-10-03,SP1,Elche,Celta,H,0.316328,0.283325,0.400346,1.1864,1.3645
2122,2021-10-03,SP1,Espanol,Real Madrid,H,0.132552,0.25013,0.617318,0.651,1.6884
2122,2021-10-03,SP1,Getafe,Sociedad,D,0.303862,0.328379,0.36776,0.9299,1.0515
2122,2021-10-03,SP1,Granada,Sevilla,H,0.276158,0.273931,0.449911,1.1272,1.502
2122,2021-10-03,SP1,Villarreal,Betis,H,0.555442,0.233049,0.211509,1.9499,1.1376
2122,2021-10-16,SP1,Levante,Getafe,D,0.392515,0.315688,0.291796,1.1525,0.9556
2122,2021-10-16,SP1,Sociedad,Mallorca,H,0.663109,0.203219,0.133672,2.18,0.8846
2122,2021-10-17,SP1,Barcelona,Valencia,H,0.72713,0.166598,0.106272,2.5932,0.9236
2122,2021-10-17,SP1,Celta,Sevilla,A,0.297232,0.276764,0.426003,1.1743,1.4512
2122,2021-10-17,SP1,Vallecano,Elche,H,0.41101,0.282712,0.306278,1.3854,1.1633
2122,2021-10-17,SP1,Villarreal,Osasuna,A,0.575535,0.241577,0.182888,1.8327,0.9421
2122,2021-10-18,SP1,Alaves,Betis,A,0.31826,0.285216,0.396524,1.1798,1.345
2122,2021-10-18,SP1,Espanol,Cadiz,H,0.415418,0.31248,0.272102,1.2008,0.9194
2122,2021-10-22,SP1,Osasuna,Granada,D,0.421158,0.275564,0.303279,1.454,1.1995
2122,2021-10-23,SP1,Ath Bilbao,Villarreal,H,0.362715,0.288732,0.348552,1.2595,1.2298
2122,2021-10-23,SP1,Cadiz,Alaves,A,0.414871,0.29888,0.286249,1.2812,1.0199
2122,2021-10-23,SP1,Elche,Espanol,D,0.386256,0.328045,0.285698,1.0812,0.89
2122,2021-10-23,SP1,Valencia,Mallorca,D,0.589225,0.230853,0.179921,1.9462,0.9907
2122,2021-10-24,SP1,Ath Madrid,Sociedad,D,0.579226,0.263507,0.157267,1.6067,0.7176
2122,2021-10-24,SP1,Barcelona,Real Madrid,A,0.452822,0.258567,0.288611,1.64,1.2697
2122,2021-10-24,SP1,Betis,Vallecano,H,0.60524,0.217371,0.177389,2.1051,1.0667
2122,2021-10-24,SP1,Sevilla,Levante,H,0.607437,0.23402,0.158543,1.8812,0.858
2122,2021-10-25,SP1,Getafe,Celta,A,0.394091,0.310923,0.294986,1.1808,0.9848
2122,2021-10-26,SP1,Alaves,Elche,H,0.413287,0.310237,0.276476,1.2108,0.9407
2122,2021-10-26,SP1,Espanol,Ath Bilbao,D,0.28383,0.330536,0.385634,0.8761,1.0686
2122,2021-10-26,SP1,Villarreal,Cadiz,D,0.660764,0.206647,0.132589,2.1333,0.8563
2122,2021-10-27,SP1,Betis,Valencia,H,0.417282,0.26961,0.313109,1.4962,1.2674
2122,2021-10-27,SP1,Mallorca,Sevilla,D,0.203673,0.260703,0.535624,0.933,1.6561
2122,2021-10-27,SP1,Real Madrid,Osasuna,D,0.707875,0.19915,0.092975,2.0725,0.6192
2122,2021-10-27,SP1,Vallecano,Barcelona,H,0.09519,0.146634,0.758176,0.9837,2.8828
2122,2021-10-28,SP1,Celta,Sociedad,A,0.346338,0.262639,0.391023,1.4091,1.5095
2122,2021-10-28,SP1,Granada,Getafe,D,0.403128,0.310434,0.286438,1.1963,0.9656
2122,2021-10-28,SP1,Levante,Ath Madrid,D,0.168734,0.259351,0.571915,0.7865,1.6512
2122,2021-10-30,SP1,Barcelona,Alaves,D,0.825885,0.12058,0.053535,2.9501,0.6794
2122,2021-10-30,SP1,Elche,Real Madrid,A,0.125203,0.237261,0.637536,0.6618,1.7881
2122,2021-10-30,SP1,Sevilla,Osasuna,H,0.580443,0.261556,0.158001,1.6235,0.7286
2122,2021-10-30,SP1,Valencia,Villarreal,H,0.368355,0.264404,0.367241,1.4475,1.445
2122,2021-10-31,SP1,Ath Madrid,Betis,H,0.672514,0.219108,0.108378,1.9187,0.6372
2122,2021-10-31,SP1,Cadiz,Mallorca,D,0.431687,0.276965,0.291348,1.457,1.1557
2122,2021-10-31,SP1,Getafe,Espanol,H,0.447591,0.343867,0.208542,1.076,0.6424
2122,2021-10-31,SP1,Sociedad,Ath Bilbao,D,0.48048,0.285743,0.233778,1.4341,0.9235
2122,2021-11-01,SP1,Levante,Granada,A,0.444489,0.250183,0.305329,1.7124,1.3899
2122,2021-11-01,SP1,Vallecano,Celta,D,0.308927,0.246186,0.444887,1.4354,1.7544
2122,2021-11-05,SP1,Ath Bilbao,Cadiz,A,0.548087,0.274927,0.176986,1.5269,0.7574
2122,2021-11-06,SP1,Alaves,Levante,H,0.352869,0.281715,0.365417,1.285,1.3118
2122,2021-11-06,SP1,Celta,Barcelona,D,0.184281,0.202589,0.61313,1.2262,2.3231
2122,2021-11-06,SP1,Espanol,Granada,H,0.347185,0.291798,0.361017,1.2079,1.2366
2122,2021-11-06,SP1,Real Madrid,Vallecano,H,0.830126,0.119904,0.04997,2.9096,0.6327
2122,2021-11-07,SP1,Betis,Sevilla,A,0.296663,0.286705,0.416632,1.1134,1.3648
2122,2021-11-07,SP1,Mallorca,Elche,D,0.428535,0.287877,0.283588,1.372,1.0698
2122,2021-11-07,SP1,Osasuna,Sociedad,A,0.300371,0.289742,0.409887,1.1064,1.3343
2122,2021-11-07,SP1,Valencia,Ath Madrid,D,0.20536,0.288775,0.505865,0.8107,1.4219
2122,2021-11-07,SP1,Villarreal,Getafe,H,0.51694,0.285968,0.197092,1.4443,0.7919
2122,2021-11-19,SP1,Levante,Ath Bilbao,D,0.363927,0.291863,0.34421,1.242,1.201
2122,2021-11-20,SP1,Ath Madrid,Osasuna,H,0.677679,0.227141,0.09518,1.8034,0.5277
2122,2021-11-20,SP1,Barcelona,Espanol,H,0.801837,0.138522,0.059641,2.6793,0.632
2122,2021-11-20,SP1,Celta,Villarreal,D,0.349032,0.250499,0.400469,1.5186,1.6383
2122,2021-11-20,SP1,Sevilla,Alaves,D,0.652726,0.22955,0.117724,1.8429,0.6506
2122,2021-11-21,SP1,Elche,Betis,A,0.310575,0.292825,0.3966,1.1158,1.2937
2122,2021-11-21,SP1,Getafe,Cadiz,H,0.474911,0.319492,0.205598,1.2149,0.7028
2122,2021-11-21,SP1,Granada,Real Madrid,A,0.176198,0.232994,0.590809,0.958,1.9175
2122,2021-11-21,SP1,Sociedad,Valencia,D,0.511518,0.25774,0.230742,1.685,1.0613
2122,2021-11-22,SP1,Vallecano,Mallorca,H,0.42577,0.255077,0.319153,1.638,1.3939
2122,2021-11-26,SP1,Ath Bilbao,Granada,D,0.484173,0.273102,0.242726,1.5359,1.0187
2122,2021-11-27,SP1,Alaves,Celta,A,0.324119,0.275914,0.399968,1.2545,1.4186
2122,2021-11-27,SP1,Mallorca,Getafe,D,0.319649,0.322175,0.358176,0.9903,1.0647
2122,2021-11-27,SP1,Valencia,Vallecano,D,0.623046,0.214269,0.162686,2.1164,1.0004
2122,2021-11-27,SP1,Villarreal,Barcelona,A,0.270877,0.231582,0.497542,1.4209,1.9717
2122,2021-11-28,SP1,Betis,Levante,H,0.485407,0.251489,0.263103,1.7375,1.2295
2122,2021-11-28,SP1,Cadiz,Ath Madrid,A,0.125284,0.252325,0.622391,0.607,1.6587
2122,2021-11-28,SP1,Espanol,Sociedad,H,0.241935,0.292521,0.465543,0.9191,1.3756
2122,2021-11-28,SP1,Real Madrid,Sevilla,H,0.537436,0.273831,0.188733,1.5389,0.8095
2122,2021-11-29,SP1,Osasuna,Elche,D,0.482882,0.296988,0.22013,1.3559,0.8287
2122,2021-12-01,SP1,Real Madrid,Ath Bilbao,H,0.633251,0.240576,0.126174,1.7601,0.6541
2122,2021-12-03,SP1,Granada,Alaves,H,0.529268,0.25396,0.216772,1.7232,1.026
2122,2021-12-04,SP1,Ath Madrid,Mallorca,A,0.773262,0.163549,0.063189,2.3282,0.534
2122,2021-12-04,SP1,Barcelona,Betis,A,0.754384,0.151938,0.093678,2.765,0.9186
2122,2021-12-04,SP1,Sevilla,Villarreal,H,0.476605,0.269861,0.253534,1.5588,1.0753
2122,2021-12-04,SP1,Sociedad,Real Madrid,A,0.267406,0.279708,0.452886,1.0656,1.4591
2122,2021-12-05,SP1,Celta,Valencia,A,0.420799,0.260721,0.31848,1.5781,1.3476
2122,2021-12-05,SP1,Elche,Cadiz,H,0.408353,0.307413,0.284235,1.2207,0.9737
2122,2021-12-05,SP1,Levante,Osasuna,D,0.437342,0.27715,0.285507,1.4624,1.137
2122,2021-12-05,SP1,Vallecano,Espanol,H,0.394272,0.290075,0.315653,1.3081,1.1443
2122,2021-12-06,SP1,Getafe,Ath Bilbao,D,0.340261,0.358325,0.301414,0.8864,0.8168
2122,2021-12-10,SP1,Mallorca,Celta,D,0.330258,0.255703,0.414039,1.4216,1.6133
2122,2021-12-11,SP1,Alaves,Getafe,D,0.309871,0.34632,0.343809,0.8739,0.9362
2122,2021-12-11,SP1,Ath Bilbao,Sevilla,A,0.309689,0.32098,0.369332,0.974,1.0894
2122,2021-12-11,SP1,Espanol,Levante,H,0.35302,0.295912,0.351068,1.1954,1.1914
2122,2021-12-11,SP1,Valencia,Elche,H,0.560118,0.26074,0.179142,1.6461,0.8269
2122,2021-12-12,SP1,Betis,Sociedad,H,0.344987,0.271824,0.383189,1.336,1.4196
2122,2021-12-12,SP1,Osasuna,Barcelona,D,0.161839,0.219217,0.618944,0.9628,2.0535
2122,2021-12-12,SP1,Real Madrid,Ath Madrid,H,0.394347,0.32354,0.282113,1.1146,0.8992
2122,2021-12-12,SP1,Villarreal,Vallecano,H,0.715449,0.170569,0.113982,2.5729,0.9626
2122,2021-12-13,SP1,Cadiz,Granada,D,0.345788,0.274101,0.380111,1.3215,1.3962
2122,2021-12-17,SP1,Celta,Espanol,H,0.531984,0.263501,0.204515,1.6305,0.9222
2122,2021-12-18,SP1,Barcelona,Elche,H,0.819739,0.126289,0.053972,2.8376,0.6425
2122,2021-12-18,SP1,Sevilla,Ath Madrid,H,0.284936,0.33201,0.383054,0.8731,1.0581
2122,2021-12-18,SP1,Sociedad,Villarreal,A,0.443762,0.259445,0.296793,1.6214,1.2902
2122,2021-12-18,SP1,Vallecano,Alaves,H,0.410889,0.27538,0.313732,1.4403,1.2301
2122,2021-12-19,SP1,Ath Bilbao,Betis,H,0.449878,0.287822,0.262301,1.3956,1.0062
2122,2021-12-19,SP1,Getafe,Osasuna,H,0.402836,0.341054,0.25611,1.0437,0.7733
2122,2021-12-19,SP1,Granada,Mallorca,H,0.551891,0.232425,0.215684,1.9598,1.1626
2122,2021-12-19,SP1,Real Madrid,Cadiz,D,0.779415,0.157445,0.063139,2.4124,0.5628
2122,2021-12-20,SP1,Levante,Valencia,A,0.384256,0.267079,0.348665,1.4593,1.3803
2122,2021-12-21,SP1,Sevilla,Barcelona,D,0.305793,0.267782,0.426425,1.2587,1.5248
2122,2021-12-21,SP1,Villarreal,Alaves,H,0.65385,0.211505,0.134645,2.0804,0.8413
2122,2021-12-22,SP1,Ath Bilbao,Real Madrid,A,0.214577,0.292563,0.49286,0.8278,1.3908
2122,2021-12-22,SP1,Granada,Ath Madrid,H,0.173818,0.257821,0.568361,0.8164,1.6685
2122,2021-12-31,SP1,Valencia,Espanol,A,0.5404,0.271929,0.187671,1.5542,0.8134
2122,2022-01-02,SP1,Alaves,Sociedad,D,0.238159,0.275797,0.486044,0.988,1.5146
2122,2022-01-02,SP1,Ath Madrid,Vallecano,H,0.801943,0.143763,0.054294,2.5317,0.5392
2122,2022-01-02,SP1,Betis,Celta,A,0.453508,0.252839,0.293653,1.6963,1.3296
2122,2022-01-02,SP1,Elche,Granada,D,0.338018,0.285266,0.376716,1.228,1.3097
2122,2022-01-02,SP1,Getafe,Real Madrid,H,0.181684,0.308693,0.509623,0.6586,1.2906
2122,2022-01-02,SP1,Mallorca,Barcelona,A,0.109886,0.164596,0.725518,0.9742,2.651
2122,2022-01-03,SP1,Cadiz,Sevilla,A,0.20238,0.279618,0.518002,0.838,1.4932
2122,2022-01-03,SP1,Osasuna,Ath Bilbao,A,0.345017,0.319277,0.335706,1.0546,1.0365
2122,2022-01-03,SP1,Villarreal,Levante,H,0.599222,0.216771,0.184007,2.1237,1.1095
2122,2022-01-08,SP1,Granada,Barcelona,D,0.166223,0.19442,0.639357,1.177,2.4044
2122,2022-01-08,SP1,Levante,Mallorca,H,0.53854,0.238747,0.222712,1.888,1.1505
2122,2022-01-08,SP1,Real Madrid,Valencia,H,0.673513,0.208205,0.118282,2.0681,0.7517
2122,2022-01-08,SP1,Sociedad,Celta,H,0.552202,0.236416,0.211381,1.9104,1.1134
2122,2022-01-09,SP1,Alaves,Ath Bilbao,D,0.283143,0.313936,0.402921,0.9418,1.1766
2122,2022-01-09,SP1,Osasuna,Cadiz,H,0.49148,0.284952,0.223568,1.4454,0.8918
2122,2022-01-09,SP1,Sevilla,Getafe,H,0.51935,0.310797,0.169853,1.2794,0.6124
2122,2022-01-09,SP1,Vallecano,Betis,D,0.304136,0.254691,0.441173,1.3499,1.6633
2122,2022-01-09,SP1,Villarreal,Ath Madrid,D,0.261367,0.29135,0.447283,0.9856,1.3682
2122,2022-01-10,SP1,Espanol,Elche,A,0.408797,0.324951,0.266252,1.1264,0.8543
2122,2022-01-16,SP1,Elche,Villarreal,H,0.232786,0.268582,0.498633,1.007,1.5812
2122,2022-01-18,SP1,Betis,Alaves,H,0.547111,0.255609,0.19728,1.7021,0.9323
2122,2022-01-18,SP1,Cadiz,Espanol,D,0.397402,0.314929,0.28767,1.1636,0.9488
2122,2022-01-19,SP1,Celta,Osasuna,H,0.474268,0.267068,0.258665,1.5815,1.11
2122,2022-01-19,SP1,Valencia,Sevilla,D,0.314176,0.293802,0.392021,1.1194,1.28
2122,2022-01-20,SP1,Getafe,Granada,H,0.415479,0.30876,0.275761,1.2221,0.9453
2122,2022-01-21,SP1,Espanol,Betis,A,0.319451,0.300124,0.380424,1.0976,1.2215
2122,2022-01-22,SP1,Ath Madrid,Valencia,H,0.645812,0.234666,0.119522,1.7995,0.6406
2122,2022-01-22,SP1,Levante,Cadiz,A,0.522422,0.256081,0.221497,1.7023,1.0334
2122,2022-01-22,SP1,Sevilla,Celta,D,0.579943,0.240853,0.179204,1.8367,0.9279
2122,2022-01-22,SP1,Villarreal,Mallorca,H,0.681953,0.188568,0.129479,2.366,0.9533
2122,2022-01-23,SP1,Alaves,Barcelona,A,0.116006,0.186929,0.697064,0.8598,2.331
2122,2022-01-23,SP1,Granada,Osasuna,A,0.449097,0.271886,0.279017,1.518,1.1489
2122,2022-01-23,SP1,Real Madrid,Elche,D,0.765555,0.169556,0.064888,2.263,0.5229
2122,2022-01-23,SP1,Sociedad,Getafe,D,0.500466,0.301885,0.197649,1.3308,0.7348
2122,2022-01-23,SP1,Vallecano,Ath Bilbao,A,0.27121,0.279734,0.449056,1.0775,1.4551
2122,2022-02-04,SP1,Getafe,Levante,H,0.420075,0.311942,0.267983,1.2094,0.9107
2122,2022-02-05,SP1,Celta,Vallecano,H,0.613279,0.208805,0.177916,2.2203,1.1342
2122,2022-02-05,SP1,Elche,Alaves,H,0.403499,0.311565,0.284937,1.1905,0.9567
2122,2022-02-05,SP1,Mallorca,Cadiz,H,0.434161,0.276638,0.289201,1.4626,1.1513
2122,2022-02-05,SP1,Osasuna,Sevilla,D,0.258317,0.303031,0.438652,0.9221,1.2828
2122,2022-02-06,SP1,Barcelona,Ath Madrid,H,0.427436,0.284122,0.288442,1.3976,1.1048
2122,2022-02-06,SP1,Betis,Villarreal,A,0.348042,0.259381,0.392577,1.4397,1.5407
2122,2022-02-06,SP1,Real Madrid,Granada,H,0.737053,0.171201,0.091746,2.4267,0.7569
2122,2022-02-06,SP1,Valencia,Sociedad,D,0.364265,0.276907,0.358828,1.3432,1.3314
2122,2022-02-07,SP1,Ath Bilbao,Espanol,H,0.518188,0.299098,0.182714,1.3524,0.6922
2122,2022-02-11,SP1,Sevilla,Elche,H,0.646664,0.236876,0.116459,1.7727,0.6153
2122,2022-02-12,SP1,Ath Madrid,Getafe,H,0.609614,0.282824,0.107562,1.4212,0.4435
2122,2022-02-12,SP1,Cadiz,Celta,D,0.323151,0.27227,0.404579,1.2768,1.4546
2122,2022-02-12,SP1,Vallecano,Osasuna,A,0.335666,0.278161,0.386173,1.2688,1.3775
2122,2022-02-12,SP1,Villarreal,Real Madrid,D,0.271842,0.266909,0.461249,1.1565,1.5724
2122,2022-02-13,SP1,Alaves,Valencia,H,0.29712,0.288137,0.414743,1.1065,1.3522
2122,2022-02-13,SP1,Espanol,Barcelona,D,0.12323,0.205477,0.671293,0.7998,2.1171
2122,2022-02-13,SP1,Levante,Betis,A,0.41001,0.261255,0.328735,1.556,1.3729
2122,2022-02-13,SP1,Sociedad,Granada,H,0.577513,0.229479,0.193008,1.9772,1.0687
2122,2022-02-14,SP1,Mallorca,Ath Bilbao,H,0.288964,0.291191,0.419845,1.0672,1.3381
2122,2022-02-16,SP1,Ath Madrid,Levante,A,0.710544,0.197299,0.092156,2.0897,0.6215
2122,2022-02-18,SP1,Elche,Vallecano,H,0.449619,0.277604,0.272777,1.4723,1.0947
2122,2022-02-19,SP1,Cadiz,Getafe,D,0.309904,0.342073,0.348023,0.8894,0.9599
2122,2022-02-19,SP1,Granada,Villarreal,A,0.324261,0.249312,0.426427,1.4576,1.6956
2122,2022-02-19,SP1,Osasuna,Ath Madrid,A,0.16653,0.288259,0.54521,0.6678,1.425
2122,2022-02-19,SP1,Real Madrid,Alaves,H,0.772569,0.162676,0.064756,2.3527,0.5529
2122,2022-02-20,SP1,Ath Bilbao,Sociedad,H,0.357725,0.302107,0.340168,1.1687,1.1332
2122,2022-02-20,SP1,Betis,Mallorca,H,0.571271,0.233231,0.195497,1.9358,1.0564
2122,2022-02-20,SP1,Espanol,Sevilla,D,0.207659,0.302567,0.489774,0.766,1.3225
2122,2022-02-20,SP1,Valencia,Barcelona,A,0.205439,0.22462,0.569941,1.1688,2.049
2122,2022-02-21,SP1,Celta,Levante,D,0.490549,0.242929,0.266522,1.8326,1.3073
2122,2022-02-25,SP1,Levante,Elche,H,0.514031,0.267232,0.218737,1.5968,0.9602
2122,2022-02-26,SP1,Ath Madrid,Celta,H,0.6881,0.206582,0.105319,2.0402,0.6721
2122,2022-02-26,SP1,Getafe,Alaves,D,0.46902,0.32445,0.20653,1.1848,0.6905
2122,2022-02-26,SP1,Mallorca,Valencia,A,0.302257,0.266951,0.430792,1.2539,1.5378
2122,2022-02-26,SP1,Vallecano,Real Madrid,A,0.108276,0.186613,0.705111,0.8007,2.299
2122,2022-02-27,SP1,Barcelona,Ath Bilbao,H,0.687615,0.196176,0.116209,2.2071,0.8036
2122,2022-02-27,SP1,Sevilla,Betis,H,0.566368,0.252051,0.181581,1.7273,0.8798
2122,2022-02-27,SP1,Sociedad,Osasuna,H,0.558431,0.256417,0.185151,1.6886,0.8742
2122,2022-02-27,SP1,Villarreal,Espanol,H,0.628382,0.230243,0.141375,1.8895,0.7827
2122,2022-02-28,SP1,Granada,Cadiz,D,0.535379,0.249639,0.214982,1.767,1.0442
2122,2022-03-02,SP1,Mallorca,Sociedad,A,0.239199,0.253864,0.506936,1.1195,1.7225
2122,2022-03-04,SP1,Alaves,Sevilla,D,0.203801,0.284307,0.511892,0.8234,1.4562
2122,2022-03-05,SP1,Espanol,Getafe,H,0.307803,0.363383,0.328814,0.813,0.8502
2122,2022-03-05,SP1,Osasuna,Villarreal,H,0.302473,0.276323,0.421204,1.1923,1.4481
2122,2022-03-05,SP1,Real Madrid,Sociedad,H,0.603698,0.237431,0.158871,1.8465,0.842
2122,2022-03-05,SP1,Valencia,Granada,H,0.499353,0.249505,0.251142,1.7652,1.1969
2122,2022-03-06,SP1,Betis,Ath Madrid,A,0.191006,0.276711,0.532283,0.8064,1.5161
2122,2022-03-06,SP1,Cadiz,Vallecano,H,0.461915,0.265614,0.272471,1.5844,1.167
2122,2022-03-06,SP1,Celta,Mallorca,H,0.578805,0.224501,0.196694,2.0418,1.1233
2122,2022-03-06,SP1,Elche,Barcelona,A,0.115021,0.193107,0.691872,0.8131,2.2422
2122,2022-03-07,SP1,Ath Bilbao,Levante,H,0.489063,0.275324,0.235613,1.52,0.9814
2122,2022-03-11,SP1,Ath Madrid,Cadiz,H,0.748768,0.184491,0.066741,2.0992,0.4796
2122,2022-03-12,SP1,Getafe,Valencia,D,0.362623,0.328743,0.308634,1.0415,0.9388
2122,2022-03-12,SP1,Granada,Elche,A,0.526763,0.260677,0.21256,1.6575,0.9703
2122,2022-03-12,SP1,Levante,Espanol,D,0.494905,0.277137,0.227958,1.5078,0.9445
2122,2022-03-12,SP1,Villarreal,Celta,H,0.568112,0.222971,0.208917,2.0734,1.1999
2122,2022-03-13,SP1,Barcelona,Osasuna,H,0.76307,0.155528,0.081402,2.5988,0.7607
2122,2022-03-13,SP1,Betis,Ath Bilbao,H,0.393869,0.295298,0.310833,1.2734,1.1028
2122,2022-03-13,SP1,Sociedad,Alaves,H,0.634849,0.226955,0.138196,1.9169,0.7807
2122,2022-03-13,SP1,Vallecano,Sevilla,D,0.18684,0.24499,0.568169,0.9421,1.8009
2122,2022-03-14,SP1,Mallorca,Real Madrid,A,0.122179,0.205422,0.672399,0.793,2.1142
2122,2022-03-18,SP1,Ath Bilbao,Getafe,D,0.418221,0.347414,0.234365,1.0338,0.7004
2122,2022-03-19,SP1,Alaves,Granada,A,0.346536,0.277635,0.375829,1.2985,1.3616
2122,2022-03-19,SP1,Elche,Valencia,A,0.290086,0.2957,0.414214,1.0465,1.3007
2122,2022-03-19,SP1,Osasuna,Levante,H,0.42696,0.278522,0.294518,1.4389,1.1556
2122,2022-03-19,SP1,Vallecano,Ath Madrid,A,0.110546,0.211916,0.677539,0.6824,2.0005
2122,2022-03-20,SP1,Cadiz,Villarreal,H,0.236061,0.257561,0.506378,1.0837,1.6856
2122,2022-03-20,SP1,Celta,Betis,D,0.447898,0.253564,0.298538,1.6827,1.3404
2122,2022-03-20,SP1,Espanol,Mallorca,H,0.428187,0.293668,0.278145,1.3318,1.0236
2122,2022-03-20,SP1,Real Madrid,Barcelona,A,0.438962,0.26037,0.300669,1.6069,1.2958
2122,2022-03-20,SP1,Sevilla,Sociedad,D,0.467325,0.28295,0.249725,1.4465,0.9907
2122,2022-04-02,SP1,Ath Madrid,Alaves,H,0.741638,0.190137,0.068225,2.0471,0.4712
2122,2022-04-02,SP1,Celta,Real Madrid,A,0.193022,0.240514,0.566464,0.998,1.8527
2122,2022-04-02,SP1,Getafe,Mallorca,H,0.492523,0.298912,0.208565,1.3474,0.7825
2122,2022-04-02,SP1,Levante,Villarreal,H,0.314628,0.252096,0.433276,1.4042,1.678
2122,2022-04-03,SP1,Ath Bilbao,Elche,H,0.53731,0.287487,0.175203,1.4323,0.7037
2122,2022-04-03,SP1,Barcelona,Sevilla,H,0.584655,0.232613,0.182732,1.9297,0.9946
2122,2022-04-03,SP1,Betis,Osasuna,H,0.468638,0.276302,0.255059,1.4995,1.0439
2122,2022-04-03,SP1,Granada,Vallecano,D,0.58614,0.217545,0.196314,2.1311,1.1739
2122,2022-04-03,SP1,Valencia,Cadiz,D,0.570365,0.249112,0.180523,1.7548,0.8899
2122,2022-04-04,SP1,Sociedad,Espanol,H,0.609436,0.246185,0.14438,1.7409,0.7262
2122,2022-04-08,SP1,Sevilla,Granada,H,0.603676,0.232877,0.163447,1.9009,0.8907
2122,2022-04-09,SP1,Cadiz,Betis,A,0.317399,0.281471,0.401129,1.2008,1.3791
2122,2022-04-09,SP1,Mallorca,Ath Madrid,H,0.12338,0.231325,0.645294,0.6758,1.8396
2122,2022-04-09,SP1,Real Madrid,Getafe,H,0.64087,0.251594,0.107536,1.6333,0.5204
2122,2022-04-09,SP1,Villarreal,Ath Bilbao,D,0.495145,0.27129,0.233565,1.5565,0.9952
2122,2022-04-10,SP1,Elche,Sociedad,A,0.233116,0.282965,0.483919,0.9344,1.4569
2122,2022-04-10,SP1,Espanol,Celta,H,0.325669,0.290417,0.383914,1.167,1.2884
2122,2022-04-10,SP1,Levante,Barcelona,A,0.160843,0.195026,0.644131,1.1339,2.3795
2122,2022-04-10,SP1,Osasuna,Alaves,H,0.485661,0.28946,0.224879,1.4096,0.8762
2122,2022-04-11,SP1,Vallecano,Valencia,D,0.282357,0.256123,0.46152,1.2661,1.6723
2122,2022-04-15,SP1,Sociedad,Betis,D,0.539649,0.246778,0.213573,1.7966,1.0556
2122,2022-04-16,SP1,Alaves,Vallecano,H,0.461509,0.268729,0.269762,1.5568,1.1381
2122,2022-04-16,SP1,Elche,Mallorca,H,0.420298,0.288975,0.290727,1.3539,1.0841
2122,2022-04-16,SP1,Getafe,Villarreal,A,0.30775,0.313773,0.378477,1.0021,1.1412
2122,2022-04-16,SP1,Valencia,Osasuna,A,0.486361,0.276688,0.23695,1.5075,0.9791
2122,2022-04-17,SP1,Ath Bilbao,Celta,A,0.460481,0.27741,0.262109,1.484,1.0613
2122,2022-04-17,SP1,Ath Madrid,Espanol,H,0.714459,0.212188,0.073352,1.8593,0.4384
2122,2022-04-17,SP1,Granada,Levante,A,0.463402,0.247746,0.288853,1.759,1.3531
2122,2022-04-17,SP1,Sevilla,Real Madrid,A,0.299731,0.305045,0.395225,1.0245,1.216
2122,2022-04-18,SP1,Barcelona,Cadiz,A,0.832122,0.116024,0.051854,3.025,0.6914
2122,2022-04-19,SP1,Betis,Elche,A,0.543872,0.262474,0.193654,1.6373,0.8817
2122,2022-04-19,SP1,Mallorca,Alaves,H,0.429133,0.280532,0.290335,1.4264,1.1312
2122,2022-04-19,SP1,Villarreal,Valencia,H,0.526477,0.244075,0.229449,1.8288,1.1438
2122,2022-04-20,SP1,Ath Madrid,Granada,D,0.708677,0.196465,0.094858,2.1116,0.6451
2122,2022-04-20,SP1,Celta,Getafe,A,0.425497,0.306671,0.267832,1.2464,0.933
2122,2022-04-20,SP1,Osasuna,Real Madrid,A,0.169686,0.260999,0.569315,0.7836,1.6376
2122,2022-04-21,SP1,Cadiz,Ath Bilbao,A,0.282463,0.309754,0.407783,0.9585,1.2065
2122,2022-04-21,SP1,Espanol,Vallecano,A,0.457548,0.28167,0.260783,1.4482,1.0336
2122,2022-04-21,SP1,Levante,Sevilla,A,0.268103,0.276523,0.455374,1.0859,1.4865
2122,2022-04-21,SP1,Sociedad,Barcelona,A,0.267444,0.243146,0.48941,1.3092,1.8295
2122,2022-04-24,SP1,Barcelona,Vallecano,A,0.877286,0.083929,0.038785,3.6484,0.7773
2122,2022-04-29,SP1,Sevilla,Cadiz,D,0.659782,0.224243,0.115974,1.8897,0.6622
2122,2022-04-30,SP1,Alaves,Villarreal,H,0.237707,0.261745,0.500548,1.0648,1.6439
2122,2022-04-30,SP1,Ath Bilbao,Ath Madrid,H,0.207114,0.320128,0.472758,0.7054,1.2102
2122,2022-04-30,SP1,Real Madrid,Espanol,H,0.746413,0.183134,0.070452,2.1367,0.5144
2122,2022-04-30,SP1,Valencia,Levante,D,0.505015,0.251439,0.243547,1.7469,1.1531
2122,2022-05-01,SP1,Barcelona,Mallorca,H,0.852618,0.099935,0.047447,3.355,0.7698
2122,2022-05-01,SP1,Elche,Osasuna,D,0.335835,0.316761,0.347405,1.0487,1.0714
2122,2022-05-01,SP1,Granada,Celta,D,0.430411,0.247781,0.321807,1.7174,1.4632
2122,2022-05-01,SP1,Vallecano,Sociedad,D,0.220222,0.23998,0.539798,1.1304,1.8732
2122,2022-05-02,SP1,Getafe,Betis,D,0.384963,0.321678,0.293359,1.1105,0.9337
2122,2022-05-06,SP1,Levante,Sociedad,H,0.313117,0.264598,0.422285,1.303,1.5461
2122,2022-05-07,SP1,Ath Bilbao,Valencia,D,0.424621,0.296478,0.278901,1.3089,1.0116
2122,2022-05-07,SP1,Betis,Barcelona,A,0.187625,0.212641,0.599734,1.1626,2.1848
2122,2022-05-07,SP1,Cadiz,Elche,H,0.413877,0.306666,0.279457,1.2323,0.9646
2122,2022-05-07,SP1,Celta,Alaves,H,0.55482,0.246315,0.198865,1.7953,0.9913
2122,2022-05-07,SP1,Mallorca,Granada,A,0.354322,0.25751,0.388168,1.4713,1.5485
2122,2022-05-08,SP1,Ath Madrid,Real Madrid,H,0.40594,0.321953,0.272107,1.138,0.8807
2122,2022-05-08,SP1,Espanol,Osasuna,D,0.34343,0.323524,0.333046,1.0316,1.0116
2122,2022-05-08,SP1,Getafe,Vallecano,D,0.523057,0.283235,0.193708,1.4653,0.7901
2122,2022-05-08,SP1,Villarreal,Sevilla,D,0.389617,0.281308,0.329075,1.3609,1.2317
2122,2022-05-10,SP1,Barcelona,Celta,H,0.768999,0.141423,0.089578,2.9401,0.9689
2122,2022-05-10,SP1,Granada,Ath Bilbao,H,0.374192,0.287613,0.338195,1.2892,1.2136
2122,2022-05-10,SP1,Valencia,Betis,A,0.463354,0.263583,0.273063,1.604,1.1823
2122,2022-05-11,SP1,Alaves,Espanol,H,0.396866,0.318609,0.284525,1.1433,0.9253
2122,2022-05-11,SP1,Elche,Ath Madrid,A,0.125143,0.265666,0.60919,0.564,1.5559
2122,2022-05-11,SP1,Osasuna,Getafe,D,0.369111,0.345745,0.285144,0.9786,0.8247
2122,2022-05-11,SP1,Sevilla,Mallorca,D,0.682591,0.204256,0.113154,2.0959,0.7372
2122,2022-05-12,SP1,Real Madrid,Levante,H,0.73927,0.171709,0.089021,2.4016,0.7292
2122,2022-05-12,SP1,Sociedad,Cadiz,H,0.641748,0.221976,0.136277,1.9656,0.7945
2122,2022-05-12,SP1,Vallecano,Villarreal,A,0.218059,0.226634,0.555307,1.2183,2.033
2122,2022-05-14,SP1,Espanol,Valencia,D,0.298817,0.303591,0.397592,1.0294,1.2281
2122,2022-05-15,SP1,Ath Bilbao,Osasuna,H,0.469151,0.302505,0.228344,1.3117,0.8333
2122,2022-05-15,SP1,Ath Madrid,Sevilla,D,0.515043,0.301082,0.183875,1.3391,0.6899
2122,2022-05-15,SP1,Betis,Granada,H,0.479352,0.249351,0.271297,1.7557,1.2762
2122,2022-05-15,SP1,Cadiz,Real Madrid,D,0.124875,0.224937,0.650188,0.7122,1.9062
2122,2022-05-15,SP1,Celta,Elche,H,0.551798,0.252949,0.195253,1.7269,0.9375
2122,2022-05-15,SP1,Getafe,Barcelona,D,0.178335,0.263879,0.557786,0.8092,1.6183
2122,2022-05-15,SP1,Levante,Alaves,H,0.516418,0.260389,0.223193,1.6601,1.0153
2122,2022-05-15,SP1,Mallorca,Vallecano,H,0.477348,0.248419,0.274233,1.7641,1.2943
2122,2022-05-15,SP1,Villarreal,Sociedad,A,0.448566,0.25882,0.292614,1.6329,1.2811
2122,2022-05-20,SP1,Real Madrid,Betis,D,0.700717,0.193019,0.106265,2.2051,0.7477
2122,2022-05-20,SP1,Vallecano,Levante,A,0.340392,0.253312,0.406296,1.4702,1.6223
2122,2022-05-21,SP1,Valencia,Celta,H,0.473797,0.253846,0.272357,1.7055,1.247
2122,2022-05-22,SP1,Alaves,Cadiz,A,0.419368,0.298276,0.282357,1.2908,1.0123
2122,2022-05-22,SP1,Barcelona,Villarreal,A,0.66765,0.184848,0.147502,2.4953,1.1228
2122,2022-05-22,SP1,Elche,Getafe,H,0.301696,0.355504,0.3428,0.8265,0.9005
2122,2022-05-22,SP1,Granada,Espanol,D,0.507348,0.270728,0.221924,1.5651,0.9544
2122,2022-05-22,SP1,Osasuna,Mallorca,A,0.507615,0.266404,0.225981,1.6031,0.9929
2122,2022-05-22,SP1,Sevilla,Ath Bilbao,H,0.504746,0.294843,0.200411,1.3788,0.7696
2122,2022-05-22,SP1,Sociedad,Ath Madrid,A,0.256638,0.305111,0.438252,0.9081,1.2696
2223,2022-08-12,SP1,Osasuna,Sevilla,H,0.226617,0.311474,0.461908,0.8126,1.2745
2223,2022-08-13,SP1,Barcelona,Vallecano,D,0.760436,0.162794,0.07677,2.4843,0.6896
2223,2022-08-13,SP1,Celta,Espanol,D,0.515695,0.276468,0.207838,1.5462,0.8949
2223,2022-08-13,SP1,Valladolid,Villarreal,A,0.204965,0.27544,0.519595,0.8884,1.555
2223,2022-08-14,SP1,Almeria,Real Madrid,A,0.161673,0.249322,0.589005,0.8201,1.7649
2223,2022-08-14,SP1,Cadiz,Sociedad,A,0.273715,0.318496,0.407789,0.9186,1.1807
2223,2022-08-14,SP1,Valencia,Girona,H,0.527671,0.259709,0.21262,1.6975,1.0002
2223,2022-08-15,SP1,Ath Bilbao,Mallorca,D,0.595038,0.256638,0.148323,1.6827,0.7225
2223,2022-08-15,SP1,Betis,Elche,H,0.586779,0.247387,0.165834,1.7883,0.8501
2223,2022-08-15,SP1,Getafe,Ath Madrid,A,0.218996,0.328155,0.452849,0.7319,1.174
2223,2022-08-19,SP1,Espanol,Vallecano,A,0.413279,0.311908,0.274813,1.2247,0.95
2223,2022-08-19,SP1,Sevilla,Valladolid,D,0.646799,0.247088,0.106113,1.6898,0.5417
2223,2022-08-20,SP1,Celta,Real Madrid,A,0.188967,0.253588,0.557445,0.9292,1.7484
2223,2022-08-20,SP1,Mallorca,Betis,A,0.23722,0.26214,0.500641,1.0861,1.6711
2223,2022-08-20,SP1,Osasuna,Cadiz,H,0.431529,0.312967,0.255504,1.2393,0.8923
2223,2022-08-21,SP1,Ath Bilbao,Valencia,H,0.461926,0.297191,0.240883,1.3665,0.9163
2223,2022-08-21,SP1,Ath Madrid,Villarreal,A,0.504786,0.265334,0.22988,1.6424,1.0386
2223,2022-08-21,SP1,Sociedad,Barcelona,A,0.277389,0.279318,0.443293,1.1247,1.481
2223,2022-08-22,SP1,Elche,Almeria,D,0.378015,0.309629,0.312356,1.1866,1.0551
2223,2022-08-22,SP1,Girona,Getafe,H,0.349397,0.337878,0.312726,0.9984,0.9295
2223,2022-08-26,SP1,Betis,Osasuna,H,0.570057,0.25447,0.175473,1.7303,0.8619
2223,2022-08-26,SP1,Girona,Celta,A,0.343678,0.288153,0.368169,1.2491,1.301
2223,2022-08-27,SP1,Almeria,Sevilla,H,0.247875,0.311038,0.441087,0.8783,1.2602
2223,2022-08-27,SP1,Elche,Sociedad,A,0.282358,0.314317,0.403326,0.9591,1.198
2223,2022-08-27,SP1,Vallecano,Mallorca,A,0.478445,0.284755,0.2368,1.4676,0.9612
2223,2022-08-28,SP1,Barcelona,Valladolid,H,0.774119,0.159085,0.066795,2.4571,0.6109
2223,2022-08-28,SP1,Espanol,Real Madrid,A,0.133246,0.235444,0.63131,0.7339,1.8521
2223,2022-08-28,SP1,Getafe,Villarreal,D,0.269325,0.318972,0.411703,0.9052,1.1829
2223,2022-08-29,SP1,Cadiz,Ath Bilbao,A,0.288976,0.332504,0.37852,0.8991,1.0692
2223,2022-08-29,SP1,Valencia,Ath Madrid,A,0.249172,0.278279,0.47255,1.0375,1.5151
2223,2022-09-02,SP1,Celta,Cadiz,H,0.513584,0.279891,0.206525,1.5178,0.874
2223,2022-09-03,SP1,Mallorca,Girona,D,0.381917,0.286466,0.331617,1.3385,1.2316
2223,2022-09-03,SP1,Real Madrid,Betis,H,0.657139,0.211975,0.130886,2.0986,0.8375
2223,2022-09-03,SP1,Sevilla,Barcelona,A,0.353057,0.293381,0.353562,1.2366,1.2376
2223,2022-09-03,SP1,Sociedad,Ath Madrid,D,0.301881,0.310329,0.38779,1.0266,1.1983
2223,2022-09-04,SP1,Ath Bilbao,Espanol,A,0.524675,0.295035,0.180291,1.4032,0.7146
2223,2022-09-04,SP1,Osasuna,Vallecano,H,0.433607,0.308838,0.257555,1.2661,0.9156
2223,2022-09-04,SP1,Valencia,Getafe,H,0.428593,0.32269,0.248717,1.1816,0.835
2223,2022-09-04,SP1,Villarreal,Elche,H,0.650691,0.219324,0.129985,2.0118,0.792
2223,2022-09-05,SP1,Valladolid,Almeria,H,0.333695,0.323665,0.34264,1.0332,1.0506
2223,2022-09-09,SP1,Girona,Valladolid,H,0.447716,0.303589,0.248695,1.3125,0.9123
2223,2022-09-10,SP1,Ath Madrid,Celta,H,0.624346,0.233297,0.142357,1.8922,0.7952
2223,2022-09-10,SP1,Cadiz,Barcelona,A,0.158069,0.236455,0.605476,0.8657,1.8876
2223,2022-09-10,SP1,Espanol,Sevilla,A,0.211577,0.305723,0.4827,0.786,1.3224
2223,2022-09-10,SP1,Vallecano,Valencia,H,0.344537,0.297779,0.357683,1.1919,1.219
2223,2022-09-11,SP1,Betis,Villarreal,H,0.385912,0.269682,0.344405,1.4711,1.3788
2223,2022-09-11,SP1,Elche,Ath Bilbao,A,0.298008,0.32783,0.374162,0.9387,1.085
2223,2022-09-11,SP1,Getafe,Sociedad,H,0.306468,0.355772,0.337761,0.8508,0.9075
2223,2022-09-11,SP1,Real Madrid,Mallorca,H,0.834796,0.120358,0.044845,2.8612,0.576
2223,2022-09-12,SP1,Almeria,Osasuna,A,0.443178,0.302527,0.254294,1.3151,0.9339
2223,2022-09-16,SP1,Valladolid,Cadiz,A,0.372536,0.331616,0.295848,1.0644,0.9183
2223,2022-09-17,SP1,Ath Bilbao,Vallecano,H,0.525362,0.29446,0.180178,1.4072,0.7162
2223,2022-09-17,SP1,Barcelona,Elche,H,0.755121,0.165327,0.079552,2.4676,0.7016
2223,2022-09-17,SP1,Mallorca,Almeria,H,0.330099,0.294875,0.375026,1.1767,1.2701
2223,2022-09-17,SP1,Valencia,Celta,H,0.432621,0.278087,0.289292,1.4783,1.1688
2223,2022-09-18,SP1,Ath Madrid,Real Madrid,A,0.346413,0.296321,0.357266,1.2046,1.2271
2223,2022-09-18,SP1,Betis,Girona,H,0.609031,0.231225,0.159744,1.9461,0.9034
2223,2022-09-18,SP1,Osasuna,Getafe,A,0.358334,0.3526,0.289066,0.9526,0.8264
2223,2022-09-18,SP1,Sociedad,Espanol,H,0.559665,0.27472,0.165615,1.5495,0.7301
2223,2022-09-18,SP1,Villarreal,Sevilla,D,0.403734,0.29756,0.298706,1.2999,1.0836
2223,2022-09-30,SP1,Ath Bilbao,Almeria,H,0.483672,0.303504,0.212824,1.3372,0.7985
2223,2022-10-01,SP1,Cadiz,Villarreal,D,0.22999,0.276731,0.493279,0.9773,1.5389
2223,2022-10-01,SP1,Getafe,Valladolid,A,0.454287,0.344324,0.201389,1.0957,0.6351
2223,2022-10-01,SP1,Mallorca,Barcelona,A,0.123401,0.193696,0.682902,0.8963,2.3058
2223,2022-10-01,SP1,Sevilla,Ath Madrid,A,0.373071,0.318791,0.308138,1.1287,1.0014
2223,2022-10-02,SP1,Celta,Betis,H,0.370171,0.280199,0.34963,1.36,1.3156
2223,2022-10-02,SP1,Espanol,Valencia,D,0.34452,0.298219,0.357261,1.1892,1.2155
2223,2022-10-02,SP1,Girona,Sociedad,A,0.280112,0.300286,0.419601,1.0191,1.3037
2223,2022-10-02,SP1,Real Madrid,Osasuna,D,0.754463,0.173425,0.072112,2.2996,0.5889
2223,2022-10-03,SP1,Vallecano,Elche,H,0.407079,0.311497,0.281423,1.2191,0.9693
2223,2022-10-07,SP1,Osasuna,Valencia,A,0.364867,0.298366,0.336767,1.2295,1.1715
2223,2022-10-08,SP1,Almeria,Vallecano,H,0.465212,0.297249,0.237539,1.3685,0.9053
2223,2022-10-08,SP1,Ath Madrid,Girona,H,0.709984,0.194453,0.095563,2.1727,0.6805
2223,2022-10-08,SP1,Getafe,Real Madrid,A,0.167308,0.295604,0.537088,0.6639,1.3975
2223,2022-10-08,SP1,Sevilla,Ath Bilbao,D,0.49438,0.312562,0.193058,1.2843,0.701
2223,2022-10-09,SP1,Barcelona,Celta,H,0.694647,0.189124,0.116229,2.3386,0.8711
2223,2022-10-09,SP1,Cadiz,Espanol,D,0.408528,0.316479,0.274993,1.1927,0.9305
2223,2022-10-09,SP1,Sociedad,Villarreal,H,0.368385,0.293008,0.338608,1.2697,1.2074
2223,2022-10-09,SP1,Valladolid,Betis,D,0.24851,0.294371,0.457118,0.9536,1.3823
2223,2022-10-10,SP1,Elche,Mallorca,D,0.486842,0.282032,0.231127,1.4932,0.9547
2223,2022-10-14,SP1,Vallecano,Getafe,D,0.340979,0.352928,0.306093,0.9235,0.8599
2223,2022-10-15,SP1,Ath Bilbao,Ath Madrid,A,0.278425,0.318754,0.402821,0.9297,1.1728
2223,2022-10-15,SP1,Girona,Cadiz,D,0.421897,0.301473,0.27663,1.2989,1.0036
2223,2022-10-15,SP1,Mallorca,Sevilla,A,0.177275,0.270996,0.551729,0.7948,1.5857
2223,2022-10-15,SP1,Valencia,Elche,D,0.507602,0.274723,0.217676,1.5599,0.9413
2223,2022-10-16,SP1,Betis,Almeria,H,0.547811,0.257795,0.194394,1.7109,0.9316
2223,2022-10-16,SP1,Celta,Sociedad,A,0.361708,0.303854,0.334438,1.1909,1.1354
2223,2022-10-16,SP1,Espanol,Valladolid,H,0.435846,0.318606,0.245548,1.2113,0.8416
2223,2022-10-16,SP1,Real Madrid,Barcelona,H,0.499283,0.255864,0.244853,1.7319,1.1556
2223,2022-10-17,SP1,Villarreal,Osasuna,H,0.634161,0.227306,0.138533,1.9465,0.803
2223,2022-10-18,SP1,Ath Madrid,Vallecano,D,0.691873,0.209843,0.098284,2.0101,0.6294
2223,2022-10-18,SP1,Getafe,Ath Bilbao,D,0.318983,0.36817,0.312847,0.8327,0.8219
2223,2022-10-18,SP1,Sevilla,Valencia,D,0.573367,0.26141,0.165223,1.6591,0.7824
2223,2022-10-19,SP1,Cadiz,Betis,D,0.276907,0.292638,0.430456,1.0491,1.368
2223,2022-10-19,SP1,Elche,Real Madrid,A,0.137081,0.236985,0.625934,0.7484,1.8449
2223,2022-10-19,SP1,Sociedad,Mallorca,H,0.631513,0.234905,0.133582,1.858,0.7382
2223,2022-10-19,SP1,Valladolid,Celta,H,0.302521,0.311274,0.386204,1.0236,1.1905
2223,2022-10-20,SP1,Almeria,Girona,H,0.477226,0.283175,0.239599,1.4791,0.9788
2223,2022-10-20,SP1,Barcelona,Villarreal,H,0.571536,0.228534,0.19993,2.0299,1.1379
2223,2022-10-20,SP1,Osasuna,Espanol,H,0.433051,0.309342,0.257607,1.2625,0.9136
2223,2022-10-22,SP1,Real Madrid,Sevilla,H,0.538835,0.277431,0.183734,1.5357,0.7947
2223,2022-10-22,SP1,Valencia,Mallorca,A,0.586485,0.239489,0.174026,1.8778,0.9334
2223,2022-10-22,SP1,Valladolid,Sociedad,H,0.246772,0.321234,0.431993,0.8351,1.193
2223,2022-10-22,SP1,Vallecano,Cadiz,H,0.411596,0.31561,0.272794,1.2014,0.9285
2223,2022-10-23,SP1,Barcelona,Ath Bilbao,H,0.620045,0.236036,0.143919,1.8674,0.7906
2223,2022-10-23,SP1,Betis,Ath Madrid,A,0.31465,0.286371,0.398978,1.1895,1.3684
2223,2022-10-23,SP1,Espanol,Elche,D,0.40695,0.311933,0.281117,1.2164,0.9666
2223,2022-10-23,SP1,Girona,Osasuna,D,0.401671,0.300951,0.297379,1.2753,1.0623
2223,2022-10-23,SP1,Villarreal,Almeria,H,0.613118,0.232375,0.154507,1.9246,0.8679
2223,2022-10-24,SP1,Celta,Getafe,D,0.430505,0.325853,0.243642,1.1667,0.8095
2223,2022-10-28,SP1,Mallorca,Espanol,D,0.373808,0.300198,0.325994,1.2348,1.1367
2223,2022-10-29,SP1,Almeria,Celta,H,0.387131,0.295356,0.317513,1.2882,1.1437
2223,2022-10-29,SP1,Cadiz,Ath Madrid,H,0.1837,0.27849,0.537809,0.7902,1.5273
2223,2022-10-29,SP1,Sevilla,Vallecano,A,0.631545,0.24835,0.120105,1.7085,0.6115
2223,2022-10-29,SP1,Valencia,Barcelona,A,0.220252,0.24299,0.536758,1.1367,1.8726
2223,2022-10-30,SP1,Ath Bilbao,Villarreal,H,0.340372,0.303558,0.356069,1.1498,1.1818
2223,2022-10-30,SP1,Osasuna,Valladolid,H,0.455756,0.314452,0.229792,1.2523,0.8111
2223,2022-10-30,SP1,Real Madrid,Girona,D,0.791459,0.147329,0.061212,2.5864,0.6173
2223,2022-10-30,SP1,Sociedad,Betis,A,0.423434,0.292159,0.284408,1.3628,1.0733
2223,2022-10-31,SP1,Elche,Getafe,A,0.3476,0.351579,0.30082,0.9396,0.8541
2223,2022-11-04,SP1,Girona,Ath Bilbao,H,0.29684,0.313863,0.389297,0.9975,1.1807
2223,2022-11-05,SP1,Barcelona,Almeria,H,0.722188,0.180653,0.097159,2.3607,0.7688
2223,2022-11-05,SP1,Celta,Osasuna,A,0.493383,0.282762,0.223855,1.4902,0.9251
2223,2022-11-05,SP1,Getafe,Cadiz,D,0.433434,0.343181,0.223385,1.0844,0.6986
2223,2022-11-05,SP1,Valladolid,Elche,H,0.368066,0.326852,0.305082,1.08,0.9587
2223,2022-11-06,SP1,Ath Madrid,Espanol,D,0.69109,0.210451,0.098459,2.0043,0.628
2223,2022-11-06,SP1,Betis,Sevilla,D,0.345846,0.304578,0.349575,1.1555,1.1631
2223,2022-11-06,SP1,Sociedad,Valencia,D,0.495575,0.280505,0.22392,1.5089,0.9362
2223,2022-11-06,SP1,Villarreal,Mallorca,A,0.7287,0.175731,0.095568,2.4218,0.7854
2223,2022-11-07,SP1,Vallecano,Real Madrid,H,0.133071,0.234861,0.632067,0.7355,1.8574
2223,2022-11-08,SP1,Ath Bilbao,Valladolid,H,0.543777,0.296174,0.160049,1.3918,0.6344
2223,2022-11-08,SP1,Elche,Girona,A,0.431519,0.295464,0.273018,1.3498,1.0231
2223,2022-11-08,SP1,Osasuna,Barcelona,A,0.173149,0.241749,0.585102,0.9164,1.8532
2223,2022-11-09,SP1,Almeria,Getafe,H,0.385635,0.343454,0.270911,1.0297,0.8171
2223,2022-11-09,SP1,Espanol,Villarreal,A,0.231577,0.273398,0.495025,1.0007,1.5677
2223,2022-11-09,SP1,Mallorca,Ath Madrid,H,0.15008,0.237311,0.612608,0.8181,1.8656
2223,2022-11-09,SP1,Sevilla,Sociedad,A,0.482882,0.307345,0.209773,1.3121,0.7741
2223,2022-11-10,SP1,Real Madrid,Cadiz,H,0.769124,0.166059,0.064817,2.3422,0.5564
2223,2022-11-10,SP1,Valencia,Betis,H,0.366298,0.276688,0.357014,1.3774,1.3571
2223,2022-11-10,SP1,Vallecano,Celta,D,0.337485,0.30146,0.361055,1.1554,1.2036
2223,2022-12-29,SP1,Ath Madrid,Elche,H,0.686314,0.212256,0.10143,1.9965,0.6404
2223,2022-12-29,SP1,Betis,Ath Bilbao,D,0.448053,0.297429,0.254518,1.3534,0.958
2223,2022-12-29,SP1,Girona,Vallecano,D,0.423622,0.297482,0.278895,1.327,1.0298
2223,2022-12-30,SP1,Cadiz,Almeria,D,0.366828,0.3153,0.317872,1.1366,1.0398
2223,2022-12-30,SP1,Celta,Sevilla,D,0.283444,0.307081,0.409475,0.9952,1.2484
2223,2022-12-30,SP1,Getafe,Mallorca,H,0.500098,0.306337,0.193565,1.3247,0.7232
2223,2022-12-30,SP1,Valladolid,Real Madrid,A,0.11708,0.233123,0.649797,0.6516,1.8371
2223,2022-12-31,SP1,Barcelona,Espanol,D,0.759679,0.163362,0.076959,2.4772,0.688
2223,2022-12-31,SP1,Sociedad,Osasuna,H,0.538293,0.282689,0.179017,1.4933,0.7548
2223,2022-12-31,SP1,Villarreal,Valencia,H,0.591054,0.231724,0.177222,1.9668,0.996
2223,2023-01-06,SP1,Elche,Celta,A,0.344793,0.300672,0.354535,1.1755,1.1955
2223,2023-01-06,SP1,Valencia,Cadiz,A,0.511666,0.277497,0.210837,1.5372,0.9016
2223,2023-01-07,SP1,Espanol,Girona,D,0.423349,0.297923,0.278728,1.3237,1.0271
2223,2023-01-07,SP1,Mallorca,Valladolid,H,0.39943,0.30873,0.291841,1.2248,1.0092
2223,2023-01-07,SP1,Villarreal,Real Madrid,H,0.293981,0.273236,0.432783,1.2138,1.5176
2223,2023-01-08,SP1,Almeria,Sociedad,A,0.319235,0.313623,0.367143,1.051,1.1461
2223,2023-01-08,SP1,Ath Madrid,Barcelona,A,0.403557,0.275743,0.3207,1.4548,1.274
2223,2023-01-08,SP1,Sevilla,Getafe,H,0.537031,0.312887,0.150082,1.2855,0.5519
2223,2023-01-08,SP1,Vallecano,Betis,A,0.279114,0.288735,0.432151,1.0765,1.3976
2223,2023-01-09,SP1,Ath Bilbao,Osasuna,D,0.503846,0.302214,0.193939,1.3524,0.7387
2223,2023-01-13,SP1,Celta,Villarreal,D,0.314301,0.274178,0.411521,1.267,1.4799
2223,2023-01-14,SP1,Girona,Sevilla,H,0.212927,0.290366,0.496707,0.8517,1.4334
2223,2023-01-14,SP1,Osasuna,Mallorca,H,0.49999,0.280059,0.219951,1.5139,0.9238
2223,2023-01-14,SP1,Sociedad,Ath Bilbao,H,0.423503,0.324239,0.252258,1.1681,0.8389
2223,2023-01-14,SP1,Valladolid,Vallecano,A,0.374065,0.327306,0.298629,1.0874,0.9423
2223,2023-01-15,SP1,Almeria,Ath Madrid,D,0.219487,0.283875,0.496638,0.9041,1.4826
2223,2023-01-15,SP1,Getafe,Espanol,A,0.435518,0.339226,0.225256,1.1047,0.7153
2223,2023-01-16,SP1,Cadiz,Elche,D,0.402808,0.315972,0.28122,1.1881,0.9488
2223,2023-01-20,SP1,Mallorca,Celta,H,0.2954,0.281554,0.423046,1.1657,1.4392
2223,2023-01-21,SP1,Ath Madrid,Valladolid,H,0.706408,0.207249,0.086343,1.9881,0.5576
2223,2023-01-21,SP1,Espanol,Betis,H,0.279179,0.289206,0.431615,1.0741,1.3935
2223,2023-01-21,SP1,Sevilla,Cadiz,H,0.627337,0.252698,0.119965,1.6724,0.5959
2223,2023-01-21,SP1,Vallecano,Sociedad,A,0.276065,0.31433,0.409605,0.9426,1.2062
2223,2023-01-22,SP1,Ath Bilbao,Real Madrid,A,0.216254,0.295134,0.488612,0.8433,1.3962
2223,2023-01-22,SP1,Barcelona,Getafe,H,0.664651,0.227177,0.108172,1.8692,0.6224
2223,2023-01-22,SP1,Elche,Osasuna,D,0.399935,0.313128,0.286936,1.2001,0.9762
2223,2023-01-22,SP1,Villarreal,Girona,H,0.673902,0.202584,0.123513,2.1892,0.8416
2223,2023-01-23,SP1,Valencia,Almeria,D,0.46801,0.280722,0.251268,1.4923,1.0315
2223,2023-01-27,SP1,Almeria,Espanol,H,0.464616,0.297762,0.237622,1.3646,0.9033
2223,2023-01-28,SP1,Cadiz,Mallorca,H,0.473382,0.289318,0.2373,1.4303,0.9409
2223,2023-01-28,SP1,Getafe,Betis,A,0.314792,0.328756,0.356451,0.9716,1.0515
2223,2023-01-28,SP1,Girona,Barcelona,A,0.156727,0.218688,0.624585,0.9604,2.0843
2223,2023-01-28,SP1,Sevilla,Elche,H,0.625873,0.250513,0.123615,1.697,0.6221
2223,2023-01-29,SP1,Celta,Ath Bilbao,H,0.377897,0.31337,0.308733,1.1656,1.0282
2223,2023-01-29,SP1,Osasuna,Ath Madrid,A,0.199399,0.282215,0.518385,0.8364,1.4995
2223,2023-01-29,SP1,Real Madrid,Sociedad,D,0.631025,0.236712,0.132263,1.8377,0.7228
2223,2023-01-29,SP1,Valladolid,Valencia,H,0.30886,0.307817,0.383323,1.0559,1.2057
2223,2023-01-30,SP1,Villarreal,Vallecano,A,0.656907,0.217084,0.126009,2.0254,0.7785
2223,2023-02-01,SP1,Betis,Barcelona,A,0.286623,0.256902,0.456475,1.3031,1.6912
2223,2023-02-02,SP1,Real Madrid,Valencia,H,0.724773,0.181804,0.093423,2.3236,0.7305
2223,2023-02-03,SP1,Ath Bilbao,Cadiz,H,0.522045,0.29875,0.179205,1.3775,0.6979
2223,2023-02-04,SP1,Ath Madrid,Getafe,D,0.595354,0.275563,0.129084,1.5124,0.5681
2223,2023-02-04,SP1,Betis,Celta,A,0.513688,0.259969,0.226343,1.6948,1.0556
2223,2023-02-04,SP1,Elche,Villarreal,H,0.237497,0.273801,0.488702,1.0204,1.5616
2223,2023-02-04,SP1,Espanol,Osasuna,D,0.392249,0.315319,0.292432,1.177,0.98
2223,2023-02-05,SP1,Barcelona,Sevilla,H,0.511858,0.270803,0.217339,1.5944,0.9598
2223,2023-02-05,SP1,Girona,Valencia,H,0.350907,0.284594,0.364499,1.2886,1.3176
2223,2023-02-05,SP1,Mallorca,Real Madrid,H,0.102863,0.193353,0.703784,0.7421,2.2209
2223,2023-02-05,SP1,Sociedad,Valladolid,A,0.57893,0.274546,0.146524,1.5369,0.6482
2223,2023-02-06,SP1,Vallecano,Almeria,H,0.37054,0.311005,0.318455,1.1663,1.0622
2223,2023-02-10,SP1,Cadiz,Girona,H,0.419094,0.30188,0.279025,1.2929,1.0082
2223,2023-02-11,SP1,Almeria,Betis,A,0.325211,0.289003,0.385786,1.2002,1.328
2223,2023-02-11,SP1,Sevilla,Mallorca,H,0.701556,0.204957,0.093487,2.0429,0.6169
2223,2023-02-11,SP1,Valencia,Ath Bilbao,A,0.374987,0.309822,0.31519,1.1805,1.0607
2223,2023-02-12,SP1,Celta,Ath Madrid,A,0.253247,0.283296,0.463456,1.0244,1.4687
2223,2023-02-12,SP1,Getafe,Vallecano,D,0.436111,0.338667,0.225221,1.1078,0.7169
2223,2023-02-12,SP1,Valladolid,Osasuna,D,0.354343,0.329382,0.316275,1.045,0.972
2223,2023-02-12,SP1,Villarreal,Barcelona,A,0.346401,0.259272,0.394327,1.4659,1.5756
2223,2023-02-13,SP1,Espanol,Sociedad,A,0.276094,0.314823,0.409083,0.9406,1.2027
2223,2023-02-15,SP1,Real Madrid,Elche,H,0.768732,0.164619,0.06665,2.3767,0.5809
2223,2023-02-17,SP1,Girona,Almeria,H,0.378628,0.297346,0.324026,1.2609,1.1481
2223,2023-02-18,SP1,Betis,Valladolid,H,0.613506,0.244631,0.141863,1.7808,0.7402
2223,2023-02-18,SP1,Mallorca,Villarreal,H,0.191208,0.240917,0.567875,1.0118,1.8799
2223,2023-02-18,SP1,Osasuna,Real Madrid,A,0.145558,0.244824,0.609618,0.7587,1.785
2223,2023-02-18,SP1,Sociedad,Celta,D,0.48624,0.285919,0.227841,1.4627,0.9244
2223,2023-02-19,SP1,Ath Madrid,Ath Bilbao,H,0.551903,0.279875,0.168222,1.511,0.7216
2223,2023-02-19,SP1,Barcelona,Cadiz,H,0.756225,0.166559,0.077216,2.4318,0.672
2223,2023-02-19,SP1,Elche,Espanol,A,0.420629,0.309931,0.269441,1.2452,0.9442
2223,2023-02-19,SP1,Vallecano,Sevilla,D,0.211489,0.305177,0.483334,0.7877,1.3262
2223,2023-02-20,SP1,Getafe,Valencia,H,0.376316,0.330428,0.293256,1.0758,0.9172
2223,2023-02-24,SP1,Elche,Betis,A,0.285813,0.288892,0.425295,1.0952,1.3881
2223,2023-02-25,SP1,Cadiz,Vallecano,H,0.40905,0.315984,0.274966,1.1961,0.9326
2223,2023-02-25,SP1,Espanol,Mallorca,H,0.478256,0.285163,0.236582,1.4644,0.9585
2223,2023-02-25,SP1,Real Madrid,Ath Madrid,D,0.514546,0.272392,0.213062,1.5808,0.935
2223,2023-02-25,SP1,Valencia,Sociedad,H,0.358404,0.300172,0.341424,1.2061,1.1713
2223,2023-02-26,SP1,Almeria,Barcelona,H,0.192384,0.24547,0.562146,0.9905,1.8324
2223,2023-02-26,SP1,Ath Bilbao,Girona,A,0.540411,0.279162,0.180427,1.521,0.7743
2223,2023-02-26,SP1,Celta,Valladolid,H,0.538355,0.277695,0.18395,1.5337,0.7945
2223,2023-02-26,SP1,Sevilla,Osasuna,A,0.610233,0.258715,0.131052,1.6419,0.6307
2223,2023-02-27,SP1,Villarreal,Getafe,H,0.560505,0.277725,0.161769,1.524,0.7026
2223,2023-03-03,SP1,Sociedad,Cadiz,D,0.556886,0.278329,0.164785,1.521,0.7131
2223,2023-03-04,SP1,Almeria,Villarreal,A,0.273498,0.278333,0.448169,1.1181,1.4939
2223,2023-03-04,SP1,Ath Madrid,Sevilla,H,0.450283,0.307486,0.242232,1.2901,0.8761
2223,2023-03-04,SP1,Getafe,Girona,H,0.448699,0.323163,0.228138,1.1974,0.775
2223,2023-03-04,SP1,Mallorca,Elche,A,0.367663,0.299143,0.333193,1.23,1.1591
2223,2023-03-05,SP1,Barcelona,Valencia,H,0.705113,0.18265,0.112237,2.4124,0.8823
2223,2023-03-05,SP1,Betis,Real Madrid,D,0.24184,0.266305,0.491855,1.0789,1.629
2223,2023-03-05,SP1,Valladolid,Espanol,H,0.373591,0.327795,0.298614,1.0842,0.9402
2223,2023-03-05,SP1,Vallecano,Ath Bilbao,D,0.291662,0.328189,0.380149,0.9226,1.0923
2223,2023-03-06,SP1,Osasuna,Celta,D,0.357453,0.302286,0.340261,1.1918,1.1567
2223,2023-03-10,SP1,Cadiz,Getafe,D,0.337313,0.357638,0.305048,0.9,0.8417
2223,2023-03-11,SP1,Celta,Vallecano,H,0.516348,0.275942,0.20771,1.5506,0.8968
2223,2023-03-11,SP1,Elche,Valladolid,D,0.443757,0.315701,0.240542,1.2351,0.8383
2223,2023-03-11,SP1,Real Madrid,Espanol,H,0.772802,0.162683,0.064515,2.386,0.5697
2223,2023-03-11,SP1,Valencia,Osasuna,H,0.491178,0.280257,0.228565,1.5093,0.9543
2223,2023-03-12,SP1,Ath Bilbao,Barcelona,A,0.254836,0.285417,0.459746,1.0185,1.4495
2223,2023-03-12,SP1,Mallorca,Sociedad,D,0.238109,0.287765,0.474126,0.951,1.4422
2223,2023-03-12,SP1,Sevilla,Almeria,H,0.591602,0.263263,0.145135,1.6235,0.6817
2223,2023-03-12,SP1,Villarreal,Betis,D,0.513086,0.251876,0.235038,1.7764,1.1419
2223,2023-03-13,SP1,Girona,Ath Madrid,A,0.184437,0.259873,0.55569,0.8767,1.6864
2223,2023-03-17,SP1,Valladolid,Ath Bilbao,A,0.261469,0.336806,0.401725,0.8174,1.0804
2223,2023-03-18,SP1,Almeria,Cadiz,D,0.462858,0.301303,0.235839,1.3395,0.8823
2223,2023-03-18,SP1,Ath Madrid,Valencia,H,0.634732,0.226786,0.138482,1.9519,0.8053
2223,2023-03-18,SP1,Espanol,Celta,A,0.33747,0.301906,0.360624,1.1528,1.2002
2223,2023-03-18,SP1,Vallecano,Girona,D,0.423476,0.297503,0.279021,1.3267,1.03
2223,2023-03-19,SP1,Barcelona,Real Madrid,H,0.397474,0.27017,0.332357,1.4888,1.3443
2223,2023-03-19,SP1,Betis,Mallorca,H,0.666527,0.206472,0.127001,2.1529,0.843
2223,2023-03-19,SP1,Getafe,Sevilla,H,0.242421,0.355814,0.401765,0.711,0.9978
2223,2023-03-19,SP1,Osasuna,Villarreal,A,0.249066,0.278767,0.472168,1.0345,1.5109
2223,2023-03-19,SP1,Sociedad,Elche,H,0.554229,0.275788,0.169983,1.5434,0.7445
2223,2023-03-31,SP1,Mallorca,Osasuna,D,0.353095,0.301108,0.345797,1.1901,1.1751
2223,2023-04-01,SP1,Ath Bilbao,Getafe,D,0.439119,0.350006,0.210875,1.0588,0.6464
2223,2023-04-01,SP1,Cadiz,Sevilla,A,0.210072,0.309404,0.480524,0.7677,1.2981
2223,2023-04-01,SP1,Elche,Barcelona,A,0.163248,0.234584,0.602168,0.9038,1.9154
2223,2023-04-01,SP1,Girona,Espanol,H,0.423093,0.29796,0.278947,1.3232,1.0275
2223,2023-04-02,SP1,Ath Madrid,Betis,H,0.562378,0.251883,0.185739,1.7629,0.9233
2223,2023-04-02,SP1,Celta,Almeria,D,0.470589,0.283361,0.246049,1.4735,0.9999
2223,2023-04-02,SP1,Real Madrid,Valladolid,H,0.784924,0.158824,0.056252,2.3667,0.5058
2223,2023-04-02,SP1,Villarreal,Sociedad,H,0.495581,0.274851,0.229569,1.5555,0.9855
2223,2023-04-03,SP1,Valencia,Vallecano,D,0.514349,0.27359,0.212062,1.5705,0.9252
2223,2023-04-07,SP1,Sevilla,Celta,D,0.56333,0.267713,0.168957,1.6083,0.7725
2223,2023-04-08,SP1,Espanol,Ath Bilbao,A,0.291653,0.328683,0.379664,0.9206,1.0892
2223,2023-04-08,SP1,Osasuna,Elche,H,0.427258,0.309129,0.263614,1.2576,0.9316
2223,2023-04-08,SP1,Real Madrid,Villarreal,A,0.601521,0.231466,0.167013,1.9551,0.9421
2223,2023-04-08,SP1,Sociedad,Getafe,H,0.470673,0.331306,0.198021,1.1692,0.6604
2223,2023-04-09,SP1,Almeria,Valencia,H,0.395082,0.29118,0.313738,1.3289,1.1584
2223,2023-04-09,SP1,Betis,Cadiz,A,0.589893,0.249463,0.160644,1.7624,0.8143
2223,2023-04-09,SP1,Valladolid,Mallorca,D,0.434844,0.303565,0.26159,1.3002,0.9507
2223,2023-04-09,SP1,Vallecano,Ath Madrid,A,0.184604,0.274435,0.540962,0.8109,1.5603
2223,2023-04-10,SP1,Barcelona,Girona,D,0.777914,0.148676,0.07341,2.6852,0.7455
2223,2023-04-14,SP1,Vallecano,Osasuna,H,0.392363,0.314878,0.292759,1.1796,0.9828
2223,2023-04-15,SP1,Ath Bilbao,Sociedad,H,0.380326,0.330635,0.289039,1.0808,0.9067
2223,2023-04-15,SP1,Betis,Espanol,H,0.592588,0.246102,0.16131,1.7953,0.8337
2223,2023-04-15,SP1,Cadiz,Real Madrid,A,0.132892,0.238902,0.628206,0.7168,1.8181
2223,2023-04-15,SP1,Villarreal,Valladolid,A,0.674934,0.214628,0.110439,2.0033,0.6896
2223,2023-04-16,SP1,Ath Madrid,Almeria,H,0.652364,0.226653,0.120983,1.91,0.7018
2223,2023-04-16,SP1,Getafe,Barcelona,D,0.197112,0.288473,0.514415,0.8018,1.4509
2223,2023-04-16,SP1,Girona,Elche,H,0.416968,0.297571,0.285462,1.318,1.0477
2223,2023-04-16,SP1,Valencia,Sevilla,A,0.279854,0.302416,0.41773,1.0079,1.2878
2223,2023-04-17,SP1,Celta,Mallorca,A,0.588173,0.241355,0.170471,1.8541,0.9048
2223,2023-04-21,SP1,Espanol,Cadiz,D,0.411451,0.31605,0.272499,1.1988,0.9258
2223,2023-04-22,SP1,Almeria,Ath Bilbao,A,0.334999,0.3252,0.339801,1.0287,1.038
2223,2023-04-22,SP1,Osasuna,Betis,H,0.298067,0.292334,0.409599,1.1104,1.3431
2223,2023-04-22,SP1,Real Madrid,Celta,H,0.714503,0.188597,0.0969,2.2525,0.7213
2223,2023-04-22,SP1,Sociedad,Vallecano,H,0.56038,0.274144,0.165476,1.5539,0.7317
2223,2023-04-22,SP1,Valladolid,Girona,H,0.382873,0.313053,0.304074,1.1753,1.0188
2223,2023-04-23,SP1,Barcelona,Ath Madrid,H,0.483165,0.264477,0.252358,1.6413,1.1293
2223,2023-04-23,SP1,Elche,Valencia,A,0.351984,0.296921,0.351095,1.2127,1.2108
2223,2023-04-23,SP1,Mallorca,Getafe,H,0.307291,0.334491,0.358218,0.9317,1.0282
2223,2023-04-23,SP1,Sevilla,Villarreal,H,0.44754,0.29123,0.26123,1.396,1.009
2223,2023-04-25,SP1,Betis,Sociedad,D,0.432445,0.290859,0.276696,1.3828,1.0579
2223,2023-04-25,SP1,Cadiz,Osasuna,A,0.388283,0.31932,0.292397,1.1495,0.962
2223,2023-04-25,SP1,Girona,Real Madrid,H,0.131019,0.219955,0.649026,0.7952,2.0076
2223,2023-04-26,SP1,Ath Madrid,Mallorca,H,0.76029,0.166439,0.073271,2.4035,0.635
2223,2023-04-26,SP1,Celta,Elche,H,0.509691,0.277111,0.213198,1.5402,0.9125
2223,2023-04-26,SP1,Getafe,Almeria,A,0.397416,0.341688,0.260895,1.0527,0.7992
2223,2023-04-26,SP1,Vallecano,Barcelona,H,0.158474,0.23266,0.608866,0.8884,1.9284
2223,2023-04-27,SP1,Ath Bilbao,Sevilla,A,0.304755,0.340388,0.354856,0.9032,0.9969
2223,2023-04-27,SP1,Valencia,Valladolid,H,0.536879,0.275392,0.187729,1.5533,0.8196
2223,2023-04-27,SP1,Villarreal,Espanol,H,0.656146,0.217656,0.126198,2.0196,0.7767
2223,2023-04-28,SP1,Osasuna,Sociedad,A,0.293614,0.317644,0.388742,0.9724,1.1592
2223,2023-04-29,SP1,Barcelona,Betis,H,0.631796,0.211187,0.157018,2.1788,1.0115
2223,2023-04-29,SP1,Elche,Vallecano,H,0.421165,0.309436,0.269399,1.2488,0.9463
2223,2023-04-29,SP1,Real Madrid,Almeria,H,0.738646,0.18009,0.081264,2.2738,0.6366
2223,2023-04-30,SP1,Cadiz,Valencia,H,0.341325,0.301838,0.356837,1.1615,1.1932
2223,2023-04-30,SP1,Espanol,Getafe,H,0.340867,0.35342,0.305712,0.9215,0.8575
2223,2023-04-30,SP1,Valladolid,Ath Madrid,A,0.163423,0.275354,0.561223,0.7184,1.5432
2223,2023-04-30,SP1,Villarreal,Celta,H,0.580746,0.237615,0.181639,1.9066,0.9835
2223,2023-05-01,SP1,Mallorca,Ath Bilbao,D,0.254986,0.30366,0.441354,0.9308,1.3061
2223,2023-05-01,SP1,Sevilla,Girona,A,0.649382,0.232403,0.118215,1.8467,0.6611
2223,2023-05-02,SP1,Almeria,Elche,H,0.458723,0.297898,0.243379,1.3592,0.9211
2223,2023-05-02,SP1,Barcelona,Osasuna,H,0.740025,0.173943,0.086032,2.3875,0.7113
2223,2023-05-02,SP1,Sociedad,Real Madrid,H,0.235305,0.289948,0.474747,0.9312,1.4265
2223,2023-05-03,SP1,Ath Madrid,Cadiz,H,0.687549,0.213989,0.098462,1.9676,0.6134
2223,2023-05-03,SP1,Getafe,Celta,H,0.368778,0.335013,0.296209,1.0428,0.9056
2223,2023-05-03,SP1,Valencia,Villarreal,D,0.309994,0.270026,0.41998,1.2832,1.5267
2223,2023-05-04,SP1,Ath Bilbao,Betis,A,0.392692,0.305469,0.301839,1.2342,1.0505
2223,2023-05-04,SP1,Girona,Mallorca,H,0.490675,0.270987,0.238338,1.5867,1.039
2223,2023-05-04,SP1,Sevilla,Espanol,H,0.630769,0.248971,0.12026,1.7036,0.6101
2223,2023-05-04,SP1,Vallecano,Valladolid,H,0.436037,0.318162,0.245801,1.214,0.844
2223,2023-05-12,SP1,Mallorca,Cadiz,H,0.373173,0.30379,0.323037,1.2121,1.1102
2223,2023-05-13,SP1,Osasuna,Almeria,H,0.390493,0.310208,0.299299,1.2031,1.0208
2223,2023-05-13,SP1,Real Madrid,Getafe,H,0.679218,0.229221,0.091561,1.8004,0.5153
2223,2023-05-13,SP1,Sociedad,Girona,D,0.57611,0.259029,0.164861,1.6796,0.7911
2223,2023-05-13,SP1,Villarreal,Ath Bilbao,H,0.510101,0.27927,0.21063,1.5225,0.8925
2223,2023-05-14,SP1,Celta,Valencia,A,0.444546,0.276387,0.279067,1.5057,1.1475
2223,2023-05-14,SP1,Elche,Ath Madrid,H,0.189574,0.275876,0.53455,0.825,1.5497
2223,2023-05-14,SP1,Espanol,Barcelona,A,0.158659,0.233204,0.608137,0.8864,1.9229
2223,2023-05-14,SP1,Valladolid,Sevilla,A,0.18824,0.308501,0.503258,0.6979,1.3117
2223,2023-05-15,SP1,Betis,Vallecano,H,0.593312,0.245549,0.161139,1.8005,0.8356
2223,2023-05-19,SP1,Cadiz,Valladolid,H,0.431247,0.322923,0.24583,1.1831,0.8262
2223,2023-05-20,SP1,Almeria,Mallorca,H,0.534002,0.266054,0.199944,1.6363,0.9134
2223,2023-05-20,SP1,Ath Bilbao,Celta,H,0.453044,0.302411,0.244545,1.3247,0.9048
2223,2023-05-20,SP1,Barcelona,Sociedad,A,0.608186,0.23441,0.157404,1.908,0.873
2223,2023-05-20,SP1,Getafe,Elche,D,0.430451,0.339157,0.230392,1.1004,0.7293
2223,2023-05-20,SP1,Girona,Villarreal,A,0.232592,0.259411,0.507998,1.0842,1.6993
2223,2023-05-21,SP1,Ath Madrid,Osasuna,H,0.670725,0.220869,0.108406,1.9317,0.6493
2223,2023-05-21,SP1,Sevilla,Betis,D,0.502638,0.282081,0.215281,1.4984,0.8969
2223,2023-05-21,SP1,Valencia,Real Madrid,H,0.184755,0.247713,0.567532,0.9411,1.8036
2223,2023-05-21,SP1,Vallecano,Espanol,A,0.412893,0.311964,0.275143,1.2239,0.9506
2223,2023-05-23,SP1,Celta,Girona,D,0.529894,0.261899,0.208207,1.676,0.9696
2223,2023-05-23,SP1,Sociedad,Almeria,H,0.51766,0.285132,0.197208,1.4766,0.8158
2223,2023-05-23,SP1,Valladolid,Barcelona,H,0.139085,0.231168,0.629748,0.787,1.9073
2223,2023-05-24,SP1,Betis,Getafe,A,0.50036,0.301746,0.197894,1.3547,0.7542
2223,2023-05-24,SP1,Elche,Sevilla,D,0.216724,0.3061,0.477176,0.8015,1.3172
2223,2023-05-24,SP1,Espanol,Ath Madrid,D,0.18474,0.274986,0.540275,0.8091,1.5558
2223,2023-05-24,SP1,Real Madrid,Vallecano,H,0.773563,0.16209,0.064347,2.3929,0.5709
2223,2023-05-24,SP1,Villarreal,Cadiz,H,0.653046,0.220986,0.125969,1.9826,0.7586
2223,2023-05-25,SP1,Mallorca,Valencia,H,0.301706,0.27856,0.419734,1.2025,1.4576
2223,2023-05-25,SP1,Osasuna,Ath Bilbao,H,0.309065,0.330563,0.360371,0.9517,1.0497
2223,2023-05-27,SP1,Sevilla,Real Madrid,A,0.302294,0.311102,0.386604,1.0238,1.1921
2223,2023-05-28,SP1,Almeria,Valladolid,D,0.487372,0.30128,0.211348,1.3535,0.802
2223,2023-05-28,SP1,Ath Bilbao,Elche,A,0.519334,0.295825,0.184841,1.3978,0.7286
2223,2023-05-28,SP1,Ath Madrid,Sociedad,H,0.540364,0.276415,0.183221,1.5437,0.7968
2223,2023-05-28,SP1,Barcelona,Mallorca,H,0.824424,0.121795,0.053781,2.9706,0.6957
2223,2023-05-28,SP1,Cadiz,Celta,H,0.334347,0.305543,0.36011,1.126,1.1782
2223,2023-05-28,SP1,Getafe,Osasuna,H,0.416376,0.343872,0.239752,1.0646,0.7395
2223,2023-05-28,SP1,Girona,Betis,A,0.282429,0.275459,0.442111,1.1638,1.5106
2223,2023-05-28,SP1,Valencia,Espanol,D,0.513701,0.274109,0.21219,1.566,0.9231
2223,2023-05-28,SP1,Vallecano,Villarreal,H,0.231455,0.272899,0.495645,1.0029,1.5722
2223,2023-06-04,SP1,Betis,Valencia,D,0.523442,0.254645,0.221913,1.7483,1.0691
2223,2023-06-04,SP1,Celta,Barcelona,H,0.224917,0.248278,0.526805,1.1223,1.8152
2223,2023-06-04,SP1,Elche,Cadiz,D,0.419264,0.313556,0.267179,1.2224,0.9222
2223,2023-06-04,SP1,Espanol,Almeria,D,0.370465,0.311447,0.318088,1.1637,1.0592
2223,2023-06-04,SP1,Mallorca,Vallecano,H,0.374259,0.299747,0.325993,1.2383,1.1392
2223,2023-06-04,SP1,Osasuna,Girona,H,0.444564,0.294736,0.2607,1.3685,0.9899
2223,2023-06-04,SP1,Real Madrid,Ath Bilbao,D,0.640452,0.238325,0.121223,1.7987,0.6546
2223,2023-06-04,SP1,Sociedad,Sevilla,H,0.329572,0.32978,0.340647,0.9973,1.0185
2223,2023-06-04,SP1,Valladolid,Getafe,D,0.307693,0.366389,0.325917,0.8181,0.8505
2223,2023-06-04,SP1,Villarreal,Ath Madrid,D,0.372763,0.284032,0.343205,1.3381,1.2748
2324,2023-08-11,SP1,Almeria,Vallecano,A,0.482103,0.233798,0.284099,1.7489,1.2923
2324,2023-08-11,SP1,Sevilla,Valencia,A,0.522437,0.257179,0.220384,1.5306,0.8939
2324,2023-08-12,SP1,Ath Bilbao,Real Madrid,A,0.255304,0.269301,0.475395,0.9543,1.4092
2324,2023-08-12,SP1,Las Palmas,Mallorca,D,0.507206,0.266648,0.226146,1.4489,0.8693
2324,2023-08-12,SP1,Sociedad,Girona,D,0.528685,0.243156,0.228159,1.6625,1.0023
2324,2023-08-13,SP1,Celta,Osasuna,A,0.466205,0.280947,0.252848,1.3196,0.8913
2324,2023-08-13,SP1,Getafe,Barcelona,D,0.174688,0.278707,0.546605,0.6419,1.3729
2324,2023-08-13,SP1,Villarreal,Betis,A,0.537904,0.239638,0.222458,1.6988,1.0004
2324,2023-08-14,SP1,Ath Madrid,Granada,H,0.758957,0.150134,0.090908,2.5502,0.7698
2324,2023-08-14,SP1,Cadiz,Alaves,H,0.475891,0.287922,0.236186,1.2837,0.8121
2324,2023-08-18,SP1,Mallorca,Villarreal,A,0.258744,0.260168,0.481088,1.0148,1.4859
2324,2023-08-18,SP1,Valencia,Las Palmas,H,0.445767,0.273227,0.281006,1.3518,1.0126
2324,2023-08-19,SP1,Almeria,Real Madrid,A,0.180157,0.195655,0.624188,1.1091,2.2141
2324,2023-08-19,SP1,Osasuna,Ath Bilbao,A,0.350007,0.312243,0.33775,0.9874,0.9642
2324,2023-08-19,SP1,Sociedad,Celta,D,0.552155,0.256836,0.19101,1.5345,0.7821
2324,2023-08-20,SP1,Barcelona,Cadiz,H,0.786386,0.152489,0.061125,2.2833,0.4715
2324,2023-08-20,SP1,Betis,Ath Madrid,D,0.30244,0.268421,0.429139,1.101,1.3662
2324,2023-08-20,SP1,Girona,Getafe,H,0.523097,0.261113,0.21579,1.4979,0.8578
2324,2023-08-21,SP1,Alaves,Sevilla,H,0.239209,0.26447,0.496322,0.9251,1.4606
2324,2023-08-21,SP1,Granada,Vallecano,A,0.464592,0.246318,0.28909,1.5985,1.2087
2324,2023-08-25,SP1,Celta,Real Madrid,A,0.215049,0.238824,0.546127,0.9738,1.7059
2324,2023-08-25,SP1,Las Palmas,Sociedad,D,0.334752,0.293859,0.371389,1.0414,1.1136
2324,2023-08-26,SP1,Cadiz,Almeria,D,0.398081,0.263178,0.338741,1.3576,1.2311
2324,2023-08-26,SP1,Granada,Mallorca,H,0.473268,0.255579,0.271153,1.5193,1.0842
2324,2023-08-26,SP1,Sevilla,Girona,A,0.503604,0.236482,0.259913,1.7294,1.1765
2324,2023-08-27,SP1,Ath Bilbao,Betis,H,0.417196,0.288068,0.294736,1.2191,0.9754
2324,2023-08-27,SP1,Valencia,Osasuna,A,0.465467,0.286286,0.248247,1.2849,0.8547
2324,2023-08-27,SP1,Villarreal,Barcelona,A,0.312917,0.261033,0.42605,1.1774,1.4193
2324,2023-08-28,SP1,Getafe,Alaves,H,0.523164,0.289115,0.187721,1.3031,0.6549
2324,2023-08-28,SP1,Vallecano,Ath Madrid,A,0.206881,0.240538,0.552581,0.9284,1.6862
2324,2023-09-01,SP1,Almeria,Celta,A,0.433494,0.240128,0.326378,1.6247,1.3804
2324,2023-09-01,SP1,Cadiz,Villarreal,H,0.226536,0.263353,0.510112,0.8862,1.4759
2324,2023-09-02,SP1,Alaves,Valencia,H,0.299937,0.280279,0.419784,1.0277,1.2709
2324,2023-09-02,SP1,Betis,Vallecano,H,0.572098,0.237896,0.190006,1.7047,0.8684
2324,2023-09-02,SP1,Real Madrid,Getafe,H,0.695993,0.204984,0.099023,1.8749,0.5405
2324,2023-09-02,SP1,Sociedad,Granada,H,0.622039,0.219316,0.158645,1.8628,0.8143
2324,2023-09-03,SP1,Girona,Las Palmas,H,0.522768,0.232539,0.244693,1.779,1.144
2324,2023-09-03,SP1,Mallorca,Ath Bilbao,D,0.328962,0.302276,0.368762,0.9895,1.0664
2324,2023-09-03,SP1,Osasuna,Barcelona,A,0.173737,0.254387,0.571876,0.7226,1.5499
2324,2023-09-15,SP1,Vallecano,Alaves,H,0.558219,0.245091,0.196691,1.6388,0.8602
2324,2023-09-16,SP1,Ath Bilbao,Cadiz,H,0.559077,0.271639,0.169284,1.4205,0.6443
2324,2023-09-16,SP1,Barcelona,Betis,H,0.66813,0.204453,0.127417,1.9596,0.7138
2324,2023-09-16,SP1,Celta,Mallorca,A,0.503986,0.26511,0.230904,1.4594,0.8932
2324,2023-09-16,SP1,Valencia,Ath Madrid,H,0.243312,0.259448,0.497239,0.9656,1.5021
2324,2023-09-17,SP1,Getafe,Osasuna,H,0.402916,0.334138,0.262946,0.9823,0.7304
2324,2023-09-17,SP1,Real Madrid,Sociedad,H,0.589196,0.238899,0.171905,1.6825,0.7811
2324,2023-09-17,SP1,Sevilla,Las Palmas,H,0.5239,0.254582,0.221518,1.5535,0.9115
2324,2023-09-17,SP1,Villarreal,Almeria,H,0.699628,0.166868,0.133505,2.528,1.0263
2324,2023-09-18,SP1,Granada,Girona,A,0.374847,0.231002,0.394152,1.6089,1.6545
2324,2023-09-22,SP1,Alaves,Ath Bilbao,A,0.25802,0.285815,0.456165,0.8853,1.2791
2324,2023-09-23,SP1,Almeria,Valencia,D,0.424965,0.245377,0.329658,1.558,1.3441
2324,2023-09-23,SP1,Barcelona,Celta,H,0.739465,0.169499,0.091036,2.2468,0.6429
2324,2023-09-23,SP1,Girona,Mallorca,H,0.585583,0.222613,0.191803,1.8702,0.9677
2324,2023-09-23,SP1,Osasuna,Sevilla,D,0.334493,0.295705,0.369802,1.0318,1.1011
2324,2023-09-24,SP1,Ath Madrid,Real Madrid,H,0.428002,0.259565,0.312433,1.4342,1.186
2324,2023-09-24,SP1,Betis,Cadiz,D,0.598175,0.245833,0.155992,1.6094,0.6802
2324,2023-09-24,SP1,Las Palmas,Granada,H,0.524225,0.237796,0.237979,1.7191,1.0777
2324,2023-09-24,SP1,Sociedad,Getafe,H,0.529962,0.297558,0.17248,1.2575,0.5822
2324,2023-09-24,SP1,Vallecano,Villarreal,D,0.275746,0.250775,0.47348,1.1314,1.5634
2324,2023-09-26,SP1,Mallorca,Barcelona,D,0.154721,0.233676,0.611603,0.7241,1.714
2324,2023-09-26,SP1,Sevilla,Almeria,H,0.610174,0.205892,0.183933,2.0716,1.0457
2324,2023-09-27,SP1,Ath Bilbao,Getafe,D,0.475805,0.313742,0.210453,1.1455,0.654
2324,2023-09-27,SP1,Cadiz,Vallecano,D,0.381606,0.294887,0.323507,1.1259,1.0118
2324,2023-09-27,SP1,Real Madrid,Las Palmas,H,0.717331,0.176628,0.106042,2.2268,0.7209
2324,2023-09-27,SP1,Valencia,Sociedad,A,0.332193,0.296858,0.370949,1.0214,1.0972
2324,2023-09-27,SP1,Villarreal,Girona,A,0.592969,0.205331,0.2017,2.1104,1.1547
2324,2023-09-28,SP1,Celta,Alaves,D,0.600564,0.231397,0.168039,1.7506,0.7991
2324,2023-09-28,SP1,Granada,Betis,D,0.340722,0.255148,0.40413,1.2951,1.4335
2324,2023-09-28,SP1,Osasuna,Ath Madrid,A,0.215869,0.267091,0.51704,0.831,1.4492
2324,2023-09-29,SP1,Barcelona,Sevilla,H,0.662546,0.206986,0.130468,1.9394,0.7194
2324,2023-09-30,SP1,Getafe,Villarreal,D,0.27791,0.295323,0.426767,0.8996,1.1902
2324,2023-09-30,SP1,Girona,Real Madrid,A,0.258149,0.226871,0.51498,1.2479,1.8483
2324,2023-09-30,SP1,Sociedad,Ath Bilbao,H,0.482981,0.291517,0.225501,1.2675,0.7665
2324,2023-09-30,SP1,Vallecano,Mallorca,D,0.461966,0.273565,0.264469,1.3663,0.9614
2324,2023-10-01,SP1,Alaves,Osasuna,A,0.323953,0.299457,0.37659,0.9915,1.0938
2324,2023-10-01,SP1,Almeria,Granada,D,0.501126,0.217663,0.281211,1.9723,1.4371
2324,2023-10-01,SP1,Ath Madrid,Cadiz,H,0.744818,0.174092,0.081089,2.1349,0.5422
2324,2023-10-01,SP1,Betis,Valencia,H,0.517009,0.258431,0.22456,1.5187,0.9032
2324,2023-10-02,SP1,Las Palmas,Celta,H,0.457833,0.266309,0.275858,1.4161,1.0352
2324,2023-10-06,SP1,Ath Bilbao,Almeria,H,0.564919,0.228542,0.206538,1.8142,1.0007
2324,2023-10-07,SP1,Cadiz,Girona,A,0.307596,0.26552,0.426884,1.1333,1.385
2324,2023-10-07,SP1,Mallorca,Valencia,D,0.377659,0.289457,0.332885,1.1487,1.0596
2324,2023-10-07,SP1,Real Madrid,Osasuna,H,0.725055,0.18082,0.094124,2.1167,0.6085
2324,2023-10-07,SP1,Sevilla,Vallecano,D,0.577553,0.236285,0.186162,1.7182,0.8595
2324,2023-10-08,SP1,Alaves,Betis,D,0.243571,0.26552,0.490909,0.9347,1.4492
2324,2023-10-08,SP1,Ath Madrid,Sociedad,H,0.551346,0.255617,0.193036,1.5449,0.7955
2324,2023-10-08,SP1,Celta,Getafe,D,0.447063,0.303662,0.249275,1.1689,0.7917
2324,2023-10-08,SP1,Granada,Barcelona,D,0.157728,0.204617,0.637655,0.8977,2.0337
2324,2023-10-08,SP1,Villarreal,Las Palmas,A,0.609174,0.2183,0.172526,1.8957,0.8946
2324,2023-10-20,SP1,Osasuna,Granada,H,0.469666,0.263298,0.267036,1.4511,1.0244
2324,2023-10-21,SP1,Celta,Ath Madrid,A,0.239984,0.25264,0.507376,0.9917,1.5664
2324,2023-10-21,SP1,Getafe,Betis,D,0.329884,0.317946,0.352169,0.9261,0.9677
2324,2023-10-21,SP1,Sevilla,Real Madrid,D,0.280495,0.259581,0.459924,1.0897,1.4726
2324,2023-10-21,SP1,Sociedad,Mallorca,H,0.594721,0.250608,0.154671,1.57,0.6568
2324,2023-10-22,SP1,Barcelona,Ath Bilbao,H,0.668216,0.21241,0.119373,1.856,0.63
2324,2023-10-22,SP1,Girona,Almeria,H,0.609752,0.189321,0.200927,2.3724,1.3125
2324,2023-10-22,SP1,Las Palmas,Vallecano,A,0.502163,0.257121,0.240716,1.5244,0.9691
2324,2023-10-22,SP1,Villarreal,Alaves,D,0.755015,0.157946,0.08704,2.3904,0.677
2324,2023-10-23,SP1,Valencia,Cadiz,H,0.528553,0.272644,0.198803,1.4114,0.7479
2324,2023-10-27,SP1,Girona,Celta,H,0.532129,0.22848,0.239391,1.8279,1.1523
2324,2023-10-28,SP1,Almeria,Las Palmas,A,0.42508,0.243073,0.331846,1.5813,1.3705
2324,2023-10-28,SP1,Barcelona,Real Madrid,A,0.489542,0.25527,0.255188,1.5339,1.0312
2324,2023-10-28,SP1,Cadiz,Sevilla,D,0.275379,0.292963,0.431658,0.9029,1.2095
2324,2023-10-28,SP1,Mallorca,Getafe,D,0.383313,0.327196,0.289491,0.9816,0.81
2324,2023-10-29,SP1,Ath Bilbao,Valencia,D,0.481013,0.279631,0.239356,1.3404,0.8555
2324,2023-10-29,SP1,Ath Madrid,Alaves,H,0.809228,0.131798,0.058975,2.5782,0.5556
2324,2023-10-29,SP1,Betis,Osasuna,H,0.535263,0.265512,0.199225,1.4651,0.7773
2324,2023-10-29,SP1,Vallecano,Sociedad,D,0.294292,0.286453,0.419256,0.982,1.2316
2324,2023-10-30,SP1,Granada,Villarreal,A,0.27381,0.23317,0.49302,1.2581,1.7631
2324,2023-11-03,SP1,Las Palmas,Ath Madrid,H,0.244681,0.256896,0.498423,0.9846,1.5245
2324,2023-11-04,SP1,Betis,Mallorca,H,0.574625,0.246306,0.179068,1.6203,0.779
2324,2023-11-04,SP1,Celta,Sevilla,D,0.372789,0.274294,0.352917,1.2313,1.1902
2324,2023-11-04,SP1,Osasuna,Girona,A,0.375207,0.265727,0.359066,1.2951,1.2609
2324,2023-11-04,SP1,Sociedad,Barcelona,A,0.27851,0.289213,0.432277,0.9276,1.232
2324,2023-11-05,SP1,Alaves,Almeria,H,0.354657,0.247817,0.397526,1.391,1.4867
2324,2023-11-05,SP1,Real Madrid,Vallecano,D,0.765626,0.151509,0.082864,2.4628,0.6797
2324,2023-11-05,SP1,Valencia,Granada,H,0.520067,0.240819,0.239114,1.6861,1.0618
2324,2023-11-05,SP1,Villarreal,Ath Bilbao,A,0.545048,0.248544,0.206408,1.609,0.883
2324,2023-11-06,SP1,Getafe,Cadiz,H,0.458525,0.325384,0.216092,1.079,0.6391
2324,2023-11-10,SP1,Ath Bilbao,Celta,H,0.491065,0.272353,0.236582,1.3978,0.8786
2324,2023-11-11,SP1,Almeria,Sociedad,A,0.305452,0.255379,0.439169,1.1948,1.485
2324,2023-11-11,SP1,Granada,Getafe,D,0.419929,0.289072,0.290999,1.2169,0.9611
2324,2023-11-11,SP1,Osasuna,Las Palmas,D,0.400611,0.293606,0.305783,1.1634,0.9769
2324,2023-11-11,SP1,Real Madrid,Valencia,H,0.714823,0.179059,0.106118,2.194,0.707
2324,2023-11-11,SP1,Vallecano,Girona,A,0.372303,0.246348,0.381349,1.4468,1.4671
2324,2023-11-12,SP1,Ath Madrid,Villarreal,H,0.554803,0.231915,0.213282,1.7798,1.0097
2324,2023-11-12,SP1,Barcelona,Alaves,H,0.845951,0.111142,0.042908,2.7574,0.4831
2324,2023-11-12,SP1,Sevilla,Betis,D,0.455135,0.269101,0.275764,1.3921,1.0193
2324,2023-11-24,SP1,Alaves,Granada,H,0.356818,0.25954,0.383642,1.301,1.3589
2324,2023-11-25,SP1,Ath Madrid,Mallorca,H,0.727839,0.178129,0.094032,2.1494,0.621
2324,2023-11-25,SP1,Getafe,Almeria,H,0.457667,0.271342,0.270991,1.3781,0.9927
2324,2023-11-25,SP1,Valencia,Celta,D,0.454125,0.269387,0.276488,1.3889,1.0199
2324,2023-11-25,SP1,Vallecano,Barcelona,D,0.163765,0.22565,0.610585,0.8072,1.8034
2324,2023-11-26,SP1,Betis,Las Palmas,H,0.518426,0.255834,0.22574,1.5413,0.9209
2324,2023-11-26,SP1,Cadiz,Real Madrid,A,0.150226,0.230967,0.618807,0.7141,1.7336
2324,2023-11-26,SP1,Sociedad,Sevilla,H,0.471587,0.28091,0.247503,1.3245,0.8752
2324,2023-11-26,SP1,Villarreal,Osasuna,H,0.623673,0.224169,0.152158,1.802,0.7551
2324,2023-11-27,SP1,Girona,Ath Bilbao,D,0.46041,0.255311,0.284279,1.5099,1.1292
2324,2023-11-29,SP1,Mallorca,Cadiz,D,0.460039,0.297,0.242961,1.2173,0.798
2324,2023-12-01,SP1,Las Palmas,Getafe,H,0.449872,0.305884,0.244244,1.1605,0.7706
2324,2023-12-02,SP1,Ath Bilbao,Vallecano,H,0.533926,0.260492,0.205582,1.5047,0.8225
2324,2023-12-02,SP1,Girona,Valencia,H,0.521763,0.234779,0.243458,1.7528,1.122
2324,2023-12-02,SP1,Osasuna,Sociedad,D,0.296528,0.311866,0.391606,0.879,1.0585
2324,2023-12-02,SP1,Real Madrid,Granada,H,0.79381,0.130935,0.075255,2.7774,0.7559
2324,2023-12-03,SP1,Almeria,Betis,D,0.352293,0.24421,0.403497,1.417,1.5326
2324,2023-12-03,SP1,Barcelona,Ath Madrid,H,0.517267,0.253462,0.229271,1.5621,0.9469
2324,2023-12-03,SP1,Mallorca,Alaves,D,0.526074,0.264689,0.209237,1.47,0.8176
2324,2023-12-03,SP1,Sevilla,Villarreal,D,0.391878,0.262404,0.345718,1.3523,1.2537
2324,2023-12-04,SP1,Celta,Cadiz,D,0.530426,0.267472,0.202101,1.4496,0.7799
2324,2023-12-08,SP1,Getafe,Valencia,H,0.386019,0.319162,0.294819,1.0182,0.8487
2324,2023-12-09,SP1,Alaves,Las Palmas,A,0.299583,0.277215,0.423202,1.0431,1.2959
2324,2023-12-09,SP1,Betis,Real Madrid,D,0.275665,0.258454,0.465881,1.0811,1.4878
2324,2023-12-09,SP1,Mallorca,Sevilla,H,0.311834,0.284905,0.403261,1.034,1.2177
2324,2023-12-09,SP1,Villarreal,Sociedad,A,0.477946,0.266524,0.25553,1.4324,0.9693
2324,2023-12-10,SP1,Ath Madrid,Almeria,H,0.76928,0.140682,0.090038,2.7266,0.8422
2324,2023-12-10,SP1,Barcelona,Girona,A,0.728782,0.163579,0.107639,2.4343,0.8239
2324,2023-12-10,SP1,Cadiz,Osasuna,D,0.356698,0.319918,0.323384,0.9677,0.9057
2324,2023-12-11,SP1,Granada,Ath Bilbao,D,0.355945,0.269703,0.374352,1.2267,1.2652
2324,2023-12-11,SP1,Vallecano,Celta,D,0.410978,0.269003,0.320019,1.3354,1.1449
2324,2023-12-15,SP1,Osasuna,Vallecano,H,0.449544,0.283518,0.266938,1.2867,0.9212
2324,2023-12-16,SP1,Ath Bilbao,Ath Madrid,H,0.279994,0.280626,0.43938,0.9718,1.2939
2324,2023-12-16,SP1,Celta,Granada,H,0.520207,0.23664,0.243153,1.7316,1.1073
2324,2023-12-16,SP1,Sevilla,Getafe,A,0.516813,0.287896,0.195291,1.308,0.6834
2324,2023-12-16,SP1,Valencia,Barcelona,D,0.195911,0.248586,0.555503,0.8396,1.6065
2324,2023-12-17,SP1,Almeria,Mallorca,D,0.49148,0.24211,0.26641,1.6623,1.1592
2324,2023-12-17,SP1,Las Palmas,Cadiz,D,0.533106,0.268935,0.197959,1.4391,0.7591
2324,2023-12-17,SP1,Real Madrid,Villarreal,H,0.594842,0.216618,0.188541,1.9384,0.9915
2324,2023-12-17,SP1,Sociedad,Betis,D,0.477164,0.279514,0.243322,1.3383,0.8684
2324,2023-12-18,SP1,Girona,Alaves,H,0.685962,0.183197,0.130841,2.2432,0.8658
2324,2023-12-19,SP1,Ath Madrid,Getafe,D,0.660197,0.225939,0.113864,1.7216,0.5504
2324,2023-12-19,SP1,Granada,Sevilla,A,0.335165,0.254982,0.409853,1.2818,1.4448
2324,2023-12-19,SP1,Vallecano,Valencia,A,0.402722,0.27494,0.322338,1.2805,1.1148
2324,2023-12-20,SP1,Ath Bilbao,Las Palmas,H,0.482372,0.276821,0.240807,1.3605,0.8722
2324,2023-12-20,SP1,Barcelona,Almeria,H,0.815801,0.119053,0.065146,2.9161,0.7323
2324,2023-12-20,SP1,Villarreal,Celta,H,0.618833,0.213236,0.167931,1.9478,0.9011
2324,2023-12-21,SP1,Alaves,Real Madrid,A,0.118945,0.190863,0.690192,0.7317,2.0936
2324,2023-12-21,SP1,Betis,Girona,D,0.497593,0.237463,0.264944,1.7158,1.1887
2324,2023-12-21,SP1,Cadiz,Sociedad,D,0.243453,0.305649,0.450898,0.7692,1.1627
2324,2023-12-21,SP1,Mallorca,Osasuna,H,0.399212,0.303774,0.297013,1.1082,0.9119
2324,2023-12-23,SP1,Ath Madrid,Sevilla,H,0.607703,0.225116,0.167181,1.8134,0.8274
2324,2024-01-02,SP1,Getafe,Vallecano,A,0.433053,0.305732,0.261214,1.143,0.816
2324,2024-01-02,SP1,Sociedad,Alaves,D,0.685133,0.206756,0.108112,1.8832,0.5877
2324,2024-01-02,SP1,Valencia,Villarreal,H,0.317679,0.263108,0.419213,1.1767,1.3927
2324,2024-01-03,SP1,Celta,Betis,H,0.378281,0.273964,0.347756,1.2441,1.1808
2324,2024-01-03,SP1,Girona,Ath Madrid,H,0.287556,0.237813,0.474631,1.2708,1.6971
2324,2024-01-03,SP1,Granada,Cadiz,H,0.503685,0.258992,0.237323,1.5091,0.9468
2324,2024-01-03,SP1,Real Madrid,Mallorca,H,0.762723,0.157779,0.079498,2.3408,0.6097
2324,2024-01-04,SP1,Las Palmas,Barcelona,A,0.196775,0.245985,0.55724,0.856,1.6305
2324,2024-01-04,SP1,Osasuna,Almeria,H,0.472923,0.252005,0.275072,1.5514,1.1207
2324,2024-01-04,SP1,Sevilla,Ath Bilbao,A,0.463808,0.28079,0.255401,1.3185,0.8997
2324,2024-01-12,SP1,Sevilla,Alaves,A,0.674112,0.20332,0.122569,1.9589,0.6898
2324,2024-01-13,SP1,Ath Bilbao,Sociedad,H,0.366881,0.309838,0.32328,1.0279,0.9451
2324,2024-01-13,SP1,Betis,Granada,H,0.597612,0.217515,0.184873,1.9225,0.9657
2324,2024-01-13,SP1,Las Palmas,Villarreal,H,0.319845,0.260576,0.419579,1.1998,1.4135
2324,2024-01-13,SP1,Mallorca,Celta,D,0.385473,0.283348,0.33118,1.1979,1.0882
2324,2024-01-14,SP1,Almeria,Girona,D,0.387633,0.221208,0.391159,1.7603,1.7689
2324,2024-01-14,SP1,Cadiz,Valencia,A,0.335972,0.302491,0.361537,1.003,1.0524
2324,2024-01-19,SP1,Alaves,Cadiz,H,0.382948,0.302529,0.314524,1.0891,0.9571
2324,2024-01-20,SP1,Celta,Sociedad,A,0.330721,0.290596,0.378683,1.049,1.1442
2324,2024-01-20,SP1,Valencia,Ath Bilbao,H,0.3907,0.293711,0.315589,1.1473,0.9995
2324,2024-01-20,SP1,Vallecano,Las Palmas,A,0.403122,0.272247,0.324632,1.2997,1.1366
2324,2024-01-20,SP1,Villarreal,Mallorca,D,0.664082,0.20287,0.133048,1.9928,0.7567
2324,2024-01-21,SP1,Betis,Barcelona,A,0.247656,0.263822,0.488522,0.9573,1.4611
2324,2024-01-21,SP1,Girona,Sevilla,H,0.441599,0.245777,0.312624,1.5778,1.2895
2324,2024-01-21,SP1,Osasuna,Getafe,H,0.401476,0.334373,0.264151,0.9796,0.7325
2324,2024-01-21,SP1,Real Madrid,Almeria,H,0.804176,0.121924,0.0739,2.9695,0.827
2324,2024-01-22,SP1,Granada,Ath Madrid,A,0.202182,0.220864,0.576954,1.0324,1.9015
2324,2024-01-26,SP1,Almeria,Alaves,A,0.595881,0.212585,0.191534,1.9939,1.0372
2324,2024-01-27,SP1,Barcelona,Villarreal,A,0.615006,0.217012,0.167983,1.9035,0.8779
2324,2024-01-27,SP1,Las Palmas,Real Madrid,A,0.219812,0.243357,0.536831,0.9668,1.6603
2324,2024-01-27,SP1,Mallorca,Betis,A,0.316753,0.285142,0.398105,1.0447,1.2081
2324,2024-01-27,SP1,Sociedad,Vallecano,D,0.594627,0.241582,0.163791,1.6518,0.7322
2324,2024-01-28,SP1,Ath Madrid,Valencia,H,0.677669,0.198691,0.12364,2.0145,0.72
2324,2024-01-28,SP1,Cadiz,Ath Bilbao,D,0.2917,0.312943,0.395357,0.864,1.0592
2324,2024-01-28,SP1,Celta,Girona,A,0.417898,0.245497,0.336604,1.5455,1.3629
2324,2024-01-28,SP1,Sevilla,Osasuna,D,0.54043,0.264066,0.195504,1.4767,0.7694
2324,2024-01-29,SP1,Getafe,Granada,H,0.453554,0.283822,0.262624,1.289,0.9074
2324,2024-01-31,SP1,Ath Madrid,Vallecano,H,0.730187,0.171371,0.098441,2.2614,0.6922
2324,2024-01-31,SP1,Barcelona,Osasuna,H,0.735707,0.180175,0.084118,2.0786,0.5388
2324,2024-02-01,SP1,Getafe,Real Madrid,A,0.194362,0.27464,0.530998,0.7249,1.398
2324,2024-02-02,SP1,Ath Bilbao,Mallorca,H,0.53633,0.270224,0.193446,1.4301,0.7378
2324,2024-02-03,SP1,Alaves,Barcelona,A,0.10605,0.190046,0.703904,0.6479,2.056
2324,2024-02-03,SP1,Girona,Sociedad,D,0.392719,0.263664,0.343616,1.3442,1.2396
2324,2024-02-03,SP1,Granada,Las Palmas,D,0.409991,0.254948,0.335061,1.4453,1.2818
2324,2024-02-03,SP1,Valencia,Almeria,H,0.524158,0.230574,0.245269,1.8026,1.1617
2324,2024-02-04,SP1,Betis,Getafe,D,0.511934,0.28926,0.198806,1.2978,0.6905
2324,2024-02-04,SP1,Osasuna,Celta,A,0.408318,0.289972,0.30171,1.1953,0.984
2324,2024-02-04,SP1,Real Madrid,Ath Madrid,D,0.494828,0.249436,0.255736,1.5906,1.0694
2324,2024-02-04,SP1,Villarreal,Cadiz,D,0.685683,0.199422,0.114895,1.9794,0.6608
2324,2024-02-05,SP1,Vallecano,Sevilla,A,0.332635,0.272839,0.394526,1.1527,1.2811
2324,2024-02-09,SP1,Cadiz,Betis,A,0.279856,0.293528,0.426615,0.9123,1.2
2324,2024-02-10,SP1,Alaves,Villarreal,D,0.189361,0.230279,0.58036,0.908,1.7824
2324,2024-02-10,SP1,Las Palmas,Valencia,H,0.448566,0.272795,0.278639,1.358,1.0079
2324,2024-02-10,SP1,Real Madrid,Girona,H,0.712407,0.165887,0.121706,2.4789,0.9304
2324,2024-02-10,SP1,Sociedad,Osasuna,A,0.555754,0.2718,0.172445,1.4196,0.6554
2324,2024-02-11,SP1,Barcelona,Granada,D,0.804904,0.128485,0.066612,2.7275,0.6693
2324,2024-02-11,SP1,Getafe,Celta,H,0.394397,0.312049,0.293554,1.0618,0.8716
2324,2024-02-11,SP1,Mallorca,Vallecano,H,0.427061,0.278964,0.293975,1.2894,1.0187
2324,2024-02-11,SP1,Sevilla,Ath Madrid,H,0.307374,0.269241,0.423385,1.1097,1.3521
2324,2024-02-12,SP1,Almeria,Ath Bilbao,D,0.368692,0.257704,0.373604,1.3421,1.3527
2324,2024-02-16,SP1,Villarreal,Getafe,D,0.597472,0.247368,0.15516,1.5962,0.6708
2324,2024-02-17,SP1,Ath Madrid,Las Palmas,H,0.680089,0.196179,0.123732,2.0446,0.7341
2324,2024-02-17,SP1,Celta,Barcelona,A,0.19236,0.241052,0.566588,0.8623,1.6753
2324,2024-02-17,SP1,Osasuna,Cadiz,H,0.479092,0.300433,0.220475,1.2147,0.7215
2324,2024-02-17,SP1,Valencia,Sevilla,D,0.374211,0.279823,0.345966,1.1989,1.1413
2324,2024-02-18,SP1,Betis,Alaves,D,0.66914,0.205426,0.125434,1.9435,0.697
2324,2024-02-18,SP1,Granada,Almeria,D,0.484159,0.220166,0.295676,1.9273,1.4706
2324,2024-02-18,SP1,Mallorca,Sociedad,A,0.27591,0.29862,0.425471,0.8809,1.1706
2324,2024-02-18,SP1,Vallecano,Real Madrid,D,0.183435,0.224792,0.591773,0.9116,1.8364
2324,2024-02-19,SP1,Ath Bilbao,Girona,H,0.462358,0.255015,0.282627,1.5145,1.1258
2324,2024-02-23,SP1,Sociedad,Villarreal,A,0.418638,0.275649,0.305713,1.3,1.068
2324,2024-02-24,SP1,Alaves,Mallorca,D,0.354569,0.29107,0.354361,1.0965,1.0961
2324,2024-02-24,SP1,Almeria,Ath Madrid,D,0.206238,0.211159,0.582603,1.1296,2.033
2324,2024-02-24,SP1,Barcelona,Getafe,H,0.705802,0.205425,0.088773,1.8412,0.4786
2324,2024-02-25,SP1,Betis,Ath Bilbao,H,0.458599,0.281614,0.259787,1.3082,0.909
2324,2024-02-25,SP1,Cadiz,Celta,D,0.342909,0.296389,0.360702,1.046,1.0808
2324,2024-02-25,SP1,Las Palmas,Osasuna,D,0.469454,0.282849,0.247698,1.3101,0.8675
2324,2024-02-25,SP1,Real Madrid,Sevilla,H,0.646453,0.207243,0.146304,1.9749,0.8125
2324,2024-02-26,SP1,Girona,Vallecano,H,0.580431,0.215784,0.203786,1.9676,1.0788
2324,2024-03-01,SP1,Celta,Almeria,H,0.523909,0.226678,0.249413,1.8513,1.2114
2324,2024-03-02,SP1,Getafe,Las Palmas,D,0.386943,0.315932,0.297125,1.0334,0.8653
2324,2024-03-02,SP1,Sevilla,Sociedad,H,0.401186,0.291891,0.306923,1.1738,0.9876
2324,2024-03-02,SP1,Valencia,Real Madrid,D,0.218757,0.245819,0.535425,0.9482,1.6359
2324,2024-03-02,SP1,Vallecano,Cadiz,D,0.489693,0.278053,0.232254,1.357,0.8395
2324,2024-03-03,SP1,Ath Bilbao,Barcelona,D,0.229553,0.274701,0.495746,0.845,1.3839
2324,2024-03-03,SP1,Ath Madrid,Betis,H,0.613571,0.222866,0.163564,1.8322,0.821
2324,2024-03-03,SP1,Mallorca,Girona,H,0.348965,0.257499,0.393536,1.2978,1.3944
2324,2024-03-03,SP1,Villarreal,Granada,H,0.69112,0.17598,0.1329,2.3645,0.9381
2324,2024-03-04,SP1,Osasuna,Alaves,H,0.545809,0.265346,0.188846,1.467,0.7393
2324,2024-03-08,SP1,Barcelona,Mallorca,H,0.772511,0.156556,0.070933,2.2988,0.5399
2324,2024-03-09,SP1,Cadiz,Ath Madrid,H,0.169735,0.249046,0.581219,0.7272,1.5918
2324,2024-03-09,SP1,Girona,Osasuna,H,0.544545,0.240268,0.215188,1.6911,0.9657
2324,2024-03-09,SP1,Granada,Sociedad,A,0.295876,0.266816,0.437308,1.092,1.3889
2324,2024-03-09,SP1,Valencia,Getafe,H,0.445887,0.30957,0.244543,1.1382,0.7592
2324,2024-03-10,SP1,Alaves,Vallecano,H,0.344729,0.277281,0.37799,1.1537,1.2219
2324,2024-03-10,SP1,Betis,Villarreal,A,0.386345,0.262422,0.351233,1.3417,1.2667
2324,2024-03-10,SP1,Las Palmas,Ath Bilbao,A,0.3939,0.290577,0.315523,1.1698,1.0144
2324,2024-03-10,SP1,Real Madrid,Celta,H,0.726738,0.170968,0.102294,2.2879,0.7261
2324,2024-03-11,SP1,Almeria,Sevilla,D,0.346446,0.244097,0.409457,1.4024,1.5447
2324,2024-03-15,SP1,Sociedad,Cadiz,H,0.6151,0.249996,0.134904,1.5594,0.5735
2324,2024-03-16,SP1,Ath Bilbao,Alaves,H,0.628955,0.231408,0.139637,1.7154,0.6601
2324,2024-03-16,SP1,Getafe,Girona,H,0.365711,0.285243,0.349046,1.1504,1.1169
2324,2024-03-16,SP1,Mallorca,Granada,H,0.445173,0.259854,0.294973,1.4541,1.1329
2324,2024-03-16,SP1,Osasuna,Real Madrid,A,0.193794,0.251723,0.554483,0.816,1.5782
2324,2024-03-17,SP1,Ath Madrid,Barcelona,A,0.388835,0.273016,0.33815,1.2699,1.1647
2324,2024-03-17,SP1,Las Palmas,Almeria,A,0.528276,0.227709,0.244016,1.838,1.179
2324,2024-03-17,SP1,Sevilla,Celta,A,0.533034,0.249981,0.216985,1.5962,0.9181
2324,2024-03-17,SP1,Vallecano,Betis,H,0.337889,0.27293,0.38918,1.1646,1.2711
2324,2024-03-17,SP1,Villarreal,Valencia,H,0.607306,0.220692,0.172003,1.8678,0.8774
2324,2024-03-29,SP1,Cadiz,Granada,H,0.397435,0.275248,0.327317,1.2698,1.1252
2324,2024-03-30,SP1,Almeria,Osasuna,A,0.452364,0.255122,0.292514,1.5031,1.1568
2324,2024-03-30,SP1,Barcelona,Las Palmas,H,0.73021,0.175352,0.094438,2.1868,0.6383
2324,2024-03-30,SP1,Getafe,Sevilla,A,0.325242,0.318041,0.356718,0.9165,0.9753
2324,2024-03-30,SP1,Valencia,Mallorca,D,0.502958,0.270083,0.226959,1.421,0.8565
2324,2024-03-31,SP1,Alaves,Sociedad,A,0.210869,0.273163,0.515967,0.7881,1.4041
2324,2024-03-31,SP1,Celta,Vallecano,D,0.498519,0.255654,0.245827,1.5355,0.9957
2324,2024-03-31,SP1,Girona,Betis,H,0.447831,0.244925,0.307244,1.5942,1.2794
2324,2024-03-31,SP1,Real Madrid,Ath Bilbao,H,0.654175,0.212264,0.133561,1.8899,0.7115
2324,2024-04-01,SP1,Villarreal,Ath Madrid,A,0.377043,0.258434,0.364523,1.3542,1.3271
2324,2024-04-04,SP1,Granada,Valencia,A,0.409815,0.257417,0.332769,1.424,1.2572
2324,2024-04-12,SP1,Betis,Celta,H,0.527519,0.25129,0.221192,1.5837,0.9276
2324,2024-04-13,SP1,Ath Madrid,Girona,H,0.67301,0.184158,0.142833,2.2761,0.9476
2324,2024-04-13,SP1,Cadiz,Barcelona,A,0.134491,0.232066,0.633442,0.6323,1.7025
2324,2024-04-13,SP1,Mallorca,Real Madrid,A,0.172986,0.23243,0.594584,0.8177,1.7454
2324,2024-04-13,SP1,Vallecano,Getafe,D,0.409145,0.30954,0.281314,1.0943,0.8522
2324,2024-04-14,SP1,Ath Bilbao,Villarreal,D,0.357794,0.276899,0.365306,1.1843,1.1997
2324,2024-04-14,SP1,Granada,Alaves,H,0.57424,0.227303,0.198456,1.8224,0.9701
2324,2024-04-14,SP1,Las Palmas,Sevilla,A,0.377114,0.276952,0.345934,1.2224,1.1583
2324,2024-04-14,SP1,Sociedad,Almeria,D,0.630586,0.208529,0.160885,1.9916,0.8909
2324,2024-04-15,SP1,Osasuna,Valencia,A,0.399891,0.296565,0.303544,1.1463,0.9581
2324,2024-04-19,SP1,Ath Bilbao,Granada,D,0.558585,0.239301,0.202115,1.6969,0.9146
2324,2024-04-20,SP1,Celta,Las Palmas,H,0.445497,0.268202,0.286301,1.3883,1.0559
2324,2024-04-20,SP1,Girona,Cadiz,H,0.613131,0.220846,0.166024,1.8575,0.845
2324,2024-04-20,SP1,Valencia,Betis,A,0.379625,0.279444,0.340931,1.2113,1.1324
2324,2024-04-20,SP1,Vallecano,Osasuna,H,0.425668,0.287242,0.287089,1.2354,0.9594
2324,2024-04-21,SP1,Alaves,Ath Madrid,H,0.137497,0.210075,0.652428,0.7451,1.9224
2324,2024-04-21,SP1,Almeria,Villarreal,A,0.281506,0.223643,0.49485,1.3765,1.885
2324,2024-04-21,SP1,Getafe,Sociedad,D,0.288462,0.335912,0.375626,0.7808,0.9376
2324,2024-04-21,SP1,Real Madrid,Barcelona,H,0.424009,0.265254,0.310738,1.383,1.1437
2324,2024-04-22,SP1,Sevilla,Mallorca,H,0.579864,0.244635,0.175502,1.6331,0.771
2324,2024-04-26,SP1,Sociedad,Real Madrid,A,0.308609,0.280774,0.410617,1.0475,1.2545
2324,2024-04-27,SP1,Alaves,Celta,H,0.30576,0.275007,0.419233,1.0717,1.3053
2324,2024-04-27,SP1,Almeria,Getafe,A,0.436648,0.274584,0.288769,1.3314,1.0276
2324,2024-04-27,SP1,Ath Madrid,Ath Bilbao,H,0.616429,0.23109,0.152481,1.7354,0.7246
2324,2024-04-27,SP1,Las Palmas,Girona,A,0.422865,0.247472,0.329663,1.5343,1.3265
2324,2024-04-28,SP1,Betis,Sevilla,D,0.44394,0.270823,0.285237,1.367,1.038
2324,2024-04-28,SP1,Cadiz,Mallorca,D,0.388542,0.308325,0.303134,1.0702,0.9076
2324,2024-04-28,SP1,Granada,Osasuna,H,0.435571,0.268523,0.295906,1.3738,1.082
2324,2024-04-28,SP1,Villarreal,Vallecano,H,0.663424,0.196176,0.1404,2.0967,0.8436
2324,2024-04-29,SP1,Barcelona,Valencia,H,0.72752,0.177916,0.094564,2.1546,0.626
2324,2024-05-03,SP1,Getafe,Ath Bilbao,A,0.338427,0.335909,0.325664,0.8771,0.8541
2324,2024-05-04,SP1,Girona,Barcelona,H,0.230357,0.229386,0.540257,1.1049,1.8151
2324,2024-05-04,SP1,Mallorca,Ath Madrid,A,0.194737,0.248984,0.556279,0.8328,1.6026
2324,2024-05-04,SP1,Real Madrid,Cadiz,H,0.778351,0.153319,0.068329,2.325,0.5324
2324,2024-05-04,SP1,Sociedad,Las Palmas,H,0.54297,0.261939,0.195091,1.4935,0.7765
2324,2024-05-05,SP1,Celta,Villarreal,H,0.314909,0.257354,0.427737,1.2085,1.4523
2324,2024-05-05,SP1,Osasuna,Betis,A,0.339453,0.295645,0.364902,1.0425,1.0924
2324,2024-05-05,SP1,Sevilla,Granada,H,0.603309,0.215806,0.180885,1.9377,0.9558
2324,2024-05-05,SP1,Valencia,Alaves,A,0.598284,0.235954,0.165761,1.7045,0.7663
2324,2024-05-05,SP1,Vallecano,Almeria,A,0.475816,0.234736,0.289448,1.7332,1.304
2324,2024-05-10,SP1,Alaves,Girona,D,0.265226,0.241238,0.493536,1.1612,1.6726
2324,2024-05-11,SP1,Ath Bilbao,Osasuna,D,0.498372,0.288877,0.212751,1.2932,0.7362
2324,2024-05-11,SP1,Granada,Real Madrid,A,0.177439,0.205033,0.617528,1.0138,2.0709
2324,2024-05-11,SP1,Mallorca,Las Palmas,H,0.378049,0.286554,0.335397,1.1658,1.0803
2324,2024-05-11,SP1,Villarreal,Sevilla,H,0.531782,0.241337,0.226882,1.6813,1.0083
2324,2024-05-12,SP1,Ath Madrid,Celta,H,0.689649,0.190539,0.119812,2.1008,0.7394
2324,2024-05-12,SP1,Betis,Almeria,H,0.604275,0.207606,0.188119,2.0554,1.0566
2324,2024-05-12,SP1,Cadiz,Getafe,H,0.342695,0.344275,0.313029,0.8572,0.8046
2324,2024-05-12,SP1,Valencia,Vallecano,D,0.49806,0.260338,0.241602,1.4951,0.9548
2324,2024-05-13,SP1,Barcelona,Sociedad,H,0.605558,0.240526,0.153917,1.6523,0.6916
2324,2024-05-14,SP1,Girona,Villarreal,A,0.376182,0.236867,0.386951,1.5486,1.5735
2324,2024-05-14,SP1,Osasuna,Mallorca,D,0.454552,0.295032,0.250415,1.223,0.8263
2324,2024-05-14,SP1,Real Madrid,Alaves,H,0.839335,0.112573,0.048092,2.8078,0.5455
2324,2024-05-15,SP1,Celta,Ath Bilbao,H,0.390079,0.287994,0.321927,1.1783,1.0423
2324,2024-05-15,SP1,Getafe,Ath Madrid,A,0.214766,0.290149,0.495084,0.7382,1.2836
2324,2024-05-15,SP1,Sevilla,Cadiz,A,0.603177,0.243986,0.152837,1.6221,0.6732
2324,2024-05-15,SP1,Vallecano,Granada,H,0.473945,0.24491,0.281145,1.6211,1.1919
2324,2024-05-16,SP1,Almeria,Barcelona,A,0.15966,0.194668,0.645672,0.9821,2.1743
2324,2024-05-16,SP1,Las Palmas,Betis,D,0.382586,0.27656,0.340854,1.2351,1.1493
2324,2024-05-16,SP1,Sociedad,Valencia,H,0.541101,0.264744,0.194154,1.4715,0.7616
2324,2024-05-18,SP1,Alaves,Getafe,H,0.313723,0.322107,0.364171,0.8783,0.9716
2324,2024-05-19,SP1,Ath Bilbao,Sevilla,H,0.411778,0.288899,0.299323,1.2066,0.9831
2324,2024-05-19,SP1,Ath Madrid,Osasuna,A,0.689083,0.201263,0.109654,1.9435,0.6197
2324,2024-05-19,SP1,Barcelona,Vallecano,H,0.776506,0.149778,0.073716,2.4186,0.6019
2324,2024-05-19,SP1,Betis,Sociedad,A,0.396146,0.29214,0.311714,1.1646,0.9979
2324,2024-05-19,SP1,Cadiz,Las Palmas,D,0.336186,0.29934,0.364474,1.018,1.073
2324,2024-05-19,SP1,Granada,Celta,A,0.418083,0.251958,0.329959,1.485,1.2911
2324,2024-05-19,SP1,Mallorca,Almeria,D,0.446849,0.248828,0.304323,1.5547,1.2394
2324,2024-05-19,SP1,Valencia,Girona,A,0.419677,0.250068,0.330255,1.5048,1.307
2324,2024-05-19,SP1,Villarreal,Real Madrid,D,0.347253,0.252889,0.399858,1.3297,1.4453
2324,2024-05-24,SP1,Girona,Granada,H,0.60475,0.197803,0.197447,2.2189,1.1997
2324,2024-05-25,SP1,Almeria,Cadiz,H,0.523464,0.244246,0.23229,1.6511,1.0122
2324,2024-05-25,SP1,Osasuna,Villarreal,D,0.282496,0.27401,0.443494,1.0127,1.3436
2324,2024-05-25,SP1,Real Madrid,Betis,D,0.652266,0.204826,0.142907,1.9954,0.8061
2324,2024-05-25,SP1,Sociedad,Ath Madrid,A,0.334331,0.28867,0.376999,1.0668,1.1519
2324,2024-05-25,SP1,Vallecano,Ath Bilbao,A,0.351023,0.288509,0.360469,1.1031,1.1219
2324,2024-05-26,SP1,Celta,Valencia,D,0.444725,0.270833,0.284442,1.3679,1.0356
2324,2024-05-26,SP1,Getafe,Mallorca,A,0.436561,0.318593,0.244846,1.0864,0.7319
2324,2024-05-26,SP1,Las Palmas,Alaves,D,0.603149,0.232305,0.164546,1.7379,0.7778
2324,2024-05-26,SP1,Sevilla,Barcelona,A,0.252087,0.265216,0.482696,0.9649,1.4461
2425,2024-08-15,SP1,Ath Bilbao,Getafe,D,0.569444,0.266456,0.164101,1.5031,0.6751
2425,2024-08-15,SP1,Betis,Girona,D,0.36297,0.244118,0.392912,1.5106,1.5796
2425,2024-08-16,SP1,Celta,Alaves,H,0.495555,0.276312,0.228133,1.4241,0.8754
2425,2024-08-16,SP1,Las Palmas,Sevilla,D,0.310442,0.308532,0.381026,0.9626,1.0992
2425,2024-08-17,SP1,Osasuna,Leganes,D,0.489193,0.301931,0.208876,1.254,0.7146
2425,2024-08-17,SP1,Valencia,Barcelona,A,0.215637,0.254148,0.530215,0.9385,1.6183
2425,2024-08-18,SP1,Mallorca,Real Madrid,D,0.13605,0.237201,0.626749,0.6568,1.7147
2425,2024-08-18,SP1,Sociedad,Vallecano,A,0.584885,0.268954,0.14616,1.4763,0.5942
2425,2024-08-19,SP1,Valladolid,Espanol,H,0.36637,0.268751,0.364879,1.3126,1.3094
2425,2024-08-19,SP1,Villarreal,Ath Madrid,D,0.359284,0.237298,0.403418,1.5687,1.6726
2425,2024-08-23,SP1,Celta,Valencia,H,0.430481,0.283921,0.285598,1.3134,1.0172
2425,2024-08-23,SP1,Sevilla,Villarreal,A,0.408258,0.2455,0.346242,1.5958,1.4536
2425,2024-08-24,SP1,Barcelona,Ath Bilbao,H,0.584556,0.234417,0.181027,1.7977,0.8932
2425,2024-08-24,SP1,Espanol,Sociedad,A,0.278409,0.268407,0.453184,1.082,1.4531
2425,2024-08-24,SP1,Getafe,Vallecano,D,0.436156,0.320082,0.243762,1.1157,0.7559
2425,2024-08-24,SP1,Osasuna,Mallorca,H,0.438395,0.307266,0.25434,1.1826,0.8283
2425,2024-08-25,SP1,Alaves,Betis,D,0.297692,0.302456,0.399853,0.9596,1.1598
2425,2024-08-25,SP1,Ath Madrid,Girona,H,0.525232,0.21683,0.257937,2.0636,1.4046
2425,2024-08-25,SP1,Leganes,Las Palmas,H,0.363044,0.352945,0.284011,0.8904,0.7508
2425,2024-08-25,SP1,Real Madrid,Valladolid,H,0.8604,0.10305,0.03655,2.8993,0.4792
2425,2024-08-26,SP1,Villarreal,Celta,H,0.593992,0.209798,0.19621,2.1155,1.1436
2425,2024-08-27,SP1,Mallorca,Sevilla,D,0.338419,0.307328,0.354254,1.0278,1.0585
2425,2024-08-27,SP1,Vallecano,Barcelona,A,0.163374,0.24057,0.596056,0.7763,1.719
2425,2024-08-28,SP1,Ath Bilbao,Valencia,H,0.538354,0.272329,0.189317,1.4642,0.7521
2425,2024-08-28,SP1,Ath Madrid,Espanol,D,0.750292,0.152637,0.097071,2.6403,0.8642
2425,2024-08-28,SP1,Sociedad,Alaves,A,0.586217,0.264863,0.14892,1.507,0.6182
2425,2024-08-28,SP1,Valladolid,Leganes,D,0.382269,0.328278,0.289452,1.0108,0.8389
2425,2024-08-29,SP1,Girona,Osasuna,H,0.685433,0.180319,0.134248,2.3833,0.968
2425,2024-08-29,SP1,Las Palmas,Real Madrid,D,0.120282,0.226691,0.653027,0.6152,1.7805
2425,2024-08-31,SP1,Ath Bilbao,Ath Madrid,A,0.362503,0.277946,0.359552,1.2408,1.2346
2425,2024-08-31,SP1,Barcelona,Valladolid,H,0.821466,0.124605,0.053929,2.7317,0.5825
2425,2024-08-31,SP1,Espanol,Vallecano,H,0.461949,0.273204,0.264847,1.4241,1.0121
2425,2024-08-31,SP1,Leganes,Mallorca,A,0.339845,0.351814,0.30834,0.8575,0.8016
2425,2024-08-31,SP1,Valencia,Villarreal,D,0.353672,0.261329,0.384999,1.3396,1.4081
2425,2024-09-01,SP1,Alaves,Las Palmas,H,0.409916,0.32935,0.260734,1.0439,0.7691
2425,2024-09-01,SP1,Getafe,Sociedad,D,0.277935,0.318329,0.403735,0.8477,1.0852
2425,2024-09-01,SP1,Osasuna,Celta,H,0.424186,0.276917,0.298897,1.3538,1.0926
2425,2024-09-01,SP1,Real Madrid,Betis,H,0.705085,0.188114,0.106802,2.1518,0.7057
2425,2024-09-01,SP1,Sevilla,Girona,A,0.335692,0.237627,0.426681,1.4975,1.7111
2425,2024-09-13,SP1,Betis,Leganes,H,0.58012,0.267693,0.152188,1.4885,0.6226
2425,2024-09-14,SP1,Espanol,Alaves,H,0.460163,0.269192,0.270645,1.4537,1.0529
2425,2024-09-14,SP1,Mallorca,Villarreal,A,0.30203,0.270526,0.427444,1.1397,1.4057
2425,2024-09-14,SP1,Sevilla,Getafe,H,0.510345,0.276196,0.213459,1.431,0.8248
2425,2024-09-14,SP1,Sociedad,Real Madrid,A,0.245422,0.279759,0.474819,0.9169,1.3862
2425,2024-09-15,SP1,Ath Madrid,Valencia,H,0.647021,0.216155,0.136823,1.9209,0.7543
2425,2024-09-15,SP1,Celta,Valladolid,H,0.574325,0.245607,0.180068,1.6863,0.8301
2425,2024-09-15,SP1,Girona,Barcelona,A,0.38794,0.227859,0.384201,1.7476,1.7385
2425,2024-09-15,SP1,Las Palmas,Ath Bilbao,A,0.24698,0.312979,0.440041,0.7879,1.1546
2425,2024-09-16,SP1,Vallecano,Osasuna,H,0.369921,0.313118,0.31696,1.0587,0.9572
2425,2024-09-17,SP1,Mallorca,Sociedad,H,0.269621,0.325294,0.405085,0.8035,1.0554
2425,2024-09-18,SP1,Betis,Getafe,H,0.530319,0.275055,0.194627,1.4435,0.7614
2425,2024-09-19,SP1,Leganes,Ath Bilbao,A,0.223935,0.312467,0.463598,0.7258,1.179
2425,2024-09-20,SP1,Alaves,Sevilla,H,0.323137,0.298151,0.378712,1.0395,1.1498
2425,2024-09-21,SP1,Osasuna,Las Palmas,H,0.465381,0.303594,0.231025,1.228,0.7757
2425,2024-09-21,SP1,Real Madrid,Espanol,H,0.846161,0.104694,0.049145,3.1037,0.6728
2425,2024-09-21,SP1,Valencia,Girona,H,0.287784,0.247163,0.465054,1.2572,1.6576
2425,2024-09-21,SP1,Valladolid,Sociedad,D,0.209501,0.286356,0.504143,0.7707,1.3574
2425,2024-09-22,SP1,Ath Bilbao,Celta,H,0.567576,0.247338,0.185086,1.6733,0.8441
2425,2024-09-22,SP1,Getafe,Leganes,D,0.457216,0.325212,0.217572,1.1119,0.6707
2425,2024-09-22,SP1,Vallecano,Ath Madrid,D,0.195136,0.261411,0.543453,0.8203,1.552
2425,2024-09-22,SP1,Villarreal,Barcelona,A,0.308376,0.229766,0.461858,1.4846,1.8526
2425,2024-09-23,SP1,Betis,Mallorca,A,0.53009,0.280564,0.189346,1.4037,0.7217
2425,2024-09-24,SP1,Real Madrid,Alaves,H,0.800872,0.142749,0.056379,2.4485,0.5053
2425,2024-09-24,SP1,Sevilla,Valladolid,H,0.619374,0.231261,0.149365,1.7898,0.7498
2425,2024-09-24,SP1,Valencia,Osasuna,D,0.44889,0.292297,0.258813,1.2799,0.9011
2425,2024-09-25,SP1,Barcelona,Getafe,H,0.726823,0.180399,0.092778,2.184,0.6408
2425,2024-09-25,SP1,Girona,Vallecano,D,0.713905,0.176952,0.109143,2.3147,0.791
2425,2024-09-26,SP1,Celta,Ath Madrid,A,0.250808,0.248321,0.500871,1.1129,1.6698
2425,2024-09-26,SP1,Espanol,Villarreal,A,0.305908,0.224083,0.47001,1.5347,1.9355
2425,2024-09-26,SP1,Las Palmas,Betis,D,0.286094,0.312705,0.4012,0.8886,1.1088
2425,2024-09-27,SP1,Valladolid,Mallorca,A,0.33379,0.322274,0.343936,0.9533,0.9724
2425,2024-09-28,SP1,Getafe,Alaves,H,0.435635,0.315173,0.249192,1.139,0.7863
2425,2024-09-28,SP1,Osasuna,Barcelona,H,0.19767,0.238335,0.563995,0.95,1.7699
2425,2024-09-28,SP1,Sociedad,Valencia,H,0.527128,0.282515,0.190357,1.3898,0.7184
2425,2024-09-28,SP1,Vallecano,Leganes,D,0.422694,0.337613,0.239693,1.0246,0.694
2425,2024-09-29,SP1,Ath Bilbao,Sevilla,D,0.513609,0.26602,0.220371,1.5115,0.896
2425,2024-09-29,SP1,Ath Madrid,Real Madrid,D,0.32607,0.26156,0.41237,1.2673,1.4555
2425,2024-09-29,SP1,Betis,Espanol,H,0.595525,0.222366,0.182108,1.9328,0.9718
2425,2024-09-29,SP1,Celta,Girona,D,0.285021,0.22818,0.4868,1.4109,1.8943
2425,2024-09-30,SP1,Villarreal,Las Palmas,H,0.632002,0.218766,0.149232,1.919,0.812
2425,2024-10-04,SP1,Leganes,Valencia,D,0.309809,0.334877,0.355314,0.859,0.9423
2425,2024-10-05,SP1,Espanol,Mallorca,H,0.431868,0.280511,0.287621,1.3384,1.0409
2425,2024-10-05,SP1,Getafe,Osasuna,D,0.404682,0.305813,0.289505,1.1488,0.925
2425,2024-10-05,SP1,Las Palmas,Celta,A,0.354686,0.306034,0.33928,1.0656,1.0356
2425,2024-10-05,SP1,Real Madrid,Villarreal,H,0.7279,0.161099,0.111,2.5849,0.929
2425,2024-10-05,SP1,Valladolid,Vallecano,A,0.358856,0.318695,0.322449,1.0144,0.9454
2425,2024-10-06,SP1,Alaves,Barcelona,A,0.166484,0.237169,0.596347,0.8076,1.7548
2425,2024-10-06,SP1,Girona,Ath Bilbao,H,0.522112,0.233298,0.24459,1.8413,1.1965
2425,2024-10-06,SP1,Sevilla,Betis,H,0.414654,0.278609,0.306736,1.3284,1.1041
2425,2024-10-06,SP1,Sociedad,Ath Madrid,D,0.356604,0.286058,0.357338,1.1777,1.1792
2425,2024-10-18,SP1,Alaves,Valladolid,A,0.481349,0.294523,0.224128,1.293,0.7876
2425,2024-10-19,SP1,Ath Bilbao,Espanol,H,0.639385,0.210751,0.149864,2.0126,0.8617
2425,2024-10-19,SP1,Celta,Real Madrid,A,0.156116,0.216108,0.627775,0.8665,1.9629
2425,2024-10-19,SP1,Girona,Sociedad,A,0.516896,0.240365,0.242738,1.7587,1.1357
2425,2024-10-19,SP1,Osasuna,Betis,A,0.34479,0.290219,0.364991,1.1289,1.1698
2425,2024-10-20,SP1,Ath Madrid,Leganes,H,0.721243,0.191159,0.087598,2.0333,0.5537
2425,2024-10-20,SP1,Barcelona,Sevilla,H,0.678434,0.19175,0.129816,2.1962,0.8504
2425,2024-10-20,SP1,Mallorca,Vallecano,H,0.422926,0.329769,0.247304,1.0575,0.735
2425,2024-10-20,SP1,Villarreal,Getafe,D,0.602363,0.224142,0.173495,1.9004,0.9146
2425,2024-10-21,SP1,Valencia,Las Palmas,A,0.478362,0.308078,0.21356,1.2131,0.7093
2425,2024-10-25,SP1,Espanol,Sevilla,A,0.355314,0.256263,0.388423,1.384,1.4574
2425,2024-10-26,SP1,Las Palmas,Girona,H,0.216857,0.24402,0.539123,1.0018,1.7183
2425,2024-10-26,SP1,Real Madrid,Barcelona,A,0.545097,0.235536,0.219368,1.8109,1.0676
2425,2024-10-26,SP1,Valladolid,Villarreal,A,0.225658,0.235949,0.538393,1.0932,1.808
2425,2024-10-26,SP1,Vallecano,Alaves,H,0.400772,0.325308,0.27392,1.0496,0.8136
2425,2024-10-27,SP1,Betis,Ath Madrid,H,0.318191,0.26942,0.412389,1.1916,1.3924
2425,2024-10-27,SP1,Getafe,Valencia,D,0.377268,0.317484,0.305248,1.0504,0.9138
2425,2024-10-27,SP1,Leganes,Celta,H,0.324662,0.311251,0.364087,0.9816,1.0575
2425,2024-10-27,SP1,Sociedad,Osasuna,A,0.55972,0.264793,0.175487,1.52,0.7272
2425,2024-10-28,SP1,Mallorca,Ath Bilbao,D,0.270973,0.315446,0.413581,0.8413,1.1119
2425,2024-11-01,SP1,Alaves,Mallorca,H,0.384698,0.330475,0.284828,1.0053,0.8212
2425,2024-11-02,SP1,Girona,Leganes,H,0.733396,0.172002,0.094602,2.3067,0.7019
2425,2024-11-02,SP1,Osasuna,Valladolid,H,0.542178,0.26512,0.192702,1.521,0.7944
2425,2024-11-03,SP1,Ath Bilbao,Betis,D,0.480585,0.279053,0.240362,1.3953,0.9038
2425,2024-11-03,SP1,Ath Madrid,Las Palmas,H,0.700884,0.199473,0.099643,1.9913,0.6011
2425,2024-11-03,SP1,Barcelona,Espanol,H,0.798794,0.127592,0.073613,2.9243,0.8178
2425,2024-11-03,SP1,Sevilla,Sociedad,A,0.360183,0.296545,0.343271,1.125,1.0913
2425,2024-11-04,SP1,Celta,Getafe,H,0.465262,0.284124,0.250614,1.3482,0.9131
2425,2024-11-08,SP1,Vallecano,Las Palmas,A,0.400617,0.336296,0.263087,1.0035,0.7534
2425,2024-11-09,SP1,Leganes,Sevilla,H,0.282926,0.311248,0.405826,0.8867,1.1224
2425,2024-11-09,SP1,Real Madrid,Osasuna,H,0.783796,0.148296,0.067908,2.4696,0.5945
2425,2024-11-09,SP1,Villarreal,Alaves,H,0.634565,0.211888,0.153547,2.0073,0.8769
2425,2024-11-10,SP1,Betis,Celta,D,0.52402,0.255341,0.220639,1.6069,0.952
2425,2024-11-10,SP1,Getafe,Girona,A,0.249644,0.245384,0.504972,1.1284,1.7016
2425,2024-11-10,SP1,Mallorca,Ath Madrid,A,0.214438,0.272633,0.512929,0.8437,1.4586
2425,2024-11-10,SP1,Sociedad,Barcelona,H,0.313805,0.280001,0.406194,1.1146,1.3061
2425,2024-11-10,SP1,Valladolid,Ath Bilbao,D,0.208768,0.276494,0.514738,0.8069,1.4301
2425,2024-11-22,SP1,Getafe,Valladolid,H,0.508306,0.287922,0.203772,1.3487,0.7457
2425,2024-11-23,SP1,Ath Madrid,Alaves,H,0.706245,0.192025,0.10173,2.0829,0.6491
2425,2024-11-23,SP1,Celta,Barcelona,D,0.210825,0.231828,0.557347,1.0533,1.8494
2425,2024-11-23,SP1,Girona,Espanol,H,0.754694,0.139636,0.10567,2.9953,1.0955
2425,2024-11-23,SP1,Las Palmas,Mallorca,A,0.36873,0.343681,0.287589,0.9309,0.7851
2425,2024-11-23,SP1,Valencia,Betis,H,0.361997,0.299015,0.338988,1.1152,1.0696
2425,2024-11-24,SP1,Ath Bilbao,Sociedad,H,0.422121,0.303961,0.273918,1.1817,0.8933
2425,2024-11-24,SP1,Leganes,Real Madrid,A,0.10649,0.219087,0.674423,0.5667,1.8182
2425,2024-11-24,SP1,Osasuna,Villarreal,D,0.332745,0.252447,0.414809,1.3561,1.54
2425,2024-11-24,SP1,Sevilla,Vallecano,H,0.540629,0.270179,0.189193,1.4807,0.7601
2425,2024-11-29,SP1,Mallorca,Valencia,H,0.365793,0.325796,0.308411,0.9956,0.8886
2425,2024-11-30,SP1,Alaves,Leganes,D,0.432488,0.330241,0.237271,1.066,0.7085
2425,2024-11-30,SP1,Barcelona,Las Palmas,A,0.748199,0.17277,0.079032,2.2055,0.5688
2425,2024-11-30,SP1,Espanol,Celta,H,0.409276,0.252289,0.338435,1.5321,1.3731
2425,2024-11-30,SP1,Valladolid,Ath Madrid,A,0.153212,0.223419,0.623369,0.8092,1.8761
2425,2024-12-01,SP1,Real Madrid,Getafe,H,0.776558,0.157517,0.065925,2.318,0.5271
2425,2024-12-01,SP1,Sociedad,Betis,H,0.471015,0.288388,0.240597,1.3244,0.8632
2425,2024-12-01,SP1,Vallecano,Ath Bilbao,A,0.251154,0.307716,0.44113,0.8179,1.1831
2425,2024-12-01,SP1,Villarreal,Girona,D,0.410868,0.213904,0.375229,1.9887,1.8975
2425,2024-12-02,SP1,Sevilla,Osasuna,D,0.508427,0.264282,0.227291,1.5245,0.9302
2425,2024-12-03,SP1,Mallorca,Barcelona,A,0.181308,0.253516,0.565177,0.7984,1.6155
2425,2024-12-04,SP1,Ath Bilbao,Real Madrid,H,0.248084,0.271564,0.480352,0.966,1.4513
2425,2024-12-06,SP1,Celta,Mallorca,H,0.466674,0.289917,0.243409,1.3111,0.8654
2425,2024-12-07,SP1,Betis,Barcelona,D,0.275056,0.259296,0.465648,1.1277,1.5422
2425,2024-12-07,SP1,Girona,Real Madrid,A,0.298963,0.231001,0.470036,1.4377,1.8452
2425,2024-12-07,SP1,Las Palmas,Valladolid,H,0.462056,0.308722,0.229222,1.1973,0.753
2425,2024-12-07,SP1,Valencia,Vallecano,A,0.480165,0.302868,0.216968,1.243,0.7363
2425,2024-12-08,SP1,Ath Bilbao,Villarreal,H,0.484692,0.246873,0.268436,1.6762,1.1898
2425,2024-12-08,SP1,Ath Madrid,Sevilla,H,0.624141,0.215175,0.160684,1.9829,0.8985
2425,2024-12-08,SP1,Leganes,Sociedad,A,0.223534,0.322953,0.453513,0.6932,1.1191
2425,2024-12-08,SP1,Osasuna,Alaves,D,0.466059,0.294064,0.239877,1.2845,0.8377
2425,2024-12-09,SP1,Getafe,Espanol,H,0.458945,0.270302,0.270753,1.4438,1.0469
2425,2024-12-13,SP1,Valladolid,Valencia,H,0.299552,0.304521,0.395927,0.9549,1.1429
2425,2024-12-14,SP1,Espanol,Osasuna,D,0.421339,0.261939,0.316722,1.4662,1.2386
2425,2024-12-14,SP1,Mallorca,Girona,H,0.242547,0.250042,0.507411,1.0696,1.6548
2425,2024-12-14,SP1,Sevilla,Celta,H,0.501213,0.256247,0.242539,1.593,1.0313
2425,2024-12-14,SP1,Vallecano,Real Madrid,D,0.121357,0.222212,0.656431,0.6386,1.8245
2425,2024-12-15,SP1,Alaves,Ath Bilbao,D,0.256711,0.303029,0.440259,0.8509,1.2077
2425,2024-12-15,SP1,Ath Madrid,Getafe,H,0.677397,0.20639,0.116212,1.9719,0.6771
2425,2024-12-15,SP1,Barcelona,Leganes,A,0.766871,0.164142,0.068987,2.252,0.524
2425,2024-12-15,SP1,Sociedad,Las Palmas,D,0.581587,0.274028,0.144385,1.4407,0.5725
2425,2024-12-15,SP1,Villarreal,Betis,A,0.497845,0.2394,0.262756,1.7641,1.2244
2425,2024-12-18,SP1,Espanol,Valencia,D,0.39174,0.271711,0.336549,1.3407,1.2235
2425,2024-12-18,SP1,Villarreal,Vallecano,D,0.634359,0.214852,0.150789,1.9664,0.8429
2425,2024-12-20,SP1,Girona,Valladolid,H,0.789906,0.134455,0.075639,2.798,0.7803
2425,2024-12-21,SP1,Barcelona,Ath Madrid,A,0.51889,0.236517,0.244593,1.8028,1.1718
2425,2024-12-21,SP1,Celta,Sociedad,H,0.317443,0.291549,0.391008,1.0599,1.2081
2425,2024-12-21,SP1,Getafe,Mallorca,A,0.40936,0.328098,0.262542,1.0486,0.7774
2425,2024-12-21,SP1,Osasuna,Ath Bilbao,A,0.298627,0.294078,0.407295,1.001,1.2181
2425,2024-12-22,SP1,Betis,Vallecano,D,0.559721,0.268095,0.172183,1.4936,0.7017
2425,2024-12-22,SP1,Las Palmas,Espanol,H,0.41243,0.285041,0.302529,1.2817,1.0571
2425,2024-12-22,SP1,Leganes,Villarreal,A,0.246339,0.267152,0.486508,0.9833,1.4906
2425,2024-12-22,SP1,Real Madrid,Sevilla,H,0.738024,0.169453,0.092523,2.331,0.6995
2425,2024-12-22,SP1,Valencia,Alaves,D,0.479995,0.298368,0.221637,1.2689,0.766
2425,2025-01-03,SP1,Valencia,Real Madrid,A,0.162535,0.240621,0.596844,0.772,1.7176
2425,2025-01-10,SP1,Vallecano,Celta,H,0.36119,0.300432,0.338378,1.1062,1.0612
2425,2025-01-11,SP1,Alaves,Girona,A,0.224534,0.236862,0.538603,1.0818,1.7974
2425,2025-01-11,SP1,Espanol,Leganes,D,0.488495,0.276472,0.235033,1.4191,0.8981
2425,2025-01-11,SP1,Sevilla,Valencia,D,0.476455,0.278844,0.244701,1.394,0.9189
2425,2025-01-11,SP1,Valladolid,Betis,H,0.24563,0.281383,0.472986,0.91,1.3733
2425,2025-01-12,SP1,Ath Madrid,Osasuna,H,0.681194,0.196892,0.121914,2.1008,0.7636
2425,2025-01-12,SP1,Las Palmas,Getafe,A,0.367332,0.336005,0.296663,0.9572,0.8283
2425,2025-01-13,SP1,Sociedad,Villarreal,H,0.475949,0.254893,0.269158,1.591,1.1364
2425,2025-01-17,SP1,Espanol,Valladolid,H,0.540666,0.243701,0.215633,1.7214,0.9984
2425,2025-01-18,SP1,Betis,Alaves,A,0.560221,0.264194,0.175585,1.5247,0.73
2425,2025-01-18,SP1,Getafe,Barcelona,D,0.186207,0.248702,0.565092,0.8424,1.6613
2425,2025-01-18,SP1,Girona,Sevilla,A,0.621931,0.19849,0.179579,2.2495,1.1391
2425,2025-01-18,SP1,Leganes,Ath Madrid,H,0.172293,0.261269,0.566438,0.7279,1.5467
2425,2025-01-19,SP1,Celta,Ath Bilbao,A,0.318842,0.283055,0.398104,1.1097,1.2728
2425,2025-01-19,SP1,Osasuna,Vallecano,D,0.466721,0.298506,0.234774,1.2583,0.8053
2425,2025-01-19,SP1,Real Madrid,Las Palmas,H,0.793999,0.149996,0.056005,2.3408,0.468
2425,2025-01-19,SP1,Valencia,Sociedad,H,0.313357,0.314294,0.372349,0.9444,1.0572
2425,2025-01-20,SP1,Villarreal,Mallorca,H,0.602587,0.228342,0.169072,1.848,0.8669
2425,2025-01-24,SP1,Las Palmas,Osasuna,D,0.363103,0.319106,0.317791,1.0198,0.9341
2425,2025-01-25,SP1,Ath Madrid,Villarreal,D,0.599768,0.204076,0.196156,2.1989,1.1932
2425,2025-01-25,SP1,Mallorca,Betis,A,0.312541,0.312842,0.374617,0.9488,1.0678
2425,2025-01-25,SP1,Sevilla,Espanol,D,0.572462,0.225622,0.201916,1.916,1.0527
2425,2025-01-25,SP1,Valladolid,Real Madrid,A,0.089425,0.177355,0.73322,0.63,2.2054
2425,2025-01-26,SP1,Ath Bilbao,Leganes,D,0.615889,0.25653,0.127582,1.5499,0.5521
2425,2025-01-26,SP1,Barcelona,Valencia,H,0.698528,0.191206,0.110267,2.1275,0.7139
2425,2025-01-26,SP1,Sociedad,Getafe,A,0.557405,0.277136,0.165459,1.4267,0.6448
2425,2025-01-26,SP1,Vallecano,Girona,H,0.219923,0.24008,0.539997,1.0399,1.7607
2425,2025-01-27,SP1,Alaves,Celta,D,0.369389,0.294991,0.33562,1.1508,1.0833
2425,2025-01-31,SP1,Leganes,Vallecano,A,0.363805,0.346807,0.289388,0.9124,0.7794
2425,2025-02-01,SP1,Ath Madrid,Mallorca,H,0.675419,0.210839,0.113741,1.9176,0.6417
2425,2025-02-01,SP1,Espanol,Real Madrid,H,0.121573,0.178012,0.700415,0.8845,2.3609
2425,2025-02-01,SP1,Getafe,Sevilla,D,0.348897,0.30009,0.351013,1.0843,1.0885
2425,2025-02-01,SP1,Villarreal,Valladolid,H,0.715276,0.173538,0.111186,2.3769,0.8315
2425,2025-02-02,SP1,Barcelona,Alaves,H,0.754121,0.165662,0.080218,2.3069,0.6143
2425,2025-02-02,SP1,Betis,Ath Bilbao,D,0.384966,0.29324,0.321794,1.1882,1.0614
2425,2025-02-02,SP1,Osasuna,Sociedad,H,0.297328,0.303057,0.399615,0.9561,1.1562
2425,2025-02-02,SP1,Valencia,Celta,H,0.441432,0.282296,0.276271,1.3373,0.999
2425,2025-02-03,SP1,Girona,Las Palmas,H,0.710923,0.180614,0.108464,2.259,0.762
2425,2025-02-07,SP1,Vallecano,Valladolid,H,0.470869,0.301732,0.227399,1.2429,0.7716
2425,2025-02-08,SP1,Ath Bilbao,Girona,H,0.413632,0.24877,0.337597,1.573,1.4006
2425,2025-02-08,SP1,Celta,Betis,H,0.367995,0.278009,0.353996,1.2516,1.2223
2425,2025-02-08,SP1,Las Palmas,Villarreal,A,0.273463,0.268221,0.458316,1.0675,1.4597
2425,2025-02-08,SP1,Real Madrid,Ath Madrid,D,0.593191,0.224081,0.182727,1.9135,0.964
2425,2025-02-09,SP1,Alaves,Getafe,A,0.383091,0.323211,0.293698,1.0337,0.8664
2425,2025-02-09,SP1,Sevilla,Barcelona,A,0.251901,0.248204,0.499895,1.1179,1.6706
2425,2025-02-09,SP1,Sociedad,Espanol,H,0.627344,0.220138,0.152518,1.9103,0.823
2425,2025-02-09,SP1,Valencia,Leganes,H,0.501236,0.305779,0.192984,1.2387,0.6534
2425,2025-02-10,SP1,Mallorca,Osasuna,D,0.392489,0.314237,0.293274,1.0889,0.8996
2425,2025-02-14,SP1,Girona,Getafe,A,0.68417,0.188201,0.127628,2.237,0.8583
2425,2025-02-15,SP1,Ath Madrid,Celta,D,0.679143,0.191658,0.129199,2.1952,0.8465
2425,2025-02-15,SP1,Leganes,Alaves,D,0.362827,0.34105,0.296123,0.9314,0.8108
2425,2025-02-15,SP1,Osasuna,Real Madrid,D,0.146948,0.222111,0.630941,0.7815,1.8785
2425,2025-02-15,SP1,Villarreal,Valencia,D,0.565964,0.231213,0.202822,1.8512,1.019
2425,2025-02-16,SP1,Betis,Sociedad,H,0.381515,0.301776,0.31671,1.1348,1.0074
2425,2025-02-16,SP1,Espanol,Ath Bilbao,D,0.278256,0.260145,0.461599,1.1328,1.5309
2425,2025-02-16,SP1,Mallorca,Las Palmas,H,0.42152,0.335457,0.243023,1.0321,0.7081
2425,2025-02-16,SP1,Valladolid,Sevilla,A,0.268422,0.280336,0.451242,0.9858,1.3615
2425,2025-02-17,SP1,Barcelona,Vallecano,H,0.752071,0.168672,0.079258,2.2599,0.5905
2425,2025-02-21,SP1,Celta,Osasuna,H,0.461021,0.271497,0.267482,1.4364,1.0298
2425,2025-02-22,SP1,Alaves,Espanol,A,0.429373,0.273712,0.296915,1.3841,1.1058
2425,2025-02-22,SP1,Las Palmas,Barcelona,A,0.161454,0.24489,0.593656,0.7478,1.6776
2425,2025-02-22,SP1,Valencia,Ath Madrid,A,0.253277,0.269994,0.476729,0.9916,1.4611
2425,2025-02-22,SP1,Vallecano,Villarreal,A,0.277896,0.263846,0.458258,1.1081,1.4957
2425,2025-02-23,SP1,Ath Bilbao,Valladolid,H,0.674953,0.213865,0.111183,1.88,0.6138
2425,2025-02-23,SP1,Getafe,Betis,A,0.322212,0.305785,0.372003,1.001,1.098
2425,2025-02-23,SP1,Real Madrid,Girona,H,0.665115,0.182356,0.152529,2.4258,1.0936
2425,2025-02-23,SP1,Sociedad,Leganes,H,0.602688,0.268086,0.129225,1.4712,0.5273
2425,2025-02-24,SP1,Sevilla,Mallorca,D,0.510762,0.281698,0.207541,1.3916,0.7818
2425,2025-02-28,SP1,Valladolid,Las Palmas,D,0.358953,0.324432,0.316616,0.9899,0.9107
2425,2025-03-01,SP1,Ath Madrid,Ath Bilbao,H,0.530086,0.253642,0.216271,1.6231,0.9438
2425,2025-03-01,SP1,Betis,Real Madrid,H,0.210347,0.252149,0.537503,0.9277,1.6368
2425,2025-03-01,SP1,Girona,Celta,D,0.680953,0.176239,0.142808,2.4903,1.0732
2425,2025-03-01,SP1,Vallecano,Sevilla,D,0.315989,0.303177,0.380834,0.9992,1.1263
2425,2025-03-02,SP1,Barcelona,Sociedad,H,0.577142,0.242405,0.180453,1.717,0.8478
2425,2025-03-02,SP1,Leganes,Getafe,H,0.338185,0.343627,0.318188,0.8818,0.8458
2425,2025-03-02,SP1,Mallorca,Alaves,D,0.422473,0.324651,0.252876,1.0796,0.7647
2425,2025-03-02,SP1,Osasuna,Valencia,D,0.403938,0.299034,0.297028,1.1846,0.9735
2425,2025-03-08,SP1,Alaves,Villarreal,H,0.28402,0.259974,0.456006,1.1528,1.5269
2425,2025-03-08,SP1,Celta,Leganes,H,0.51967,0.282251,0.19808,1.3902,0.7467
2425,2025-03-08,SP1,Valencia,Valladolid,H,0.555393,0.267114,0.177493,1.5026,0.7264
2425,2025-03-09,SP1,Ath Bilbao,Mallorca,D,0.568215,0.271914,0.159872,1.4617,0.6399
2425,2025-03-09,SP1,Betis,Las Palmas,H,0.557184,0.272889,0.169928,1.4577,0.6759
2425,2025-03-09,SP1,Getafe,Ath Madrid,H,0.220564,0.267382,0.512054,0.8901,1.4999
2425,2025-03-09,SP1,Real Madrid,Vallecano,H,0.798253,0.14583,0.055916,2.3986,0.4858
2425,2025-03-09,SP1,Sociedad,Sevilla,A,0.503402,0.27536,0.221238,1.4347,0.8558
2425,2025-03-10,SP1,Espanol,Girona,D,0.235442,0.202545,0.562013,1.4403,2.2784
2425,2025-03-14,SP1,Las Palmas,Alaves,D,0.393144,0.331943,0.274913,1.0111,0.7941
2425,2025-03-15,SP1,Girona,Valencia,D,0.650152,0.198223,0.151625,2.1792,0.9563
2425,2025-03-15,SP1,Mallorca,Espanol,H,0.44549,0.278497,0.276013,1.3685,1.018
2425,2025-03-15,SP1,Valladolid,Celta,A,0.311831,0.283198,0.404971,1.0913,1.2827
2425,2025-03-15,SP1,Villarreal,Real Madrid,A,0.232226,0.223256,0.544518,1.2213,1.9662
2425,2025-03-16,SP1,Ath Madrid,Barcelona,A,0.411735,0.251843,0.336422,1.5405,1.3713
2425,2025-03-16,SP1,Leganes,Betis,A,0.260291,0.314247,0.425462,0.8185,1.1322
2425,2025-03-16,SP1,Osasuna,Getafe,A,0.437062,0.300926,0.262012,1.2161,0.8738
2425,2025-03-16,SP1,Sevilla,Ath Bilbao,A,0.362842,0.288135,0.349023,1.1779,1.1497
2425,2025-03-16,SP1,Vallecano,Sociedad,D,0.25041,0.317634,0.431956,0.7812,1.123
2425,2025-03-27,SP1,Barcelona,Osasuna,H,0.731917,0.171434,0.096649,2.3268,0.7227
2425,2025-03-29,SP1,Alaves,Vallecano,A,0.410892,0.323752,0.265356,1.0697,0.7984
2425,2025-03-29,SP1,Espanol,Ath Madrid,D,0.208102,0.218764,0.573134,1.1361,2.0083
2425,2025-03-29,SP1,Real Madrid,Leganes,H,0.809715,0.141606,0.048678,2.3902,0.431
2425,2025-03-29,SP1,Sociedad,Valladolid,H,0.661762,0.224661,0.113578,1.7845,0.5862
2425,2025-03-30,SP1,Ath Bilbao,Osasuna,D,0.571374,0.254714,0.173912,1.6014,0.7614
2425,2025-03-30,SP1,Barcelona,Girona,H,0.587115,0.200337,0.212548,2.2855,1.3293
2425,2025-03-30,SP1,Betis,Sevilla,H,0.469663,0.270516,0.259821,1.4516,1.0105
2425,2025-03-30,SP1,Getafe,Villarreal,A,0.311198,0.26489,0.423912,1.2024,1.4455
2425,2025-03-30,SP1,Valencia,Mallorca,H,0.452072,0.31261,0.235318,1.1682,0.7573
2425,2025-03-31,SP1,Celta,Las Palmas,D,0.494876,0.285114,0.220009,1.3615,0.8106
2425,2025-04-04,SP1,Vallecano,Espanol,A,0.419973,0.279391,0.300636,1.3305,1.0832
2425,2025-04-05,SP1,Barcelona,Betis,D,0.643396,0.209063,0.147541,2.0274,0.8578
2425,2025-04-05,SP1,Girona,Alaves,A,0.71486,0.174319,0.11082,2.3629,0.8229
2425,2025-04-05,SP1,Mallorca,Celta,A,0.384671,0.302197,0.313132,1.1378,0.9973
2425,2025-04-05,SP1,Real Madrid,Valencia,A,0.752554,0.168608,0.078839,2.2581,0.5873
2425,2025-04-06,SP1,Las Palmas,Sociedad,A,0.246168,0.323092,0.43074,0.7526,1.0959
2425,2025-04-06,SP1,Sevilla,Ath Madrid,A,0.294493,0.260686,0.444821,1.1812,1.5083
2425,2025-04-06,SP1,Valladolid,Getafe,A,0.330846,0.314461,0.354693,0.9803,1.0259
2425,2025-04-06,SP1,Villarreal,Ath Bilbao,D,0.438172,0.253578,0.30825,1.5642,1.275
2425,2025-04-07,SP1,Leganes,Osasuna,D,0.333362,0.325541,0.341098,0.9394,0.9538
2425,2025-04-11,SP1,Valencia,Sevilla,H,0.39089,0.291534,0.317576,1.208,1.0603
2425,2025-04-12,SP1,Celta,Espanol,A,0.520917,0.236324,0.242758,1.8052,1.1654
2425,2025-04-12,SP1,Getafe,Las Palmas,A,0.434773,0.325585,0.239642,1.0889,0.7281
2425,2025-04-12,SP1,Leganes,Barcelona,A,0.143631,0.238613,0.617755,0.6889,1.713
2425,2025-04-12,SP1,Sociedad,Mallorca,A,0.556003,0.282866,0.161131,1.3874,0.6112
2425,2025-04-13,SP1,Alaves,Real Madrid,A,0.123377,0.218779,0.657843,0.6644,1.8625
2425,2025-04-13,SP1,Ath Bilbao,Vallecano,H,0.597522,0.257929,0.144549,1.5553,0.6222
2425,2025-04-13,SP1,Betis,Villarreal,A,0.43495,0.248413,0.316637,1.6097,1.3419
2425,2025-04-13,SP1,Osasuna,Girona,H,0.266379,0.235219,0.498403,1.2726,1.8129
2425,2025-04-14,SP1,Ath Madrid,Valladolid,H,0.778597,0.150275,0.071127,2.4664,0.6155
2425,2025-04-18,SP1,Espanol,Getafe,H,0.428978,0.274706,0.296316,1.3763,1.0982
2425,2025-04-19,SP1,Barcelona,Celta,H,0.731264,0.166705,0.102031,2.4313,0.8012
2425,2025-04-19,SP1,Las Palmas,Ath Madrid,H,0.192468,0.265906,0.541626,0.7902,1.5147
2425,2025-04-19,SP1,Mallorca,Leganes,D,0.443333,0.335659,0.221009,1.0539,0.6522
2425,2025-04-19,SP1,Vallecano,Valencia,D,0.344251,0.323477,0.332272,0.968,0.9455
2425,2025-04-20,SP1,Real Madrid,Ath Bilbao,H,0.649271,0.21675,0.133979,1.908,0.7348
2425,2025-04-20,SP1,Sevilla,Alaves,D,0.540665,0.266301,0.193034,1.5115,0.7907
2425,2025-04-20,SP1,Valladolid,Osasuna,A,0.323101,0.297159,0.37974,1.0444,1.157
2425,2025-04-20,SP1,Villarreal,Sociedad,D,0.434702,0.260878,0.304421,1.494,1.2102
2425,2025-04-21,SP1,Girona,Betis,A,0.584657,0.213191,0.202152,2.0766,1.1491
2425,2025-04-22,SP1,Barcelona,Mallorca,H,0.724311,0.184604,0.091085,2.1239,0.6073
2425,2025-04-22,SP1,Valencia,Espanol,D,0.507861,0.254839,0.237299,1.6085,1.0198
2425,2025-04-23,SP1,Alaves,Sociedad,H,0.255996,0.312746,0.431258,0.8127,1.1463
2425,2025-04-23,SP1,Ath Bilbao,Las Palmas,H,0.594319,0.262809,0.142872,1.5179,0.5993
2425,2025-04-23,SP1,Celta,Villarreal,H,0.355691,0.242895,0.401414,1.5035,1.6092
2425,2025-04-23,SP1,Getafe,Real Madrid,A,0.139335,0.232396,0.628268,0.693,1.7632
2425,2025-04-24,SP1,Ath Madrid,Vallecano,H,0.70453,0.19521,0.10026,2.0404,0.6239
2425,2025-04-24,SP1,Betis,Valladolid,H,0.638011,0.227102,0.134887,1.8055,0.6922
2425,2025-04-24,SP1,Leganes,Girona,D,0.193293,0.239539,0.567168,0.9228,1.7546
2425,2025-04-24,SP1,Osasuna,Sevilla,H,0.373347,0.284069,0.342584,1.2229,1.1597
2425,2025-04-27,SP1,Villarreal,Espanol,H,0.67008,0.175985,0.153935,2.5445,1.1674
2425,2025-05-02,SP1,Vallecano,Getafe,H,0.374431,0.32957,0.295998,0.9937,0.8487
2425,2025-05-03,SP1,Alaves,Ath Madrid,D,0.199107,0.257726,0.543166,0.8533,1.5844
2425,2025-05-03,SP1,Las Palmas,Valencia,A,0.337887,0.329481,0.332632,0.9325,0.9228
2425,2025-05-03,SP1,Valladolid,Barcelona,A,0.124385,0.199445,0.67617,0.7658,2.0779
2425,2025-05-03,SP1,Villarreal,Osasuna,H,0.600996,0.215123,0.183881,2.0246,1.0315
2425,2025-05-04,SP1,Espanol,Betis,A,0.32597,0.260117,0.413913,1.2776,1.4702
2425,2025-05-04,SP1,Real Madrid,Celta,H,0.785477,0.143397,0.071127,2.5805,0.6591
2425,2025-05-04,SP1,Sevilla,Leganes,D,0.562363,0.270331,0.167306,1.4756,0.6745
2425,2025-05-04,SP1,Sociedad,Ath Bilbao,D,0.41857,0.304497,0.276932,1.1744,0.8989
2425,2025-05-05,SP1,Girona,Mallorca,H,0.683304,0.191898,0.124798,2.1754,0.8136
2425,2025-05-09,SP1,Las Palmas,Vallecano,A,0.393905,0.33734,0.268756,0.9905,0.7633
2425,2025-05-10,SP1,Ath Madrid,Sociedad,H,0.523669,0.261656,0.214675,1.5503,0.8958
2425,2025-05-10,SP1,Celta,Sevilla,H,0.398288,0.271219,0.330493,1.3558,1.2117
2425,2025-05-10,SP1,Girona,Villarreal,A,0.58873,0.189521,0.221749,2.4946,1.5127
2425,2025-05-10,SP1,Mallorca,Valladolid,H,0.493544,0.298153,0.208303,1.2783,0.7251
2425,2025-05-10,SP1,Valencia,Getafe,H,0.451412,0.306221,0.242367,1.2013,0.799
2425,2025-05-11,SP1,Ath Bilbao,Alaves,H,0.598734,0.254036,0.14723,1.5877,0.6472
2425,2025-05-11,SP1,Barcelona,Real Madrid,H,0.376111,0.259654,0.364235,1.4036,1.3775
2425,2025-05-11,SP1,Betis,Osasuna,D,0.529904,0.263158,0.206938,1.5379,0.8587
2425,2025-05-11,SP1,Leganes,Espanol,H,0.378804,0.292713,0.328482,1.1806,1.0795
2425,2025-05-13,SP1,Sevilla,Las Palmas,H,0.538525,0.274885,0.186589,1.445,0.7322
2425,2025-05-13,SP1,Sociedad,Celta,A,0.55631,0.256919,0.186771,1.5883,0.8063
2425,2025-05-13,SP1,Valladolid,Girona,A,0.170776,0.205455,0.623769,1.0259,2.1283
2425,2025-05-14,SP1,Alaves,Valencia,H,0.352172,0.317671,0.330158,1.007,0.9652
2425,2025-05-14,SP1,Real Madrid,Mallorca,H,0.773129,0.161841,0.06503,2.2542,0.4996
2425,2025-05-14,SP1,Villarreal,Leganes,H,0.656768,0.211486,0.131746,1.9596,0.7479
2425,2025-05-15,SP1,Espanol,Barcelona,A,0.169935,0.19858,0.631485,1.0752,2.2244
2425,2025-05-15,SP1,Getafe,Ath Bilbao,A,0.279265,0.308751,0.411984,0.8875,1.1433
2425,2025-05-15,SP1,Osasuna,Ath Madrid,H,0.234912,0.256004,0.509084,1.0038,1.598
2425,2025-05-15,SP1,Vallecano,Betis,D,0.291135,0.30737,0.401495,0.9224,1.1361
2425,2025-05-18,SP1,Ath Madrid,Betis,H,0.588789,0.231214,0.179997,1.8305,0.9064
2425,2025-05-18,SP1,Barcelona,Villarreal,A,0.659026,0.183008,0.157967,2.4355,1.1293
2425,2025-05-18,SP1,Celta,Vallecano,A,0.496253,0.280363,0.223384,1.3951,0.8414
2425,2025-05-18,SP1,Las Palmas,Leganes,A,0.414426,0.344873,0.240701,0.9871,0.6773
2425,2025-05-18,SP1,Mallorca,Getafe,A,0.395816,0.33019,0.273994,1.022,0.7976
2425,2025-05-18,SP1,Osasuna,Espanol,H,0.49013,0.251973,0.257896,1.6283,1.1153
2425,2025-05-18,SP1,Sevilla,Real Madrid,A,0.190196,0.237539,0.572264,0.9197,1.7731
2425,2025-05-18,SP1,Sociedad,Girona,H,0.40694,0.256143,0.336917,1.4931,1.3378
2425,2025-05-18,SP1,Valencia,Ath Bilbao,A,0.315391,0.305149,0.37946,0.9888,1.1138
2425,2025-05-18,SP1,Valladolid,Alaves,A,0.35693,0.313245,0.329824,1.0355,0.9835
2425,2025-05-23,SP1,Betis,Valencia,D,0.497551,0.278899,0.22355,1.4062,0.8483
2425,2025-05-24,SP1,Alaves,Osasuna,D,0.378377,0.307245,0.314378,1.1013,0.9771
2425,2025-05-24,SP1,Espanol,Las Palmas,H,0.461598,0.277764,0.260638,1.3898,0.9749
2425,2025-05-24,SP1,Getafe,Celta,A,0.396549,0.294358,0.309093,1.2004,1.0255
2425,2025-05-24,SP1,Leganes,Valladolid,H,0.428785,0.321126,0.250088,1.1029,0.7689
2425,2025-05-24,SP1,Real Madrid,Sociedad,H,0.64039,0.225251,0.13436,1.8224,0.6975
2425,2025-05-24,SP1,Vallecano,Mallorca,D,0.37595,0.337048,0.287002,0.9663,0.8044
2425,2025-05-25,SP1,Ath Bilbao,Barcelona,A,0.318306,0.272137,0.409557,1.1743,1.3674
2425,2025-05-25,SP1,Girona,Ath Madrid,A,0.443075,0.228387,0.328538,1.8466,1.5697
2425,2025-05-25,SP1,Villarreal,Sevilla,H,0.53396,0.22766,0.23838,1.911,1.2138
2526,2025-08-15,SP1,Girona,Vallecano,A,0.526366,0.242295,0.231339,1.6303,0.9876
2526,2025-08-15,SP1,Villarreal,Oviedo,H,0.60525,0.202602,0.192148,2.0837,1.0845
2526,2025-08-16,SP1,Alaves,Levante,H,0.470843,0.248008,0.281149,1.5465,1.1333
2526,2025-08-16,SP1,Mallorca,Barcelona,A,0.165396,0.220233,0.614371,0.8154,1.8213
2526,2025-08-16,SP1,Valencia,Sociedad,D,0.380973,0.296444,0.322583,1.0891,0.9761
2526,2025-08-17,SP1,Ath Bilbao,Sevilla,H,0.588371,0.243302,0.168327,1.6053,0.7203
2526,2025-08-17,SP1,Celta,Getafe,A,0.483636,0.266326,0.250038,1.4035,0.9233
2526,2025-08-17,SP1,Espanol,Ath Madrid,H,0.204196,0.233169,0.562635,0.928,1.7196
2526,2025-08-18,SP1,Elche,Betis,D,0.243063,0.254472,0.502465,0.9613,1.51
2526,2025-08-19,SP1,Real Madrid,Osasuna,H,0.738391,0.161342,0.100267,2.373,0.7432
2526,2025-08-22,SP1,Betis,Alaves,H,0.544176,0.253917,0.201907,1.5252,0.8115
2526,2025-08-23,SP1,Ath Madrid,Elche,D,0.783793,0.145565,0.070642,2.412,0.5708
2526,2025-08-23,SP1,Levante,Barcelona,A,0.129496,0.145583,0.724921,1.2018,2.9135
2526,2025-08-23,SP1,Mallorca,Celta,D,0.365895,0.281679,0.352427,1.1405,1.1134
2526,2025-08-24,SP1,Osasuna,Valencia,H,0.437263,0.270236,0.292501,1.3286,1.0312
2526,2025-08-24,SP1,Oviedo,Real Madrid,A,0.183841,0.216832,0.599327,0.9314,1.8839
2526,2025-08-24,SP1,Sociedad,Espanol,D,0.484535,0.274258,0.241207,1.348,0.8586
2526,2025-08-24,SP1,Villarreal,Girona,H,0.571846,0.19453,0.233624,2.287,1.4188
2526,2025-08-25,SP1,Ath Bilbao,Vallecano,H,0.586111,0.261863,0.152026,1.4569,0.5893
2526,2025-08-25,SP1,Sevilla,Getafe,A,0.440785,0.290514,0.268701,1.2058,0.8703
2526,2025-08-27,SP1,Celta,Betis,D,0.403305,0.242169,0.354525,1.5098,1.4003
2526,2025-08-29,SP1,Elche,Levante,H,0.381134,0.244604,0.374263,1.4414,1.4261
2526,2025-08-29,SP1,Valencia,Getafe,H,0.431088,0.300618,0.268294,1.1408,0.8304
2526,2025-08-30,SP1,Alaves,Ath Madrid,D,0.195658,0.255992,0.54835,0.7784,1.5081
2526,2025-08-30,SP1,Girona,Sevilla,A,0.51414,0.22728,0.25858,1.7963,1.2071
2526,2025-08-30,SP1,Oviedo,Sociedad,H,0.381406,0.291449,0.327145,1.1154,1.0091
2526,2025-08-30,SP1,Real Madrid,Mallorca,H,0.729046,0.179312,0.091642,2.0827,0.5737
2526,2025-08-31,SP1,Betis,Ath Bilbao,A,0.340682,0.28254,0.376778,1.0838,1.156
2526,2025-08-31,SP1,Celta,Villarreal,D,0.367003,0.221509,0.411487,1.656,1.7634
2526,2025-08-31,SP1,Espanol,Osasuna,H,0.409209,0.266774,0.324018,1.3132,1.1358
2526,2025-08-31,SP1,Vallecano,Barcelona,D,0.16746,0.211155,0.621385,0.8795,1.9267
2526,2025-09-12,SP1,Sevilla,Elche,D,0.564559,0.242777,0.192664,1.6213,0.8264
2526,2025-09-13,SP1,Ath Bilbao,Alaves,A,0.59144,0.261262,0.147298,1.4595,0.5727
2526,2025-09-13,SP1,Ath Madrid,Villarreal,H,0.597341,0.201476,0.201183,2.1166,1.1482
2526,2025-09-13,SP1,Getafe,Oviedo,H,0.394599,0.300516,0.304885,1.0911,0.9192
2526,2025-09-13,SP1,Sociedad,Real Madrid,A,0.216354,0.250775,0.532871,0.882,1.5515
2526,2025-09-14,SP1,Barcelona,Valencia,H,0.757226,0.147684,0.09509,2.5745,0.8002
2526,2025-09-14,SP1,Celta,Girona,D,0.44809,0.224373,0.327537,1.7858,1.4994
2526,2025-09-14,SP1,Levante,Betis,D,0.311922,0.223858,0.46422,1.4501,1.8114
2526,2025-09-14,SP1,Osasuna,Vallecano,H,0.452436,0.282807,0.264756,1.2638,0.8917
2526,2025-09-15,SP1,Espanol,Mallorca,H,0.423317,0.2964,0.280283,1.1525,0.8768
2526,2025-09-19,SP1,Betis,Sociedad,H,0.469311,0.270312,0.260378,1.3628,0.9364
2526,2025-09-20,SP1,Alaves,Sevilla,A,0.383778,0.290041,0.326181,1.1269,1.0137
2526,2025-09-20,SP1,Girona,Levante,A,0.620474,0.18132,0.198206,2.4652,1.3495
2526,2025-09-20,SP1,Real Madrid,Espanol,H,0.766704,0.146943,0.086353,2.5166,0.717
2526,2025-09-20,SP1,Valencia,Ath Bilbao,H,0.267596,0.290806,0.441598,0.8662,1.2051
2526,2025-09-20,SP1,Villarreal,Osasuna,H,0.597829,0.204539,0.197632,2.065,1.0999
2526,2025-09-21,SP1,Barcelona,Getafe,H,0.744957,0.163095,0.091948,2.2958,0.6602
2526,2025-09-21,SP1,Elche,Oviedo,H,0.311166,0.27856,0.410275,1.036,1.2359
2526,2025-09-21,SP1,Mallorca,Ath Madrid,D,0.197811,0.266954,0.535234,0.7426,1.4231
2526,2025-09-21,SP1,Vallecano,Celta,D,0.377329,0.270657,0.352015,1.2301,1.1779
2526,2025-09-23,SP1,Ath Bilbao,Girona,D,0.570684,0.23112,0.198196,1.7379,0.913
2526,2025-09-23,SP1,Espanol,Valencia,D,0.410037,0.271463,0.3185,1.2817,1.0936
2526,2025-09-23,SP1,Levante,Real Madrid,A,0.134534,0.159636,0.70583,1.0747,2.6213
2526,2025-09-23,SP1,Sevilla,Villarreal,A,0.331634,0.232971,0.435395,1.4227,1.6621
2526,2025-09-24,SP1,Ath Madrid,Vallecano,H,0.681845,0.202173,0.115982,1.9135,0.6302
2526,2025-09-24,SP1,Getafe,Alaves,D,0.406976,0.324192,0.268832,1.0057,0.7543
2526,2025-09-24,SP1,Sociedad,Mallorca,H,0.459711,0.31247,0.227819,1.1156,0.687
2526,2025-09-25,SP1,Osasuna,Elche,D,0.562366,0.245882,0.191752,1.5931,0.8078
2526,2025-09-25,SP1,Oviedo,Barcelona,A,0.182093,0.200542,0.617366,1.0415,2.094
2526,2025-09-26,SP1,Girona,Espanol,D,0.543624,0.221963,0.234414,1.8622,1.1443
2526,2025-09-27,SP1,Ath Madrid,Real Madrid,H,0.400238,0.250114,0.349647,1.4302,1.3194
2526,2025-09-27,SP1,Getafe,Levante,D,0.480609,0.251983,0.267408,1.5181,1.0606
2526,2025-09-27,SP1,Mallorca,Alaves,H,0.396046,0.327714,0.27624,0.9773,0.7606
2526,2025-09-27,SP1,Villarreal,Ath Bilbao,H,0.394244,0.256575,0.349182,1.3647,1.268
2526,2025-09-28,SP1,Barcelona,Sociedad,H,0.699319,0.180324,0.120358,2.1918,0.776
2526,2025-09-28,SP1,Betis,Osasuna,H,0.525034,0.241321,0.233644,1.6399,1.0028
2526,2025-09-28,SP1,Elche,Celta,H,0.286894,0.253602,0.459504,1.1143,1.4848
2526,2025-09-28,SP1,Vallecano,Sevilla,A,0.393763,0.287101,0.319136,1.1595,1.0119
2526,2025-09-30,SP1,Valencia,Oviedo,A,0.435681,0.270825,0.293494,1.3225,1.0307
2526,2025-10-03,SP1,Osasuna,Getafe,H,0.439374,0.294036,0.26659,1.1848,0.8507
2526,2025-10-04,SP1,Ath Bilbao,Mallorca,H,0.576596,0.27402,0.149384,1.3772,0.5464
2526,2025-10-04,SP1,Girona,Valencia,H,0.509811,0.234116,0.256073,1.7139,1.142
2526,2025-10-04,SP1,Oviedo,Levante,A,0.529038,0.220587,0.250375,1.8844,1.2295
2526,2025-10-04,SP1,Real Madrid,Villarreal,H,0.66322,0.17582,0.16096,2.4371,1.1274
2526,2025-10-05,SP1,Alaves,Elche,H,0.495409,0.2847,0.219891,1.2891,0.7513
2526,2025-10-05,SP1,Celta,Ath Madrid,D,0.248414,0.230344,0.521241,1.1395,1.7599
2526,2025-10-05,SP1,Espanol,Betis,A,0.338416,0.258189,0.403395,1.2296,1.3683
2526,2025-10-05,SP1,Sevilla,Barcelona,H,0.185485,0.199054,0.615461,1.075,2.123
2526,2025-10-05,SP1,Sociedad,Vallecano,A,0.465689,0.300163,0.234148,1.1801,0.741
2526,2025-10-17,SP1,Oviedo,Espanol,A,0.460205,0.261057,0.278738,1.4234,1.0425
2526,2025-10-18,SP1,Ath Madrid,Osasuna,H,0.679245,0.192419,0.128336,2.0609,0.7569
2526,2025-10-18,SP1,Barcelona,Girona,H,0.751493,0.138317,0.110189,2.9212,1.0721
2526,2025-10-18,SP1,Sevilla,Mallorca,A,0.449807,0.290525,0.259668,1.2158,0.8458
2526,2025-10-18,SP1,Villarreal,Betis,D,0.518588,0.217164,0.264248,1.9336,1.3251
2526,2025-10-19,SP1,Celta,Sociedad,D,0.427837,0.266911,0.305252,1.3399,1.0854
2526,2025-10-19,SP1,Elche,Ath Bilbao,D,0.177482,0.264196,0.558322,0.6785,1.445
2526,2025-10-19,SP1,Getafe,Real Madrid,A,0.173364,0.241348,0.585288,0.7503,1.6251
2526,2025-10-19,SP1,Levante,Vallecano,A,0.416624,0.252469,0.330906,1.4379,1.252
2526,2025-10-20,SP1,Alaves,Valencia,D,0.380583,0.29917,0.320247,1.0751,0.9591
2526,2025-10-24,SP1,Sociedad,Sevilla,H,0.459416,0.278146,0.262439,1.3003,0.9057
2526,2025-10-25,SP1,Ath Bilbao,Getafe,A,0.568923,0.275915,0.155162,1.3659,0.5622
2526,2025-10-25,SP1,Espanol,Elche,H,0.53557,0.252487,0.211943,1.5369,0.8566
2526,2025-10-25,SP1,Girona,Oviedo,D,0.517068,0.22931,0.253623,1.7718,1.1695
2526,2025-10-25,SP1,Valencia,Villarreal,A,0.327023,0.239645,0.433332,1.346,1.5858
2526,2025-10-26,SP1,Mallorca,Levante,D,0.46749,0.255613,0.276897,1.4753,1.0694
2526,2025-10-26,SP1,Osasuna,Celta,A,0.423066,0.249176,0.327758,1.4774,1.2686
2526,2025-10-26,SP1,Real Madrid,Barcelona,H,0.473153,0.222258,0.304589,1.8415,1.4401
2526,2025-10-26,SP1,Vallecano,Alaves,H,0.410354,0.313509,0.276137,1.0541,0.8046
2526,2025-10-27,SP1,Betis,Ath Madrid,A,0.292494,0.249667,0.457839,1.1589,1.5183
2526,2025-10-31,SP1,Getafe,Girona,H,0.363142,0.271305,0.365553,1.1975,1.2025
2526,2025-11-01,SP1,Ath Madrid,Sevilla,H,0.685119,0.188263,0.126619,2.1084,0.7702
2526,2025-11-01,SP1,Real Madrid,Valencia,H,0.73538,0.164816,0.099804,2.3162,0.7156
2526,2025-11-01,SP1,Sociedad,Ath Bilbao,H,0.29283,0.31432,0.39285,0.84,1.026
2526,2025-11-01,SP1,Villarreal,Vallecano,H,0.610415,0.213165,0.17642,1.9173,0.9158
2526,2025-11-02,SP1,Alaves,Espanol,H,0.408018,0.28952,0.302462,1.1682,0.9609
2526,2025-11-02,SP1,Barcelona,Elche,H,0.854684,0.098066,0.047251,3.0869,0.6268
2526,2025-11-02,SP1,Betis,Mallorca,H,0.531283,0.264623,0.204094,1.4393,0.7741
2526,2025-11-02,SP1,Levante,Celta,A,0.369315,0.220068,0.410616,1.6809,1.7811
2526,2025-11-03,SP1,Oviedo,Osasuna,D,0.429525,0.266922,0.303553,1.3422,1.0806
2526,2025-11-07,SP1,Elche,Sociedad,D,0.2699,0.29565,0.43445,0.8532,1.1704
2526,2025-11-08,SP1,Ath Madrid,Levante,H,0.78905,0.127521,0.083429,2.8935,0.8611
2526,2025-11-08,SP1,Espanol,Villarreal,A,0.303498,0.230948,0.465554,1.3487,1.723
2526,2025-11-08,SP1,Girona,Alaves,H,0.533881,0.242066,0.224053,1.6331,0.9598
2526,2025-11-08,SP1,Sevilla,Osasuna,H,0.437697,0.262619,0.299685,1.3853,1.0956
2526,2025-11-09,SP1,Ath Bilbao,Oviedo,H,0.588912,0.245731,0.165357,1.5834,0.6979
2526,2025-11-09,SP1,Celta,Barcelona,A,0.205051,0.1936,0.601349,1.2513,2.2523
2526,2025-11-09,SP1,Mallorca,Getafe,H,0.378212,0.338195,0.283593,0.9146,0.7467
2526,2025-11-09,SP1,Valencia,Betis,D,0.359503,0.265632,0.374865,1.2272,1.2593
2526,2025-11-09,SP1,Vallecano,Real Madrid,D,0.169003,0.229267,0.60173,0.7865,1.7335
2526,2025-11-21,SP1,Valencia,Levante,H,0.528213,0.223906,0.247881,1.8401,1.1893
2526,2025-11-22,SP1,Alaves,Celta,A,0.367312,0.272968,0.35972,1.1955,1.1799
2526,2025-11-22,SP1,Barcelona,Ath Bilbao,H,0.560744,0.231126,0.20813,1.7431,0.9581
2526,2025-11-22,SP1,Osasuna,Sociedad,A,0.38812,0.290599,0.321281,1.1312,1.0
2526,2025-11-22,SP1,Villarreal,Mallorca,H,0.60385,0.222102,0.174047,1.8124,0.8491
2526,2025-11-23,SP1,Betis,Girona,D,0.499235,0.225383,0.275382,1.8162,1.2936
2526,2025-11-23,SP1,Elche,Real Madrid,D,0.10928,0.177338,0.713382,0.7124,2.1851
2526,2025-11-23,SP1,Getafe,Ath Madrid,A,0.205362,0.268282,0.526357,0.7641,1.4114
2526,2025-11-23,SP1,Oviedo,Vallecano,D,0.44537,0.284442,0.270188,1.2462,0.8998
2526,2025-11-24,SP1,Espanol,Sevilla,H,0.412903,0.263454,0.323643,1.3434,1.1559
2526,2025-11-28,SP1,Getafe,Elche,H,0.501248,0.289391,0.20936,1.2655,0.7031
2526,2025-11-29,SP1,Ath Madrid,Oviedo,H,0.68547,0.189954,0.124576,2.0796,0.7463
2526,2025-11-29,SP1,Barcelona,Alaves,H,0.76702,0.149367,0.083613,2.4531,0.6725
2526,2025-11-29,SP1,Levante,Ath Bilbao,A,0.224968,0.232526,0.542505,1.0235,1.7334
2526,2025-11-29,SP1,Mallorca,Osasuna,D,0.377457,0.303224,0.319319,1.0508,0.9399
2526,2025-11-30,SP1,Celta,Espanol,A,0.513721,0.234549,0.25173,1.71,1.1213
2526,2025-11-30,SP1,Girona,Real Madrid,D,0.222092,0.206636,0.571272,1.2185,2.0678
2526,2025-11-30,SP1,Sevilla,Betis,A,0.36576,0.257807,0.376434,1.2971,1.3199
2526,2025-11-30,SP1,Sociedad,Villarreal,A,0.361829,0.25557,0.382601,1.3054,1.3501
2526,2025-12-01,SP1,Vallecano,Valencia,D,0.390397,0.296106,0.313497,1.1063,0.9574
2526,2025-12-02,SP1,Barcelona,Ath Madrid,H,0.517969,0.222113,0.259918,1.864,1.2583
2526,2025-12-03,SP1,Ath Bilbao,Real Madrid,A,0.326516,0.275729,0.397755,1.0889,1.2339
2526,2025-12-05,SP1,Oviedo,Mallorca,D,0.441406,0.295757,0.262837,1.178,0.8342
2526,2025-12-06,SP1,Alaves,Sociedad,H,0.336789,0.318441,0.34477,0.9154,0.9301
2526,2025-12-06,SP1,Ath Bilbao,Ath Madrid,H,0.365769,0.287338,0.346893,1.109,1.0716
2526,2025-12-06,SP1,Betis,Barcelona,A,0.251247,0.216396,0.532357,1.2726,1.9431
2526,2025-12-06,SP1,Villarreal,Getafe,H,0.594271,0.224257,0.181472,1.7974,0.8737
2526,2025-12-07,SP1,Elche,Girona,H,0.270351,0.242146,0.487503,1.137,1.6169
2526,2025-12-07,SP1,Espanol,Vallecano,H,0.426517,0.285093,0.28839,1.2192,0.9457
2526,2025-12-07,SP1,Real Madrid,Celta,A,0.740107,0.152588,0.107305,2.5755,0.8804
2526,2025-12-07,SP1,Valencia,Sevilla,D,0.433019,0.267758,0.299223,1.3408,1.0638
2526,2025-12-08,SP1,Osasuna,Levante,H,0.537486,0.218529,0.243985,1.9111,1.2185
2526,2025-12-12,SP1,Sociedad,Girona,A,0.431729,0.258771,0.3095,1.4077,1.148
2526,2025-12-13,SP1,Ath Madrid,Valencia,H,0.676518,0.1962,0.127283,2.0116,0.7287
2526,2025-12-13,SP1,Barcelona,Osasuna,H,0.759974,0.144607,0.095419,2.6376,0.8311
2526,2025-12-13,SP1,Getafe,Espanol,A,0.416161,0.295678,0.28816,1.1467,0.8993
2526,2025-12-13,SP1,Mallorca,Elche,H,0.489117,0.294371,0.216512,1.2298,0.7089
2526,2025-12-14,SP1,Alaves,Real Madrid,A,0.16347,0.228366,0.608163,0.7644,1.7365
2526,2025-12-14,SP1,Celta,Ath Bilbao,H,0.299867,0.267754,0.43238,1.0656,1.34
2526,2025-12-14,SP1,Sevilla,Oviedo,H,0.444566,0.262104,0.29333,1.3978,1.0803
2526,2025-12-15,SP1,Vallecano,Betis,D,0.325784,0.280464,0.393752,1.0613,1.1979
2526,2025-12-19,SP1,Valencia,Mallorca,D,0.439798,0.300777,0.259426,1.1503,0.807
2526,2025-12-20,SP1,Levante,Sociedad,D,0.346423,0.25318,0.400397,1.287,1.404
2526,2025-12-20,SP1,Osasuna,Alaves,H,0.459271,0.283605,0.257125,1.266,0.8666
2526,2025-12-20,SP1,Oviedo,Celta,D,0.415353,0.250099,0.334549,1.4567,1.2801
2526,2025-12-20,SP1,Real Madrid,Sevilla,H,0.744226,0.1573,0.098474,2.4276,0.7563
2526,2025-12-21,SP1,Betis,Getafe,H,0.522223,0.265888,0.211889,1.4274,0.7966
2526,2025-12-21,SP1,Elche,Vallecano,H,0.324874,0.302867,0.372259,0.9532,1.0437
2526,2025-12-21,SP1,Girona,Ath Madrid,A,0.266477,0.227172,0.506351,1.2409,1.7958
2526,2025-12-21,SP1,Villarreal,Barcelona,A,0.293262,0.204873,0.501864,1.6025,2.1313
2526,2025-12-22,SP1,Ath Bilbao,Espanol,A,0.612662,0.234998,0.152341,1.6642,0.6828
2526,2026-01-02,SP1,Vallecano,Getafe,D,0.392035,0.32379,0.284175,0.9866,0.7899
2526,2026-01-03,SP1,Celta,Valencia,H,0.48099,0.246013,0.272997,1.5739,1.1192
2526,2026-01-03,SP1,Elche,Villarreal,A,0.208861,0.217634,0.573506,1.0544,1.9015
2526,2026-01-03,SP1,Espanol,Barcelona,A,0.165579,0.190635,0.643786,1.019,2.2008
2526,2026-01-03,SP1,Osasuna,Ath Bilbao,D,0.272167,0.285748,0.442085,0.8996,1.2346
2526,2026-01-04,SP1,Alaves,Oviedo,D,0.386312,0.293787,0.319901,1.1115,0.9822
2526,2026-01-04,SP1,Mallorca,Girona,A,0.351723,0.272817,0.37546,1.1638,1.2125
2526,2026-01-04,SP1,Real Madrid,Betis,H,0.67661,0.183581,0.139808,2.2219,0.8953
2526,2026-01-04,SP1,Sevilla,Levante,A,0.538588,0.216143,0.245269,1.9449,1.2466
2526,2026-01-04,SP1,Sociedad,Ath Madrid,D,0.252372,0.273154,0.474474,0.8983,1.3475
2526,2026-01-09,SP1,Getafe,Sociedad,A,0.344283,0.326893,0.328823,0.8985,0.8705
2526,2026-01-10,SP1,Girona,Osasuna,H,0.509548,0.2305,0.259952,1.7559,1.1861
2526,2026-01-10,SP1,Oviedo,Betis,D,0.358762,0.261166,0.380071,1.2567,1.3019
2526,2026-01-10,SP1,Valencia,Elche,D,0.552404,0.252845,0.194751,1.5339,0.7884
2526,2026-01-10,SP1,Villarreal,Alaves,H,0.617475,0.212091,0.170434,1.9206,0.8901
2526,2026-01-11,SP1,Levante,Espanol,D,0.424943,0.233263,0.341794,1.6425,1.4505
2526,2026-01-11,SP1,Vallecano,Mallorca,H,0.40013,0.324616,0.275254,0.9948,0.7676
2526,2026-01-12,SP1,Sevilla,Celta,A,0.423341,0.246405,0.330253,1.5035,1.2978
2526,2026-01-16,SP1,Espanol,Girona,A,0.37654,0.242127,0.381333,1.4544,1.4651
2526,2026-01-17,SP1,Betis,Villarreal,H,0.42023,0.229022,0.350748,1.6842,1.5213
2526,2026-01-17,SP1,Mallorca,Ath Bilbao,H,0.235482,0.316964,0.447554,0.6944,1.0836
2526,2026-01-17,SP1,Osasuna,Oviedo,H,0.443695,0.265145,0.29116,1.3735,1.056
2526,2026-01-17,SP1,Real Madrid,Levante,H,0.841724,0.098718,0.059557,3.3316,0.8456
2526,2026-01-18,SP1,Ath Madrid,Alaves,H,0.687144,0.200823,0.112033,1.9168,0.6125
2526,2026-01-18,SP1,Celta,Vallecano,H,0.497509,0.255682,0.246809,1.4971,0.9678
2526,2026-01-18,SP1,Getafe,Valencia,A,0.388619,0.306142,0.305239,1.0554,0.8976
2526,2026-01-18,SP1,Sociedad,Barcelona,H,0.2174,0.233171,0.549428,0.9863,1.7245
2526,2026-01-19,SP1,Elche,Sevilla,D,0.307645,0.274207,0.418148,1.0503,1.2756
2526,2026-01-23,SP1,Levante,Elche,H,0.534718,0.225992,0.239289,1.8126,1.1341
2526,2026-01-24,SP1,Sevilla,Ath Bilbao,H,0.271728,0.281855,0.446417,0.9155,1.2631
2526,2026-01-24,SP1,Valencia,Espanol,H,0.459326,0.265272,0.275402,1.39,1.0084
2526,2026-01-24,SP1,Vallecano,Osasuna,A,0.390077,0.29078,0.319142,1.1334,0.9943
2526,2026-01-24,SP1,Villarreal,Real Madrid,A,0.290597,0.217789,0.491614,1.433,1.9175
2526,2026-01-25,SP1,Alaves,Betis,H,0.316811,0.282111,0.401078,1.0314,1.2
2526,2026-01-25,SP1,Ath Madrid,Mallorca,H,0.671957,0.21267,0.115372,1.8088,0.5843
2526,2026-01-25,SP1,Barcelona,Oviedo,H,0.765885,0.141984,0.092131,2.6615,0.8195
2526,2026-01-25,SP1,Sociedad,Celta,H,0.445723,0.264668,0.289609,1.3795,1.0542
2526,2026-01-26,SP1,Girona,Getafe,D,0.511908,0.252826,0.235266,1.5284,0.9422
2526,2026-01-30,SP1,Espanol,Alaves,A,0.433498,0.286256,0.280246,1.2213,0.9191
2526,2026-01-31,SP1,Elche,Barcelona,A,0.104941,0.159754,0.735305,0.7967,2.4287
2526,2026-01-31,SP1,Levante,Ath Madrid,D,0.171856,0.187105,0.641039,1.0945,2.2765
2526,2026-01-31,SP1,Osasuna,Villarreal,D,0.332506,0.235798,0.431696,1.398,1.6247
2526,2026-01-31,SP1,Oviedo,Girona,H,0.398856,0.243692,0.357452,1.4865,1.394
2526,2026-02-01,SP1,Ath Bilbao,Sociedad,D,0.523866,0.284711,0.191423,1.304,0.6609
2526,2026-02-01,SP1,Betis,Valencia,H,0.524436,0.245301,0.230263,1.6006,0.9655
2526,2026-02-01,SP1,Getafe,Celta,D,0.377329,0.27971,0.342961,1.1736,1.1043
2526,2026-02-01,SP1,Real Madrid,Vallecano,H,0.739217,0.169496,0.091286,2.2032,0.6188
2526,2026-02-02,SP1,Mallorca,Sevilla,H,0.381102,0.29938,0.319518,1.075,0.9566
2526,2026-02-06,SP1,Celta,Osasuna,A,0.480581,0.242101,0.277318,1.6124,1.1624
2526,2026-02-07,SP1,Barcelona,Mallorca,H,0.752448,0.159971,0.087581,2.3149,0.6416
2526,2026-02-07,SP1,Sociedad,Elche,H,0.571596,0.258244,0.17016,1.4876,0.6713
2526,2026-02-08,SP1,Alaves,Getafe,A,0.382511,0.327449,0.29004,0.9588,0.7912
2526,2026-02-08,SP1,Ath Bilbao,Levante,H,0.694402,0.180821,0.124777,2.2031,0.8053
2526,2026-02-08,SP1,Ath Madrid,Betis,A,0.614091,0.211829,0.17408,1.9297,0.9118
2526,2026-02-08,SP1,Sevilla,Girona,D,0.40661,0.240344,0.353047,1.5342,1.4133
2526,2026-02-08,SP1,Valencia,Real Madrid,A,0.186542,0.22246,0.590998,0.9095,1.8224
2526,2026-02-09,SP1,Villarreal,Espanol,H,0.631987,0.193025,0.174989,2.19,1.0611
2526,2026-02-13,SP1,Elche,Osasuna,D,0.305197,0.277445,0.417358,1.0267,1.2534
2526,2026-02-14,SP1,Espanol,Celta,D,0.393563,0.249233,0.357204,1.4252,1.3454
2526,2026-02-14,SP1,Getafe,Villarreal,H,0.298405,0.259631,0.441965,1.1105,1.4142
2526,2026-02-14,SP1,Real Madrid,Sociedad,H,0.677354,0.198772,0.123874,1.972,0.694
2526,2026-02-14,SP1,Sevilla,Alaves,D,0.460745,0.280221,0.259034,1.2884,0.8866
2526,2026-02-15,SP1,Levante,Valencia,A,0.394071,0.240146,0.365783,1.5117,1.4477
2526,2026-02-15,SP1,Mallorca,Betis,A,0.316251,0.291605,0.392144,0.9839,1.1324
2526,2026-02-15,SP1,Oviedo,Ath Bilbao,A,0.266535,0.285067,0.448398,0.887,1.2458
2526,2026-02-15,SP1,Vallecano,Ath Madrid,H,0.20192,0.256294,0.541785,0.801,1.5055
2526,2026-02-16,SP1,Girona,Barcelona,H,0.221102,0.192802,0.586096,1.3626,2.2983
2526,2026-02-18,SP1,Levante,Villarreal,A,0.26853,0.196745,0.534725,1.5906,2.281
2526,2026-02-20,SP1,Ath Bilbao,Elche,H,0.691395,0.206392,0.102213,1.8365,0.5338
2526,2026-02-21,SP1,Ath Madrid,Espanol,H,0.709214,0.178328,0.112457,2.1857,0.7301
2526,2026-02-21,SP1,Betis,Vallecano,D,0.537431,0.254191,0.208378,1.5226,0.835
2526,2026-02-21,SP1,Osasuna,Real Madrid,H,0.188861,0.21878,0.592359,0.9446,1.867
2526,2026-02-21,SP1,Sociedad,Oviedo,D,0.461317,0.281242,0.257441,1.2826,0.8775
2526,2026-02-22,SP1,Barcelona,Levante,H,0.86049,0.085523,0.053987,3.7031,0.9456
2526,2026-02-22,SP1,Celta,Mallorca,H,0.493255,0.265653,0.241092,1.4152,0.8973
2526,2026-02-22,SP1,Getafe,Sevilla,A,0.392363,0.29675,0.310887,1.1062,0.9487
2526,2026-02-22,SP1,Villarreal,Valencia,H,0.597034,0.207764,0.195202,2.0156,1.059
2526,2026-02-23,SP1,Alaves,Girona,D,0.352354,0.264359,0.383287,1.2199,1.2849
2526,2026-02-27,SP1,Levante,Alaves,H,0.424964,0.253679,0.321357,1.4404,1.2167
2526,2026-02-28,SP1,Barcelona,Villarreal,H,0.681291,0.161838,0.156871,2.7089,1.2608
2526,2026-02-28,SP1,Mallorca,Sociedad,A,0.334243,0.32904,0.336718,0.8732,0.8777
2526,2026-02-28,SP1,Oviedo,Ath Madrid,A,0.220823,0.241757,0.53742,0.9485,1.6362
2526,2026-02-28,SP1,Vallecano,Ath Bilbao,D,0.242238,0.304527,0.453235,0.7491,1.1463
2526,2026-03-01,SP1,Betis,Sevilla,D,0.529922,0.237714,0.232364,1.6776,1.0205
2526,2026-03-01,SP1,Elche,Espanol,D,0.331375,0.277799,0.390826,1.0888,1.2092
2526,2026-03-01,SP1,Girona,Celta,A,0.495014,0.218708,0.286278,1.9058,1.405
2526,2026-03-01,SP1,Valencia,Osasuna,H,0.42902,0.271275,0.299706,1.3106,1.0453
2526,2026-03-02,SP1,Real Madrid,Getafe,A,0.721705,0.182331,0.095964,2.0655,0.5903
2526,2026-03-04,SP1,Vallecano,Oviedo,H,0.396277,0.290726,0.312997,1.1437,0.9804
2526,2026-03-06,SP1,Celta,Real Madrid,A,0.206523,0.208147,0.58533,1.1189,2.0264
2526,2026-03-07,SP1,Ath Bilbao,Barcelona,A,0.334693,0.258524,0.406783,1.2177,1.3715
2526,2026-03-07,SP1,Ath Madrid,Sociedad,H,0.617725,0.229612,0.152663,1.7126,0.7067
2526,2026-03-07,SP1,Levante,Girona,D,0.348593,0.212753,0.438654,1.7152,1.9396
2526,2026-03-07,SP1,Osasuna,Mallorca,D,0.448271,0.294063,0.257666,1.1947,0.8267
2526,2026-03-08,SP1,Getafe,Betis,H,0.326585,0.290485,0.38293,1.0124,1.123
2526,2026-03-08,SP1,Sevilla,Vallecano,D,0.453798,0.279451,0.266751,1.2862,0.9123
2526,2026-03-08,SP1,Valencia,Alaves,H,0.450712,0.290134,0.259154,1.219,0.8459
2526,2026-03-08,SP1,Villarreal,Elche,H,0.725953,0.162774,0.111273,2.4168,0.8296
2526,2026-03-09,SP1,Espanol,Oviedo,D,0.415974,0.26659,0.317436,1.3251,1.1199
2526,2026-03-13,SP1,Alaves,Villarreal,D,0.286693,0.250965,0.462341,1.1313,1.5111
2526,2026-03-14,SP1,Ath Madrid,Getafe,H,0.664179,0.215396,0.120425,1.7939,0.6012
2526,2026-03-14,SP1,Girona,Ath Bilbao,H,0.320311,0.261404,0.418285,1.1604,1.3674
2526,2026-03-14,SP1,Oviedo,Valencia,H,0.42998,0.271544,0.298477,1.3101,1.0405
2526,2026-03-14,SP1,Real Madrid,Elche,H,0.833844,0.114197,0.051959,2.7773,0.5605
2526,2026-03-15,SP1,Barcelona,Sevilla,H,0.765665,0.14083,0.093504,2.6983,0.8458
2526,2026-03-15,SP1,Betis,Celta,D,0.514716,0.22862,0.256664,1.7798,1.1879
2526,2026-03-15,SP1,Mallorca,Espanol,H,0.404612,0.29882,0.296568,1.1144,0.9068
2526,2026-03-15,SP1,Sociedad,Osasuna,H,0.454953,0.282059,0.262988,1.271,0.89
2526,2026-03-16,SP1,Vallecano,Levante,D,0.482506,0.244348,0.273146,1.5913,1.1313
2526,2026-03-20,SP1,Villarreal,Sociedad,H,0.537546,0.234145,0.22831,1.716,1.0271
2526,2026-03-21,SP1,Elche,Mallorca,H,0.324224,0.315745,0.360032,0.9011,0.9676
2526,2026-03-21,SP1,Espanol,Getafe,A,0.414353,0.295912,0.289735,1.143,0.9022
2526,2026-03-21,SP1,Levante,Oviedo,H,0.399384,0.236244,0.364372,1.5627,1.4826
2526,2026-03-21,SP1,Osasuna,Girona,H,0.406651,0.243035,0.350314,1.5075,1.3815
2526,2026-03-21,SP1,Sevilla,Valencia,A,0.438158,0.267113,0.294729,1.3521,1.0549
2526,2026-03-22,SP1,Ath Bilbao,Betis,H,0.518985,0.260242,0.220772,1.4693,0.8527
2526,2026-03-22,SP1,Barcelona,Vallecano,H,0.762007,0.151112,0.086881,2.4489,0.692
2526,2026-03-22,SP1,Celta,Alaves,A,0.504884,0.255826,0.23929,1.4997,0.9406
2526,2026-03-22,SP1,Real Madrid,Ath Madrid,H,0.504906,0.23729,0.257804,1.677,1.1252
2526,2026-04-03,SP1,Vallecano,Elche,H,0.506459,0.279696,0.213845,1.3265,0.75
2526,2026-04-04,SP1,Ath Madrid,Barcelona,A,0.411387,0.235009,0.353605,1.5993,1.4665
2526,2026-04-04,SP1,Betis,Espanol,D,0.557517,0.231607,0.210876,1.7391,0.9674
2526,2026-04-04,SP1,Mallorca,Real Madrid,H,0.166533,0.2393,0.594167,0.7292,1.6386
2526,2026-04-04,SP1,Sociedad,Levante,H,0.557095,0.2277,0.215206,1.7845,1.0126
2526,2026-04-05,SP1,Alaves,Osasuna,D,0.380195,0.293729,0.326076,1.1015,0.9961
2526,2026-04-05,SP1,Getafe,Ath Bilbao,H,0.243511,0.317019,0.43947,0.7146,1.0747
2526,2026-04-05,SP1,Oviedo,Sevilla,H,0.433485,0.26349,0.303025,1.3731,1.0998
2526,2026-04-05,SP1,Valencia,Celta,A,0.415618,0.254083,0.330299,1.4225,1.2383
2526,2026-04-06,SP1,Girona,Villarreal,H,0.392973,0.215658,0.391369,1.8034,1.7994
2526,2026-04-10,SP1,Real Madrid,Girona,D,0.731508,0.153005,0.115486,2.6282,0.9587
2526,2026-04-11,SP1,Barcelona,Espanol,H,0.788244,0.130498,0.081258,2.7972,0.8018
2526,2026-04-11,SP1,Elche,Valencia,H,0.307052,0.283204,0.409744,1.0021,1.2068
2526,2026-04-11,SP1,Sevilla,Ath Madrid,H,0.225015,0.23952,0.535465,0.979,1.6588
2526,2026-04-11,SP1,Sociedad,Alaves,D,0.471752,0.300831,0.227417,1.1822,0.7202
2526,2026-04-12,SP1,Ath Bilbao,Villarreal,A,0.501048,0.243417,0.255535,1.6116,1.0737
2526,2026-04-12,SP1,Celta,Oviedo,A,0.487903,0.241179,0.270917,1.627,1.1461
2526,2026-04-12,SP1,Mallorca,Vallecano,H,0.390155,0.325944,0.283902,0.9756,0.7827
2526,2026-04-12,SP1,Osasuna,Betis,D,0.365867,0.260871,0.373262,1.2745,1.2902
2526,2026-04-13,SP1,Levante,Getafe,H,0.405675,0.261285,0.333039,1.3481,1.1944
2526,2026-04-21,SP1,Ath Bilbao,Osasuna,H,0.582706,0.247728,0.169565,1.5692,0.7078
2526,2026-04-21,SP1,Girona,Betis,A,0.429826,0.233805,0.336368,1.6441,1.4289
2526,2026-04-21,SP1,Mallorca,Valencia,D,0.377587,0.308877,0.313536,1.0256,0.905
2526,2026-04-21,SP1,Real Madrid,Alaves,H,0.744091,0.167898,0.088011,2.2071,0.6014
2526,2026-04-22,SP1,Barcelona,Celta,H,0.760619,0.137329,0.102052,2.8627,0.9845
2526,2026-04-22,SP1,Elche,Ath Madrid,H,0.137506,0.208549,0.653945,0.7255,1.8977
2526,2026-04-22,SP1,Sociedad,Getafe,A,0.451583,0.312725,0.235691,1.1064,0.707
2526,2026-04-23,SP1,Levante,Sevilla,H,0.395015,0.233411,0.371575,1.5844,1.5302
2526,2026-04-23,SP1,Oviedo,Villarreal,D,0.325177,0.235475,0.439348,1.3784,1.6394
2526,2026-04-23,SP1,Vallecano,Espanol,H,0.418319,0.286141,0.295541,1.202,0.9593
2526,2026-04-24,SP1,Betis,Real Madrid,D,0.249827,0.231311,0.518862,1.138,1.7482
2526,2026-04-25,SP1,Alaves,Mallorca,H,0.39051,0.328452,0.281037,0.9667,0.7689
2526,2026-04-25,SP1,Ath Madrid,Ath Bilbao,H,0.48493,0.272246,0.242824,1.362,0.8725
2526,2026-04-25,SP1,Getafe,Barcelona,A,0.172499,0.222498,0.605003,0.8391,1.8063
2526,2026-04-25,SP1,Valencia,Girona,H,0.399577,0.247584,0.352839,1.4515,1.3484
2526,2026-04-26,SP1,Osasuna,Sevilla,H,0.440946,0.262212,0.296841,1.3925,1.0899
2526,2026-04-26,SP1,Oviedo,Elche,A,0.554888,0.248536,0.196577,1.5708,0.8151
2526,2026-04-26,SP1,Vallecano,Sociedad,D,0.3457,0.315805,0.338495,0.9419,0.9285
2526,2026-04-26,SP1,Villarreal,Celta,H,0.587825,0.195528,0.216647,2.2412,1.3029
2526,2026-04-27,SP1,Espanol,Levante,D,0.505774,0.22347,0.270756,1.8436,1.2923
2526,2026-05-01,SP1,Girona,Mallorca,A,0.521767,0.251728,0.226505,1.5411,0.9156
2526,2026-05-02,SP1,Alaves,Ath Bilbao,A,0.235344,0.305362,0.459294,0.728,1.1483
2526,2026-05-02,SP1,Osasuna,Barcelona,A,0.187349,0.202572,0.610079,1.0563,2.0752
2526,2026-05-02,SP1,Valencia,Ath Madrid,A,0.223043,0.247287,0.52967,0.9262,1.5827
2526,2026-05-02,SP1,Villarreal,Levante,H,0.713029,0.14887,0.138101,2.8992,1.2514
2526,2026-05-03,SP1,Betis,Oviedo,H,0.532072,0.239919,0.22801,1.6547,0.9888
2526,2026-05-03,SP1,Celta,Elche,H,0.613526,0.215074,0.1714,1.8871,0.8767
2526,2026-05-03,SP1,Espanol,Real Madrid,A,0.168175,0.206911,0.624914,0.9113,1.98
2526,2026-05-03,SP1,Getafe,Vallecano,A,0.401046,0.322593,0.276361,1.0039,0.7762
2526,2026-05-04,SP1,Sevilla,Sociedad,H,0.388814,0.287133,0.324053,1.1512,1.0231
2526,2026-05-08,SP1,Levante,Osasuna,H,0.391811,0.23608,0.372109,1.5487,1.5036
2526,2026-05-09,SP1,Ath Madrid,Celta,A,0.679082,0.182296,0.138622,2.2368,0.8966
2526,2026-05-09,SP1,Elche,Alaves,D,0.331479,0.305733,0.362788,0.9549,1.0143
2526,2026-05-09,SP1,Sevilla,Espanol,H,0.468822,0.256487,0.274692,1.4691,1.057
2526,2026-05-09,SP1,Sociedad,Betis,D,0.389098,0.280446,0.330456,1.1901,1.0722
2526,2026-05-10,SP1,Ath Bilbao,Valencia,A,0.580247,0.252336,0.167417,1.5317,0.6815
2526,2026-05-10,SP1,Barcelona,Real Madrid,H,0.468772,0.222787,0.308441,1.8303,1.4488
2526,2026-05-10,SP1,Mallorca,Villarreal,D,0.288024,0.259685,0.452292,1.0792,1.4259
2526,2026-05-10,SP1,Oviedo,Getafe,D,0.432522,0.295609,0.271869,1.1683,0.8584
2526,2026-05-11,SP1,Vallecano,Girona,D,0.362282,0.262464,0.375254,1.2553,1.2827
2526,2026-05-12,SP1,Betis,Elche,H,0.650639,0.207461,0.1419,1.9192,0.7563
2526,2026-05-12,SP1,Celta,Levante,A,0.58801,0.194352,0.217638,2.2638,1.3225
2526,2026-05-12,SP1,Osasuna,Ath Madrid,A,0.226284,0.243226,0.53049,0.962,1.6215
2526,2026-05-13,SP1,Alaves,Barcelona,H,0.161758,0.210011,0.628231,0.8548,1.9301
2526,2026-05-13,SP1,Espanol,Ath Bilbao,H,0.250157,0.278487,0.471356,0.8678,1.3094
2526,2026-05-13,SP1,Getafe,Mallorca,H,0.396542,0.335727,0.267731,0.949,0.7196
2526,2026-05-13,SP1,Villarreal,Sevilla,A,0.603115,0.201107,0.195778,2.1125,1.1194
2526,2026-05-14,SP1,Girona,Sociedad,D,0.454429,0.255947,0.289623,1.4592,1.1076
2526,2026-05-14,SP1,Real Madrid,Oviedo,H,0.744245,0.158729,0.097026,2.3945,0.7328
2526,2026-05-14,SP1,Valencia,Vallecano,D,0.444029,0.289207,0.266764,1.2169,0.8704
2021,2020-09-18,D1,Bayern Munich,Schalke 04,H,0.850858,0.110237,0.038905,3.1132,0.6232
2021,2020-09-19,D1,Dortmund,M'gladbach,H,0.518607,0.2434,0.237994,1.9794,1.3038
2021,2020-09-19,D1,Ein Frankfurt,Bielefeld,D,0.469078,0.255947,0.274975,1.8186,1.3619
2021,2020-09-19,D1,FC Koln,Hoffenheim,A,0.258911,0.227459,0.513631,1.5274,2.1736
2021,2020-09-19,D1,Stuttgart,Freiburg,A,0.28666,0.310893,0.402447,1.0632,1.301
2021,2020-09-19,D1,Union Berlin,Augsburg,A,0.390751,0.279959,0.32929,1.4979,1.361
2021,2020-09-19,D1,Werder Bremen,Hertha,A,0.390698,0.276044,0.333259,1.5283,1.3991
2021,2020-09-20,D1,RB Leipzig,Mainz,H,0.711104,0.185979,0.102917,2.443,0.8626
2021,2020-09-20,D1,Wolfsburg,Leverkusen,D,0.329842,0.271801,0.398358,1.4208,1.5767
2021,2020-09-25,D1,Hertha,Ein Frankfurt,A,0.359659,0.259837,0.380504,1.5937,1.6428
2021,2020-09-26,D1,Augsburg,Dortmund,H,0.15426,0.196463,0.649277,1.1877,2.4962
2021,2020-09-26,D1,Bielefeld,FC Koln,H,0.502115,0.244391,0.253494,1.9636,1.3635
2021,2020-09-26,D1,Leverkusen,RB Leipzig,D,0.317661,0.263334,0.419006,1.4495,1.685
2021,2020-09-26,D1,M'gladbach,Union Berlin,D,0.616576,0.235571,0.147854,1.9899,0.8918
2021,2020-09-26,D1,Mainz,Stuttgart,A,0.450841,0.295337,0.253821,1.4621,1.045
2021,2020-09-26,D1,Schalke 04,Werder Bremen,A,0.348109,0.296822,0.355069,1.2939,1.3088
2021,2020-09-27,D1,Freiburg,Wolfsburg,D,0.334523,0.293639,0.371839,1.2833,1.3635
2021,2020-09-27,D1,Hoffenheim,Bayern Munich,H,0.140055,0.19036,0.669585,1.1307,2.5416
2021,2020-10-02,D1,Union Berlin,Mainz,H,0.38219,0.291098,0.326712,1.4004,1.2804
2021,2020-10-03,D1,Dortmund,Freiburg,H,0.669252,0.199778,0.13097,2.3744,0.9942
2021,2020-10-03,D1,Ein Frankfurt,Hoffenheim,H,0.38174,0.246938,0.371322,1.7653,1.7398
2021,2020-10-03,D1,FC Koln,M'gladbach,A,0.211988,0.232884,0.555128,1.2573,2.0993
2021,2020-10-03,D1,RB Leipzig,Schalke 04,H,0.711285,0.192786,0.095929,2.3151,0.765
2021,2020-10-03,D1,Stuttgart,Leverkusen,D,0.178834,0.253869,0.567297,0.96,1.8448
2021,2020-10-03,D1,Werder Bremen,Bielefeld,H,0.378822,0.281176,0.340002,1.466,1.3798
2021,2020-10-04,D1,Bayern Munich,Hertha,H,0.827343,0.119619,0.053039,3.1501,0.7776
2021,2020-10-04,D1,Wolfsburg,Augsburg,D,0.536876,0.249546,0.213577,1.9092,1.151
2021,2020-10-17,D1,Augsburg,RB Leipzig,A,0.153129,0.213086,0.633785,1.0582,2.2642
2021,2020-10-17,D1,Bielefeld,Bayern Munich,A,0.094262,0.170707,0.735031,0.8851,2.6183
2021,2020-10-17,D1,Freiburg,Werder Bremen,D,0.421183,0.286209,0.292608,1.4982,1.2176
2021,2020-10-17,D1,Hertha,Stuttgart,A,0.501883,0.279333,0.218784,1.6181,1.0021
2021,2020-10-17,D1,Hoffenheim,Dortmund,A,0.278357,0.233463,0.48818,1.5578,2.0837
2021,2020-10-17,D1,M'gladbach,Wolfsburg,D,0.486268,0.27143,0.242303,1.6828,1.1367
2021,2020-10-17,D1,Mainz,Leverkusen,A,0.22555,0.250276,0.524174,1.2005,1.9029
2021,2020-10-18,D1,FC Koln,Ein Frankfurt,D,0.300801,0.234871,0.464328,1.6336,2.0437
2021,2020-10-18,D1,Schalke 04,Union Berlin,D,0.38577,0.30544,0.30879,1.3105,1.1499
2021,2020-10-23,D1,Stuttgart,FC Koln,D,0.360504,0.279682,0.359814,1.4387,1.4371
2021,2020-10-24,D1,Bayern Munich,Ein Frankfurt,H,0.79999,0.13046,0.06955,3.1369,0.9212
2021,2020-10-24,D1,Dortmund,Schalke 04,H,0.730197,0.175171,0.094632,2.5523,0.8586
2021,2020-10-24,D1,Mainz,M'gladbach,A,0.22425,0.264086,0.511664,1.1084,1.7599
2021,2020-10-24,D1,RB Leipzig,Hertha,H,0.672298,0.201011,0.126691,2.3425,0.9547
2021,2020-10-24,D1,Union Berlin,Freiburg,D,0.330976,0.300144,0.36888,1.2346,1.3148
2021,2020-10-25,D1,Werder Bremen,Hoffenheim,D,0.298258,0.258733,0.443009,1.423,1.7626
2021,2020-10-25,D1,Wolfsburg,Bielefeld,H,0.465753,0.274546,0.259701,1.6418,1.1818
2021,2020-10-26,D1,Leverkusen,Augsburg,H,0.639543,0.206763,0.153694,2.3489,1.1058
2021,2020-10-30,D1,Schalke 04,Stuttgart,D,0.418171,0.31474,0.26709,1.2967,0.9903
2021,2020-10-31,D1,Augsburg,Mainz,H,0.409602,0.270969,0.319429,1.6031,1.3978
2021,2020-10-31,D1,Bielefeld,Dortmund,A,0.198216,0.228215,0.573569,1.2195,2.1466
2021,2020-10-31,D1,Ein Frankfurt,Werder Bremen,D,0.5002,0.24893,0.25087,1.9126,1.3187
2021,2020-10-31,D1,FC Koln,Bayern Munich,A,0.057903,0.11258,0.829517,0.9199,3.3958
2021,2020-10-31,D1,M'gladbach,RB Leipzig,H,0.313659,0.276719,0.409622,1.3406,1.5558
2021,2020-11-01,D1,Freiburg,Leverkusen,A,0.2665,0.270261,0.463239,1.2328,1.6776
2021,2020-11-01,D1,Hertha,Wolfsburg,D,0.337608,0.279873,0.38252,1.383,1.4831
2021,2020-11-02,D1,Hoffenheim,Union Berlin,A,0.586022,0.233838,0.180141,2.0603,1.0834
2021,2020-11-06,D1,Werder Bremen,FC Koln,D,0.47304,0.248302,0.278658,1.9013,1.434
2021,2020-11-07,D1,Augsburg,Hertha,A,0.363937,0.267901,0.368162,1.5372,1.547
2021,2020-11-07,D1,Dortmund,Bayern Munich,A,0.251227,0.232561,0.516211,1.4482,2.1089
2021,2020-11-07,D1,Mainz,Schalke 04,D,0.415931,0.294566,0.289503,1.4292,1.159
2021,2020-11-07,D1,RB Leipzig,Freiburg,H,0.652065,0.217203,0.130732,2.1537,0.8858
2021,2020-11-07,D1,Stuttgart,Ein Frankfurt,D,0.24928,0.273319,0.477402,1.1516,1.6609
2021,2020-11-07,D1,Union Berlin,Bielefeld,H,0.329299,0.290895,0.379806,1.2881,1.3975
2021,2020-11-08,D1,Leverkusen,M'gladbach,H,0.411634,0.270088,0.318279,1.614,1.4009
2021,2020-11-08,D1,Wolfsburg,Hoffenheim,H,0.384849,0.266627,0.348524,1.5936,1.5098
2021,2020-11-21,D1,Bayern Munich,Werder Bremen,D,0.836567,0.115046,0.048387,3.178,0.7426
2021,2020-11-21,D1,Bielefeld,Leverkusen,A,0.27359,0.26246,0.463949,1.3103,1.7503
2021,2020-11-21,D1,Ein Frankfurt,RB Leipzig,D,0.232506,0.239854,0.52764,1.3051,2.0213
2021,2020-11-21,D1,Hertha,Dortmund,A,0.190878,0.220394,0.588728,1.2365,2.2379
2021,2020-11-21,D1,Hoffenheim,Stuttgart,D,0.61696,0.231713,0.151327,2.0386,0.933
2021,2020-11-21,D1,M'gladbach,Augsburg,D,0.62396,0.220838,0.155202,2.1723,1.0209
2021,2020-11-21,D1,Schalke 04,Wolfsburg,A,0.269829,0.293065,0.437106,1.1083,1.4657
2021,2020-11-22,D1,FC Koln,Union Berlin,A,0.417273,0.264008,0.318719,1.6762,1.4476
2021,2020-11-22,D1,Freiburg,Mainz,A,0.448864,0.283871,0.267265,1.5487,1.1521
2021,2020-11-27,D1,Wolfsburg,Werder Bremen,H,0.495277,0.267117,0.237606,1.7267,1.1444
2021,2020-11-28,D1,Augsburg,Freiburg,D,0.354396,0.281273,0.364332,1.4133,1.4354
2021,2020-11-28,D1,Dortmund,FC Koln,A,0.777521,0.135637,0.086843,3.2129,1.0982
2021,2020-11-28,D1,M'gladbach,Schalke 04,H,0.612271,0.241534,0.146194,1.9246,0.8518
2021,2020-11-28,D1,RB Leipzig,Bielefeld,H,0.657243,0.210011,0.132745,2.247,0.9415
2021,2020-11-28,D1,Stuttgart,Bayern Munich,A,0.054397,0.140387,0.805216,0.6485,2.7597
2021,2020-11-28,D1,Union Berlin,Ein Frankfurt,D,0.291691,0.267508,0.440801,1.3372,1.6786
2021,2020-11-29,D1,Leverkusen,Hertha,D,0.580211,0.23082,0.188968,2.1058,1.1513
2021,2020-11-29,D1,Mainz,Hoffenheim,D,0.270833,0.255951,0.473217,1.3465,1.8221
2021,2020-12-04,D1,Hertha,Union Berlin,H,0.468274,0.275512,0.256213,1.6353,1.1636
2021,2020-12-05,D1,Bayern Munich,RB Leipzig,D,0.596329,0.224624,0.179047,2.1685,1.1382
2021,2020-12-05,D1,Bielefeld,Mainz,H,0.462301,0.273724,0.263975,1.6461,1.202
2021,2020-12-05,D1,Ein Frankfurt,Dortmund,D,0.238396,0.223534,0.53807,1.4647,2.2284
2021,2020-12-05,D1,FC Koln,Wolfsburg,D,0.283682,0.25281,0.463508,1.4175,1.845
2021,2020-12-05,D1,Freiburg,M'gladbach,D,0.263294,0.283984,0.452722,1.1382,1.5515
2021,2020-12-06,D1,Schalke 04,Leverkusen,A,0.208053,0.259635,0.532312,1.0647,1.8032
2021,2020-12-06,D1,Werder Bremen,Stuttgart,A,0.480957,0.28721,0.231833,1.5452,1.0109
2021,2020-12-07,D1,Hoffenheim,Augsburg,H,0.590217,0.219471,0.190312,2.2492,1.2403
2021,2020-12-11,D1,Wolfsburg,Ein Frankfurt,H,0.429804,0.263024,0.307172,1.7044,1.4195
2021,2020-12-12,D1,Dortmund,Stuttgart,A,0.75777,0.16384,0.07839,2.6111,0.7742
2021,2020-12-12,D1,Freiburg,Bielefeld,H,0.393337,0.290452,0.31621,1.4245,1.2575
2021,2020-12-12,D1,M'gladbach,Hertha,D,0.56603,0.244793,0.189177,1.9475,1.0629
2021,2020-12-12,D1,Mainz,FC Koln,A,0.439377,0.254491,0.306132,1.799,1.4824
2021,2020-12-12,D1,RB Leipzig,Werder Bremen,H,0.685903,0.196735,0.117362,2.3632,0.9116
2021,2020-12-12,D1,Union Berlin,Bayern Munich,D,0.066029,0.146258,0.787713,0.753,2.7891
2021,2020-12-13,D1,Augsburg,Schalke 04,D,0.421794,0.283597,0.294609,1.5192,1.2397
2021,2020-12-13,D1,Leverkusen,Hoffenheim,H,0.483089,0.24364,0.273271,1.9607,1.4504
2021,2020-12-15,D1,Ein Frankfurt,M'gladbach,D,0.319316,0.263519,0.417165,1.4531,1.6804
2021,2020-12-15,D1,Hertha,Mainz,D,0.456672,0.270531,0.272796,1.6691,1.2531
2021,2020-12-15,D1,Stuttgart,Union Berlin,D,0.344176,0.314201,0.341622,1.1816,1.1764
2021,2020-12-15,D1,Werder Bremen,Dortmund,A,0.177589,0.217405,0.605006,1.1808,2.2576
2021,2020-12-16,D1,Bayern Munich,Wolfsburg,H,0.76209,0.157824,0.080086,2.7221,0.8316
2021,2020-12-16,D1,Bielefeld,Augsburg,A,0.473542,0.262227,0.264231,1.7607,1.2777
2021,2020-12-16,D1,FC Koln,Leverkusen,A,0.212158,0.219592,0.56825,1.3618,2.2699
2021,2020-12-16,D1,Hoffenheim,RB Leipzig,A,0.269944,0.24992,0.480136,1.388,1.89
2021,2020-12-16,D1,Schalke 04,Freiburg,A,0.3243,0.306944,0.368756,1.1792,1.2717
2021,2020-12-18,D1,Union Berlin,Dortmund,H,0.147006,0.210145,0.642849,1.0375,2.2866
2021,2020-12-19,D1,Augsburg,Ein Frankfurt,A,0.311761,0.250864,0.437375,1.5308,1.8325
2021,2020-12-19,D1,Leverkusen,Bayern Munich,A,0.176668,0.216648,0.606683,1.1808,2.266
2021,2020-12-19,D1,M'gladbach,Hoffenheim,A,0.472724,0.256787,0.270488,1.8133,1.3391
2021,2020-12-19,D1,Mainz,Werder Bremen,A,0.376738,0.281577,0.341686,1.4589,1.3811
2021,2020-12-19,D1,RB Leipzig,FC Koln,D,0.76,0.151111,0.088889,2.9142,0.9785
2021,2020-12-19,D1,Schalke 04,Bielefeld,A,0.322715,0.297567,0.379718,1.2303,1.3517
2021,2020-12-20,D1,Freiburg,Hertha,H,0.405392,0.284901,0.309707,1.4851,1.275
2021,2020-12-20,D1,Wolfsburg,Stuttgart,H,0.563741,0.265203,0.171056,1.7304,0.8659
2021,2021-01-02,D1,Bielefeld,M'gladbach,A,0.270311,0.275985,0.453703,1.2098,1.6187
2021,2021-01-02,D1,Ein Frankfurt,Leverkusen,H,0.32425,0.250526,0.425223,1.5738,1.817
2021,2021-01-02,D1,FC Koln,Augsburg,A,0.411998,0.246926,0.341076,1.8299,1.6571
2021,2021-01-02,D1,Hertha,Schalke 04,H,0.466662,0.281693,0.251645,1.5817,1.1114
2021,2021-01-02,D1,Hoffenheim,Freiburg,A,0.513336,0.254803,0.231861,1.8538,1.1982
2021,2021-01-02,D1,Stuttgart,RB Leipzig,A,0.122526,0.224019,0.653456,0.7961,2.0522
2021,2021-01-02,D1,Werder Bremen,Union Berlin,A,0.447252,0.282076,0.270671,1.5616,1.1739
2021,2021-01-03,D1,Bayern Munich,Mainz,H,0.854326,0.104717,0.040957,3.2852,0.7026
2021,2021-01-03,D1,Dortmund,Wolfsburg,H,0.607549,0.218897,0.173554,2.2317,1.1458
2021,2021-01-08,D1,M'gladbach,Bayern Munich,H,0.178266,0.230889,0.590845,1.092,2.0921
2021,2021-01-09,D1,Freiburg,FC Koln,H,0.487715,0.254483,0.257802,1.8475,1.3069
2021,2021-01-09,D1,Leverkusen,Werder Bremen,D,0.595963,0.227916,0.176121,2.1244,1.0994
2021,2021-01-09,D1,Mainz,Ein Frankfurt,A,0.310554,0.261724,0.427721,1.44,1.7132
2021,2021-01-09,D1,RB Leipzig,Dortmund,A,0.430192,0.252036,0.317772,1.8098,1.5405
2021,2021-01-09,D1,Schalke 04,Hoffenheim,H,0.249552,0.266539,0.483909,1.1942,1.7267
2021,2021-01-09,D1,Union Berlin,Wolfsburg,D,0.274945,0.286708,0.438347,1.1604,1.5154
2021,2021-01-10,D1,Augsburg,Stuttgart,A,0.458102,0.284238,0.25766,1.5542,1.1178
2021,2021-01-10,D1,Bielefeld,Hertha,H,0.41747,0.275437,0.307093,1.5784,1.3303
2021,2021-01-15,D1,Union Berlin,Leverkusen,H,0.211358,0.253718,0.534924,1.1147,1.8644
2021,2021-01-16,D1,Dortmund,Mainz,D,0.729277,0.169001,0.101722,2.6934,0.9681
2021,2021-01-16,D1,FC Koln,Hertha,D,0.355654,0.25329,0.391056,1.6405,1.7253
2021,2021-01-16,D1,Hoffenheim,Bielefeld,D,0.515025,0.247369,0.237606,1.9342,1.2735
2021,2021-01-16,D1,Stuttgart,M'gladbach,D,0.178848,0.26854,0.552612,0.8864,1.7061
2021,2021-01-16,D1,Werder Bremen,Augsburg,H,0.445789,0.265275,0.288935,1.7048,1.3438
2021,2021-01-16,D1,Wolfsburg,RB Leipzig,D,0.241635,0.264202,0.494164,1.1782,1.754
2021,2021-01-17,D1,Bayern Munich,Freiburg,H,0.807917,0.134837,0.057247,2.8962,0.7216
2021,2021-01-17,D1,Ein Frankfurt,Schalke 04,H,0.53894,0.252754,0.208306,1.8736,1.1067
2021,2021-01-19,D1,Hertha,Hoffenheim,A,0.316654,0.257743,0.425603,1.4902,1.7472
2021,2021-01-19,D1,Leverkusen,Dortmund,H,0.329474,0.246357,0.424169,1.6269,1.8577
2021,2021-01-19,D1,M'gladbach,Werder Bremen,H,0.581216,0.242066,0.176718,1.9647,1.015
2021,2021-01-19,D1,Mainz,Wolfsburg,A,0.29236,0.280951,0.426689,1.2496,1.5467
2021,2021-01-20,D1,Augsburg,Bayern Munich,A,0.06703,0.133393,0.799578,0.862,3.0448
2021,2021-01-20,D1,Bielefeld,Stuttgart,H,0.506189,0.282004,0.211807,1.5958,0.9612
2021,2021-01-20,D1,Freiburg,Ein Frankfurt,D,0.356493,0.273111,0.370396,1.4788,1.5104
2021,2021-01-20,D1,RB Leipzig,Union Berlin,H,0.716627,0.187014,0.096359,2.3936,0.801
2021,2021-01-20,D1,Schalke 04,FC Koln,A,0.406294,0.271206,0.322501,1.5956,1.4048
2021,2021-01-22,D1,M'gladbach,Dortmund,H,0.325549,0.259326,0.415125,1.5046,1.7152
2021,2021-01-23,D1,Augsburg,Union Berlin,H,0.422385,0.277251,0.300364,1.5707,1.2979
2021,2021-01-23,D1,Bielefeld,Ein Frankfurt,A,0.36687,0.26452,0.36861,1.5718,1.5758
2021,2021-01-23,D1,Freiburg,Stuttgart,H,0.491452,0.29323,0.215318,1.5014,0.9213
2021,2021-01-23,D1,Hertha,Werder Bremen,A,0.427774,0.272883,0.299343,1.6146,1.3243
2021,2021-01-23,D1,Leverkusen,Wolfsburg,A,0.49788,0.257711,0.244409,1.8196,1.2312
2021,2021-01-23,D1,Mainz,RB Leipzig,H,0.155866,0.225615,0.618518,0.9955,2.1169
2021,2021-01-24,D1,Hoffenheim,FC Koln,H,0.622862,0.199549,0.177589,2.5084,1.3235
2021,2021-01-24,D1,Schalke 04,Bayern Munich,A,0.066179,0.151704,0.782117,0.7192,2.6976
2021,2021-01-29,D1,Stuttgart,Mainz,H,0.332633,0.305605,0.361762,1.206,1.2669
2021,2021-01-30,D1,Bayern Munich,Hoffenheim,H,0.762409,0.149676,0.087915,2.9331,0.9797
2021,2021-01-30,D1,Dortmund,Augsburg,H,0.745256,0.156742,0.098003,2.8808,1.0291
2021,2021-01-30,D1,Ein Frankfurt,Hertha,H,0.482976,0.249567,0.267458,1.8959,1.381
2021,2021-01-30,D1,RB Leipzig,Leverkusen,H,0.521262,0.246493,0.232245,1.9446,1.256
2021,2021-01-30,D1,Union Berlin,M'gladbach,D,0.210432,0.267801,0.521767,1.0292,1.7242
2021,2021-01-30,D1,Werder Bremen,Schalke 04,D,0.445944,0.288367,0.265689,1.5104,1.1212
2021,2021-01-31,D1,FC Koln,Bielefeld,H,0.344254,0.257451,0.398295,1.5736,1.7015
2021,2021-01-31,D1,Wolfsburg,Freiburg,H,0.464452,0.282476,0.253072,1.5736,1.1119
2021,2021-02-05,D1,Hertha,Bayern Munich,A,0.088929,0.161535,0.749537,0.8974,2.7296
2021,2021-02-06,D1,Augsburg,Wolfsburg,A,0.293591,0.269665,0.436745,1.3283,1.6543
2021,2021-02-06,D1,Freiburg,Dortmund,H,0.193935,0.235328,0.570737,1.1474,2.0575
2021,2021-02-06,D1,Leverkusen,Stuttgart,H,0.660162,0.217193,0.122646,2.129,0.8319
2021,2021-02-06,D1,M'gladbach,FC Koln,A,0.657009,0.199338,0.143652,2.4227,1.0895
2021,2021-02-06,D1,Mainz,Union Berlin,H,0.416719,0.288115,0.295167,1.4776,1.2135
2021,2021-02-06,D1,Schalke 04,RB Leipzig,A,0.144359,0.233397,0.622244,0.8829,2.006
2021,2021-02-07,D1,Hoffenheim,Ein Frankfurt,A,0.477303,0.239069,0.283628,2.0079,1.5296
2021,2021-02-12,D1,RB Leipzig,Augsburg,H,0.727364,0.173158,0.099478,2.613,0.9169
2021,2021-02-13,D1,Dortmund,Hoffenheim,D,0.597608,0.208514,0.193878,2.4047,1.3499
2021,2021-02-13,D1,Leverkusen,Mainz,D,0.624307,0.219133,0.156559,2.1961,1.0402
2021,2021-02-13,D1,Stuttgart,Hertha,D,0.293649,0.297089,0.409262,1.1565,1.4021
2021,2021-02-13,D1,Union Berlin,Schalke 04,D,0.393483,0.304765,0.301751,1.3271,1.1356
2021,2021-02-13,D1,Werder Bremen,Freiburg,D,0.37973,0.289786,0.330484,1.4051,1.2982
2021,2021-02-14,D1,Ein Frankfurt,FC Koln,H,0.574793,0.213212,0.211995,2.3585,1.4155
2021,2021-02-14,D1,Wolfsburg,M'gladbach,D,0.324076,0.28521,0.390714,1.3118,1.4582
2021,2021-02-15,D1,Bayern Munich,Bielefeld,D,0.814532,0.128374,0.057095,3.0217,0.7669
2021,2021-02-19,D1,Bielefeld,Wolfsburg,A,0.344203,0.28492,0.370877,1.3639,1.4226
2021,2021-02-20,D1,Ein Frankfurt,Bayern Munich,H,0.114473,0.17202,0.713507,1.0631,2.7181
2021,2021-02-20,D1,FC Koln,Stuttgart,A,0.455479,0.271593,0.272928,1.6585,1.2466
2021,2021-02-20,D1,Freiburg,Union Berlin,A,0.459684,0.289025,0.251291,1.5174,1.0698
2021,2021-02-20,D1,M'gladbach,Mainz,A,0.608744,0.233486,0.15777,2.031,0.9604
2021,2021-02-20,D1,Schalke 04,Dortmund,A,0.145437,0.215754,0.638809,0.9909,2.2116
2021,2021-02-21,D1,Augsburg,Leverkusen,D,0.224329,0.238592,0.537079,1.2761,2.0353
2021,2021-02-21,D1,Hertha,RB Leipzig,A,0.187582,0.237217,0.575201,1.1017,2.0298
2021,2021-02-21,D1,Hoffenheim,Werder Bremen,H,0.546346,0.238466,0.215188,2.0342,1.2331
2021,2021-02-26,D1,Werder Bremen,Ein Frankfurt,H,0.339884,0.262256,0.39786,1.5219,1.6573
2021,2021-02-27,D1,Bayern Munich,FC Koln,H,0.893077,0.075562,0.031361,3.9189,0.7971
2021,2021-02-27,D1,Dortmund,Bielefeld,H,0.674101,0.192948,0.132952,2.4773,1.0567
2021,2021-02-27,D1,RB Leipzig,M'gladbach,H,0.507883,0.260417,0.2317,1.7955,1.1616
2021,2021-02-27,D1,Stuttgart,Schalke 04,H,0.344153,0.32127,0.334576,1.1429,1.1236
2021,2021-02-27,D1,Wolfsburg,Hertha,H,0.479283,0.267863,0.252855,1.7116,1.1984
2021,2021-02-28,D1,Leverkusen,Freiburg,A,0.562206,0.246046,0.191748,1.936,1.0682
2021,2021-02-28,D1,Mainz,Augsburg,A,0.413833,0.27061,0.315557,1.6131,1.3891
2021,2021-02-28,D1,Union Berlin,Hoffenheim,D,0.254006,0.260535,0.485458,1.2503,1.7852
2021,2021-03-05,D1,Schalke 04,Mainz,D,0.374235,0.298188,0.327577,1.3376,1.2384
2021,2021-03-06,D1,Bayern Munich,Dortmund,H,0.62332,0.203897,0.172782,2.4338,1.2549
2021,2021-03-06,D1,Ein Frankfurt,Stuttgart,D,0.574595,0.246781,0.178624,1.9168,0.9979
2021,2021-03-06,D1,Freiburg,RB Leipzig,A,0.190204,0.252613,0.557182,1.0223,1.8662
2021,2021-03-06,D1,Hertha,Augsburg,H,0.467624,0.259176,0.273199,1.7853,1.332
2021,2021-03-06,D1,Hoffenheim,Wolfsburg,H,0.446984,0.261387,0.29163,1.7424,1.3809
2021,2021-03-06,D1,M'gladbach,Leverkusen,A,0.412785,0.26999,0.317225,1.6167,1.3985
2021,2021-03-07,D1,Bielefeld,Union Berlin,D,0.473475,0.278557,0.247969,1.6128,1.1161
2021,2021-03-07,D1,FC Koln,Werder Bremen,D,0.373268,0.256603,0.370129,1.655,1.6475
2021,2021-03-10,D1,Bielefeld,Werder Bremen,A,0.433776,0.276474,0.28975,1.5924,1.2703
2021,2021-03-12,D1,Augsburg,M'gladbach,H,0.223337,0.252175,0.524488,1.1782,1.8824
2021,2021-03-13,D1,Dortmund,Hertha,H,0.689328,0.184156,0.126516,2.5826,1.0715
2021,2021-03-13,D1,Mainz,Freiburg,H,0.350971,0.292299,0.35673,1.3296,1.342
2021,2021-03-13,D1,Union Berlin,FC Koln,H,0.414924,0.264207,0.32087,1.6706,1.4524
2021,2021-03-13,D1,Werder Bremen,Bayern Munich,A,0.081772,0.156779,0.761449,0.857,2.7537
2021,2021-03-13,D1,Wolfsburg,Schalke 04,H,0.530496,0.271115,0.198389,1.6915,0.9604
2021,2021-03-14,D1,Leverkusen,Bielefeld,A,0.565281,0.238741,0.195978,2.0199,1.1354
2021,2021-03-14,D1,RB Leipzig,Ein Frankfurt,D,0.63087,0.209113,0.160017,2.3327,1.1308
2021,2021-03-14,D1,Stuttgart,Hoffenheim,H,0.215878,0.263455,0.520667,1.0768,1.7664
2021,2021-03-19,D1,Bielefeld,RB Leipzig,A,0.194395,0.245197,0.560408,1.0865,1.9471
2021,2021-03-20,D1,Bayern Munich,Stuttgart,H,0.868483,0.100098,0.031419,3.1849,0.5619
2021,2021-03-20,D1,Ein Frankfurt,Union Berlin,H,0.541485,0.24692,0.211594,1.9371,1.1587
2021,2021-03-20,D1,FC Koln,Dortmund,D,0.141507,0.175796,0.682698,1.2674,2.784
2021,2021-03-20,D1,Schalke 04,M'gladbach,A,0.207103,0.273883,0.519014,0.983,1.6677
2021,2021-03-20,D1,Werder Bremen,Wolfsburg,A,0.319353,0.281994,0.398653,1.3207,1.4962
2021,2021-03-21,D1,Freiburg,Augsburg,H,0.459841,0.272288,0.267872,1.6565,1.2247
2021,2021-03-21,D1,Hertha,Leverkusen,H,0.26629,0.256049,0.477661,1.3286,1.8247
2021,2021-03-21,D1,Hoffenheim,Mainz,A,0.576085,0.231373,0.192542,2.1028,1.1668
2021,2021-04-03,D1,Augsburg,Hoffenheim,H,0.270784,0.244785,0.48443,1.4313,1.9489
2021,2021-04-03,D1,Dortmund,Ein Frankfurt,A,0.645777,0.192837,0.161386,2.5717,1.2692
2021,2021-04-03,D1,Leverkusen,Schalke 04,H,0.628412,0.226697,0.144891,2.0811,0.9226
2021,2021-04-03,D1,M'gladbach,Freiburg,H,0.548132,0.260303,0.191564,1.7905,0.9863
2021,2021-04-03,D1,Mainz,Bielefeld,D,0.349457,0.28335,0.367193,1.3872,1.4264
2021,2021-04-03,D1,RB Leipzig,Bayern Munich,A,0.25463,0.251776,0.493594,1.3136,1.879
2021,2021-04-03,D1,Wolfsburg,FC Koln,H,0.567937,0.2299,0.202163,2.1292,1.2283
2021,2021-04-04,D1,Stuttgart,Werder Bremen,H,0.307998,0.302095,0.389907,1.1667,1.3389
2021,2021-04-04,D1,Union Berlin,Hertha,D,0.339834,0.286482,0.373684,1.3428,1.417
2021,2021-04-09,D1,Bielefeld,Freiburg,H,0.405276,0.28942,0.305304,1.4512,1.2344
2021,2021-04-10,D1,Bayern Munich,Union Berlin,D,0.8563,0.105275,0.038425,3.2187,0.6525
2021,2021-04-10,D1,Ein Frankfurt,Wolfsburg,H,0.402186,0.265356,0.332458,1.6382,1.4768
2021,2021-04-10,D1,Hertha,M'gladbach,D,0.263443,0.269516,0.467042,1.2267,1.6875
2021,2021-04-10,D1,Stuttgart,Dortmund,A,0.122538,0.206048,0.671414,0.8935,2.2625
2021,2021-04-10,D1,Werder Bremen,RB Leipzig,A,0.175008,0.23436,0.590632,1.0521,2.0478
2021,2021-04-11,D1,FC Koln,Mainz,A,0.403361,0.257505,0.339134,1.7108,1.5589
2021,2021-04-11,D1,Schalke 04,Augsburg,H,0.382639,0.286968,0.330393,1.4307,1.3164
2021,2021-04-12,D1,Hoffenheim,Leverkusen,D,0.368192,0.253149,0.378659,1.6739,1.6989
2021,2021-04-16,D1,RB Leipzig,Hoffenheim,D,0.584516,0.224814,0.19067,2.1812,1.2027
2021,2021-04-17,D1,Augsburg,Bielefeld,D,0.352553,0.272435,0.375012,1.4746,1.5256
2021,2021-04-17,D1,Freiburg,Schalke 04,H,0.457852,0.295351,0.246797,1.4676,1.0218
2021,2021-04-17,D1,Leverkusen,FC Koln,H,0.672827,0.185662,0.141511,2.6196,1.18
2021,2021-04-17,D1,M'gladbach,Ein Frankfurt,H,0.519364,0.24696,0.233676,1.9393,1.2591
2021,2021-04-17,D1,Union Berlin,Stuttgart,H,0.427363,0.306905,0.265732,1.3576,1.0239
2021,2021-04-17,D1,Wolfsburg,Bayern Munich,A,0.126206,0.199666,0.674128,0.9597,2.3587
2021,2021-04-18,D1,Dortmund,Werder Bremen,H,0.703452,0.179765,0.116783,2.6054,1.0232
2021,2021-04-20,D1,Bayern Munich,Leverkusen,H,0.705057,0.178909,0.116035,2.6151,1.0232
2021,2021-04-20,D1,Bielefeld,Schalke 04,H,0.471634,0.284759,0.243608,1.5599,1.0661
2021,2021-04-20,D1,Ein Frankfurt,Augsburg,H,0.543366,0.232051,0.224582,2.1148,1.3264
2021,2021-04-20,D1,FC Koln,RB Leipzig,H,0.141284,0.191739,0.666977,1.1292,2.5252
2021,2021-04-21,D1,Dortmund,Union Berlin,H,0.73529,0.169711,0.094999,2.6388,0.899
2021,2021-04-21,D1,Hoffenheim,M'gladbach,H,0.361355,0.266135,0.37251,1.5454,1.5712
2021,2021-04-21,D1,Stuttgart,Wolfsburg,A,0.235883,0.292391,0.471727,0.9993,1.4994
2021,2021-04-21,D1,Werder Bremen,Mainz,A,0.435498,0.276549,0.287953,1.5939,1.2641
2021,2021-04-23,D1,Augsburg,FC Koln,A,0.444674,0.244222,0.311104,1.9124,1.5856
2021,2021-04-24,D1,Freiburg,Hoffenheim,D,0.315171,0.27134,0.413489,1.3827,1.6064
2021,2021-04-24,D1,Leverkusen,Ein Frankfurt,H,0.531485,0.233632,0.234883,2.0969,1.3637
2021,2021-04-24,D1,Mainz,Bayern Munich,H,0.070543,0.14564,0.783817,0.8109,2.8467
2021,2021-04-24,D1,Union Berlin,Werder Bremen,H,0.355371,0.289976,0.354654,1.3547,1.3532
2021,2021-04-24,D1,Wolfsburg,Dortmund,A,0.248616,0.247144,0.50424,1.3223,1.9338
2021,2021-04-25,D1,M'gladbach,Bielefeld,H,0.551404,0.252768,0.195828,1.8681,1.0483
2021,2021-04-25,D1,RB Leipzig,Stuttgart,H,0.738204,0.181611,0.080185,2.3684,0.6898
2021,2021-05-03,D1,Mainz,Hertha,D,0.360609,0.278705,0.360686,1.4461,1.4463
2021,2021-05-06,D1,Hertha,Freiburg,H,0.399385,0.285418,0.315197,1.4715,1.2868
2021,2021-05-07,D1,Stuttgart,Augsburg,H,0.339575,0.29444,0.365984,1.29,1.3467
2021,2021-05-08,D1,Bayern Munich,M'gladbach,H,0.687285,0.193531,0.119184,2.4144,0.9462
2021,2021-05-08,D1,Dortmund,RB Leipzig,H,0.41724,0.253117,0.329644,1.7778,1.5682
2021,2021-05-08,D1,Hoffenheim,Schalke 04,H,0.58271,0.239591,0.177698,1.9927,1.0348
2021,2021-05-08,D1,Werder Bremen,Leverkusen,D,0.249994,0.25549,0.494516,1.2687,1.8408
2021,2021-05-08,D1,Wolfsburg,Union Berlin,H,0.533477,0.265048,0.201475,1.7488,1.0055
2021,2021-05-09,D1,Ein Frankfurt,Mainz,D,0.530421,0.243616,0.225963,1.9772,1.2478
2021,2021-05-09,D1,FC Koln,Freiburg,A,0.346827,0.266271,0.386901,1.5082,1.6008
2021,2021-05-09,D1,Hertha,Bielefeld,D,0.398828,0.277029,0.324143,1.5352,1.3677
2021,2021-05-12,D1,Schalke 04,Hertha,A,0.332996,0.293168,0.373836,1.2826,1.3706
2021,2021-05-15,D1,Augsburg,Werder Bremen,H,0.380718,0.270785,0.348497,1.5508,1.4772
2021,2021-05-15,D1,Bielefeld,Hoffenheim,D,0.324065,0.263192,0.412743,1.4697,1.676
2021,2021-05-15,D1,Freiburg,Bayern Munich,D,0.093476,0.177571,0.728953,0.8327,2.5096
2021,2021-05-15,D1,Hertha,FC Koln,D,0.495958,0.24171,0.262331,1.9911,1.4215
2021,2021-05-15,D1,Leverkusen,Union Berlin,D,0.632597,0.220926,0.146477,2.1516,0.9659
2021,2021-05-15,D1,M'gladbach,Stuttgart,A,0.643118,0.232408,0.124475,1.9689,0.768
2021,2021-05-15,D1,Schalke 04,Ein Frankfurt,H,0.286206,0.2737,0.440095,1.2772,1.6235
2021,2021-05-16,D1,Mainz,Dortmund,A,0.157347,0.208558,0.634095,1.1173,2.3338
2021,2021-05-16,D1,RB Leipzig,Wolfsburg,D,0.592872,0.235988,0.17114,2.0242,1.0209
2021,2021-05-22,D1,Bayern Munich,Augsburg,H,0.868317,0.093692,0.037991,3.5139,0.7469
2021,2021-05-22,D1,Dortmund,Leverkusen,H,0.5318,0.22993,0.23827,2.1439,1.4097
2021,2021-05-22,D1,Ein Frankfurt,Freiburg,H,0.4685,0.263646,0.267855,1.743,1.2814
2021,2021-05-22,D1,FC Koln,Schalke 04,H,0.41719,0.27028,0.312531,1.6212,1.3826
2021,2021-05-22,D1,Hoffenheim,Hertha,H,0.529561,0.240263,0.230176,2.0164,1.2913
2021,2021-05-22,D1,Stuttgart,Bielefeld,A,0.284488,0.300926,0.414586,1.1093,1.3828
2021,2021-05-22,D1,Union Berlin,RB Leipzig,H,0.145951,0.227529,0.62652,0.9244,2.074
2021,2021-05-22,D1,Werder Bremen,M'gladbach,A,0.247746,0.269105,0.483149,1.1714,1.7024
2021,2021-05-22,D1,Wolfsburg,Mainz,A,0.523687,0.261574,0.214739,1.785,1.0828
2122,2021-08-13,D1,M'gladbach,Bayern Munich,D,0.204598,0.207457,0.587945,1.4618,2.4829
2122,2021-08-14,D1,Augsburg,Hoffenheim,A,0.29152,0.273541,0.434939,1.3362,1.6637
2122,2021-08-14,D1,Bielefeld,Freiburg,D,0.236344,0.337676,0.42598,0.8382,1.2059
2122,2021-08-14,D1,Dortmund,Ein Frankfurt,H,0.60869,0.198351,0.192958,2.6053,1.4732
2122,2021-08-14,D1,Stuttgart,Greuther Furth,H,0.431835,0.279368,0.288797,1.6108,1.2891
2122,2021-08-14,D1,Union Berlin,Leverkusen,D,0.307918,0.301259,0.390823,1.2102,1.3873
2122,2021-08-14,D1,Wolfsburg,Bochum,H,0.558503,0.256788,0.184709,1.8688,1.0096
2122,2021-08-15,D1,FC Koln,Hertha,H,0.330102,0.290782,0.379115,1.3318,1.4395
2122,2021-08-15,D1,Mainz,RB Leipzig,H,0.167177,0.260258,0.572565,0.9054,1.8195
2122,2021-08-20,D1,RB Leipzig,Stuttgart,H,0.652987,0.218823,0.128191,2.1796,0.8952
2122,2021-08-21,D1,Bochum,Mainz,H,0.452994,0.289259,0.257748,1.5539,1.1283
2122,2021-08-21,D1,Ein Frankfurt,Augsburg,D,0.609819,0.220244,0.169937,2.2596,1.1525
2122,2021-08-21,D1,Freiburg,Dortmund,H,0.237636,0.244235,0.518128,1.3359,2.0179
2122,2021-08-21,D1,Greuther Furth,Bielefeld,D,0.506778,0.315794,0.177428,1.3768,0.7221
2122,2021-08-21,D1,Hertha,Wolfsburg,A,0.268655,0.287093,0.444252,1.1769,1.5627
2122,2021-08-21,D1,Leverkusen,M'gladbach,H,0.452734,0.265109,0.282157,1.7601,1.3629
2122,2021-08-22,D1,Bayern Munich,FC Koln,H,0.88178,0.084144,0.034077,3.7688,0.7937
2122,2021-08-22,D1,Hoffenheim,Union Berlin,D,0.449753,0.277225,0.273022,1.6495,1.2511
2122,2021-08-27,D1,Dortmund,Hoffenheim,H,0.626501,0.201735,0.171764,2.5138,1.3033
2122,2021-08-28,D1,Augsburg,Leverkusen,A,0.225151,0.277192,0.497657,1.0756,1.6814
2122,2021-08-28,D1,Bayern Munich,Hertha,H,0.812916,0.12635,0.060734,3.1746,0.8683
2122,2021-08-28,D1,Bielefeld,Ein Frankfurt,D,0.193783,0.286897,0.519321,0.9005,1.5979
2122,2021-08-28,D1,FC Koln,Bochum,H,0.320241,0.287868,0.39189,1.3254,1.4838
2122,2021-08-28,D1,Mainz,Greuther Furth,H,0.36504,0.299036,0.335924,1.3558,1.2931
2122,2021-08-28,D1,Stuttgart,Freiburg,A,0.403801,0.281052,0.315147,1.556,1.3567
2122,2021-08-29,D1,Union Berlin,M'gladbach,H,0.338424,0.281204,0.380372,1.4177,1.5122
2122,2021-08-29,D1,Wolfsburg,RB Leipzig,H,0.311789,0.296617,0.391594,1.248,1.4205
2122,2021-09-11,D1,Freiburg,FC Koln,D,0.546965,0.256717,0.196317,1.8765,1.0655
2122,2021-09-11,D1,Greuther Furth,Wolfsburg,A,0.279089,0.286652,0.434259,1.2131,1.5552
2122,2021-09-11,D1,Hoffenheim,Mainz,A,0.541328,0.253131,0.205541,1.9173,1.1299
2122,2021-09-11,D1,Leverkusen,Dortmund,A,0.347355,0.262503,0.390143,1.5829,1.684
2122,2021-09-11,D1,RB Leipzig,Bayern Munich,A,0.318376,0.260829,0.420795,1.5132,1.7558
2122,2021-09-11,D1,Union Berlin,Augsburg,D,0.503844,0.283491,0.212665,1.6275,0.9932
2122,2021-09-12,D1,Bochum,Hertha,A,0.421889,0.291595,0.286516,1.5019,1.2067
2122,2021-09-12,D1,Ein Frankfurt,Stuttgart,D,0.537318,0.232374,0.230308,2.1603,1.3912
2122,2021-09-12,D1,M'gladbach,Bielefeld,H,0.642331,0.244225,0.113445,1.8714,0.6819
2122,2021-09-17,D1,Hertha,Greuther Furth,H,0.398972,0.294145,0.306883,1.45,1.2498
2122,2021-09-18,D1,Augsburg,M'gladbach,H,0.24689,0.260866,0.492245,1.2601,1.8327
2122,2021-09-18,D1,Bayern Munich,Bochum,H,0.806329,0.129269,0.064402,3.1593,0.895
2122,2021-09-18,D1,Bielefeld,Hoffenheim,D,0.211806,0.310023,0.478172,0.8689,1.4137
2122,2021-09-18,D1,FC Koln,RB Leipzig,D,0.134706,0.228512,0.636781,0.8851,2.0878
2122,2021-09-18,D1,Mainz,Freiburg,D,0.339299,0.297654,0.363047,1.3097,1.361
2122,2021-09-19,D1,Dortmund,Union Berlin,H,0.627482,0.218848,0.15367,2.2452,1.061
2122,2021-09-19,D1,Stuttgart,Leverkusen,A,0.29167,0.279311,0.429019,1.2985,1.6076
2122,2021-09-19,D1,Wolfsburg,Ein Frankfurt,D,0.485127,0.250016,0.264857,1.9396,1.408
2122,2021-09-24,D1,Greuther Furth,Bayern Munich,A,0.121851,0.183318,0.694831,1.0755,2.6291
2122,2021-09-25,D1,Ein Frankfurt,FC Koln,D,0.65505,0.199046,0.145904,2.4866,1.1448
2122,2021-09-25,D1,Hoffenheim,Wolfsburg,H,0.349671,0.27422,0.376109,1.4968,1.5574
2122,2021-09-25,D1,Leverkusen,Mainz,H,0.598569,0.246564,0.154867,1.9378,0.9096
2122,2021-09-25,D1,M'gladbach,Dortmund,H,0.330354,0.240521,0.429125,1.7253,1.9727
2122,2021-09-25,D1,RB Leipzig,Hertha,H,0.661376,0.221575,0.117048,2.1132,0.8058
2122,2021-09-25,D1,Union Berlin,Bielefeld,H,0.529891,0.314028,0.156081,1.383,0.6459
2122,2021-09-26,D1,Bochum,Stuttgart,D,0.405428,0.282276,0.312296,1.549,1.3405
2122,2021-09-26,D1,Freiburg,Augsburg,H,0.504269,0.274721,0.221009,1.7052,1.0726
2122,2021-10-01,D1,FC Koln,Greuther Furth,H,0.320241,0.287868,0.39189,1.3254,1.4838
2122,2021-10-02,D1,Dortmund,Augsburg,H,0.737374,0.167973,0.094653,2.7212,0.943
2122,2021-10-02,D1,Hertha,Freiburg,A,0.372346,0.294491,0.333164,1.4006,1.3154
2122,2021-10-02,D1,RB Leipzig,Bochum,H,0.653217,0.224105,0.122678,2.103,0.8306
2122,2021-10-02,D1,Stuttgart,Hoffenheim,H,0.371735,0.266145,0.362121,1.6131,1.5905
2122,2021-10-02,D1,Wolfsburg,M'gladbach,A,0.451881,0.264503,0.283617,1.7648,1.3722
2122,2021-10-03,D1,Bayern Munich,Ein Frankfurt,A,0.758358,0.140849,0.100793,3.279,1.2482
2122,2021-10-03,D1,Bielefeld,Leverkusen,A,0.164571,0.307831,0.527598,0.6995,1.4288
2122,2021-10-03,D1,Mainz,Union Berlin,A,0.325351,0.308306,0.366343,1.2127,1.2989
2122,2021-10-15,D1,Hoffenheim,FC Koln,H,0.608441,0.224672,0.166888,2.1999,1.1046
2122,2021-10-16,D1,Dortmund,Mainz,H,0.716463,0.178959,0.104578,2.6098,0.9582
2122,2021-10-16,D1,Ein Frankfurt,Hertha,A,0.553172,0.237302,0.209526,2.0945,1.2524
2122,2021-10-16,D1,Freiburg,RB Leipzig,D,0.217746,0.276366,0.505888,1.0505,1.6906
2122,2021-10-16,D1,Greuther Furth,Bochum,A,0.411924,0.290729,0.297347,1.4946,1.2438
2122,2021-10-16,D1,M'gladbach,Stuttgart,D,0.552569,0.236429,0.211001,2.1055,1.2659
2122,2021-10-16,D1,Union Berlin,Wolfsburg,H,0.30944,0.300526,0.390034,1.2185,1.391
2122,2021-10-17,D1,Augsburg,Bielefeld,D,0.447274,0.336426,0.2163,1.2292,0.7828
2122,2021-10-17,D1,Leverkusen,Bayern Munich,A,0.225117,0.235637,0.539246,1.3411,2.1195
2122,2021-10-22,D1,Mainz,Augsburg,H,0.425037,0.296464,0.278499,1.4698,1.1544
2122,2021-10-23,D1,Bayern Munich,Hoffenheim,H,0.769034,0.141586,0.08938,3.1638,1.1043
2122,2021-10-23,D1,Bielefeld,Dortmund,A,0.120033,0.240562,0.639405,0.7369,1.9243
2122,2021-10-23,D1,Hertha,M'gladbach,H,0.293696,0.269741,0.436563,1.3693,1.6988
2122,2021-10-23,D1,RB Leipzig,Greuther Furth,H,0.653217,0.224105,0.122678,2.103,0.8306
2122,2021-10-23,D1,Wolfsburg,Freiburg,A,0.530915,0.264194,0.204891,1.8052,1.0625
2122,2021-10-24,D1,Bochum,Ein Frankfurt,H,0.330947,0.260775,0.408278,1.5512,1.7346
2122,2021-10-24,D1,FC Koln,Leverkusen,D,0.200354,0.259489,0.540157,1.0685,1.8503
2122,2021-10-24,D1,Stuttgart,Union Berlin,D,0.387074,0.292645,0.320281,1.4407,1.2948
2122,2021-10-29,D1,Hoffenheim,Hertha,H,0.50855,0.259428,0.232023,1.853,1.2084
2122,2021-10-30,D1,Bielefeld,Mainz,A,0.28643,0.354424,0.359146,0.9021,1.0394
2122,2021-10-30,D1,Dortmund,FC Koln,H,0.77782,0.144603,0.077577,2.9945,0.9367
2122,2021-10-30,D1,Ein Frankfurt,RB Leipzig,D,0.280071,0.25998,0.459949,1.392,1.8164
2122,2021-10-30,D1,Freiburg,Greuther Furth,H,0.441401,0.285423,0.273176,1.573,1.2015
2122,2021-10-30,D1,Leverkusen,Wolfsburg,A,0.414508,0.2888,0.296691,1.5128,1.2537
2122,2021-10-30,D1,Union Berlin,Bayern Munich,A,0.146899,0.209169,0.643932,1.0802,2.3516
2122,2021-10-31,D1,Augsburg,Stuttgart,H,0.340656,0.287019,0.372325,1.3829,1.4531
2122,2021-10-31,D1,M'gladbach,Bochum,H,0.556774,0.242392,0.200834,2.0315,1.1746
2122,2021-11-05,D1,Mainz,M'gladbach,D,0.262967,0.267155,0.469878,1.2804,1.7577
2122,2021-11-06,D1,Bayern Munich,Freiburg,H,0.784363,0.140442,0.075196,3.0518,0.9419
2122,2021-11-06,D1,Bochum,Hoffenheim,H,0.353909,0.275592,0.370499,1.4968,1.5347
2122,2021-11-06,D1,RB Leipzig,Dortmund,H,0.452125,0.262268,0.285607,1.786,1.3951
2122,2021-11-06,D1,Stuttgart,Bielefeld,A,0.529177,0.300522,0.170301,1.4838,0.7484
2122,2021-11-06,D1,Wolfsburg,Augsburg,H,0.619832,0.236187,0.14398,2.0259,0.9013
2122,2021-11-07,D1,FC Koln,Union Berlin,D,0.283034,0.293416,0.42355,1.1855,1.4904
2122,2021-11-07,D1,Greuther Furth,Ein Frankfurt,A,0.330947,0.260775,0.408278,1.5512,1.7346
2122,2021-11-07,D1,Hertha,Leverkusen,D,0.267306,0.287709,0.444985,1.1689,1.5586
2122,2021-11-19,D1,Augsburg,Bayern Munich,H,0.08896,0.157861,0.753179,0.9601,2.8501
2122,2021-11-20,D1,Bielefeld,Wolfsburg,D,0.16535,0.307335,0.527315,0.7043,1.4326
2122,2021-11-20,D1,Dortmund,Stuttgart,H,0.676891,0.188564,0.134544,2.6016,1.1384
2122,2021-11-20,D1,Hoffenheim,RB Leipzig,H,0.252126,0.268451,0.479423,1.2315,1.7526
2122,2021-11-20,D1,Leverkusen,Bochum,H,0.55901,0.257216,0.183773,1.8638,1.0027
2122,2021-11-20,D1,M'gladbach,Greuther Furth,H,0.556774,0.242392,0.200834,2.0315,1.1746
2122,2021-11-20,D1,Union Berlin,Hertha,H,0.452459,0.295049,0.252492,1.5085,1.0793
2122,2021-11-21,D1,Freiburg,Ein Frankfurt,A,0.360622,0.260644,0.378735,1.6326,1.6756
2122,2021-11-21,D1,Mainz,FC Koln,D,0.465039,0.282656,0.252306,1.6174,1.1467
2122,2021-11-26,D1,Stuttgart,Mainz,H,0.474266,0.276722,0.249013,1.6746,1.1694
2122,2021-11-27,D1,Bayern Munich,Bielefeld,H,0.847659,0.118393,0.033948,2.9103,0.5196
2122,2021-11-27,D1,Bochum,Freiburg,H,0.38492,0.29168,0.3234,1.4438,1.309
2122,2021-11-27,D1,FC Koln,M'gladbach,H,0.219396,0.244327,0.536277,1.2517,2.0168
2122,2021-11-27,D1,Greuther Furth,Hoffenheim,A,0.353909,0.275592,0.370499,1.4968,1.5347
2122,2021-11-27,D1,Hertha,Augsburg,D,0.460508,0.287788,0.251704,1.5719,1.1158
2122,2021-11-27,D1,Wolfsburg,Dortmund,A,0.346286,0.261641,0.392073,1.5871,1.6955
2122,2021-11-28,D1,Ein Frankfurt,Union Berlin,H,0.491652,0.257665,0.250683,1.8644,1.2967
2122,2021-11-28,D1,RB Leipzig,Leverkusen,A,0.510575,0.275891,0.213534,1.6953,1.0358
2122,2021-12-03,D1,Union Berlin,RB Leipzig,H,0.224027,0.290382,0.485591,1.0026,1.5654
2122,2021-12-04,D1,Augsburg,Bochum,A,0.348268,0.296966,0.354766,1.3343,1.3484
2122,2021-12-04,D1,Bielefeld,FC Koln,D,0.332225,0.345402,0.322374,1.0351,1.0161
2122,2021-12-04,D1,Dortmund,Bayern Munich,A,0.306681,0.223773,0.469546,1.8062,2.2328
2122,2021-12-04,D1,Hoffenheim,Ein Frankfurt,H,0.413838,0.243396,0.342767,1.914,1.7371
2122,2021-12-04,D1,Leverkusen,Greuther Furth,H,0.55901,0.257216,0.183773,1.8638,1.0027
2122,2021-12-04,D1,Mainz,Wolfsburg,H,0.240858,0.283559,0.475583,1.1005,1.6169
2122,2021-12-05,D1,M'gladbach,Freiburg,A,0.527514,0.249247,0.223239,1.9624,1.2362
2122,2021-12-05,D1,Stuttgart,Hertha,D,0.442134,0.279925,0.277941,1.6186,1.2506
2122,2021-12-10,D1,FC Koln,Augsburg,A,0.379905,0.291362,0.328733,1.4368,1.3246
2122,2021-12-11,D1,Bayern Munich,Mainz,H,0.834932,0.114643,0.050425,3.2846,0.8119
2122,2021-12-11,D1,Bochum,Dortmund,D,0.213831,0.237932,0.548238,1.2693,2.089
2122,2021-12-11,D1,Freiburg,Hoffenheim,A,0.383306,0.273848,0.342846,1.5753,1.4824
2122,2021-12-11,D1,Hertha,Bielefeld,H,0.494052,0.321897,0.184051,1.3357,0.7256
2122,2021-12-11,D1,RB Leipzig,M'gladbach,H,0.557078,0.246287,0.196635,1.986,1.129
2122,2021-12-11,D1,Wolfsburg,Stuttgart,A,0.555516,0.250726,0.193758,1.9368,1.088
2122,2021-12-12,D1,Ein Frankfurt,Leverkusen,H,0.384143,0.261469,0.354388,1.6804,1.6098
2122,2021-12-12,D1,Greuther Furth,Union Berlin,H,0.368992,0.303105,0.327904,1.3369,1.2493
2122,2021-12-14,D1,Bielefeld,Bochum,H,0.255659,0.343962,0.400379,0.8677,1.1458
2122,2021-12-14,D1,Mainz,Hertha,H,0.374763,0.300843,0.324395,1.3624,1.2545
2122,2021-12-14,D1,Stuttgart,Bayern Munich,A,0.127647,0.17887,0.693483,1.159,2.7249
2122,2021-12-14,D1,Wolfsburg,FC Koln,A,0.662727,0.213452,0.123821,2.2293,0.8953
2122,2021-12-15,D1,Augsburg,RB Leipzig,D,0.155272,0.250675,0.594053,0.8911,1.8972
2122,2021-12-15,D1,Dortmund,Greuther Furth,H,0.678372,0.193216,0.128412,2.5102,1.0563
2122,2021-12-15,D1,Leverkusen,Hoffenheim,D,0.505258,0.258018,0.236723,1.8665,1.2372
2122,2021-12-15,D1,M'gladbach,Ein Frankfurt,A,0.475664,0.234276,0.29006,2.1085,1.6381
2122,2021-12-15,D1,Union Berlin,Freiburg,D,0.416188,0.297615,0.286196,1.4502,1.1709
2122,2021-12-17,D1,Bayern Munich,Wolfsburg,H,0.674468,0.19105,0.134483,2.5643,1.119
2122,2021-12-18,D1,Bochum,Union Berlin,A,0.368992,0.303105,0.327904,1.3369,1.2493
2122,2021-12-18,D1,Ein Frankfurt,Mainz,H,0.586691,0.229422,0.183888,2.1671,1.171
2122,2021-12-18,D1,Greuther Furth,Augsburg,D,0.474135,0.283053,0.242812,1.6203,1.1104
2122,2021-12-18,D1,Hertha,Dortmund,H,0.204528,0.236686,0.558786,1.2314,2.0991
2122,2021-12-18,D1,Hoffenheim,M'gladbach,D,0.382871,0.254321,0.362808,1.7415,1.693
2122,2021-12-18,D1,RB Leipzig,Bielefeld,A,0.710961,0.219181,0.069858,1.9373,0.4822
2122,2021-12-19,D1,FC Koln,Stuttgart,H,0.31176,0.277141,0.411099,1.3737,1.5991
2122,2021-12-19,D1,Freiburg,Leverkusen,H,0.302932,0.28939,0.407678,1.2681,1.4983
2122,2022-01-07,D1,Bayern Munich,M'gladbach,A,0.722743,0.16074,0.116517,2.9835,1.2165
2122,2022-01-08,D1,Ein Frankfurt,Dortmund,A,0.309022,0.228172,0.462806,1.7702,2.1681
2122,2022-01-08,D1,Freiburg,Bielefeld,D,0.533711,0.304775,0.161513,1.449,0.6975
2122,2022-01-08,D1,Greuther Furth,Stuttgart,D,0.405428,0.282276,0.312296,1.549,1.3405
2122,2022-01-08,D1,Hoffenheim,Augsburg,H,0.563924,0.244745,0.191332,1.9991,1.112
2122,2022-01-08,D1,Leverkusen,Union Berlin,D,0.510453,0.279027,0.21052,1.6671,1.0072
2122,2022-01-08,D1,RB Leipzig,Mainz,H,0.688571,0.20992,0.101508,2.1864,0.7535
2122,2022-01-09,D1,Bochum,Wolfsburg,H,0.279089,0.286652,0.434259,1.2131,1.5552
2122,2022-01-09,D1,Hertha,FC Koln,A,0.501908,0.272002,0.22609,1.7297,1.1083
2122,2022-01-14,D1,Dortmund,Freiburg,H,0.650805,0.203455,0.14574,2.4248,1.1117
2122,2022-01-15,D1,FC Koln,Bayern Munich,A,0.072314,0.134765,0.79292,0.9537,3.1364
2122,2022-01-15,D1,M'gladbach,Leverkusen,A,0.40211,0.270613,0.327278,1.6377,1.4648
2122,2022-01-15,D1,Mainz,Bochum,H,0.36504,0.299036,0.335924,1.3558,1.2931
2122,2022-01-15,D1,Stuttgart,RB Leipzig,A,0.206798,0.263352,0.529851,1.0757,1.8138
2122,2022-01-15,D1,Union Berlin,Hoffenheim,H,0.387229,0.284102,0.328669,1.5034,1.3727
2122,2022-01-15,D1,Wolfsburg,Hertha,D,0.567885,0.255235,0.17688,1.8778,0.9794
2122,2022-01-16,D1,Augsburg,Ein Frankfurt,D,0.268504,0.255063,0.476433,1.3848,1.8805
2122,2022-01-16,D1,Bielefeld,Greuther Furth,D,0.255659,0.343962,0.400379,0.8677,1.1458
2122,2022-01-21,D1,Ein Frankfurt,Bielefeld,A,0.635232,0.241779,0.122988,1.9202,0.7494
2122,2022-01-22,D1,Bochum,FC Koln,D,0.516071,0.266593,0.217336,1.783,1.103
2122,2022-01-22,D1,Freiburg,Stuttgart,H,0.435489,0.277568,0.286943,1.6303,1.2948
2122,2022-01-22,D1,Greuther Furth,Mainz,H,0.452994,0.289259,0.257748,1.5539,1.1283
2122,2022-01-22,D1,Hoffenheim,Dortmund,A,0.277063,0.236495,0.486443,1.5661,2.092
2122,2022-01-22,D1,Leverkusen,Augsburg,H,0.620185,0.236551,0.143264,2.0205,0.8951
2122,2022-01-22,D1,M'gladbach,Union Berlin,A,0.506514,0.262979,0.230508,1.8171,1.1798
2122,2022-01-23,D1,Hertha,Bayern Munich,A,0.115677,0.180608,0.703715,1.0433,2.6419
2122,2022-01-23,D1,RB Leipzig,Wolfsburg,H,0.512788,0.274632,0.21258,1.7069,1.0386
2122,2022-02-04,D1,Hertha,Bochum,D,0.398972,0.294145,0.306883,1.45,1.2498
2122,2022-02-05,D1,Augsburg,Union Berlin,H,0.309558,0.304908,0.385534,1.1935,1.3544
2122,2022-02-05,D1,Bayern Munich,RB Leipzig,H,0.554955,0.235982,0.209063,2.1099,1.2593
2122,2022-02-05,D1,Bielefeld,M'gladbach,D,0.178887,0.291378,0.529735,0.8194,1.5574
2122,2022-02-05,D1,FC Koln,Freiburg,H,0.294972,0.283727,0.421301,1.2803,1.5616
2122,2022-02-05,D1,Mainz,Hoffenheim,H,0.308433,0.278049,0.413518,1.3577,1.5955
2122,2022-02-05,D1,Stuttgart,Ein Frankfurt,A,0.347946,0.252226,0.399828,1.6718,1.7978
2122,2022-02-06,D1,Dortmund,Leverkusen,A,0.523425,0.243792,0.232784,2.0236,1.3173
2122,2022-02-06,D1,Wolfsburg,Greuther Furth,H,0.558503,0.256788,0.184709,1.8688,1.0096
2122,2022-02-11,D1,RB Leipzig,FC Koln,H,0.748671,0.174023,0.077307,2.5087,0.7366
2122,2022-02-12,D1,Bochum,Bayern Munich,H,0.121851,0.183318,0.694831,1.0755,2.6291
2122,2022-02-12,D1,Ein Frankfurt,Wolfsburg,A,0.386054,0.260626,0.35332,1.6919,1.6141
2122,2022-02-12,D1,Freiburg,Mainz,D,0.482748,0.281821,0.235431,1.6354,1.0899
2122,2022-02-12,D1,Greuther Furth,Hertha,H,0.421889,0.291595,0.286516,1.5019,1.2067
2122,2022-02-12,D1,Leverkusen,Stuttgart,H,0.556082,0.251156,0.192762,1.9317,1.0806
2122,2022-02-12,D1,M'gladbach,Augsburg,H,0.621676,0.222719,0.155605,2.2023,1.0486
2122,2022-02-13,D1,Hoffenheim,Bielefeld,H,0.591179,0.269721,0.1391,1.6988,0.7231
2122,2022-02-13,D1,Union Berlin,Dortmund,A,0.245111,0.25754,0.497349,1.275,1.8685
2122,2022-02-18,D1,Mainz,Leverkusen,H,0.239645,0.284115,0.476239,1.093,1.6126
2122,2022-02-19,D1,Augsburg,Freiburg,A,0.322765,0.2946,0.382636,1.2889,1.4191
2122,2022-02-19,D1,Bielefeld,Union Berlin,H,0.227191,0.347693,0.425116,0.7761,1.1509
2122,2022-02-19,D1,FC Koln,Ein Frankfurt,H,0.239204,0.239827,0.520969,1.3756,2.0693
2122,2022-02-19,D1,Stuttgart,Bochum,D,0.431835,0.279368,0.288797,1.6108,1.2891
2122,2022-02-19,D1,Wolfsburg,Hoffenheim,A,0.50453,0.257512,0.237958,1.8715,1.2456
2122,2022-02-20,D1,Bayern Munich,Greuther Furth,H,0.806329,0.129269,0.064402,3.1593,0.895
2122,2022-02-20,D1,Dortmund,M'gladbach,H,0.571305,0.215844,0.212851,2.3705,1.4358
2122,2022-02-20,D1,Hertha,RB Leipzig,A,0.189043,0.268505,0.542452,0.9683,1.7586
2122,2022-02-25,D1,Hoffenheim,Stuttgart,H,0.492609,0.253155,0.254236,1.9113,1.3424
2122,2022-02-26,D1,Ein Frankfurt,Bayern Munich,A,0.18455,0.18976,0.62569,1.4999,2.7287
2122,2022-02-26,D1,Freiburg,Hertha,H,0.451388,0.28573,0.262882,1.5806,1.1656
2122,2022-02-26,D1,Greuther Furth,FC Koln,D,0.516071,0.266593,0.217336,1.783,1.103
2122,2022-02-26,D1,Leverkusen,Bielefeld,H,0.634719,0.259514,0.105767,1.717,0.5821
2122,2022-02-26,D1,M'gladbach,Wolfsburg,D,0.404064,0.269697,0.326239,1.6489,1.4687
2122,2022-02-26,D1,Union Berlin,Mainz,H,0.482806,0.290811,0.226383,1.5608,1.0092
2122,2022-02-27,D1,Augsburg,Dortmund,D,0.165656,0.219244,0.615099,1.1332,2.2646
2122,2022-02-27,D1,Bochum,RB Leipzig,A,0.197132,0.269754,0.533114,0.9981,1.7501
2122,2022-03-04,D1,Bielefeld,Augsburg,A,0.301738,0.353117,0.345145,0.9406,1.0229
2122,2022-03-05,D1,Bayern Munich,Leverkusen,D,0.672026,0.192485,0.135489,2.5469,1.1161
2122,2022-03-05,D1,Bochum,Greuther Furth,H,0.411924,0.290729,0.297347,1.4946,1.2438
2122,2022-03-05,D1,Hertha,Ein Frankfurt,A,0.318584,0.26198,0.419437,1.5049,1.743
2122,2022-03-05,D1,RB Leipzig,Freiburg,D,0.627657,0.234421,0.137922,2.0315,0.8742
2122,2022-03-05,D1,Stuttgart,M'gladbach,H,0.320853,0.260786,0.418361,1.5211,1.7522
2122,2022-03-05,D1,Wolfsburg,Union Berlin,H,0.509891,0.278528,0.211581,1.6715,1.0141
2122,2022-03-06,D1,FC Koln,Hoffenheim,A,0.262794,0.260096,0.47711,1.3273,1.8307
2122,2022-03-12,D1,Freiburg,Wolfsburg,H,0.30445,0.288691,0.406859,1.2768,1.5023
2122,2022-03-12,D1,Hoffenheim,Bayern Munich,D,0.164032,0.192635,0.643334,1.3269,2.6329
2122,2022-03-12,D1,M'gladbach,Hertha,H,0.566905,0.240976,0.192119,2.0413,1.1395
2122,2022-03-12,D1,Union Berlin,Stuttgart,D,0.437589,0.287041,0.27537,1.5559,1.199
2122,2022-03-13,D1,Dortmund,Bielefeld,H,0.745436,0.18468,0.069884,2.3124,0.6132
2122,2022-03-13,D1,Ein Frankfurt,Bochum,H,0.542528,0.238458,0.219014,2.0844,1.2909
2122,2022-03-13,D1,Greuther Furth,RB Leipzig,A,0.197132,0.269754,0.533114,0.9981,1.7501
2122,2022-03-13,D1,Leverkusen,FC Koln,A,0.66302,0.213774,0.123206,2.2234,0.8892
2122,2022-03-16,D1,Mainz,Dortmund,A,0.179371,0.228561,0.592068,1.1514,2.1718
2122,2022-03-18,D1,Bochum,M'gladbach,A,0.305225,0.268969,0.425807,1.4115,1.6906
2122,2022-03-19,D1,Bayern Munich,Union Berlin,H,0.761927,0.156079,0.081994,2.8258,0.899
2122,2022-03-19,D1,Greuther Furth,Freiburg,D,0.38492,0.29168,0.3234,1.4438,1.309
2122,2022-03-19,D1,Hertha,Hoffenheim,H,0.341446,0.277484,0.381069,1.452,1.5421
2122,2022-03-19,D1,Mainz,Bielefeld,H,0.461723,0.334383,0.203894,1.249,0.7507
2122,2022-03-19,D1,Stuttgart,Augsburg,H,0.496091,0.270046,0.233863,1.7462,1.1508
2122,2022-03-20,D1,FC Koln,Dortmund,D,0.142025,0.197823,0.660152,1.1256,2.492
2122,2022-03-20,D1,RB Leipzig,Ein Frankfurt,D,0.592752,0.22768,0.179568,2.1827,1.1584
2122,2022-03-20,D1,Wolfsburg,Leverkusen,A,0.411754,0.289106,0.29914,1.5065,1.259
2122,2022-04-01,D1,Union Berlin,FC Koln,H,0.545755,0.265073,0.189173,1.7909,0.9866
2122,2022-04-02,D1,Bielefeld,Stuttgart,D,0.249166,0.331495,0.419339,0.8993,1.2348
2122,2022-04-02,D1,Dortmund,RB Leipzig,A,0.407195,0.267137,0.325668,1.6764,1.4863
2122,2022-04-02,D1,Ein Frankfurt,Greuther Furth,D,0.542528,0.238458,0.219014,2.0844,1.2909
2122,2022-04-02,D1,Freiburg,Bayern Munich,A,0.138833,0.193777,0.66739,1.1319,2.5397
2122,2022-04-02,D1,Hoffenheim,Bochum,A,0.498136,0.259988,0.241876,1.8441,1.2456
2122,2022-04-02,D1,Leverkusen,Hertha,H,0.568358,0.255653,0.175988,1.8729,0.9727
2122,2022-04-03,D1,Augsburg,Wolfsburg,H,0.226295,0.276673,0.497032,1.083,1.6859
2122,2022-04-03,D1,M'gladbach,Mainz,D,0.599125,0.232356,0.168518,2.1121,1.0655
2122,2022-04-06,D1,Augsburg,Mainz,H,0.388036,0.300598,0.311366,1.3872,1.2231
2122,2022-04-08,D1,Stuttgart,Dortmund,A,0.224824,0.231919,0.543257,1.368,2.165
2122,2022-04-09,D1,Bayern Munich,Augsburg,H,0.851191,0.104457,0.044352,3.4249,0.799
2122,2022-04-09,D1,FC Koln,Mainz,H,0.360227,0.294242,0.345531,1.378,1.346
2122,2022-04-09,D1,Greuther Furth,M'gladbach,A,0.305225,0.268969,0.425807,1.4115,1.6906
2122,2022-04-09,D1,Hertha,Union Berlin,A,0.356951,0.305714,0.337335,1.2969,1.2554
2122,2022-04-09,D1,Wolfsburg,Bielefeld,H,0.634654,0.259106,0.106239,1.7215,0.5861
2122,2022-04-10,D1,Bochum,Leverkusen,D,0.277688,0.28729,0.435023,1.2049,1.5511
2122,2022-04-10,D1,Ein Frankfurt,Freiburg,A,0.512268,0.244506,0.243227,2.0135,1.3586
2122,2022-04-10,D1,RB Leipzig,Hoffenheim,H,0.607294,0.231814,0.160892,2.106,1.0249
2122,2022-04-16,D1,Augsburg,Hertha,A,0.35801,0.299167,0.342822,1.3408,1.3081
2122,2022-04-16,D1,Dortmund,Wolfsburg,H,0.525737,0.242598,0.231665,2.0374,1.3208
2122,2022-04-16,D1,Freiburg,Bochum,H,0.441401,0.285423,0.273176,1.573,1.2015
2122,2022-04-16,D1,M'gladbach,FC Koln,A,0.665947,0.20072,0.133332,2.4235,1.0416
2122,2022-04-16,D1,Mainz,Stuttgart,D,0.35786,0.289521,0.352618,1.4052,1.3936
2122,2022-04-17,D1,Bielefeld,Bayern Munich,A,0.06564,0.173719,0.760641,0.6243,2.4219
2122,2022-04-17,D1,Hoffenheim,Greuther Furth,D,0.498136,0.259988,0.241876,1.8441,1.2456
2122,2022-04-17,D1,Leverkusen,RB Leipzig,A,0.312701,0.297562,0.389737,1.2447,1.4108
2122,2022-04-17,D1,Union Berlin,Ein Frankfurt,H,0.365799,0.271253,0.362947,1.5581,1.5515
2122,2022-04-22,D1,Wolfsburg,Mainz,H,0.598178,0.246179,0.155643,1.9429,0.9158
2122,2022-04-23,D1,Bayern Munich,Dortmund,H,0.616892,0.193171,0.189937,2.6831,1.5031
2122,2022-04-23,D1,Ein Frankfurt,Hoffenheim,D,0.48011,0.236415,0.283475,2.0874,1.5928
2122,2022-04-23,D1,FC Koln,Bielefeld,H,0.424641,0.334794,0.240564,1.221,0.8614
2122,2022-04-23,D1,Freiburg,M'gladbach,D,0.333122,0.270012,0.396865,1.4855,1.6331
2122,2022-04-23,D1,Greuther Furth,Leverkusen,A,0.277688,0.28729,0.435023,1.2049,1.5511
2122,2022-04-23,D1,RB Leipzig,Union Berlin,A,0.604687,0.250583,0.14473,1.881,0.8343
2122,2022-04-24,D1,Bochum,Augsburg,A,0.474135,0.283053,0.242812,1.6203,1.1104
2122,2022-04-24,D1,Hertha,Stuttgart,H,0.392321,0.285416,0.322263,1.5028,1.3469
2122,2022-04-29,D1,Union Berlin,Greuther Furth,D,0.442858,0.294856,0.262286,1.5013,1.1125
2122,2022-04-30,D1,Augsburg,FC Koln,A,0.447468,0.283886,0.268646,1.5917,1.1957
2122,2022-04-30,D1,Bielefeld,Hertha,D,0.263216,0.347953,0.388831,0.8719,1.1116
2122,2022-04-30,D1,Dortmund,Bochum,A,0.678372,0.193216,0.128412,2.5102,1.0563
2122,2022-04-30,D1,Hoffenheim,Freiburg,A,0.468935,0.264539,0.266527,1.7814,1.3109
2122,2022-04-30,D1,Mainz,Bayern Munich,H,0.098656,0.168817,0.732527,0.9756,2.7334
2122,2022-04-30,D1,Stuttgart,Wolfsburg,D,0.293153,0.278657,0.42819,1.3074,1.6118
2122,2022-05-02,D1,Leverkusen,Ein Frankfurt,H,0.485976,0.250556,0.263467,1.9344,1.3984
2122,2022-05-02,D1,M'gladbach,RB Leipzig,H,0.29835,0.273717,0.427933,1.3567,1.6527
2122,2022-05-06,D1,Bochum,Bielefeld,H,0.506778,0.315794,0.177428,1.3768,0.7221
2122,2022-05-07,D1,FC Koln,Wolfsburg,A,0.201383,0.259036,0.539582,1.0758,1.8552
2122,2022-05-07,D1,Freiburg,Union Berlin,A,0.396808,0.299782,0.30341,1.407,1.2068
2122,2022-05-07,D1,Greuther Furth,Dortmund,A,0.213831,0.237932,0.548238,1.2693,2.089
2122,2022-05-07,D1,Hertha,Mainz,A,0.439646,0.293605,0.266749,1.5075,1.1337
2122,2022-05-07,D1,Hoffenheim,Leverkusen,A,0.34793,0.275001,0.377069,1.4866,1.5533
2122,2022-05-08,D1,Bayern Munich,Stuttgart,D,0.807576,0.125481,0.066942,3.2744,0.9645
2122,2022-05-08,D1,Ein Frankfurt,M'gladbach,D,0.422641,0.239843,0.337515,1.9685,1.7546
2122,2022-05-08,D1,RB Leipzig,Augsburg,H,0.708774,0.19857,0.092656,2.2798,0.7416
2122,2022-05-14,D1,Augsburg,Greuther Furth,H,0.348268,0.296966,0.354766,1.3343,1.3484
2122,2022-05-14,D1,Bielefeld,RB Leipzig,D,0.11462,0.275269,0.610111,0.5795,1.6122
2122,2022-05-14,D1,Dortmund,Hertha,H,0.687343,0.190596,0.122061,2.5223,1.0248
2122,2022-05-14,D1,Leverkusen,Freiburg,H,0.531491,0.26466,0.203849,1.8004,1.0553
2122,2022-05-14,D1,M'gladbach,Hoffenheim,H,0.497761,0.242125,0.260114,2.0344,1.4493
2122,2022-05-14,D1,Mainz,Ein Frankfurt,D,0.285653,0.260622,0.453724,1.4072,1.8034
2122,2022-05-14,D1,Stuttgart,FC Koln,H,0.539251,0.2528,0.207949,1.9215,1.1432
2122,2022-05-14,D1,Union Berlin,Bochum,H,0.442858,0.294856,0.262286,1.5013,1.1125
2122,2022-05-14,D1,Wolfsburg,Bayern Munich,D,0.223976,0.234424,0.5416,1.3447,2.134
2223,2022-08-05,D1,Ein Frankfurt,Bayern Munich,A,0.175807,0.204985,0.619208,1.2967,2.466
2223,2022-08-06,D1,Augsburg,Freiburg,A,0.299984,0.288158,0.411858,1.2601,1.506
2223,2022-08-06,D1,Bochum,Mainz,A,0.35696,0.315175,0.327865,1.2327,1.1727
2223,2022-08-06,D1,Dortmund,Leverkusen,H,0.502023,0.224587,0.27339,2.244,1.6517
2223,2022-08-06,D1,M'gladbach,Hoffenheim,H,0.489605,0.234238,0.276156,2.1132,1.575
2223,2022-08-06,D1,Union Berlin,Hertha,H,0.566779,0.259773,0.173448,1.8218,0.9325
2223,2022-08-06,D1,Wolfsburg,Werder Bremen,D,0.552855,0.263586,0.183558,1.7933,0.9616
2223,2022-08-07,D1,FC Koln,Schalke 04,H,0.618814,0.238325,0.142862,1.992,0.8774
2223,2022-08-07,D1,Stuttgart,RB Leipzig,D,0.177493,0.250452,0.572056,1.0019,1.918
2223,2022-08-12,D1,Freiburg,Dortmund,A,0.302873,0.239565,0.457562,1.6319,2.0183
2223,2022-08-13,D1,Hertha,Ein Frankfurt,D,0.293684,0.274204,0.432112,1.3314,1.6463
2223,2022-08-13,D1,Hoffenheim,Bochum,H,0.520545,0.262099,0.217356,1.8189,1.1224
2223,2022-08-13,D1,Leverkusen,Augsburg,A,0.685501,0.19957,0.114929,2.3604,0.9048
2223,2022-08-13,D1,RB Leipzig,FC Koln,D,0.690813,0.201939,0.107248,2.2977,0.8323
2223,2022-08-13,D1,Schalke 04,M'gladbach,D,0.184869,0.238646,0.576485,1.1096,2.0521
2223,2022-08-13,D1,Werder Bremen,Stuttgart,D,0.38891,0.295625,0.315465,1.4153,1.2565
2223,2022-08-14,D1,Bayern Munich,Wolfsburg,H,0.746095,0.160398,0.093507,2.8296,0.9817
2223,2022-08-14,D1,Mainz,Union Berlin,D,0.360413,0.307681,0.331906,1.2843,1.2244
2223,2022-08-19,D1,M'gladbach,Hertha,H,0.606588,0.222077,0.171335,2.23,1.1416
2223,2022-08-20,D1,Augsburg,Mainz,A,0.345345,0.304249,0.350407,1.2747,1.2854
2223,2022-08-20,D1,Dortmund,Werder Bremen,A,0.744246,0.161226,0.094528,2.8226,0.9857
2223,2022-08-20,D1,Leverkusen,Hoffenheim,A,0.613254,0.20903,0.177716,2.4124,1.2764
2223,2022-08-20,D1,Stuttgart,Freiburg,A,0.332032,0.281581,0.386387,1.3913,1.5132
2223,2022-08-20,D1,Union Berlin,RB Leipzig,H,0.250452,0.291485,0.458063,1.0846,1.5328
2223,2022-08-20,D1,Wolfsburg,Schalke 04,D,0.689214,0.207682,0.103104,2.21,0.7706
2223,2022-08-21,D1,Bochum,Bayern Munich,A,0.113301,0.192943,0.693756,0.933,2.4421
2223,2022-08-21,D1,Ein Frankfurt,FC Koln,D,0.508471,0.260148,0.23138,1.8373,1.1941
2223,2022-08-26,D1,Freiburg,Bochum,H,0.528288,0.27327,0.198442,1.7097,0.9793
2223,2022-08-27,D1,Bayern Munich,M'gladbach,D,0.778058,0.134983,0.086959,3.2744,1.1343
2223,2022-08-27,D1,Hertha,Dortmund,A,0.171306,0.206102,0.622592,1.2584,2.4411
2223,2022-08-27,D1,Hoffenheim,Augsburg,H,0.551964,0.245103,0.202933,1.9938,1.1606
2223,2022-08-27,D1,Mainz,Leverkusen,A,0.269255,0.270448,0.460297,1.2743,1.711
2223,2022-08-27,D1,RB Leipzig,Wolfsburg,H,0.613136,0.237152,0.149712,2.0179,0.9234
2223,2022-08-27,D1,Schalke 04,Union Berlin,A,0.185322,0.276498,0.53818,0.9063,1.6764
2223,2022-08-28,D1,FC Koln,Stuttgart,D,0.451436,0.279887,0.268677,1.6206,1.2128
2223,2022-08-28,D1,Werder Bremen,Ein Frankfurt,A,0.305399,0.284678,0.409923,1.2977,1.5297
2223,2022-09-02,D1,Dortmund,Hoffenheim,H,0.672006,0.175317,0.152677,2.8786,1.3951
2223,2022-09-03,D1,Bochum,Werder Bremen,A,0.426286,0.309926,0.263788,1.3696,1.0327
2223,2022-09-03,D1,Ein Frankfurt,RB Leipzig,H,0.248819,0.267219,0.483962,1.2196,1.7586
2223,2022-09-03,D1,Leverkusen,Freiburg,A,0.56739,0.23505,0.19756,2.1047,1.1998
2223,2022-09-03,D1,Stuttgart,Schalke 04,D,0.596107,0.247062,0.15683,1.9269,0.9114
2223,2022-09-03,D1,Union Berlin,Bayern Munich,D,0.182629,0.230035,0.587336,1.1531,2.1493
2223,2022-09-03,D1,Wolfsburg,FC Koln,A,0.504321,0.271039,0.22464,1.7309,1.1011
2223,2022-09-04,D1,Augsburg,Hertha,A,0.438222,0.29021,0.271568,1.5241,1.1614
2223,2022-09-04,D1,M'gladbach,Mainz,A,0.49948,0.25713,0.24339,1.8651,1.2636
2223,2022-09-09,D1,Werder Bremen,Augsburg,A,0.412872,0.301807,0.285321,1.4087,1.1381
2223,2022-09-10,D1,Bayern Munich,Stuttgart,D,0.834214,0.113125,0.052661,3.3468,0.856
2223,2022-09-10,D1,Ein Frankfurt,Wolfsburg,A,0.425385,0.277009,0.297606,1.6136,1.3248
2223,2022-09-10,D1,Hertha,Leverkusen,D,0.194484,0.239962,0.565553,1.1513,2.0457
2223,2022-09-10,D1,Hoffenheim,Mainz,H,0.472795,0.262226,0.264979,1.7984,1.3137
2223,2022-09-10,D1,RB Leipzig,Dortmund,H,0.504763,0.238767,0.256471,2.0685,1.4534
2223,2022-09-10,D1,Schalke 04,Bochum,H,0.265263,0.311427,0.42331,1.0298,1.3563
2223,2022-09-11,D1,FC Koln,Union Berlin,A,0.345344,0.300955,0.353702,1.2951,1.313
2223,2022-09-11,D1,Freiburg,M'gladbach,D,0.447829,0.255062,0.297109,1.8422,1.4816
2223,2022-09-16,D1,Mainz,Hertha,D,0.515556,0.271786,0.212658,1.7251,1.0475
2223,2022-09-17,D1,Augsburg,Bayern Munich,H,0.101139,0.172685,0.726177,0.9647,2.6768
2223,2022-09-17,D1,Dortmund,Schalke 04,H,0.857844,0.100159,0.041997,3.4785,0.7899
2223,2022-09-17,D1,Leverkusen,Werder Bremen,D,0.687067,0.198903,0.114029,2.3654,0.9019
2223,2022-09-17,D1,M'gladbach,RB Leipzig,H,0.256402,0.255451,0.488147,1.3277,1.8765
2223,2022-09-17,D1,Stuttgart,Ein Frankfurt,A,0.339806,0.277885,0.382309,1.4374,1.5337
2223,2022-09-18,D1,Bochum,FC Koln,D,0.379539,0.307237,0.313225,1.3219,1.1825
2223,2022-09-18,D1,Hoffenheim,Freiburg,D,0.421195,0.257685,0.321119,1.7777,1.5392
2223,2022-09-18,D1,Union Berlin,Wolfsburg,H,0.416213,0.298691,0.285097,1.4349,1.1547
2223,2022-09-30,D1,Bayern Munich,Leverkusen,H,0.653831,0.189432,0.156737,2.6537,1.2949
2223,2022-10-01,D1,Ein Frankfurt,Union Berlin,H,0.418846,0.286959,0.294196,1.5252,1.2505
2223,2022-10-01,D1,FC Koln,Dortmund,H,0.229616,0.22939,0.540995,1.4045,2.1894
2223,2022-10-01,D1,Freiburg,Mainz,H,0.483928,0.274658,0.241413,1.6904,1.1462
2223,2022-10-01,D1,RB Leipzig,Bochum,H,0.697192,0.208123,0.094685,2.1672,0.7052
2223,2022-10-01,D1,Werder Bremen,M'gladbach,H,0.303503,0.270932,0.425565,1.3847,1.6652
2223,2022-10-01,D1,Wolfsburg,Stuttgart,H,0.528994,0.264107,0.206899,1.798,1.0652
2223,2022-10-02,D1,Hertha,Hoffenheim,D,0.314958,0.263191,0.421851,1.477,1.7279
2223,2022-10-02,D1,Schalke 04,Augsburg,A,0.283941,0.30278,0.413279,1.1288,1.4025
2223,2022-10-07,D1,Hoffenheim,Werder Bremen,A,0.553745,0.244658,0.201597,1.998,1.1569
2223,2022-10-08,D1,Augsburg,Wolfsburg,D,0.296602,0.296445,0.406952,1.2005,1.4381
2223,2022-10-08,D1,Bochum,Ein Frankfurt,H,0.320363,0.297275,0.382362,1.259,1.3926
2223,2022-10-08,D1,Dortmund,Bayern Munich,D,0.315963,0.215889,0.468148,1.9228,2.3309
2223,2022-10-08,D1,Leverkusen,Schalke 04,H,0.809042,0.135385,0.055572,2.915,0.7227
2223,2022-10-08,D1,Mainz,RB Leipzig,D,0.208205,0.272113,0.519682,1.027,1.7219
2223,2022-10-09,D1,Hertha,Freiburg,D,0.286862,0.277374,0.435764,1.2886,1.6242
2223,2022-10-09,D1,M'gladbach,FC Koln,H,0.527952,0.245115,0.226932,2.0,1.2742
2223,2022-10-09,D1,Stuttgart,Union Berlin,A,0.32415,0.29984,0.376011,1.2528,1.3639
2223,2022-10-14,D1,Schalke 04,Hoffenheim,A,0.203312,0.246496,0.550192,1.1536,1.9786
2223,2022-10-15,D1,Ein Frankfurt,Leverkusen,H,0.320207,0.260582,0.419211,1.5133,1.7475
2223,2022-10-15,D1,RB Leipzig,Hertha,H,0.755244,0.168895,0.075861,2.5619,0.7457
2223,2022-10-15,D1,Stuttgart,Bochum,H,0.424674,0.301799,0.273526,1.4235,1.1035
2223,2022-10-15,D1,Werder Bremen,Mainz,A,0.3437,0.304334,0.351965,1.2706,1.2881
2223,2022-10-15,D1,Wolfsburg,M'gladbach,D,0.442689,0.263051,0.29426,1.7591,1.4116
2223,2022-10-16,D1,Bayern Munich,Freiburg,H,0.757201,0.151624,0.091175,2.9701,1.0281
2223,2022-10-16,D1,FC Koln,Augsburg,H,0.475532,0.283057,0.241411,1.613,1.0985
2223,2022-10-16,D1,Union Berlin,Dortmund,H,0.298636,0.257119,0.444245,1.4709,1.8174
2223,2022-10-21,D1,Mainz,FC Koln,H,0.442442,0.287824,0.269734,1.5472,1.1692
2223,2022-10-22,D1,Augsburg,RB Leipzig,D,0.157928,0.249007,0.593065,0.9074,1.909
2223,2022-10-22,D1,Dortmund,Stuttgart,H,0.724082,0.16642,0.109498,2.83,1.0918
2223,2022-10-22,D1,Freiburg,Werder Bremen,H,0.561104,0.254942,0.183954,1.878,1.0094
2223,2022-10-22,D1,Hoffenheim,Bayern Munich,A,0.160239,0.185039,0.654722,1.361,2.7357
2223,2022-10-22,D1,Leverkusen,Wolfsburg,D,0.557912,0.24383,0.198259,2.0052,1.1457
2223,2022-10-22,D1,M'gladbach,Ein Frankfurt,A,0.458411,0.250149,0.29144,1.9049,1.5005
2223,2022-10-23,D1,Bochum,Union Berlin,H,0.305617,0.319598,0.374785,1.0973,1.2384
2223,2022-10-23,D1,Hertha,Schalke 04,H,0.546736,0.264793,0.188471,1.7847,0.9783
2223,2022-10-28,D1,Werder Bremen,Hertha,H,0.436403,0.290585,0.273012,1.5192,1.1638
2223,2022-10-29,D1,Bayern Munich,Mainz,H,0.790618,0.139491,0.069891,3.0045,0.8775
2223,2022-10-29,D1,Ein Frankfurt,Dortmund,A,0.297312,0.234846,0.467842,1.654,2.0852
2223,2022-10-29,D1,RB Leipzig,Leverkusen,H,0.516002,0.254903,0.229095,1.8925,1.218
2223,2022-10-29,D1,Stuttgart,Augsburg,H,0.452216,0.287364,0.26042,1.5603,1.141
2223,2022-10-29,D1,Wolfsburg,Bochum,H,0.520469,0.281953,0.197578,1.6326,0.933
2223,2022-10-30,D1,FC Koln,Hoffenheim,D,0.388448,0.265303,0.346249,1.6485,1.5497
2223,2022-10-30,D1,Schalke 04,Freiburg,A,0.185528,0.256872,0.557601,1.0065,1.8599
2223,2022-10-30,D1,Union Berlin,M'gladbach,H,0.435023,0.272984,0.291993,1.6605,1.3342
2223,2022-11-04,D1,M'gladbach,Stuttgart,H,0.554228,0.237935,0.207838,2.0775,1.2326
2223,2022-11-05,D1,Augsburg,Ein Frankfurt,A,0.307024,0.284755,0.408221,1.3019,1.5265
2223,2022-11-05,D1,Dortmund,Bochum,H,0.710514,0.182015,0.107471,2.5696,0.9563
2223,2022-11-05,D1,Hertha,Bayern Munich,A,0.090604,0.155916,0.75348,0.9865,2.8869
2223,2022-11-05,D1,Hoffenheim,RB Leipzig,A,0.234963,0.249437,0.5156,1.2802,1.951
2223,2022-11-05,D1,Mainz,Wolfsburg,A,0.365509,0.297601,0.33689,1.3588,1.2971
2223,2022-11-05,D1,Werder Bremen,Schalke 04,H,0.55305,0.268956,0.177993,1.7397,0.909
2223,2022-11-06,D1,Freiburg,FC Koln,H,0.511382,0.262661,0.225957,1.8127,1.1558
2223,2022-11-06,D1,Leverkusen,Union Berlin,H,0.547956,0.254109,0.197935,1.8953,1.0815
2223,2022-11-08,D1,Bayern Munich,Werder Bremen,H,0.847122,0.10792,0.044958,3.338,0.7728
2223,2022-11-08,D1,Bochum,M'gladbach,H,0.319446,0.283697,0.396857,1.3434,1.5159
2223,2022-11-08,D1,Stuttgart,Hertha,H,0.477306,0.275091,0.247603,1.6828,1.1669
2223,2022-11-08,D1,Wolfsburg,Dortmund,H,0.30162,0.24754,0.45084,1.5582,1.9228
2223,2022-11-09,D1,Ein Frankfurt,Hoffenheim,H,0.471722,0.248023,0.280255,1.9413,1.476
2223,2022-11-09,D1,FC Koln,Leverkusen,A,0.252793,0.259565,0.487642,1.285,1.8347
2223,2022-11-09,D1,RB Leipzig,Freiburg,H,0.623813,0.227827,0.14836,2.1181,0.967
2223,2022-11-09,D1,Schalke 04,Mainz,H,0.225155,0.286831,0.488014,1.0181,1.5874
2223,2022-11-09,D1,Union Berlin,Augsburg,D,0.539966,0.275029,0.185005,1.6892,0.9119
2223,2022-11-11,D1,M'gladbach,Dortmund,H,0.306954,0.223755,0.469291,1.8005,2.225
2223,2022-11-12,D1,Augsburg,Bochum,A,0.388924,0.314851,0.296225,1.2892,1.0983
2223,2022-11-12,D1,Hertha,FC Koln,H,0.355586,0.288775,0.355638,1.3978,1.398
2223,2022-11-12,D1,Hoffenheim,Wolfsburg,A,0.415098,0.265797,0.319104,1.6937,1.4697
2223,2022-11-12,D1,Leverkusen,Stuttgart,H,0.666198,0.203194,0.130608,2.3716,0.9989
2223,2022-11-12,D1,Schalke 04,Bayern Munich,A,0.045833,0.109912,0.844255,0.7706,3.3058
2223,2022-11-12,D1,Werder Bremen,RB Leipzig,A,0.156861,0.24845,0.59469,0.9045,1.913
2223,2022-11-13,D1,Freiburg,Union Berlin,H,0.4223,0.290248,0.287452,1.5048,1.2104
2223,2022-11-13,D1,Mainz,Ein Frankfurt,D,0.37923,0.285038,0.335732,1.4736,1.3769
2223,2023-01-20,D1,RB Leipzig,Bayern Munich,D,0.350661,0.257995,0.391344,1.6216,1.7187
2223,2023-01-21,D1,Bochum,Hertha,H,0.448383,0.29817,0.253447,1.4739,1.0595
2223,2023-01-21,D1,Ein Frankfurt,Schalke 04,H,0.698775,0.197053,0.104171,2.3458,0.8356
2223,2023-01-21,D1,FC Koln,Werder Bremen,H,0.477216,0.282768,0.240016,1.6164,1.0949
2223,2023-01-21,D1,Stuttgart,Mainz,D,0.379512,0.294374,0.326114,1.4074,1.2915
2223,2023-01-21,D1,Union Berlin,Hoffenheim,H,0.461404,0.26886,0.269736,1.7264,1.2865
2223,2023-01-21,D1,Wolfsburg,Freiburg,H,0.430582,0.280044,0.289374,1.5956,1.2793
2223,2023-01-22,D1,Dortmund,Augsburg,H,0.742726,0.161912,0.095362,2.8167,0.9889
2223,2023-01-22,D1,M'gladbach,Leverkusen,A,0.33128,0.248584,0.420136,1.6473,1.8646
2223,2023-01-24,D1,Bayern Munich,FC Koln,D,0.815618,0.123681,0.060701,3.2219,0.8849
2223,2023-01-24,D1,Hertha,Wolfsburg,A,0.283954,0.285603,0.430443,1.2277,1.5509
2223,2023-01-24,D1,Hoffenheim,Stuttgart,D,0.52706,0.244838,0.228101,2.0032,1.2815
2223,2023-01-24,D1,Schalke 04,RB Leipzig,A,0.085018,0.188234,0.726749,0.7248,2.3575
2223,2023-01-25,D1,Augsburg,M'gladbach,H,0.305178,0.271036,0.423786,1.3892,1.6617
2223,2023-01-25,D1,Freiburg,Ein Frankfurt,D,0.445431,0.266977,0.287592,1.7265,1.3611
2223,2023-01-25,D1,Leverkusen,Bochum,H,0.652968,0.219982,0.12705,2.1534,0.875
2223,2023-01-25,D1,Mainz,Dortmund,A,0.247122,0.241285,0.511593,1.3928,2.0417
2223,2023-01-25,D1,Werder Bremen,Union Berlin,A,0.292116,0.306585,0.4013,1.1311,1.3603
2223,2023-01-27,D1,RB Leipzig,Stuttgart,H,0.713081,0.19082,0.096099,2.3867,0.8051
2223,2023-01-28,D1,Bayern Munich,Ein Frankfurt,D,0.76807,0.144784,0.087146,3.0686,1.042
2223,2023-01-28,D1,Freiburg,Augsburg,H,0.559414,0.255425,0.185161,1.8741,1.0126
2223,2023-01-28,D1,Hertha,Union Berlin,A,0.281533,0.295803,0.422664,1.1604,1.464
2223,2023-01-28,D1,Hoffenheim,M'gladbach,A,0.431764,0.2414,0.326837,1.9599,1.6982
2223,2023-01-28,D1,Mainz,Bochum,H,0.46085,0.30146,0.237689,1.4593,0.9906
2223,2023-01-28,D1,Werder Bremen,Wolfsburg,H,0.295054,0.296353,0.408593,1.1966,1.4411
2223,2023-01-29,D1,Leverkusen,Dortmund,A,0.432801,0.233059,0.33414,2.0554,1.8033
2223,2023-01-29,D1,Schalke 04,FC Koln,D,0.241622,0.284409,0.473969,1.0918,1.6008
2223,2023-02-03,D1,Augsburg,Leverkusen,H,0.207694,0.254319,0.537987,1.1259,1.8969
2223,2023-02-04,D1,Bochum,Hoffenheim,H,0.343034,0.284754,0.372212,1.3967,1.4617
2223,2023-02-04,D1,Dortmund,Freiburg,H,0.624677,0.201569,0.173754,2.5115,1.3114
2223,2023-02-04,D1,Ein Frankfurt,Hertha,H,0.584906,0.23818,0.176914,2.0486,1.0699
2223,2023-02-04,D1,FC Koln,RB Leipzig,D,0.193812,0.258729,0.547459,1.0357,1.8464
2223,2023-02-04,D1,M'gladbach,Schalke 04,D,0.721884,0.179731,0.098384,2.5536,0.8917
2223,2023-02-04,D1,Union Berlin,Mainz,H,0.468051,0.293555,0.238394,1.5236,1.0321
2223,2023-02-05,D1,Stuttgart,Werder Bremen,A,0.453896,0.287141,0.258963,1.5636,1.1374
2223,2023-02-05,D1,Wolfsburg,Bayern Munich,A,0.182286,0.219929,0.597785,1.2216,2.2739
2223,2023-02-10,D1,Schalke 04,Wolfsburg,D,0.185083,0.265521,0.549396,0.9589,1.776
2223,2023-02-11,D1,Bayern Munich,Bochum,H,0.818828,0.127625,0.053547,3.0389,0.7497
2223,2023-02-11,D1,Freiburg,Stuttgart,H,0.536576,0.255664,0.20776,1.8829,1.118
2223,2023-02-11,D1,Hoffenheim,Leverkusen,A,0.305857,0.245738,0.448406,1.5884,1.9386
2223,2023-02-11,D1,Mainz,Augsburg,H,0.489636,0.285444,0.22492,1.5996,1.0244
2223,2023-02-11,D1,RB Leipzig,Union Berlin,A,0.601616,0.247996,0.150388,1.9073,0.8716
2223,2023-02-11,D1,Werder Bremen,Dortmund,A,0.183905,0.220543,0.595551,1.2266,2.2683
2223,2023-02-12,D1,FC Koln,Ein Frankfurt,H,0.362736,0.27873,0.358534,1.486,1.4765
2223,2023-02-12,D1,Hertha,M'gladbach,H,0.291033,0.260332,0.448634,1.4206,1.7921
2223,2023-02-17,D1,Augsburg,Hoffenheim,H,0.329029,0.273029,0.397941,1.4443,1.6022
2223,2023-02-18,D1,Bochum,Freiburg,A,0.313127,0.300939,0.385934,1.2186,1.3739
2223,2023-02-18,D1,Ein Frankfurt,Werder Bremen,H,0.558957,0.252748,0.188294,1.9035,1.0429
2223,2023-02-18,D1,M'gladbach,Bayern Munich,H,0.179362,0.194511,0.626127,1.4115,2.6313
2223,2023-02-18,D1,Stuttgart,FC Koln,H,0.403701,0.286079,0.31022,1.5092,1.3024
2223,2023-02-18,D1,Wolfsburg,RB Leipzig,A,0.252663,0.281278,0.46606,1.149,1.6216
2223,2023-02-19,D1,Dortmund,Hertha,H,0.76969,0.145359,0.084951,3.0377,1.0113
2223,2023-02-19,D1,Leverkusen,Mainz,A,0.612685,0.228657,0.158658,2.1291,1.0241
2223,2023-02-19,D1,Union Berlin,Schalke 04,D,0.675649,0.219318,0.105033,2.0861,0.7283
2223,2023-02-24,D1,Mainz,M'gladbach,H,0.379832,0.272344,0.347824,1.5724,1.4988
2223,2023-02-25,D1,FC Koln,Wolfsburg,A,0.349801,0.290933,0.359267,1.3702,1.391
2223,2023-02-25,D1,Hertha,Augsburg,H,0.403565,0.294743,0.301693,1.4452,1.2248
2223,2023-02-25,D1,Hoffenheim,Dortmund,A,0.280776,0.219381,0.499842,1.7361,2.3133
2223,2023-02-25,D1,RB Leipzig,Ein Frankfurt,H,0.635074,0.220928,0.143998,2.1884,0.9801
2223,2023-02-25,D1,Schalke 04,Stuttgart,H,0.260578,0.288685,0.450737,1.1341,1.5485
2223,2023-02-25,D1,Werder Bremen,Bochum,H,0.387253,0.315107,0.29764,1.2851,1.1006
2223,2023-02-26,D1,Bayern Munich,Union Berlin,H,0.733809,0.170636,0.095555,2.6746,0.9267
2223,2023-02-26,D1,Freiburg,Leverkusen,D,0.325078,0.265048,0.409874,1.493,1.6914
2223,2023-03-03,D1,Dortmund,RB Leipzig,H,0.40446,0.25127,0.34427,1.8085,1.6622
2223,2023-03-04,D1,Augsburg,Werder Bremen,H,0.416242,0.301363,0.282395,1.4162,1.132
2223,2023-03-04,D1,Bochum,Schalke 04,A,0.561194,0.273676,0.165131,1.6878,0.8275
2223,2023-03-04,D1,M'gladbach,Freiburg,D,0.448418,0.254988,0.296594,1.8437,1.4804
2223,2023-03-04,D1,Mainz,Hoffenheim,H,0.40575,0.270788,0.323462,1.6347,1.4452
2223,2023-03-04,D1,Stuttgart,Bayern Munich,A,0.11577,0.17697,0.70726,1.0652,2.6895
2223,2023-03-04,D1,Union Berlin,FC Koln,D,0.494442,0.281586,0.223972,1.6339,1.0408
2223,2023-03-05,D1,Leverkusen,Hertha,H,0.713258,0.182493,0.104249,2.5457,0.9252
2223,2023-03-05,D1,Wolfsburg,Ein Frankfurt,D,0.440081,0.275113,0.284806,1.6486,1.2967
2223,2023-03-10,D1,FC Koln,Bochum,A,0.447093,0.298339,0.254567,1.4715,1.0623
2223,2023-03-11,D1,Bayern Munich,Augsburg,H,0.846012,0.108563,0.045425,3.331,0.7753
2223,2023-03-11,D1,Ein Frankfurt,Stuttgart,D,0.533923,0.253332,0.212745,1.9085,1.1551
2223,2023-03-11,D1,Hertha,Mainz,D,0.333283,0.295243,0.371474,1.3035,1.3863
2223,2023-03-11,D1,RB Leipzig,M'gladbach,H,0.644069,0.209601,0.14633,2.3351,1.0669
2223,2023-03-11,D1,Schalke 04,Dortmund,D,0.095885,0.163376,0.74074,0.9829,2.7953
2223,2023-03-12,D1,Freiburg,Hoffenheim,H,0.475638,0.250817,0.273545,1.9153,1.4286
2223,2023-03-12,D1,Werder Bremen,Leverkusen,A,0.206363,0.253897,0.539741,1.1223,1.9009
2223,2023-03-12,D1,Wolfsburg,Union Berlin,D,0.417064,0.298579,0.284358,1.4368,1.1531
2223,2023-03-17,D1,M'gladbach,Werder Bremen,D,0.580082,0.236722,0.183196,2.0721,1.1128
2223,2023-03-18,D1,Augsburg,Schalke 04,D,0.554883,0.268257,0.176861,1.7452,0.9071
2223,2023-03-18,D1,Bochum,RB Leipzig,H,0.170421,0.268106,0.561473,0.8775,1.7415
2223,2023-03-18,D1,Dortmund,FC Koln,H,0.699861,0.177031,0.123107,2.7244,1.1287
2223,2023-03-18,D1,Hoffenheim,Hertha,H,0.579948,0.230598,0.189454,2.1502,1.1869
2223,2023-03-18,D1,Stuttgart,Wolfsburg,A,0.327917,0.289787,0.382296,1.3255,1.4449
2223,2023-03-19,D1,Leverkusen,Bayern Munich,H,0.281071,0.232446,0.486484,1.6113,2.1326
2223,2023-03-19,D1,Mainz,Freiburg,D,0.370773,0.289283,0.339945,1.4263,1.3584
2223,2023-03-19,D1,Union Berlin,Ein Frankfurt,H,0.432223,0.285218,0.28256,1.5561,1.2256
2223,2023-03-31,D1,Ein Frankfurt,Bochum,D,0.526066,0.270858,0.203076,1.7329,1.0118
2223,2023-04-01,D1,Bayern Munich,Dortmund,H,0.646687,0.178205,0.175107,2.9005,1.5452
2223,2023-04-01,D1,Freiburg,Hertha,D,0.586987,0.240209,0.172803,2.0212,1.0355
2223,2023-04-01,D1,RB Leipzig,Mainz,A,0.662843,0.218576,0.118582,2.1427,0.8253
2223,2023-04-01,D1,Schalke 04,Leverkusen,A,0.11541,0.2011,0.68349,0.8993,2.3426
2223,2023-04-01,D1,Union Berlin,Stuttgart,H,0.518489,0.274783,0.206728,1.6972,1.0068
2223,2023-04-01,D1,Wolfsburg,Augsburg,D,0.551199,0.264063,0.184738,1.7895,0.9647
2223,2023-04-02,D1,FC Koln,M'gladbach,D,0.362425,0.265897,0.371678,1.5856,1.6072
2223,2023-04-02,D1,Werder Bremen,Hoffenheim,A,0.327293,0.273006,0.3997,1.4397,1.6056
2223,2023-04-08,D1,Augsburg,FC Koln,A,0.367843,0.297074,0.335084,1.3669,1.2962
2223,2023-04-08,D1,Dortmund,Union Berlin,H,0.603998,0.220143,0.175859,2.2616,1.182
2223,2023-04-08,D1,Freiburg,Bayern Munich,A,0.181025,0.211289,0.607687,1.2793,2.3868
2223,2023-04-08,D1,Hertha,RB Leipzig,A,0.146479,0.232783,0.620738,0.9279,2.0588
2223,2023-04-08,D1,Leverkusen,Ein Frankfurt,H,0.578568,0.228852,0.19258,2.1745,1.2161
2223,2023-04-08,D1,Mainz,Werder Bremen,D,0.491288,0.285107,0.223605,1.6029,1.0211
2223,2023-04-09,D1,Bochum,Stuttgart,A,0.401941,0.304798,0.293261,1.3731,1.1439
2223,2023-04-09,D1,Hoffenheim,Schalke 04,H,0.698602,0.190643,0.110755,2.4622,0.9271
2223,2023-04-09,D1,M'gladbach,Wolfsburg,H,0.441641,0.263184,0.295175,1.7565,1.4136
2223,2023-04-14,D1,Schalke 04,Hertha,H,0.301722,0.296004,0.402274,1.2174,1.4342
2223,2023-04-15,D1,Bayern Munich,Hoffenheim,D,0.800722,0.123962,0.075316,3.4043,1.0937
2223,2023-04-15,D1,Ein Frankfurt,M'gladbach,D,0.443653,0.252006,0.304341,1.8672,1.5308
2223,2023-04-15,D1,FC Koln,Mainz,D,0.402144,0.293085,0.304771,1.4549,1.2433
2223,2023-04-15,D1,RB Leipzig,Augsburg,H,0.728785,0.186643,0.084572,2.3755,0.7292
2223,2023-04-15,D1,Stuttgart,Dortmund,D,0.209535,0.222142,0.568324,1.3587,2.2742
2223,2023-04-16,D1,Union Berlin,Bochum,D,0.509746,0.292928,0.197326,1.541,0.8818
2223,2023-04-16,D1,Werder Bremen,Freiburg,A,0.298394,0.288063,0.413543,1.2561,1.5092
2223,2023-04-16,D1,Wolfsburg,Leverkusen,D,0.322831,0.273218,0.403952,1.4257,1.6114
2223,2023-04-21,D1,Augsburg,Stuttgart,D,0.390668,0.295401,0.313931,1.4199,1.2539
2223,2023-04-22,D1,Bochum,Wolfsburg,A,0.309227,0.309314,0.381459,1.161,1.3119
2223,2023-04-22,D1,Dortmund,Ein Frankfurt,H,0.636298,0.195241,0.168461,2.5948,1.3292
2223,2023-04-22,D1,Hertha,Werder Bremen,A,0.405213,0.294665,0.300122,1.4482,1.2209
2223,2023-04-22,D1,Hoffenheim,FC Koln,A,0.500737,0.251112,0.248151,1.9284,1.3247
2223,2023-04-22,D1,Mainz,Bayern Munich,H,0.143439,0.203032,0.653529,1.0919,2.4145
2223,2023-04-23,D1,Freiburg,Schalke 04,H,0.699381,0.198689,0.101929,2.3144,0.8088
2223,2023-04-23,D1,Leverkusen,RB Leipzig,H,0.361612,0.274486,0.363903,1.5156,1.5208
2223,2023-04-23,D1,M'gladbach,Union Berlin,A,0.434924,0.272997,0.29208,1.6603,1.3344
2223,2023-04-28,D1,Bochum,Dortmund,D,0.200357,0.23864,0.561003,1.19,2.065
2223,2023-04-29,D1,Ein Frankfurt,Augsburg,D,0.557246,0.253222,0.189532,1.8995,1.0462
2223,2023-04-29,D1,FC Koln,Freiburg,A,0.354525,0.282704,0.362771,1.4382,1.4567
2223,2023-04-29,D1,RB Leipzig,Hoffenheim,H,0.669894,0.199113,0.130993,2.4278,1.0287
2223,2023-04-29,D1,Schalke 04,Werder Bremen,H,0.285372,0.303096,0.411532,1.1312,1.398
2223,2023-04-29,D1,Stuttgart,M'gladbach,H,0.33867,0.264745,0.396586,1.5338,1.6695
2223,2023-04-29,D1,Union Berlin,Leverkusen,D,0.318738,0.283066,0.398196,1.3457,1.5231
2223,2023-04-30,D1,Bayern Munich,Hertha,H,0.86758,0.093559,0.038861,3.5924,0.7928
2223,2023-04-30,D1,Wolfsburg,Mainz,H,0.477338,0.283046,0.239616,1.6141,1.0919
2223,2023-05-05,D1,Leverkusen,FC Koln,A,0.641731,0.213368,0.144901,2.2831,1.0327
2223,2023-05-05,D1,Mainz,Schalke 04,A,0.630004,0.237677,0.132319,1.9754,0.8182
2223,2023-05-06,D1,Augsburg,Union Berlin,H,0.293619,0.30667,0.399711,1.1347,1.3575
2223,2023-05-06,D1,Freiburg,RB Leipzig,A,0.253484,0.272662,0.473854,1.2033,1.7021
2223,2023-05-06,D1,Hertha,Stuttgart,H,0.378667,0.287844,0.333489,1.452,1.3523
2223,2023-05-06,D1,Hoffenheim,Ein Frankfurt,H,0.43078,0.253169,0.31605,1.8367,1.56
2223,2023-05-06,D1,M'gladbach,Bochum,H,0.546345,0.255004,0.198651,1.8864,1.0796
2223,2023-05-06,D1,Werder Bremen,Bayern Munich,A,0.100282,0.172001,0.727717,0.9616,2.6825
2223,2023-05-07,D1,Dortmund,Wolfsburg,H,0.614628,0.21013,0.175243,2.3927,1.2522
2223,2023-05-12,D1,FC Koln,Hertha,H,0.501277,0.27003,0.228693,1.7396,1.1233
2223,2023-05-13,D1,Bayern Munich,Schalke 04,H,0.925683,0.057168,0.017149,4.1136,0.6192
2223,2023-05-13,D1,Bochum,Augsburg,H,0.424713,0.3101,0.265186,1.3667,1.0361
2223,2023-05-13,D1,Dortmund,M'gladbach,H,0.643375,0.185029,0.171596,2.7688,1.4469
2223,2023-05-13,D1,Ein Frankfurt,Mainz,H,0.480916,0.271928,0.247156,1.7133,1.1842
2223,2023-05-13,D1,Union Berlin,Freiburg,H,0.422924,0.290167,0.286909,1.5062,1.2092
2223,2023-05-13,D1,Wolfsburg,Hoffenheim,H,0.469852,0.258832,0.271316,1.8289,1.361
2223,2023-05-14,D1,RB Leipzig,Werder Bremen,H,0.73018,0.185936,0.083884,2.3805,0.7269
2223,2023-05-14,D1,Stuttgart,Leverkusen,D,0.232926,0.253601,0.513473,1.2431,1.9059
2223,2023-05-19,D1,Freiburg,Wolfsburg,H,0.429039,0.280244,0.290717,1.592,1.2823
2223,2023-05-20,D1,Bayern Munich,RB Leipzig,A,0.551935,0.233082,0.214983,2.1388,1.3032
2223,2023-05-20,D1,Hertha,Bochum,D,0.378179,0.307415,0.314406,1.3184,1.1845
2223,2023-05-20,D1,Hoffenheim,Union Berlin,H,0.409169,0.27557,0.315262,1.6008,1.3873
2223,2023-05-20,D1,Schalke 04,Ein Frankfurt,D,0.1899,0.254656,0.555443,1.0399,1.8851
2223,2023-05-20,D1,Werder Bremen,FC Koln,D,0.366126,0.297223,0.336651,1.3625,1.299
2223,2023-05-21,D1,Augsburg,Dortmund,A,0.185221,0.221053,0.593725,1.2305,2.2635
2223,2023-05-21,D1,Leverkusen,M'gladbach,D,0.58507,0.217813,0.197118,2.3203,1.3238
2223,2023-05-21,D1,Mainz,Stuttgart,A,0.4665,0.283052,0.250448,1.6071,1.131
2223,2023-05-27,D1,Bochum,Leverkusen,H,0.221748,0.271133,0.507118,1.0888,1.7305
2223,2023-05-27,D1,Dortmund,Mainz,D,0.670525,0.192602,0.136873,2.5406,1.1193
2223,2023-05-27,D1,Ein Frankfurt,Freiburg,H,0.431967,0.268701,0.299332,1.6937,1.3874
2223,2023-05-27,D1,FC Koln,Bayern Munich,A,0.129628,0.187496,0.682876,1.1011,2.5891
2223,2023-05-27,D1,M'gladbach,Augsburg,H,0.578324,0.237222,0.184454,2.0678,1.1164
2223,2023-05-27,D1,RB Leipzig,Schalke 04,H,0.838331,0.122009,0.039659,2.9336,0.5824
2223,2023-05-27,D1,Stuttgart,Hoffenheim,D,0.364127,0.265289,0.370584,1.5947,1.6098
2223,2023-05-27,D1,Union Berlin,Werder Bremen,H,0.541582,0.274564,0.183854,1.6928,0.9089
2223,2023-05-27,D1,Wolfsburg,Hertha,A,0.578439,0.248809,0.172752,1.9299,0.9866
2324,2023-08-18,D1,Werder Bremen,Bayern Munich,A,0.135026,0.184895,0.680079,1.1713,2.6601
2324,2023-08-19,D1,Augsburg,M'gladbach,D,0.339798,0.278299,0.381903,1.4422,1.5377
2324,2023-08-19,D1,Dortmund,FC Koln,H,0.729442,0.165252,0.105306,2.8349,1.0675
2324,2023-08-19,D1,Hoffenheim,Freiburg,A,0.387759,0.278942,0.333299,1.5441,1.4209
2324,2023-08-19,D1,Leverkusen,RB Leipzig,H,0.367061,0.281674,0.351265,1.4815,1.4459
2324,2023-08-19,D1,Stuttgart,Bochum,H,0.516285,0.266595,0.217121,1.7833,1.1023
2324,2023-08-19,D1,Wolfsburg,Heidenheim,H,0.559632,0.252091,0.188277,1.9193,1.0534
2324,2023-08-20,D1,Ein Frankfurt,Darmstadt,H,0.54554,0.251059,0.203401,1.9386,1.1327
2324,2023-08-20,D1,Union Berlin,Mainz,H,0.507749,0.282586,0.209666,1.6359,0.9859
2324,2023-08-25,D1,RB Leipzig,Stuttgart,H,0.704581,0.195965,0.099454,2.3472,0.8103
2324,2023-08-26,D1,Bochum,Dortmund,D,0.158495,0.202722,0.638783,1.2058,2.4693
2324,2023-08-26,D1,Darmstadt,Union Berlin,A,0.322013,0.309915,0.368072,1.1959,1.2923
2324,2023-08-26,D1,FC Koln,Wolfsburg,A,0.374793,0.285478,0.339729,1.4695,1.3915
2324,2023-08-26,D1,Freiburg,Werder Bremen,H,0.582766,0.241692,0.175541,2.0176,1.0484
2324,2023-08-26,D1,Heidenheim,Hoffenheim,A,0.426765,0.272533,0.300702,1.6615,1.3725
2324,2023-08-26,D1,M'gladbach,Leverkusen,A,0.366104,0.262392,0.371505,1.6315,1.6443
2324,2023-08-27,D1,Bayern Munich,Augsburg,H,0.851293,0.105421,0.043286,3.3797,0.7712
2324,2023-08-27,D1,Mainz,Ein Frankfurt,D,0.421824,0.27267,0.305506,1.6531,1.3863
2324,2023-09-01,D1,Dortmund,Heidenheim,D,0.754499,0.154,0.091501,2.939,1.0181
2324,2023-09-02,D1,Augsburg,Bochum,D,0.467693,0.283158,0.24915,1.6154,1.1329
2324,2023-09-02,D1,Hoffenheim,Wolfsburg,H,0.385406,0.273014,0.34158,1.5865,1.4857
2324,2023-09-02,D1,Leverkusen,Darmstadt,H,0.627352,0.222609,0.150039,2.1921,1.0149
2324,2023-09-02,D1,M'gladbach,Bayern Munich,A,0.197541,0.21159,0.590869,1.384,2.4153
2324,2023-09-02,D1,Stuttgart,Freiburg,H,0.340309,0.291991,0.3677,1.349,1.409
2324,2023-09-02,D1,Werder Bremen,Mainz,H,0.385903,0.275257,0.33884,1.5695,1.4619
2324,2023-09-03,D1,Ein Frankfurt,FC Koln,D,0.517173,0.257933,0.224894,1.8699,1.1876
2324,2023-09-03,D1,Union Berlin,RB Leipzig,A,0.315007,0.312981,0.372011,1.1621,1.2805
2324,2023-09-15,D1,Bayern Munich,Leverkusen,D,0.68631,0.181857,0.131833,2.6952,1.1699
2324,2023-09-16,D1,Bochum,Ein Frankfurt,D,0.29867,0.276139,0.425191,1.3415,1.6288
2324,2023-09-16,D1,FC Koln,Hoffenheim,A,0.45668,0.267566,0.275754,1.742,1.3239
2324,2023-09-16,D1,Freiburg,Dortmund,A,0.306231,0.252443,0.441326,1.5413,1.8679
2324,2023-09-16,D1,Mainz,Stuttgart,A,0.51309,0.264121,0.222789,1.8072,1.1408
2324,2023-09-16,D1,RB Leipzig,Augsburg,H,0.73355,0.183744,0.082705,2.4124,0.7341
2324,2023-09-16,D1,Wolfsburg,Union Berlin,H,0.419583,0.30214,0.278278,1.4228,1.1228
2324,2023-09-17,D1,Darmstadt,M'gladbach,D,0.39528,0.272471,0.33225,1.61,1.465
2324,2023-09-17,D1,Heidenheim,Werder Bremen,H,0.482531,0.266494,0.250975,1.7732,1.2399
2324,2023-09-22,D1,Stuttgart,Darmstadt,H,0.438924,0.282354,0.278722,1.5953,1.2383
2324,2023-09-23,D1,Augsburg,Mainz,H,0.349543,0.291293,0.359164,1.3749,1.3961
2324,2023-09-23,D1,Bayern Munich,Bochum,H,0.871937,0.091662,0.036402,3.5994,0.7664
2324,2023-09-23,D1,Dortmund,Wolfsburg,H,0.653025,0.195575,0.151399,2.5534,1.2113
2324,2023-09-23,D1,M'gladbach,RB Leipzig,A,0.277066,0.269217,0.453717,1.3173,1.724
2324,2023-09-23,D1,Union Berlin,Hoffenheim,A,0.533454,0.267636,0.19891,1.7709,1.0174
2324,2023-09-23,D1,Werder Bremen,FC Koln,H,0.404243,0.276756,0.319001,1.5912,1.3974
2324,2023-09-24,D1,Ein Frankfurt,Freiburg,D,0.439027,0.27704,0.283933,1.6393,1.2888
2324,2023-09-24,D1,Leverkusen,Heidenheim,H,0.627352,0.222609,0.150039,2.1921,1.0149
2324,2023-09-29,D1,Hoffenheim,Dortmund,A,0.244485,0.223624,0.531891,1.5333,2.275
2324,2023-09-30,D1,Bochum,M'gladbach,A,0.319587,0.271969,0.408443,1.4332,1.6377
2324,2023-09-30,D1,FC Koln,Stuttgart,A,0.490205,0.271846,0.23795,1.7275,1.1565
2324,2023-09-30,D1,Heidenheim,Union Berlin,H,0.322013,0.309915,0.368072,1.1959,1.2923
2324,2023-09-30,D1,Mainz,Leverkusen,A,0.343942,0.274421,0.381638,1.4812,1.5676
2324,2023-09-30,D1,RB Leipzig,Bayern Munich,D,0.367812,0.262828,0.36936,1.6319,1.6356
2324,2023-09-30,D1,Wolfsburg,Ein Frankfurt,H,0.4815,0.264348,0.254152,1.7929,1.2659
2324,2023-10-01,D1,Darmstadt,Werder Bremen,H,0.482531,0.266494,0.250975,1.7732,1.2399
2324,2023-10-01,D1,Freiburg,Augsburg,H,0.593872,0.248161,0.157967,1.9266,0.9185
2324,2023-10-06,D1,M'gladbach,Mainz,D,0.482654,0.258133,0.259213,1.8545,1.3274
2324,2023-10-07,D1,Augsburg,Darmstadt,A,0.392834,0.293461,0.313705,1.4451,1.2727
2324,2023-10-07,D1,Dortmund,Union Berlin,H,0.608473,0.226244,0.165283,2.1786,1.0852
2324,2023-10-07,D1,RB Leipzig,Bochum,D,0.759649,0.167504,0.072847,2.5692,0.7295
2324,2023-10-07,D1,Stuttgart,Wolfsburg,H,0.337627,0.285527,0.376846,1.386,1.4733
2324,2023-10-07,D1,Werder Bremen,Hoffenheim,A,0.408172,0.264785,0.327044,1.6989,1.5086
2324,2023-10-08,D1,Bayern Munich,Freiburg,H,0.73003,0.170003,0.099967,2.7228,0.9796
2324,2023-10-08,D1,Ein Frankfurt,Heidenheim,H,0.54554,0.251059,0.203401,1.9386,1.1327
2324,2023-10-08,D1,Leverkusen,FC Koln,H,0.599917,0.232109,0.167974,2.1144,1.0642
2324,2023-10-20,D1,Dortmund,Werder Bremen,H,0.78887,0.133222,0.077908,3.2304,1.0411
2324,2023-10-21,D1,Darmstadt,RB Leipzig,A,0.22208,0.272363,0.505556,1.0903,1.7274
2324,2023-10-21,D1,Freiburg,Bochum,H,0.622563,0.233743,0.143694,2.0519,0.9127
2324,2023-10-21,D1,Hoffenheim,Ein Frankfurt,A,0.411396,0.264644,0.32396,1.7058,1.5007
2324,2023-10-21,D1,Mainz,Bayern Munich,A,0.185596,0.218782,0.595621,1.2565,2.3026
2324,2023-10-21,D1,Union Berlin,Stuttgart,A,0.561643,0.267501,0.170855,1.756,0.8888
2324,2023-10-21,D1,Wolfsburg,Leverkusen,A,0.40115,0.2742,0.324649,1.6066,1.4314
2324,2023-10-22,D1,FC Koln,M'gladbach,H,0.424845,0.269125,0.30603,1.6881,1.4131
2324,2023-10-22,D1,Heidenheim,Augsburg,A,0.498109,0.275917,0.225974,1.6933,1.0862
2324,2023-10-27,D1,Bochum,Mainz,D,0.330106,0.285628,0.384266,1.3663,1.4868
2324,2023-10-28,D1,Augsburg,Wolfsburg,H,0.296899,0.288649,0.414453,1.2555,1.5142
2324,2023-10-28,D1,Bayern Munich,Darmstadt,H,0.819389,0.122595,0.058016,3.2199,0.861
2324,2023-10-28,D1,M'gladbach,Heidenheim,H,0.530332,0.250461,0.219207,1.9491,1.2101
2324,2023-10-28,D1,RB Leipzig,FC Koln,H,0.668854,0.21292,0.118225,2.2169,0.8592
2324,2023-10-28,D1,Stuttgart,Hoffenheim,A,0.416172,0.272843,0.310986,1.643,1.4017
2324,2023-10-28,D1,Werder Bremen,Union Berlin,H,0.305146,0.297901,0.396954,1.2228,1.4205
2324,2023-10-29,D1,Ein Frankfurt,Dortmund,D,0.29464,0.237417,0.467943,1.6278,2.0636
2324,2023-10-29,D1,Leverkusen,Freiburg,H,0.520839,0.259537,0.219624,1.8536,1.1548
2324,2023-11-03,D1,Darmstadt,Bochum,A,0.526482,0.264491,0.209027,1.8034,1.0793
2324,2023-11-04,D1,Dortmund,Bayern Munich,A,0.397969,0.224884,0.377148,2.0869,2.0321
2324,2023-11-04,D1,FC Koln,Augsburg,D,0.527289,0.267319,0.205392,1.7754,1.0477
2324,2023-11-04,D1,Freiburg,M'gladbach,D,0.496744,0.261188,0.242068,1.8319,1.2388
2324,2023-11-04,D1,Hoffenheim,Leverkusen,A,0.332144,0.264107,0.403748,1.5285,1.6969
2324,2023-11-04,D1,Mainz,RB Leipzig,H,0.260361,0.279148,0.460491,1.1959,1.6436
2324,2023-11-04,D1,Union Berlin,Ein Frankfurt,A,0.477613,0.285002,0.237385,1.6062,1.0801
2324,2023-11-05,D1,Heidenheim,Stuttgart,H,0.460806,0.27871,0.260484,1.6476,1.199
2324,2023-11-05,D1,Wolfsburg,Werder Bremen,D,0.595897,0.232937,0.171165,2.1096,1.0772
2324,2023-11-10,D1,M'gladbach,Wolfsburg,H,0.420689,0.267791,0.311519,1.6934,1.4397
2324,2023-11-11,D1,Augsburg,Hoffenheim,D,0.369836,0.281547,0.348617,1.4883,1.4406
2324,2023-11-11,D1,Bayern Munich,Heidenheim,H,0.819389,0.122595,0.058016,3.2199,0.861
2324,2023-11-11,D1,Bochum,FC Koln,D,0.347329,0.289038,0.363633,1.3852,1.4212
2324,2023-11-11,D1,Darmstadt,Mainz,D,0.40399,0.283837,0.312174,1.5349,1.33
2324,2023-11-11,D1,Stuttgart,Dortmund,H,0.20756,0.22412,0.56832,1.3395,2.256
2324,2023-11-12,D1,Leverkusen,Union Berlin,H,0.481995,0.28304,0.234965,1.625,1.0818
2324,2023-11-12,D1,RB Leipzig,Freiburg,H,0.594216,0.24667,0.159114,1.9435,0.9324
2324,2023-11-12,D1,Werder Bremen,Ein Frankfurt,D,0.352275,0.269355,0.37837,1.541,1.6016
2324,2023-11-24,D1,FC Koln,Bayern Munich,A,0.171375,0.214646,0.613979,1.2011,2.3344
2324,2023-11-25,D1,Dortmund,M'gladbach,H,0.712474,0.165242,0.122284,2.9331,1.2301
2324,2023-11-25,D1,Ein Frankfurt,Stuttgart,A,0.55775,0.246814,0.195436,1.9799,1.1201
2324,2023-11-25,D1,Freiburg,Darmstadt,D,0.546941,0.260659,0.1924,1.8355,1.0253
2324,2023-11-25,D1,Union Berlin,Augsburg,D,0.594652,0.258984,0.146364,1.8048,0.8052
2324,2023-11-25,D1,Werder Bremen,Leverkusen,A,0.278289,0.260688,0.461024,1.3808,1.811
2324,2023-11-25,D1,Wolfsburg,RB Leipzig,H,0.309909,0.287936,0.402155,1.2971,1.5008
2324,2023-11-26,D1,Heidenheim,Bochum,D,0.526482,0.264491,0.209027,1.8034,1.0793
2324,2023-11-26,D1,Hoffenheim,Mainz,D,0.445781,0.266752,0.287467,1.7374,1.3698
2324,2023-12-01,D1,Darmstadt,FC Koln,A,0.421811,0.284553,0.293637,1.5561,1.2713
2324,2023-12-02,D1,Bochum,Wolfsburg,H,0.278172,0.280563,0.441265,1.2476,1.6126
2324,2023-12-02,D1,M'gladbach,Hoffenheim,H,0.508521,0.244969,0.24651,2.0074,1.3697
2324,2023-12-02,D1,RB Leipzig,Heidenheim,H,0.693602,0.201766,0.104632,2.2983,0.8195
2324,2023-12-02,D1,Stuttgart,Werder Bremen,H,0.471943,0.267818,0.260239,1.7534,1.2662
2324,2023-12-03,D1,Augsburg,Ein Frankfurt,H,0.318188,0.283351,0.398461,1.35,1.5294
2324,2023-12-03,D1,Leverkusen,Dortmund,D,0.377049,0.242547,0.380404,1.8407,1.849
2324,2023-12-03,D1,Mainz,Freiburg,A,0.397773,0.287563,0.314664,1.4964,1.3126
2324,2023-12-08,D1,Hoffenheim,Bochum,H,0.573262,0.240553,0.186185,2.0412,1.1116
2324,2023-12-09,D1,Dortmund,RB Leipzig,A,0.486762,0.245827,0.267411,1.9863,1.4505
2324,2023-12-09,D1,Ein Frankfurt,Bayern Munich,H,0.214452,0.224096,0.561452,1.3765,2.2608
2324,2023-12-09,D1,Heidenheim,Darmstadt,H,0.44916,0.281508,0.269332,1.6132,1.2125
2324,2023-12-09,D1,Union Berlin,M'gladbach,H,0.50376,0.273564,0.222676,1.716,1.086
2324,2023-12-09,D1,Werder Bremen,Augsburg,H,0.482705,0.270994,0.246301,1.7315,1.1939
2324,2023-12-09,D1,Wolfsburg,Freiburg,A,0.454722,0.28098,0.264298,1.623,1.1986
2324,2023-12-10,D1,FC Koln,Mainz,D,0.432789,0.279724,0.287487,1.6093,1.2829
2324,2023-12-10,D1,Stuttgart,Leverkusen,D,0.288134,0.272085,0.43978,1.3353,1.6826
2324,2023-12-15,D1,M'gladbach,Werder Bremen,D,0.566732,0.232826,0.200443,2.1424,1.2374
2324,2023-12-16,D1,Augsburg,Dortmund,D,0.175448,0.216389,0.608163,1.2134,2.3186
2324,2023-12-16,D1,Bochum,Union Berlin,H,0.259087,0.30206,0.438853,1.0645,1.4447
2324,2023-12-16,D1,Darmstadt,Wolfsburg,A,0.347427,0.286684,0.365889,1.4016,1.4426
2324,2023-12-16,D1,Mainz,Heidenheim,A,0.501106,0.267765,0.23113,1.7696,1.1536
2324,2023-12-16,D1,RB Leipzig,Hoffenheim,H,0.681164,0.200795,0.118041,2.367,0.9276
2324,2023-12-17,D1,Bayern Munich,Stuttgart,H,0.828611,0.117131,0.054258,3.2884,0.8514
2324,2023-12-17,D1,Freiburg,FC Koln,H,0.519619,0.267909,0.212472,1.7705,1.0751
2324,2023-12-17,D1,Leverkusen,Ein Frankfurt,H,0.550219,0.241328,0.208454,2.0478,1.2197
2324,2023-12-19,D1,Dortmund,Mainz,D,0.713562,0.170962,0.115476,2.7963,1.1168
2324,2023-12-19,D1,Hoffenheim,Darmstadt,D,0.493148,0.261618,0.245234,1.826,1.2488
2324,2023-12-19,D1,Werder Bremen,RB Leipzig,D,0.204554,0.254907,0.540539,1.1148,1.8987
2324,2023-12-20,D1,Ein Frankfurt,M'gladbach,H,0.492366,0.25094,0.256694,1.9348,1.3686
2324,2023-12-20,D1,Heidenheim,Freiburg,H,0.349949,0.293034,0.357017,1.3642,1.3796
2324,2023-12-20,D1,Leverkusen,Bochum,H,0.701499,0.191092,0.107409,2.4504,0.9035
2324,2023-12-20,D1,Stuttgart,Augsburg,H,0.488012,0.277634,0.234354,1.6744,1.1093
2324,2023-12-20,D1,Union Berlin,FC Koln,H,0.524189,0.27989,0.195921,1.6585,0.9424
2324,2023-12-20,D1,Wolfsburg,Bayern Munich,A,0.231945,0.237115,0.53094,1.3628,2.1026
2324,2024-01-12,D1,Bayern Munich,Hoffenheim,H,0.810657,0.123217,0.066127,3.3162,0.9745
2324,2024-01-13,D1,Augsburg,Leverkusen,A,0.250396,0.270955,0.478649,1.2096,1.7294
2324,2024-01-13,D1,Darmstadt,Dortmund,A,0.21644,0.228209,0.555351,1.3546,2.209
2324,2024-01-13,D1,FC Koln,Heidenheim,D,0.478376,0.275144,0.24648,1.6915,1.1696
2324,2024-01-13,D1,Freiburg,Union Berlin,D,0.409459,0.309376,0.281165,1.3607,1.0928
2324,2024-01-13,D1,Mainz,Wolfsburg,D,0.395857,0.281723,0.32242,1.5374,1.3725
2324,2024-01-13,D1,RB Leipzig,Ein Frankfurt,A,0.625202,0.226188,0.14861,2.147,0.9848
2324,2024-01-14,D1,Bochum,Werder Bremen,D,0.403409,0.278162,0.318429,1.5784,1.386
2324,2024-01-14,D1,M'gladbach,Stuttgart,H,0.542715,0.246503,0.210783,1.9906,1.1966
2324,2024-01-20,D1,Bochum,Stuttgart,H,0.384379,0.28841,0.327211,1.4666,1.3403
2324,2024-01-20,D1,Darmstadt,Ein Frankfurt,D,0.371308,0.279467,0.349226,1.507,1.4571
2324,2024-01-20,D1,FC Koln,Dortmund,A,0.240378,0.234784,0.524838,1.4203,2.1307
2324,2024-01-20,D1,Freiburg,Hoffenheim,H,0.528089,0.255952,0.215958,1.8904,1.1606
2324,2024-01-20,D1,Heidenheim,Wolfsburg,D,0.347427,0.286684,0.365889,1.4016,1.4426
2324,2024-01-20,D1,RB Leipzig,Leverkusen,A,0.546601,0.252368,0.20103,1.9238,1.1135
2324,2024-01-21,D1,Bayern Munich,Werder Bremen,A,0.849308,0.102786,0.047906,3.5392,0.8804
2324,2024-01-21,D1,M'gladbach,Augsburg,A,0.58065,0.239552,0.179798,2.0459,1.084
2324,2024-01-24,D1,Bayern Munich,Union Berlin,H,0.687026,0.198253,0.114721,2.3869,0.9177
2324,2024-01-26,D1,Ein Frankfurt,Mainz,H,0.498898,0.260012,0.24109,1.8445,1.2425
2324,2024-01-27,D1,Augsburg,Bayern Munich,A,0.120832,0.18902,0.690148,1.0261,2.5402
2324,2024-01-27,D1,Hoffenheim,Heidenheim,D,0.493148,0.261618,0.245234,1.826,1.2488
2324,2024-01-27,D1,Leverkusen,M'gladbach,D,0.578713,0.22854,0.192747,2.1877,1.2263
2324,2024-01-27,D1,Stuttgart,RB Leipzig,H,0.214064,0.268573,0.517363,1.0781,1.7642
2324,2024-01-27,D1,Werder Bremen,Freiburg,H,0.331877,0.282114,0.386009,1.3949,1.5164
2324,2024-01-27,D1,Wolfsburg,FC Koln,D,0.531917,0.259652,0.208431,1.8513,1.1045
2324,2024-01-28,D1,Dortmund,Bochum,H,0.818877,0.12101,0.060113,3.2854,0.9063
2324,2024-01-28,D1,Union Berlin,Darmstadt,H,0.550231,0.272123,0.177646,1.7194,0.8988
2324,2024-02-02,D1,Heidenheim,Dortmund,D,0.21644,0.228209,0.555351,1.3546,2.209
2324,2024-02-03,D1,Bayern Munich,M'gladbach,H,0.786921,0.134384,0.078695,3.2135,1.0403
2324,2024-02-03,D1,Bochum,Augsburg,D,0.421644,0.290864,0.287492,1.5073,1.2142
2324,2024-02-03,D1,Darmstadt,Leverkusen,A,0.297657,0.274367,0.427976,1.3504,1.6476
2324,2024-02-03,D1,FC Koln,Ein Frankfurt,H,0.399848,0.277185,0.322966,1.5801,1.4055
2324,2024-02-03,D1,Freiburg,Stuttgart,A,0.55879,0.256254,0.184956,1.8746,1.0139
2324,2024-02-03,D1,Mainz,Werder Bremen,A,0.53628,0.250742,0.212978,1.9451,1.1797
2324,2024-02-04,D1,RB Leipzig,Union Berlin,H,0.55283,0.273583,0.173587,1.7037,0.8734
2324,2024-02-04,D1,Wolfsburg,Hoffenheim,D,0.540544,0.247795,0.211662,1.9767,1.1924
2324,2024-02-07,D1,Mainz,Union Berlin,D,0.366299,0.30628,0.327421,1.3118,1.2296
2324,2024-02-09,D1,Dortmund,Freiburg,H,0.651861,0.199691,0.148447,2.4852,1.1584
2324,2024-02-10,D1,Augsburg,RB Leipzig,D,0.184091,0.262463,0.553445,0.9767,1.8132
2324,2024-02-10,D1,Ein Frankfurt,Bochum,D,0.623818,0.224945,0.151237,2.1671,1.0083
2324,2024-02-10,D1,Leverkusen,Bayern Munich,H,0.284859,0.241278,0.473862,1.5565,2.0258
2324,2024-02-10,D1,M'gladbach,Darmstadt,D,0.530332,0.250461,0.219207,1.9491,1.2101
2324,2024-02-10,D1,Union Berlin,Wolfsburg,H,0.450873,0.296852,0.252275,1.4938,1.0694
2324,2024-02-10,D1,Werder Bremen,Heidenheim,A,0.432182,0.274803,0.293015,1.6496,1.3328
2324,2024-02-11,D1,Hoffenheim,FC Koln,D,0.464459,0.266286,0.269256,1.7614,1.3093
2324,2024-02-11,D1,Stuttgart,Mainz,H,0.393791,0.283808,0.322401,1.5178,1.3583
2324,2024-02-16,D1,FC Koln,Werder Bremen,A,0.512783,0.258931,0.228286,1.8592,1.1959
2324,2024-02-17,D1,Darmstadt,Stuttgart,A,0.460806,0.27871,0.260484,1.6476,1.199
2324,2024-02-17,D1,Heidenheim,Leverkusen,A,0.297657,0.274367,0.427976,1.3504,1.6476
2324,2024-02-17,D1,Hoffenheim,Union Berlin,A,0.356797,0.29686,0.346344,1.3536,1.331
2324,2024-02-17,D1,Mainz,Augsburg,H,0.550124,0.258397,0.191479,1.8574,1.0334
2324,2024-02-17,D1,RB Leipzig,M'gladbach,H,0.653138,0.211244,0.135619,2.2937,0.9901
2324,2024-02-17,D1,Wolfsburg,Dortmund,D,0.31383,0.247103,0.439067,1.6116,1.9192
2324,2024-02-18,D1,Bochum,Bayern Munich,H,0.107256,0.173767,0.718977,1.0197,2.7053
2324,2024-02-18,D1,Freiburg,Ein Frankfurt,D,0.470046,0.271902,0.258052,1.7147,1.2321
2324,2024-02-23,D1,Leverkusen,Mainz,H,0.582481,0.23617,0.18135,2.0856,1.1133
2324,2024-02-24,D1,Bayern Munich,RB Leipzig,H,0.576221,0.229602,0.194177,2.1761,1.2266
2324,2024-02-24,D1,M'gladbach,Bochum,H,0.61034,0.22599,0.163671,2.1789,1.0772
2324,2024-02-24,D1,Stuttgart,FC Koln,D,0.411621,0.28489,0.303489,1.5387,1.2984
2324,2024-02-24,D1,Union Berlin,Heidenheim,D,0.550231,0.272123,0.177646,1.7194,0.8988
2324,2024-02-24,D1,Werder Bremen,Darmstadt,D,0.432182,0.274803,0.293015,1.6496,1.3328
2324,2024-02-25,D1,Augsburg,Freiburg,H,0.299945,0.295626,0.404429,1.222,1.4481
2324,2024-02-25,D1,Dortmund,Hoffenheim,A,0.741276,0.154358,0.104366,3.0269,1.1524
2324,2024-02-25,D1,Ein Frankfurt,Wolfsburg,D,0.437575,0.27158,0.290845,1.6843,1.3476
2324,2024-03-01,D1,Freiburg,Bayern Munich,D,0.226662,0.241838,0.5315,1.3034,2.0465
2324,2024-03-02,D1,Bochum,RB Leipzig,A,0.168724,0.24914,0.582136,0.9705,1.931
2324,2024-03-02,D1,Darmstadt,Augsburg,A,0.498109,0.275917,0.225974,1.6933,1.0862
2324,2024-03-02,D1,Heidenheim,Ein Frankfurt,A,0.371308,0.279467,0.349226,1.507,1.4571
2324,2024-03-02,D1,Mainz,M'gladbach,D,0.447613,0.263865,0.288521,1.7661,1.3939
2324,2024-03-02,D1,Union Berlin,Dortmund,A,0.322198,0.271544,0.406259,1.4438,1.6375
2324,2024-03-02,D1,Wolfsburg,Stuttgart,A,0.571634,0.247578,0.180788,1.9601,1.0417
2324,2024-03-03,D1,FC Koln,Leverkusen,A,0.323901,0.276086,0.400013,1.4158,1.5892
2324,2024-03-03,D1,Hoffenheim,Werder Bremen,H,0.528545,0.245273,0.226182,2.0071,1.2769
2324,2024-03-08,D1,Stuttgart,Union Berlin,H,0.313094,0.308451,0.378455,1.1825,1.3198
2324,2024-03-09,D1,Augsburg,Heidenheim,H,0.392834,0.293461,0.313705,1.4451,1.2727
2324,2024-03-09,D1,Bayern Munich,Mainz,H,0.785406,0.139708,0.074886,3.0636,0.9444
2324,2024-03-09,D1,M'gladbach,FC Koln,D,0.501404,0.256592,0.242004,1.8801,1.2688
2324,2024-03-09,D1,RB Leipzig,Darmstadt,H,0.693602,0.201766,0.104632,2.2983,0.8195
2324,2024-03-09,D1,Werder Bremen,Dortmund,A,0.196304,0.21058,0.593115,1.3851,2.428
2324,2024-03-10,D1,Bochum,Freiburg,A,0.281565,0.287793,0.430642,1.2143,1.5422
2324,2024-03-10,D1,Ein Frankfurt,Hoffenheim,H,0.525054,0.246206,0.22874,1.9966,1.2821
2324,2024-03-10,D1,Leverkusen,Wolfsburg,H,0.520694,0.254643,0.224662,1.9045,1.2075
2324,2024-03-15,D1,FC Koln,RB Leipzig,A,0.243863,0.277994,0.478142,1.1431,1.6662
2324,2024-03-16,D1,Darmstadt,Bayern Munich,A,0.152306,0.205133,0.642562,1.1455,2.4201
2324,2024-03-16,D1,Heidenheim,M'gladbach,D,0.39528,0.272471,0.33225,1.61,1.465
2324,2024-03-16,D1,Hoffenheim,Stuttgart,A,0.505376,0.25821,0.236413,1.8649,1.2349
2324,2024-03-16,D1,Mainz,Bochum,H,0.579147,0.245361,0.175493,1.9781,1.0269
2324,2024-03-16,D1,Union Berlin,Werder Bremen,H,0.585429,0.252412,0.162159,1.8899,0.9191
2324,2024-03-16,D1,Wolfsburg,Augsburg,A,0.60708,0.239053,0.153867,2.0146,0.9437
2324,2024-03-17,D1,Dortmund,Ein Frankfurt,H,0.683789,0.179887,0.136324,2.7455,1.2235
2324,2024-03-17,D1,Freiburg,Leverkusen,A,0.391399,0.280811,0.32779,1.5364,1.3932
2324,2024-03-30,D1,Bayern Munich,Dortmund,A,0.607723,0.192957,0.19932,2.7037,1.5685
2324,2024-03-30,D1,Ein Frankfurt,Union Berlin,D,0.404707,0.297232,0.298061,1.4371,1.2073
2324,2024-03-30,D1,Leverkusen,Hoffenheim,H,0.610206,0.220362,0.169432,2.2576,1.1488
2324,2024-03-30,D1,M'gladbach,Freiburg,A,0.422593,0.273379,0.304029,1.6482,1.3769
2324,2024-03-30,D1,RB Leipzig,Mainz,D,0.653502,0.218257,0.128241,2.1867,0.8989
2324,2024-03-30,D1,Werder Bremen,Wolfsburg,A,0.32882,0.275553,0.395627,1.4332,1.5856
2324,2024-03-31,D1,Augsburg,FC Koln,D,0.366702,0.293888,0.339411,1.3939,1.3344
2324,2024-03-31,D1,Bochum,Darmstadt,D,0.373421,0.289756,0.336822,1.436,1.3554
2324,2024-03-31,D1,Stuttgart,Heidenheim,D,0.438924,0.282354,0.278722,1.5953,1.2383
2324,2024-04-05,D1,Ein Frankfurt,Werder Bremen,D,0.581921,0.232649,0.185431,2.1309,1.1582
2324,2024-04-06,D1,Dortmund,Stuttgart,A,0.765403,0.148359,0.086238,3.0015,1.0068
2324,2024-04-06,D1,FC Koln,Bochum,H,0.556031,0.254925,0.189044,1.8908,1.0411
2324,2024-04-06,D1,Freiburg,RB Leipzig,A,0.302502,0.293727,0.403772,1.2405,1.4607
2324,2024-04-06,D1,Heidenheim,Bayern Munich,H,0.152306,0.205133,0.642562,1.1455,2.4201
2324,2024-04-06,D1,Mainz,Darmstadt,H,0.501106,0.267765,0.23113,1.7696,1.1536
2324,2024-04-06,D1,Union Berlin,Leverkusen,A,0.40224,0.296401,0.301359,1.4393,1.2213
2324,2024-04-07,D1,Hoffenheim,Augsburg,H,0.543778,0.253132,0.20309,1.9167,1.1186
2324,2024-04-07,D1,Wolfsburg,M'gladbach,A,0.508701,0.253422,0.237877,1.9155,1.2728
2324,2024-04-12,D1,Augsburg,Union Berlin,H,0.276032,0.310741,0.413227,1.0712,1.3565
2324,2024-04-13,D1,Bayern Munich,FC Koln,H,0.798443,0.133783,0.067773,3.1058,0.9027
2324,2024-04-13,D1,Bochum,Heidenheim,D,0.373421,0.289756,0.336822,1.436,1.3554
2324,2024-04-13,D1,M'gladbach,Dortmund,A,0.275592,0.22797,0.496438,1.6367,2.2046
2324,2024-04-13,D1,Mainz,Hoffenheim,H,0.479798,0.261171,0.259031,1.8225,1.3058
2324,2024-04-13,D1,RB Leipzig,Wolfsburg,H,0.595667,0.242007,0.162326,1.9968,0.9749
2324,2024-04-13,D1,Stuttgart,Ein Frankfurt,H,0.361108,0.27873,0.360162,1.4902,1.4881
2324,2024-04-14,D1,Darmstadt,Freiburg,A,0.349949,0.293034,0.357017,1.3642,1.3796
2324,2024-04-14,D1,Leverkusen,Werder Bremen,H,0.664201,0.201918,0.133881,2.4094,1.0378
2324,2024-04-19,D1,Ein Frankfurt,Augsburg,H,0.594487,0.23903,0.166484,2.0348,1.0147
2324,2024-04-20,D1,FC Koln,Darmstadt,A,0.478376,0.275144,0.24648,1.6915,1.1696
2324,2024-04-20,D1,Heidenheim,RB Leipzig,A,0.22208,0.272363,0.505556,1.0903,1.7274
2324,2024-04-20,D1,Hoffenheim,M'gladbach,H,0.437301,0.256489,0.30621,1.8224,1.5088
2324,2024-04-20,D1,Union Berlin,Bayern Munich,A,0.243421,0.264838,0.491741,1.2209,1.794
2324,2024-04-20,D1,Wolfsburg,Bochum,H,0.635995,0.224482,0.139524,2.1455,0.9377
2324,2024-04-21,D1,Dortmund,Leverkusen,D,0.599657,0.207968,0.192375,2.4601,1.3835
2324,2024-04-21,D1,Freiburg,Mainz,D,0.502163,0.270248,0.227589,1.7464,1.1247
2324,2024-04-21,D1,Werder Bremen,Stuttgart,H,0.443989,0.272431,0.283579,1.6847,1.3179
2324,2024-04-26,D1,Bochum,Hoffenheim,H,0.349574,0.276605,0.373821,1.479,1.5342
2324,2024-04-27,D1,Augsburg,Werder Bremen,A,0.423575,0.280795,0.29563,1.5884,1.3014
2324,2024-04-27,D1,Bayern Munich,Ein Frankfurt,H,0.760985,0.149476,0.08954,3.0079,1.0346
2324,2024-04-27,D1,Freiburg,Wolfsburg,A,0.44285,0.282959,0.27419,1.5947,1.2199
2324,2024-04-27,D1,Leverkusen,Stuttgart,D,0.639297,0.217402,0.143301,2.2387,1.0036
2324,2024-04-27,D1,RB Leipzig,Dortmund,H,0.465271,0.249295,0.285434,1.9299,1.4929
2324,2024-04-28,D1,Darmstadt,Heidenheim,A,0.44916,0.281508,0.269332,1.6132,1.2125
2324,2024-04-28,D1,M'gladbach,Union Berlin,D,0.389195,0.292622,0.318183,1.4449,1.2898
2324,2024-04-28,D1,Mainz,FC Koln,D,0.473157,0.273027,0.253816,1.7069,1.2096
2324,2024-05-03,D1,Hoffenheim,RB Leipzig,D,0.248735,0.266042,0.485224,1.2341,1.7791
2324,2024-05-04,D1,Dortmund,Augsburg,H,0.79412,0.13599,0.069889,3.0848,0.912
2324,2024-05-04,D1,FC Koln,Freiburg,D,0.376947,0.291531,0.331522,1.4303,1.3307
2324,2024-05-04,D1,Stuttgart,Bayern Munich,H,0.14514,0.19997,0.65489,1.1327,2.4716
2324,2024-05-04,D1,Werder Bremen,M'gladbach,D,0.375957,0.263356,0.360687,1.6463,1.6103
2324,2024-05-04,D1,Wolfsburg,Darmstadt,H,0.559632,0.252091,0.188277,1.9193,1.0534
2324,2024-05-05,D1,Ein Frankfurt,Leverkusen,A,0.383852,0.268197,0.347951,1.6227,1.5391
2324,2024-05-05,D1,Heidenheim,Mainz,D,0.40399,0.283837,0.312174,1.5349,1.33
2324,2024-05-05,D1,Union Berlin,Bochum,A,0.622574,0.244112,0.133314,1.9221,0.8001
2324,2024-05-10,D1,Augsburg,Stuttgart,A,0.403871,0.291671,0.304458,1.4759,1.2585
2324,2024-05-11,D1,FC Koln,Union Berlin,H,0.346995,0.309484,0.34352,1.2539,1.2466
2324,2024-05-11,D1,Freiburg,Heidenheim,D,0.546941,0.260659,0.1924,1.8355,1.0253
2324,2024-05-11,D1,M'gladbach,Ein Frankfurt,D,0.448051,0.258142,0.293807,1.8208,1.4542
2324,2024-05-11,D1,Mainz,Dortmund,H,0.258395,0.236696,0.504909,1.4859,2.1017
2324,2024-05-11,D1,RB Leipzig,Werder Bremen,D,0.728898,0.17954,0.091561,2.5262,0.8379
2324,2024-05-12,D1,Bayern Munich,Wolfsburg,H,0.732415,0.166061,0.101524,2.7975,1.0243
2324,2024-05-12,D1,Bochum,Leverkusen,A,0.23214,0.260548,0.507312,1.202,1.8418
2324,2024-05-12,D1,Darmstadt,Hoffenheim,A,0.426765,0.272533,0.300702,1.6615,1.3725
2324,2024-05-18,D1,Dortmund,Darmstadt,H,0.754499,0.154,0.091501,2.939,1.0181
2324,2024-05-18,D1,Ein Frankfurt,RB Leipzig,D,0.293505,0.27844,0.428054,1.3102,1.6137
2324,2024-05-18,D1,Heidenheim,FC Koln,H,0.421811,0.284553,0.293637,1.5561,1.2713
2324,2024-05-18,D1,Hoffenheim,Bayern Munich,H,0.172723,0.203359,0.623917,1.2966,2.4925
2324,2024-05-18,D1,Leverkusen,Augsburg,H,0.673118,0.206631,0.120251,2.3009,0.9092
2324,2024-05-18,D1,Stuttgart,M'gladbach,H,0.384736,0.272151,0.343113,1.5921,1.4962
2324,2024-05-18,D1,Union Berlin,Freiburg,H,0.451219,0.302288,0.246493,1.454,1.0227
2324,2024-05-18,D1,Werder Bremen,Bochum,H,0.511379,0.260407,0.228214,1.844,1.1864
2324,2024-05-18,D1,Wolfsburg,Mainz,A,0.514183,0.262229,0.223588,1.8261,1.1555
2425,2024-08-23,D1,M'gladbach,Leverkusen,A,0.195635,0.228431,0.575934,1.2319,2.1777
2425,2024-08-24,D1,Augsburg,Werder Bremen,D,0.409454,0.282766,0.30778,1.5394,1.3129
2425,2024-08-24,D1,Dortmund,Ein Frankfurt,H,0.639865,0.206121,0.154013,2.3963,1.1395
2425,2024-08-24,D1,Freiburg,Stuttgart,H,0.338313,0.278619,0.383068,1.4241,1.5252
2425,2024-08-24,D1,Hoffenheim,Holstein Kiel,H,0.515215,0.23994,0.244845,2.0536,1.3891
2425,2024-08-24,D1,Mainz,Union Berlin,D,0.436689,0.311264,0.252047,1.3671,0.9871
2425,2024-08-24,D1,RB Leipzig,Bochum,H,0.806409,0.133555,0.060036,3.0005,0.792
2425,2024-08-25,D1,St Pauli,Heidenheim,A,0.398766,0.282029,0.319205,1.5277,1.3499
2425,2024-08-25,D1,Wolfsburg,Bayern Munich,A,0.198746,0.22356,0.577694,1.2847,2.2418
2425,2024-08-30,D1,Union Berlin,St Pauli,H,0.427866,0.302222,0.269912,1.42,1.0866
2425,2024-08-31,D1,Bochum,M'gladbach,A,0.33071,0.250594,0.418696,1.6238,1.8376
2425,2024-08-31,D1,Ein Frankfurt,Hoffenheim,H,0.501089,0.239903,0.259009,2.0488,1.4512
2425,2024-08-31,D1,Holstein Kiel,Wolfsburg,A,0.409158,0.288864,0.301977,1.4924,1.2574
2425,2024-08-31,D1,Leverkusen,RB Leipzig,A,0.49626,0.264431,0.23931,1.7866,1.1959
2425,2024-08-31,D1,Stuttgart,Mainz,D,0.570164,0.249687,0.180149,1.9235,1.0159
2425,2024-08-31,D1,Werder Bremen,Dortmund,D,0.235075,0.244717,0.520207,1.31,1.9994
2425,2024-09-01,D1,Bayern Munich,Freiburg,H,0.750915,0.154645,0.09444,2.9337,1.0345
2425,2024-09-01,D1,Heidenheim,Augsburg,H,0.520447,0.261451,0.218101,1.8207,1.1257
2425,2024-09-13,D1,Dortmund,Heidenheim,H,0.664546,0.198044,0.13741,2.4592,1.08
2425,2024-09-14,D1,Freiburg,Bochum,H,0.597982,0.232805,0.169214,2.0939,1.0564
2425,2024-09-14,D1,Hoffenheim,Leverkusen,A,0.208174,0.227595,0.564232,1.3052,2.1982
2425,2024-09-14,D1,Holstein Kiel,Bayern Munich,A,0.175551,0.206429,0.618021,1.2796,2.4399
2425,2024-09-14,D1,M'gladbach,Stuttgart,A,0.335134,0.252473,0.412393,1.6209,1.8077
2425,2024-09-14,D1,RB Leipzig,Union Berlin,D,0.67385,0.217314,0.108836,2.1173,0.761
2425,2024-09-14,D1,Wolfsburg,Ein Frankfurt,A,0.398876,0.28641,0.314714,1.4945,1.3086
2425,2024-09-15,D1,Augsburg,St Pauli,H,0.414928,0.282191,0.302881,1.5523,1.3025
2425,2024-09-15,D1,Mainz,Werder Bremen,A,0.453711,0.286698,0.259591,1.5626,1.1382
2425,2024-09-20,D1,Augsburg,Mainz,A,0.383521,0.295965,0.320514,1.3994,1.2635
2425,2024-09-21,D1,Bochum,Holstein Kiel,D,0.348923,0.274929,0.376148,1.4778,1.5398
2425,2024-09-21,D1,Ein Frankfurt,M'gladbach,H,0.514065,0.241975,0.24396,2.0297,1.3697
2425,2024-09-21,D1,Heidenheim,Freiburg,A,0.447377,0.278571,0.274052,1.6231,1.2351
2425,2024-09-21,D1,Union Berlin,Hoffenheim,H,0.405748,0.277516,0.316736,1.575,1.3739
2425,2024-09-21,D1,Werder Bremen,Bayern Munich,A,0.179633,0.208391,0.611976,1.2899,2.4197
2425,2024-09-22,D1,Leverkusen,Wolfsburg,H,0.710236,0.192705,0.097059,2.3616,0.7992
2425,2024-09-22,D1,St Pauli,RB Leipzig,D,0.210636,0.255394,0.53397,1.129,1.8817
2425,2024-09-22,D1,Stuttgart,Dortmund,H,0.376769,0.255239,0.367992,1.707,1.6859
2425,2024-09-27,D1,Dortmund,Bochum,H,0.810201,0.125745,0.064054,3.2148,0.9116
2425,2024-09-28,D1,Bayern Munich,Leverkusen,D,0.470206,0.241098,0.288696,2.0111,1.5613
2425,2024-09-28,D1,Freiburg,St Pauli,A,0.483882,0.27274,0.243378,1.7031,1.1611
2425,2024-09-28,D1,M'gladbach,Union Berlin,H,0.469113,0.274053,0.256835,1.6817,1.2031
2425,2024-09-28,D1,Mainz,Heidenheim,A,0.415166,0.291435,0.293399,1.4819,1.217
2425,2024-09-28,D1,RB Leipzig,Augsburg,H,0.732589,0.177084,0.090327,2.5379,0.8319
2425,2024-09-28,D1,Wolfsburg,Stuttgart,D,0.325621,0.282545,0.391834,1.3637,1.5115
2425,2024-09-29,D1,Hoffenheim,Werder Bremen,A,0.509102,0.241242,0.249656,2.0367,1.4003
2425,2024-09-29,D1,Holstein Kiel,Ein Frankfurt,A,0.373834,0.280991,0.345175,1.4886,1.4242
2425,2024-10-04,D1,Augsburg,M'gladbach,H,0.401435,0.261206,0.337359,1.7057,1.5543
2425,2024-10-05,D1,Bochum,Wolfsburg,A,0.317894,0.280331,0.401774,1.3578,1.546
2425,2024-10-05,D1,Leverkusen,Holstein Kiel,D,0.745654,0.171473,0.082873,2.5703,0.796
2425,2024-10-05,D1,St Pauli,Mainz,A,0.41102,0.293024,0.295956,1.4644,1.2149
2425,2024-10-05,D1,Union Berlin,Dortmund,H,0.230589,0.268502,0.500908,1.1361,1.7492
2425,2024-10-05,D1,Werder Bremen,Freiburg,A,0.406212,0.284888,0.308899,1.5179,1.3023
2425,2024-10-06,D1,Ein Frankfurt,Bayern Munich,D,0.23415,0.225492,0.540357,1.4552,2.2361
2425,2024-10-06,D1,Heidenheim,RB Leipzig,A,0.246738,0.265759,0.487502,1.2169,1.7698
2425,2024-10-06,D1,Stuttgart,Hoffenheim,D,0.594354,0.213595,0.192051,2.3665,1.3241
2425,2024-10-18,D1,Dortmund,St Pauli,H,0.708384,0.18005,0.111567,2.6147,1.002
2425,2024-10-19,D1,Bayern Munich,Stuttgart,H,0.652404,0.189795,0.157801,2.6461,1.2961
2425,2024-10-19,D1,Freiburg,Augsburg,H,0.512351,0.266438,0.221211,1.7711,1.1096
2425,2024-10-19,D1,Hoffenheim,Bochum,H,0.637274,0.198799,0.163927,2.525,1.2638
2425,2024-10-19,D1,Leverkusen,Ein Frankfurt,H,0.684686,0.199737,0.115576,2.3555,0.9052
2425,2024-10-19,D1,M'gladbach,Heidenheim,H,0.443242,0.255943,0.300815,1.8231,1.4833
2425,2024-10-19,D1,Mainz,RB Leipzig,A,0.228424,0.2741,0.497477,1.0952,1.6964
2425,2024-10-20,D1,Holstein Kiel,Union Berlin,A,0.423059,0.302966,0.273975,1.4093,1.0949
2425,2024-10-20,D1,Wolfsburg,Werder Bremen,A,0.462718,0.280955,0.256326,1.6173,1.16
2425,2024-10-25,D1,Mainz,M'gladbach,D,0.449736,0.266494,0.283769,1.7313,1.3474
2425,2024-10-26,D1,Augsburg,Dortmund,H,0.207609,0.235879,0.556513,1.2419,2.0967
2425,2024-10-26,D1,RB Leipzig,Freiburg,H,0.665535,0.209761,0.124704,2.2624,0.9128
2425,2024-10-26,D1,St Pauli,Wolfsburg,D,0.409158,0.288864,0.301977,1.4924,1.2574
2425,2024-10-26,D1,Stuttgart,Holstein Kiel,H,0.608426,0.22851,0.163064,2.1336,1.0473
2425,2024-10-26,D1,Werder Bremen,Leverkusen,D,0.180557,0.245728,0.573715,1.0406,1.9654
2425,2024-10-27,D1,Bochum,Bayern Munich,A,0.108187,0.156329,0.735483,1.1642,2.9999
2425,2024-10-27,D1,Heidenheim,Hoffenheim,D,0.469311,0.247327,0.283362,1.9418,1.4893
2425,2024-10-27,D1,Union Berlin,Ein Frankfurt,D,0.362991,0.305102,0.331907,1.3014,1.2357
2425,2024-11-01,D1,Leverkusen,Stuttgart,D,0.612096,0.226859,0.161045,2.1493,1.0456
2425,2024-11-02,D1,Bayern Munich,Union Berlin,H,0.758085,0.159896,0.082019,2.7455,0.8626
2425,2024-11-02,D1,Dortmund,RB Leipzig,H,0.437444,0.255694,0.306862,1.8175,1.5055
2425,2024-11-02,D1,Ein Frankfurt,Bochum,H,0.636935,0.214628,0.148437,2.2711,1.0442
2425,2024-11-02,D1,Hoffenheim,St Pauli,A,0.515215,0.23994,0.244845,2.0536,1.3891
2425,2024-11-02,D1,Holstein Kiel,Heidenheim,H,0.398766,0.282029,0.319205,1.5277,1.3499
2425,2024-11-02,D1,Wolfsburg,Augsburg,D,0.49631,0.27411,0.22958,1.696,1.0997
2425,2024-11-03,D1,Freiburg,Mainz,D,0.449378,0.289639,0.260983,1.5354,1.1263
2425,2024-11-03,D1,M'gladbach,Werder Bremen,H,0.486158,0.250488,0.263354,1.9223,1.3872
2425,2024-11-08,D1,Union Berlin,Freiburg,D,0.387701,0.309563,0.302735,1.3165,1.1393
2425,2024-11-09,D1,Bochum,Leverkusen,D,0.114951,0.19347,0.691579,0.9392,2.4367
2425,2024-11-09,D1,Mainz,Dortmund,H,0.249885,0.260913,0.489202,1.2606,1.8176
2425,2024-11-09,D1,RB Leipzig,M'gladbach,D,0.711583,0.17603,0.112386,2.6816,1.0388
2425,2024-11-09,D1,St Pauli,Bayern Munich,A,0.175551,0.206429,0.618021,1.2796,2.4399
2425,2024-11-09,D1,Werder Bremen,Holstein Kiel,H,0.449417,0.277132,0.273451,1.6373,1.242
2425,2024-11-10,D1,Augsburg,Hoffenheim,D,0.387498,0.256285,0.356217,1.7217,1.6468
2425,2024-11-10,D1,Heidenheim,Wolfsburg,A,0.455384,0.281249,0.263368,1.6086,1.1826
2425,2024-11-10,D1,Stuttgart,Ein Frankfurt,A,0.53667,0.24856,0.21477,1.9553,1.191
2425,2024-11-22,D1,Bayern Munich,Augsburg,H,0.813485,0.12242,0.064095,3.2909,0.9429
2425,2024-11-23,D1,Dortmund,Freiburg,H,0.664566,0.200084,0.135349,2.4241,1.0506
2425,2024-11-23,D1,Ein Frankfurt,Werder Bremen,H,0.51588,0.260328,0.223792,1.8319,1.157
2425,2024-11-23,D1,Hoffenheim,RB Leipzig,H,0.248459,0.237105,0.514436,1.4275,2.0871
2425,2024-11-23,D1,Leverkusen,Heidenheim,H,0.706509,0.190703,0.102788,2.4174,0.8579
2425,2024-11-23,D1,Stuttgart,Bochum,H,0.720244,0.176549,0.103207,2.6233,0.9528
2425,2024-11-23,D1,Wolfsburg,Union Berlin,H,0.445373,0.305418,0.24921,1.4149,1.006
2425,2024-11-24,D1,Holstein Kiel,Mainz,A,0.41102,0.293024,0.295956,1.4644,1.2149
2425,2024-11-24,D1,M'gladbach,St Pauli,H,0.492167,0.249344,0.25849,1.9383,1.3762
2425,2024-11-29,D1,St Pauli,Holstein Kiel,H,0.443878,0.277974,0.278148,1.6243,1.2524
2425,2024-11-30,D1,Augsburg,Bochum,H,0.527355,0.252969,0.219676,1.9085,1.185
2425,2024-11-30,D1,Dortmund,Bayern Munich,D,0.406814,0.227892,0.365293,2.0599,1.9521
2425,2024-11-30,D1,Freiburg,M'gladbach,H,0.474779,0.254552,0.270668,1.8714,1.3856
2425,2024-11-30,D1,RB Leipzig,Wolfsburg,A,0.670763,0.209887,0.11935,2.2422,0.874
2425,2024-11-30,D1,Union Berlin,Leverkusen,A,0.179205,0.270765,0.55003,0.9025,1.7195
2425,2024-11-30,D1,Werder Bremen,Stuttgart,D,0.305704,0.273531,0.420765,1.3692,1.6315
2425,2024-12-01,D1,Heidenheim,Ein Frankfurt,A,0.420237,0.27669,0.303073,1.6044,1.3395
2425,2024-12-01,D1,Mainz,Hoffenheim,H,0.436861,0.262972,0.300167,1.7476,1.4276
2425,2024-12-06,D1,Stuttgart,Union Berlin,H,0.578061,0.255491,0.166448,1.8512,0.9156
2425,2024-12-07,D1,Bayern Munich,Heidenheim,H,0.751377,0.152893,0.09573,2.9762,1.0635
2425,2024-12-07,D1,Bochum,Werder Bremen,A,0.343601,0.274789,0.38161,1.4655,1.5522
2425,2024-12-07,D1,Ein Frankfurt,Augsburg,D,0.550464,0.251195,0.198341,1.921,1.0969
2425,2024-12-07,D1,Holstein Kiel,RB Leipzig,A,0.210636,0.255394,0.53397,1.129,1.8817
2425,2024-12-07,D1,Leverkusen,St Pauli,H,0.745654,0.171473,0.082873,2.5703,0.796
2425,2024-12-07,D1,M'gladbach,Dortmund,D,0.256681,0.226915,0.516404,1.5508,2.2153
2425,2024-12-08,D1,Hoffenheim,Freiburg,D,0.467435,0.250739,0.281826,1.9039,1.4565
2425,2024-12-08,D1,Wolfsburg,Mainz,H,0.434544,0.296263,0.269193,1.4702,1.1163
2425,2024-12-13,D1,Freiburg,Wolfsburg,H,0.448022,0.285761,0.266217,1.5648,1.1657
2425,2024-12-14,D1,Augsburg,Leverkusen,A,0.158423,0.234184,0.607393,0.9865,2.0611
2425,2024-12-14,D1,M'gladbach,Holstein Kiel,H,0.492167,0.249344,0.25849,1.9383,1.3762
2425,2024-12-14,D1,Mainz,Bayern Munich,H,0.194942,0.226599,0.57846,1.2413,2.1997
2425,2024-12-14,D1,St Pauli,Werder Bremen,A,0.438311,0.278818,0.282871,1.6108,1.2625
2425,2024-12-14,D1,Union Berlin,Bochum,A,0.535101,0.268775,0.196124,1.7459,0.9886
2425,2024-12-15,D1,Dortmund,Hoffenheim,D,0.700564,0.168647,0.130789,2.9002,1.2669
2425,2024-12-15,D1,Heidenheim,Stuttgart,A,0.344128,0.275178,0.380694,1.464,1.5473
2425,2024-12-15,D1,RB Leipzig,Ein Frankfurt,H,0.642559,0.215976,0.141465,2.2365,0.99
2425,2024-12-20,D1,Bayern Munich,RB Leipzig,H,0.527072,0.228293,0.244635,2.1995,1.4824
2425,2024-12-21,D1,Ein Frankfurt,Mainz,A,0.485493,0.277065,0.237442,1.6653,1.1134
2425,2024-12-21,D1,Hoffenheim,M'gladbach,A,0.503626,0.223378,0.272996,2.2566,1.6577
2425,2024-12-21,D1,Holstein Kiel,Augsburg,H,0.472352,0.273482,0.254167,1.6892,1.1969
2425,2024-12-21,D1,Leverkusen,Freiburg,H,0.705793,0.192779,0.101428,2.3829,0.8346
2425,2024-12-21,D1,Stuttgart,St Pauli,A,0.608426,0.22851,0.163064,2.1336,1.0473
2425,2024-12-21,D1,Werder Bremen,Union Berlin,H,0.428203,0.302192,0.269605,1.4206,1.0858
2425,2024-12-22,D1,Bochum,Heidenheim,H,0.305924,0.27068,0.423396,1.3899,1.6597
2425,2024-12-22,D1,Wolfsburg,Dortmund,A,0.254941,0.25734,0.487718,1.3047,1.8524
2425,2025-01-10,D1,Dortmund,Leverkusen,A,0.384964,0.262406,0.352629,1.6618,1.5856
2425,2025-01-11,D1,Freiburg,Holstein Kiel,H,0.483882,0.27274,0.243378,1.7031,1.1611
2425,2025-01-11,D1,Heidenheim,Union Berlin,H,0.467635,0.29357,0.238795,1.519,1.0298
2425,2025-01-11,D1,Hoffenheim,Wolfsburg,A,0.476449,0.253173,0.270378,1.8869,1.3947
2425,2025-01-11,D1,M'gladbach,Bayern Munich,A,0.194784,0.193049,0.612167,1.527,2.681
2425,2025-01-11,D1,Mainz,Bochum,H,0.570557,0.248445,0.180999,1.9372,1.0273
2425,2025-01-11,D1,St Pauli,Ein Frankfurt,A,0.373834,0.280991,0.345175,1.4886,1.4242
2425,2025-01-12,D1,Augsburg,Stuttgart,A,0.275224,0.269417,0.455359,1.298,1.7109
2425,2025-01-12,D1,RB Leipzig,Werder Bremen,H,0.702547,0.19161,0.105842,2.4202,0.8775
2425,2025-01-14,D1,Ein Frankfurt,Freiburg,H,0.476601,0.271222,0.252178,1.7125,1.2034
2425,2025-01-14,D1,Holstein Kiel,Dortmund,H,0.230507,0.243292,0.526201,1.2995,2.0161
2425,2025-01-14,D1,Leverkusen,Mainz,H,0.708713,0.195605,0.095682,2.3172,0.7721
2425,2025-01-14,D1,Wolfsburg,M'gladbach,H,0.458769,0.261065,0.280166,1.7919,1.3732
2425,2025-01-15,D1,Bayern Munich,Hoffenheim,H,0.787465,0.125183,0.087352,3.5098,1.2475
2425,2025-01-15,D1,Bochum,St Pauli,H,0.348923,0.274929,0.376148,1.4778,1.5398
2425,2025-01-15,D1,Stuttgart,RB Leipzig,H,0.343985,0.272585,0.38343,1.483,1.5735
2425,2025-01-15,D1,Union Berlin,Augsburg,A,0.454375,0.297886,0.247738,1.4768,1.0384
2425,2025-01-15,D1,Werder Bremen,Heidenheim,D,0.404194,0.281619,0.314187,1.54,1.3387
2425,2025-01-17,D1,Ein Frankfurt,Dortmund,H,0.295574,0.254346,0.450079,1.4778,1.8477
2425,2025-01-18,D1,Bayern Munich,Wolfsburg,H,0.75575,0.154219,0.090031,2.9075,0.9906
2425,2025-01-18,D1,Bochum,RB Leipzig,D,0.141183,0.209773,0.649044,1.0272,2.3135
2425,2025-01-18,D1,Heidenheim,St Pauli,A,0.491689,0.26799,0.240321,1.7507,1.1779
2425,2025-01-18,D1,Holstein Kiel,Hoffenheim,A,0.418247,0.254192,0.327561,1.8016,1.5835
2425,2025-01-18,D1,Leverkusen,M'gladbach,H,0.75184,0.158669,0.089491,2.8243,0.9499
2425,2025-01-18,D1,Stuttgart,Freiburg,H,0.563055,0.245438,0.191507,1.978,1.0981
2425,2025-01-19,D1,Union Berlin,Mainz,H,0.396617,0.317515,0.285867,1.2802,1.0541
2425,2025-01-19,D1,Werder Bremen,Augsburg,A,0.47793,0.272387,0.249683,1.7028,1.187
2425,2025-01-24,D1,Wolfsburg,Holstein Kiel,D,0.468233,0.279856,0.251911,1.6308,1.1507
2425,2025-01-25,D1,Augsburg,Heidenheim,H,0.370615,0.28396,0.345425,1.46,1.4038
2425,2025-01-25,D1,Dortmund,Werder Bremen,D,0.703063,0.182439,0.114499,2.5931,1.0101
2425,2025-01-25,D1,Freiburg,Bayern Munich,A,0.207786,0.222602,0.569612,1.3417,2.262
2425,2025-01-25,D1,M'gladbach,Bochum,H,0.612989,0.210611,0.1764,2.3832,1.252
2425,2025-01-25,D1,Mainz,Stuttgart,H,0.319077,0.286843,0.39408,1.3176,1.4832
2425,2025-01-25,D1,RB Leipzig,Leverkusen,D,0.398968,0.279084,0.321948,1.551,1.3775
2425,2025-01-26,D1,Hoffenheim,Ein Frankfurt,D,0.4375,0.249235,0.313264,1.8821,1.5797
2425,2025-01-26,D1,St Pauli,Union Berlin,H,0.423059,0.302966,0.273975,1.4093,1.0949
2425,2025-01-31,D1,Werder Bremen,Mainz,H,0.416302,0.29243,0.291268,1.4761,1.2048
2425,2025-02-01,D1,Bayern Munich,Holstein Kiel,H,0.790732,0.134136,0.075132,3.1644,0.9867
2425,2025-02-01,D1,Bochum,Freiburg,A,0.308847,0.274767,0.416387,1.37,1.6145
2425,2025-02-01,D1,Heidenheim,Dortmund,A,0.270327,0.252343,0.47733,1.4007,1.8962
2425,2025-02-01,D1,St Pauli,Augsburg,D,0.472352,0.273482,0.254167,1.6892,1.1969
2425,2025-02-01,D1,Stuttgart,M'gladbach,A,0.605901,0.213937,0.180163,2.3445,1.2498
2425,2025-02-01,D1,Union Berlin,RB Leipzig,D,0.211137,0.281494,0.507369,0.987,1.6326
2425,2025-02-02,D1,Ein Frankfurt,Wolfsburg,D,0.484421,0.273426,0.242153,1.6972,1.1524
2425,2025-02-02,D1,Leverkusen,Hoffenheim,H,0.744427,0.15979,0.095782,2.8509,1.0064
2425,2025-02-07,D1,Bayern Munich,Werder Bremen,H,0.786009,0.136543,0.077448,3.1382,0.9946
2425,2025-02-08,D1,Dortmund,Stuttgart,A,0.559411,0.228706,0.211883,2.1865,1.3162
2425,2025-02-08,D1,Freiburg,Heidenheim,H,0.438427,0.279931,0.281642,1.6018,1.2515
2425,2025-02-08,D1,Hoffenheim,Union Berlin,A,0.490944,0.264685,0.244371,1.7818,1.2144
2425,2025-02-08,D1,M'gladbach,Ein Frankfurt,D,0.415998,0.256421,0.327581,1.7764,1.565
2425,2025-02-08,D1,Mainz,Augsburg,D,0.486823,0.280195,0.232982,1.6386,1.0791
2425,2025-02-08,D1,Wolfsburg,Leverkusen,D,0.197489,0.260999,0.541513,1.0364,1.8209
2425,2025-02-09,D1,Holstein Kiel,Bochum,D,0.557756,0.244114,0.19813,1.9971,1.1394
2425,2025-02-09,D1,RB Leipzig,St Pauli,H,0.707643,0.189165,0.103192,2.4404,0.8705
2425,2025-02-14,D1,Augsburg,RB Leipzig,D,0.189925,0.247296,0.562779,1.079,1.9569
2425,2025-02-15,D1,Bochum,Dortmund,H,0.153799,0.200162,0.646039,1.1823,2.4788
2425,2025-02-15,D1,Leverkusen,Bayern Munich,D,0.475397,0.240338,0.284265,2.0249,1.5507
2425,2025-02-15,D1,St Pauli,Freiburg,A,0.400831,0.285337,0.313832,1.5058,1.3132
2425,2025-02-15,D1,Stuttgart,Wolfsburg,A,0.570011,0.24647,0.183519,1.9604,1.0515
2425,2025-02-15,D1,Union Berlin,M'gladbach,A,0.418194,0.281777,0.300029,1.5603,1.2967
2425,2025-02-16,D1,Ein Frankfurt,Holstein Kiel,H,0.521593,0.258846,0.219561,1.8471,1.1478
2425,2025-02-16,D1,Heidenheim,Mainz,A,0.456741,0.285072,0.258186,1.5783,1.1426
2425,2025-02-16,D1,Werder Bremen,Hoffenheim,A,0.424175,0.253737,0.322088,1.8161,1.5704
2425,2025-02-21,D1,Freiburg,Werder Bremen,H,0.478279,0.273949,0.247772,1.689,1.1704
2425,2025-02-22,D1,Dortmund,Union Berlin,H,0.675313,0.207182,0.117505,2.2686,0.876
2425,2025-02-22,D1,Holstein Kiel,Leverkusen,A,0.176847,0.243829,0.579324,1.0323,1.9818
2425,2025-02-22,D1,M'gladbach,Augsburg,A,0.52273,0.243304,0.233966,2.0158,1.3152
2425,2025-02-22,D1,Mainz,St Pauli,H,0.459143,0.285654,0.255203,1.5756,1.1291
2425,2025-02-22,D1,Wolfsburg,Bochum,D,0.580997,0.241723,0.17728,2.005,1.0469
2425,2025-02-23,D1,Bayern Munich,Ein Frankfurt,H,0.728875,0.162018,0.109107,2.9,1.122
2425,2025-02-23,D1,Hoffenheim,Stuttgart,D,0.354194,0.247814,0.397992,1.7173,1.8247
2425,2025-02-23,D1,RB Leipzig,Heidenheim,D,0.665859,0.207625,0.126516,2.2953,0.9383
2425,2025-02-28,D1,Stuttgart,Bayern Munich,A,0.310279,0.236712,0.453009,1.6809,2.0403
2425,2025-03-01,D1,Bochum,Hoffenheim,A,0.316031,0.243484,0.440485,1.6391,1.9469
2425,2025-03-01,D1,Ein Frankfurt,Leverkusen,A,0.229912,0.261776,0.508312,1.174,1.8163
2425,2025-03-01,D1,Heidenheim,M'gladbach,A,0.482583,0.250113,0.267304,1.9237,1.4057
2425,2025-03-01,D1,RB Leipzig,Mainz,A,0.669688,0.21284,0.117472,2.2001,0.8445
2425,2025-03-01,D1,St Pauli,Dortmund,A,0.230507,0.243292,0.526201,1.2995,2.0161
2425,2025-03-01,D1,Werder Bremen,Wolfsburg,A,0.414502,0.288312,0.297187,1.5044,1.247
2425,2025-03-02,D1,Augsburg,Freiburg,D,0.372897,0.287482,0.33962,1.4391,1.3656
2425,2025-03-02,D1,Union Berlin,Holstein Kiel,A,0.427866,0.302222,0.269912,1.42,1.0866
2425,2025-03-07,D1,M'gladbach,Mainz,A,0.456289,0.26551,0.2782,1.7475,1.335
2425,2025-03-08,D1,Bayern Munich,Bochum,A,0.87732,0.083913,0.038767,3.8906,0.8977
2425,2025-03-08,D1,Dortmund,Augsburg,A,0.734456,0.168208,0.097336,2.7193,0.9576
2425,2025-03-08,D1,Freiburg,RB Leipzig,D,0.242637,0.268514,0.488849,1.1838,1.7445
2425,2025-03-08,D1,Holstein Kiel,Stuttgart,D,0.300703,0.272892,0.426405,1.3583,1.6451
2425,2025-03-08,D1,Leverkusen,Werder Bremen,A,0.740888,0.173981,0.085131,2.549,0.8024
2425,2025-03-08,D1,Wolfsburg,St Pauli,D,0.468233,0.279856,0.251911,1.6308,1.1507
2425,2025-03-09,D1,Ein Frankfurt,Union Berlin,A,0.495737,0.284767,0.219495,1.6026,1.0034
2425,2025-03-09,D1,Hoffenheim,Heidenheim,D,0.465347,0.247911,0.286742,1.9315,1.4972
2425,2025-03-14,D1,St Pauli,Hoffenheim,H,0.418247,0.254192,0.327561,1.8016,1.5835
2425,2025-03-15,D1,Augsburg,Wolfsburg,H,0.381368,0.291571,0.327061,1.4262,1.3077
2425,2025-03-15,D1,Mainz,Freiburg,D,0.416862,0.294632,0.288507,1.4607,1.1839
2425,2025-03-15,D1,RB Leipzig,Dortmund,H,0.490032,0.247913,0.262055,1.9525,1.4014
2425,2025-03-15,D1,Union Berlin,Bayern Munich,D,0.179463,0.232025,0.588512,1.1187,2.1169
2425,2025-03-15,D1,Werder Bremen,M'gladbach,A,0.437869,0.257651,0.304481,1.7991,1.4822
2425,2025-03-16,D1,Bochum,Ein Frankfurt,A,0.282218,0.264746,0.453037,1.3543,1.7511
2425,2025-03-16,D1,Heidenheim,Holstein Kiel,H,0.491689,0.26799,0.240321,1.7507,1.1779
2425,2025-03-16,D1,Stuttgart,Leverkusen,A,0.298096,0.272038,0.429865,1.356,1.6573
2425,2025-03-28,D1,Leverkusen,Bochum,H,0.837165,0.116401,0.046434,3.1602,0.7242
2425,2025-03-29,D1,Bayern Munich,St Pauli,H,0.790732,0.134136,0.075132,3.1644,0.9867
2425,2025-03-29,D1,Ein Frankfurt,Stuttgart,H,0.371531,0.273064,0.355404,1.5446,1.5077
2425,2025-03-29,D1,Hoffenheim,Augsburg,D,0.546204,0.233112,0.220684,2.1357,1.3275
2425,2025-03-29,D1,Holstein Kiel,Werder Bremen,A,0.438311,0.278818,0.282871,1.6108,1.2625
2425,2025-03-29,D1,M'gladbach,RB Leipzig,H,0.23389,0.238895,0.527215,1.3473,2.0676
2425,2025-03-29,D1,Wolfsburg,Heidenheim,A,0.423546,0.286104,0.29035,1.5338,1.2403
2425,2025-03-30,D1,Dortmund,Mainz,H,0.6698,0.202985,0.127214,2.3573,0.972
2425,2025-03-30,D1,Freiburg,Union Berlin,A,0.460174,0.29835,0.241475,1.4776,1.0151
2425,2025-04-04,D1,Augsburg,Bayern Munich,A,0.155406,0.19644,0.648154,1.2229,2.5374
2425,2025-04-05,D1,Bochum,Stuttgart,A,0.215748,0.242543,0.541709,1.2357,2.0227
2425,2025-04-05,D1,Freiburg,Dortmund,A,0.265733,0.255118,0.479148,1.3626,1.8691
2425,2025-04-05,D1,Heidenheim,Leverkusen,A,0.209272,0.257082,0.533646,1.1127,1.864
2425,2025-04-05,D1,Mainz,Holstein Kiel,D,0.459143,0.285654,0.255203,1.5756,1.1291
2425,2025-04-05,D1,RB Leipzig,Hoffenheim,H,0.702887,0.176924,0.120189,2.7068,1.1006
2425,2025-04-05,D1,Werder Bremen,Ein Frankfurt,H,0.379195,0.280843,0.339962,1.5005,1.4125
2425,2025-04-06,D1,St Pauli,M'gladbach,D,0.431995,0.258264,0.309742,1.7848,1.4946
2425,2025-04-06,D1,Union Berlin,Wolfsburg,H,0.395166,0.313221,0.291613,1.3047,1.091
2425,2025-04-11,D1,Wolfsburg,RB Leipzig,A,0.232925,0.270529,0.496546,1.1335,1.7289
2425,2025-04-12,D1,Bayern Munich,Dortmund,D,0.572266,0.20457,0.223163,2.5317,1.5883
2425,2025-04-12,D1,Bochum,Augsburg,A,0.376613,0.275437,0.34795,1.5368,1.4716
2425,2025-04-12,D1,Hoffenheim,Mainz,H,0.478254,0.256795,0.264951,1.8515,1.3475
2425,2025-04-12,D1,Holstein Kiel,St Pauli,A,0.443878,0.277974,0.278148,1.6243,1.2524
2425,2025-04-12,D1,Leverkusen,Union Berlin,D,0.71135,0.199803,0.088847,2.2301,0.6959
2425,2025-04-12,D1,M'gladbach,Freiburg,A,0.445405,0.258923,0.295672,1.797,1.4429
2425,2025-04-13,D1,Ein Frankfurt,Heidenheim,H,0.475142,0.268401,0.256457,1.7373,1.2371
2425,2025-04-13,D1,Stuttgart,Werder Bremen,A,0.602782,0.230547,0.166671,2.1159,1.0557
2425,2025-04-19,D1,Freiburg,Hoffenheim,H,0.461634,0.251597,0.286769,1.889,1.468
2425,2025-04-19,D1,Heidenheim,Bayern Munich,A,0.211323,0.220327,0.56835,1.3792,2.2948
2425,2025-04-19,D1,Mainz,Wolfsburg,D,0.424606,0.297795,0.277599,1.4477,1.1336
2425,2025-04-19,D1,RB Leipzig,Holstein Kiel,D,0.707643,0.189165,0.103192,2.4404,0.8705
2425,2025-04-19,D1,Union Berlin,Stuttgart,D,0.29536,0.297418,0.407221,1.1874,1.4274
2425,2025-04-19,D1,Werder Bremen,Bochum,H,0.563472,0.242414,0.194114,2.0131,1.13
2425,2025-04-20,D1,Augsburg,Ein Frankfurt,D,0.346148,0.281555,0.372297,1.4226,1.4812
2425,2025-04-20,D1,Dortmund,M'gladbach,H,0.710276,0.167672,0.122052,2.8731,1.1957
2425,2025-04-20,D1,St Pauli,Leverkusen,D,0.176847,0.243829,0.579324,1.0323,1.9818
2425,2025-04-25,D1,Stuttgart,Heidenheim,A,0.562334,0.243026,0.194639,2.0067,1.1288
2425,2025-04-26,D1,Bayern Munich,Mainz,H,0.75454,0.15671,0.08875,2.8529,0.9571
2425,2025-04-26,D1,Ein Frankfurt,RB Leipzig,H,0.269668,0.268602,0.46173,1.2839,1.7245
2425,2025-04-26,D1,Hoffenheim,Dortmund,A,0.272872,0.224848,0.50228,1.643,2.2362
2425,2025-04-26,D1,Holstein Kiel,M'gladbach,H,0.431995,0.258264,0.309742,1.7848,1.4946
2425,2025-04-26,D1,Leverkusen,Augsburg,H,0.768814,0.159189,0.071997,2.673,0.7607
2425,2025-04-26,D1,Wolfsburg,Freiburg,A,0.425259,0.289244,0.285497,1.5119,1.2065
2425,2025-04-27,D1,Bochum,Union Berlin,D,0.33563,0.298882,0.365488,1.2821,1.3462
2425,2025-04-27,D1,Werder Bremen,St Pauli,D,0.449417,0.277132,0.273451,1.6373,1.242
2425,2025-05-02,D1,Heidenheim,Bochum,D,0.606731,0.227319,0.16595,2.1525,1.0717
2425,2025-05-03,D1,Dortmund,Wolfsburg,H,0.670482,0.200162,0.129357,2.4024,1.006
2425,2025-05-03,D1,M'gladbach,Hoffenheim,D,0.465209,0.228899,0.305893,2.1499,1.74
2425,2025-05-03,D1,RB Leipzig,Bayern Munich,D,0.424077,0.243233,0.332689,1.9226,1.696
2425,2025-05-03,D1,St Pauli,Stuttgart,A,0.300703,0.272892,0.426405,1.3583,1.6451
2425,2025-05-03,D1,Union Berlin,Werder Bremen,D,0.422683,0.303047,0.274271,1.4083,1.0954
2425,2025-05-04,D1,Augsburg,Holstein Kiel,A,0.414928,0.282191,0.302881,1.5523,1.3025
2425,2025-05-04,D1,Freiburg,Leverkusen,D,0.205883,0.259628,0.534489,1.0824,1.8373
2425,2025-05-04,D1,Mainz,Ein Frankfurt,D,0.390922,0.291465,0.317613,1.444,1.284
2425,2025-05-09,D1,Wolfsburg,Hoffenheim,D,0.445713,0.25774,0.296547,1.8088,1.4549
2425,2025-05-10,D1,Bayern Munich,M'gladbach,H,0.79525,0.123636,0.081114,3.4771,1.1774
2425,2025-05-10,D1,Bochum,Mainz,A,0.320902,0.28535,0.393747,1.3323,1.4937
2425,2025-05-10,D1,Holstein Kiel,Freiburg,A,0.400831,0.285337,0.313832,1.5058,1.3132
2425,2025-05-10,D1,Union Berlin,Heidenheim,A,0.385996,0.30616,0.307844,1.3356,1.1712
2425,2025-05-10,D1,Werder Bremen,RB Leipzig,D,0.214774,0.256969,0.528258,1.1381,1.8661
2425,2025-05-11,D1,Ein Frankfurt,St Pauli,D,0.521593,0.258846,0.219561,1.8471,1.1478
2425,2025-05-11,D1,Leverkusen,Dortmund,A,0.539072,0.239742,0.221187,2.0564,1.2813
2425,2025-05-11,D1,Stuttgart,Augsburg,H,0.636554,0.218211,0.145235,2.2189,1.0009
2425,2025-05-17,D1,Augsburg,Union Berlin,A,0.396189,0.306884,0.296928,1.3468,1.1387
2425,2025-05-17,D1,Dortmund,Holstein Kiel,H,0.708384,0.18005,0.111567,2.6147,1.002
2425,2025-05-17,D1,Freiburg,Ein Frankfurt,A,0.413295,0.280806,0.305899,1.5608,1.3204
2425,2025-05-17,D1,Heidenheim,Werder Bremen,A,0.486024,0.269246,0.24473,1.7362,1.1874
2425,2025-05-17,D1,Hoffenheim,Bayern Munich,A,0.208216,0.192868,0.598916,1.6179,2.7063
2425,2025-05-17,D1,M'gladbach,Wolfsburg,A,0.454371,0.261723,0.283907,1.7809,1.3817
2425,2025-05-17,D1,Mainz,Leverkusen,D,0.193812,0.264363,0.541825,1.0014,1.7867
2425,2025-05-17,D1,RB Leipzig,Stuttgart,A,0.566451,0.239914,0.193635,2.0407,1.1435
2425,2025-05-17,D1,St Pauli,Bochum,A,0.557756,0.244114,0.19813,1.9971,1.1394
2526,2025-08-22,D1,Bayern Munich,RB Leipzig,H,0.641169,0.197261,0.16157,2.4986,1.2287
2526,2025-08-23,D1,Ein Frankfurt,Werder Bremen,H,0.531767,0.241877,0.226356,1.9915,1.2573
2526,2025-08-23,D1,Freiburg,Augsburg,A,0.480834,0.282115,0.237051,1.5818,1.0523
2526,2025-08-23,D1,Heidenheim,Wolfsburg,A,0.313699,0.28425,0.402051,1.2855,1.4796
2526,2025-08-23,D1,Leverkusen,Hoffenheim,A,0.730218,0.162299,0.107483,2.8384,1.0738
2526,2025-08-23,D1,St Pauli,Dortmund,D,0.188431,0.298106,0.513463,0.7954,1.4615
2526,2025-08-23,D1,Union Berlin,Stuttgart,H,0.261796,0.280257,0.457947,1.1503,1.5814
2526,2025-08-24,D1,M'gladbach,Hamburg,D,0.465087,0.253567,0.281346,1.8334,1.3984
2526,2025-08-24,D1,Mainz,FC Koln,A,0.545892,0.271626,0.182482,1.6754,0.8842
2526,2025-08-29,D1,Hamburg,St Pauli,A,0.40578,0.35136,0.24286,1.0795,0.7763
2526,2025-08-30,D1,Augsburg,Bayern Munich,A,0.108115,0.181306,0.71058,0.9333,2.5313
2526,2025-08-30,D1,Hoffenheim,Ein Frankfurt,A,0.293656,0.240563,0.465781,1.5503,1.9739
2526,2025-08-30,D1,RB Leipzig,Heidenheim,H,0.644499,0.217607,0.137894,2.1631,0.9264
2526,2025-08-30,D1,Stuttgart,M'gladbach,H,0.55473,0.221756,0.223514,2.2421,1.3997
2526,2025-08-30,D1,Werder Bremen,Leverkusen,D,0.210313,0.236602,0.553085,1.2177,2.0481
2526,2025-08-31,D1,Dortmund,Union Berlin,H,0.651645,0.213252,0.135103,2.2079,0.9337
2526,2025-08-31,D1,FC Koln,Freiburg,H,0.297898,0.295143,0.406959,1.175,1.4076
2526,2025-08-31,D1,Wolfsburg,Mainz,D,0.372827,0.288784,0.338389,1.3941,1.3192
2526,2025-09-12,D1,Leverkusen,Ein Frankfurt,H,0.570692,0.230113,0.199195,2.1183,1.2065
2526,2025-09-13,D1,Bayern Munich,Hamburg,H,0.797143,0.132159,0.070698,3.1069,0.9174
2526,2025-09-13,D1,Freiburg,Stuttgart,H,0.33044,0.263303,0.406257,1.4822,1.6584
2526,2025-09-13,D1,Heidenheim,Dortmund,A,0.185697,0.223418,0.590885,1.1802,2.1867
2526,2025-09-13,D1,Mainz,RB Leipzig,A,0.328938,0.283774,0.387288,1.3292,1.4577
2526,2025-09-13,D1,Union Berlin,Hoffenheim,A,0.392818,0.280071,0.327111,1.4957,1.3497
2526,2025-09-13,D1,Wolfsburg,FC Koln,D,0.520085,0.272032,0.207883,1.6793,0.9916
2526,2025-09-14,D1,M'gladbach,Werder Bremen,A,0.434245,0.249517,0.316238,1.8362,1.5519
2526,2025-09-14,D1,St Pauli,Augsburg,H,0.339104,0.377438,0.283459,0.8843,0.7855
2526,2025-09-19,D1,Stuttgart,St Pauli,H,0.53967,0.296903,0.163427,1.4637,0.7008
2526,2025-09-20,D1,Augsburg,Mainz,A,0.290773,0.30376,0.405466,1.1073,1.3466
2526,2025-09-20,D1,Hamburg,Heidenheim,H,0.466117,0.277061,0.256823,1.6151,1.152
2526,2025-09-20,D1,Hoffenheim,Bayern Munich,A,0.116063,0.152538,0.731399,1.2553,3.084
2526,2025-09-20,D1,RB Leipzig,FC Koln,H,0.646526,0.223296,0.130178,2.0763,0.845
2526,2025-09-20,D1,Werder Bremen,Freiburg,A,0.411795,0.270562,0.317643,1.605,1.3907
2526,2025-09-21,D1,Dortmund,Wolfsburg,H,0.608512,0.213061,0.178427,2.3106,1.2139
2526,2025-09-21,D1,Ein Frankfurt,Union Berlin,A,0.559429,0.258809,0.181762,1.7932,0.944
2526,2025-09-21,D1,Leverkusen,M'gladbach,D,0.686311,0.182878,0.130811,2.6147,1.1124
2526,2025-09-26,D1,Bayern Munich,Werder Bremen,H,0.779229,0.138059,0.082712,3.1116,1.0181
2526,2025-09-27,D1,Heidenheim,Augsburg,H,0.381099,0.303222,0.315679,1.3122,1.1752
2526,2025-09-27,D1,M'gladbach,Ein Frankfurt,A,0.331659,0.248892,0.419449,1.6061,1.8183
2526,2025-09-27,D1,Mainz,Dortmund,A,0.304015,0.259397,0.436588,1.4321,1.7424
2526,2025-09-27,D1,St Pauli,Leverkusen,A,0.154904,0.299125,0.545971,0.6586,1.4435
2526,2025-09-27,D1,Wolfsburg,RB Leipzig,A,0.298135,0.270491,0.431374,1.3323,1.6348
2526,2025-09-28,D1,FC Koln,Stuttgart,A,0.225127,0.261736,0.513138,1.1216,1.7776
2526,2025-09-28,D1,Freiburg,Hoffenheim,D,0.483114,0.246166,0.27072,1.9272,1.4153
2526,2025-09-28,D1,Union Berlin,Hamburg,D,0.372549,0.306886,0.320565,1.2743,1.1663
2526,2025-10-03,D1,Hoffenheim,FC Koln,A,0.491589,0.259438,0.248974,1.7939,1.2333
2526,2025-10-04,D1,Augsburg,Wolfsburg,H,0.326489,0.296434,0.377077,1.2418,1.3497
2526,2025-10-04,D1,Dortmund,RB Leipzig,D,0.474741,0.241794,0.283465,1.9689,1.5008
2526,2025-10-04,D1,Ein Frankfurt,Bayern Munich,A,0.218185,0.217186,0.56463,1.4105,2.3017
2526,2025-10-04,D1,Leverkusen,Union Berlin,H,0.684807,0.207562,0.107631,2.1807,0.7732
2526,2025-10-04,D1,Werder Bremen,St Pauli,H,0.442377,0.334676,0.222947,1.198,0.7775
2526,2025-10-05,D1,Hamburg,Mainz,H,0.329244,0.290318,0.380438,1.2869,1.3978
2526,2025-10-05,D1,M'gladbach,Freiburg,D,0.420448,0.25772,0.321831,1.7338,1.5014
2526,2025-10-05,D1,Stuttgart,Heidenheim,H,0.623373,0.219274,0.157353,2.1899,1.0399
2526,2025-10-17,D1,Union Berlin,M'gladbach,H,0.352813,0.28508,0.362107,1.3778,1.3982
2526,2025-10-18,D1,Bayern Munich,Dortmund,H,0.626833,0.188749,0.184418,2.692,1.4687
2526,2025-10-18,D1,FC Koln,Augsburg,D,0.359042,0.315815,0.325142,1.1969,1.128
2526,2025-10-18,D1,Heidenheim,Werder Bremen,D,0.327097,0.277971,0.394932,1.3642,1.5158
2526,2025-10-18,D1,Mainz,Leverkusen,A,0.248692,0.26662,0.484688,1.1858,1.721
2526,2025-10-18,D1,RB Leipzig,Hamburg,H,0.593789,0.233521,0.17269,2.0482,1.0401
2526,2025-10-18,D1,Wolfsburg,Stuttgart,A,0.334221,0.262975,0.402804,1.4955,1.655
2526,2025-10-19,D1,Freiburg,Ein Frankfurt,D,0.331966,0.269563,0.398471,1.4383,1.5903
2526,2025-10-19,D1,St Pauli,Hoffenheim,A,0.339607,0.331522,0.328871,1.0775,1.0564
2526,2025-10-24,D1,Werder Bremen,Union Berlin,H,0.461199,0.286866,0.251936,1.5305,1.0793
2526,2025-10-25,D1,Augsburg,RB Leipzig,A,0.225547,0.273012,0.501441,1.0582,1.6687
2526,2025-10-25,D1,Dortmund,FC Koln,H,0.707253,0.184667,0.10808,2.4818,0.9104
2526,2025-10-25,D1,Ein Frankfurt,St Pauli,H,0.528909,0.305562,0.165529,1.4036,0.6801
2526,2025-10-25,D1,Hamburg,Wolfsburg,A,0.369077,0.280894,0.35003,1.4433,1.401
2526,2025-10-25,D1,Hoffenheim,Heidenheim,H,0.483199,0.251602,0.265199,1.869,1.3521
2526,2025-10-25,D1,M'gladbach,Bayern Munich,A,0.142028,0.172387,0.685585,1.3005,2.841
2526,2025-10-26,D1,Leverkusen,Freiburg,H,0.652504,0.208008,0.139488,2.2869,0.9963
2526,2025-10-26,D1,Stuttgart,Mainz,H,0.473543,0.263295,0.263162,1.745,1.2618
2526,2025-10-31,D1,Augsburg,Dortmund,A,0.200374,0.240735,0.558891,1.1401,1.9947
2526,2025-11-01,D1,Bayern Munich,Leverkusen,H,0.541356,0.223033,0.235611,2.2291,1.4506
2526,2025-11-01,D1,Heidenheim,Ein Frankfurt,D,0.24222,0.261466,0.496314,1.1932,1.776
2526,2025-11-01,D1,Mainz,Werder Bremen,D,0.46358,0.272194,0.264226,1.6553,1.2078
2526,2025-11-01,D1,RB Leipzig,Stuttgart,H,0.466213,0.252153,0.281634,1.849,1.4103
2526,2025-11-01,D1,St Pauli,M'gladbach,A,0.306293,0.335007,0.3587,0.9926,1.0945
2526,2025-11-01,D1,Union Berlin,Freiburg,D,0.335613,0.30614,0.358247,1.2051,1.2522
2526,2025-11-02,D1,FC Koln,Hamburg,H,0.334163,0.299309,0.366528,1.2425,1.311
2526,2025-11-02,D1,Wolfsburg,Hoffenheim,A,0.487625,0.244894,0.267481,1.9445,1.4125
2526,2025-11-07,D1,Werder Bremen,Wolfsburg,H,0.408437,0.270289,0.321274,1.6017,1.4031
2526,2025-11-08,D1,Hamburg,Dortmund,D,0.230394,0.235275,0.534331,1.325,2.0705
2526,2025-11-08,D1,Hoffenheim,RB Leipzig,H,0.256823,0.238012,0.505165,1.4232,2.0332
2526,2025-11-08,D1,Leverkusen,Heidenheim,H,0.737667,0.172549,0.089784,2.5538,0.8265
2526,2025-11-08,D1,M'gladbach,FC Koln,H,0.528874,0.253846,0.21728,1.8585,1.1361
2526,2025-11-08,D1,Union Berlin,Bayern Munich,D,0.11572,0.19528,0.689,0.9039,2.3695
2526,2025-11-09,D1,Ein Frankfurt,Mainz,H,0.464341,0.270239,0.26542,1.6734,1.2245
2526,2025-11-09,D1,Freiburg,St Pauli,H,0.441819,0.341857,0.216324,1.159,0.7342
2526,2025-11-09,D1,Stuttgart,Augsburg,H,0.591235,0.237834,0.170932,1.9977,1.0045
2526,2025-11-21,D1,Mainz,Hoffenheim,D,0.519707,0.246393,0.2339,1.94,1.2594
2526,2025-11-22,D1,Augsburg,Hamburg,H,0.367104,0.298738,0.334157,1.3158,1.2459
2526,2025-11-22,D1,Bayern Munich,Freiburg,H,0.762239,0.149301,0.08846,2.9382,0.985
2526,2025-11-22,D1,Dortmund,Stuttgart,D,0.523174,0.224466,0.25236,2.2102,1.5194
2526,2025-11-22,D1,FC Koln,Ein Frankfurt,A,0.227662,0.269145,0.503193,1.0884,1.7047
2526,2025-11-22,D1,Heidenheim,M'gladbach,A,0.331895,0.265029,0.403076,1.4728,1.6375
2526,2025-11-22,D1,Wolfsburg,Leverkusen,A,0.219442,0.247227,0.53333,1.1886,1.93
2526,2025-11-23,D1,RB Leipzig,Werder Bremen,H,0.568079,0.235534,0.196387,2.0513,1.1542
2526,2025-11-23,D1,St Pauli,Union Berlin,A,0.325354,0.38782,0.286826,0.8278,0.7607
2526,2025-11-28,D1,M'gladbach,RB Leipzig,D,0.292539,0.249062,0.458399,1.4744,1.8729
2526,2025-11-29,D1,Bayern Munich,St Pauli,H,0.742427,0.188965,0.068607,2.1931,0.5507
2526,2025-11-29,D1,Hoffenheim,Augsburg,H,0.454162,0.265703,0.280135,1.7049,1.3061
2526,2025-11-29,D1,Leverkusen,Dortmund,A,0.505707,0.232928,0.261365,2.0952,1.4855
2526,2025-11-29,D1,Union Berlin,Heidenheim,A,0.420897,0.306886,0.272217,1.3458,1.0388
2526,2025-11-29,D1,Werder Bremen,FC Koln,D,0.515583,0.267651,0.216766,1.7204,1.0523
2526,2025-11-30,D1,Ein Frankfurt,Wolfsburg,D,0.512365,0.252094,0.235542,1.8767,1.2273
2526,2025-11-30,D1,Freiburg,Mainz,H,0.369045,0.289481,0.341474,1.3817,1.3219
2526,2025-11-30,D1,Hamburg,Stuttgart,H,0.28996,0.260011,0.450029,1.3805,1.7537
2526,2025-12-05,D1,Mainz,M'gladbach,A,0.474221,0.258998,0.266781,1.7871,1.3048
2526,2025-12-06,D1,Augsburg,Leverkusen,H,0.16117,0.239068,0.599762,0.944,1.9701
2526,2025-12-06,D1,FC Koln,St Pauli,D,0.336242,0.378262,0.285496,0.877,0.7869
2526,2025-12-06,D1,Heidenheim,Freiburg,H,0.316761,0.28513,0.398109,1.2882,1.4665
2526,2025-12-06,D1,RB Leipzig,Ein Frankfurt,H,0.46565,0.257525,0.276826,1.7943,1.3524
2526,2025-12-06,D1,Stuttgart,Bayern Munich,A,0.221407,0.212425,0.566169,1.4709,2.3719
2526,2025-12-06,D1,Wolfsburg,Union Berlin,H,0.466308,0.292019,0.241673,1.4939,1.0171
2526,2025-12-07,D1,Dortmund,Hoffenheim,H,0.691578,0.169773,0.138649,2.8737,1.2968
2526,2025-12-07,D1,Hamburg,Werder Bremen,H,0.384528,0.273497,0.341975,1.5316,1.4353
2526,2025-12-12,D1,Union Berlin,RB Leipzig,H,0.233091,0.284586,0.482323,1.0248,1.5621
2526,2025-12-13,D1,Ein Frankfurt,Augsburg,H,0.580185,0.245857,0.173958,1.9157,0.9748
2526,2025-12-13,D1,Hoffenheim,Hamburg,H,0.425573,0.254837,0.31959,1.7697,1.518
2526,2025-12-13,D1,Leverkusen,FC Koln,H,0.737304,0.177498,0.085198,2.4513,0.7539
2526,2025-12-13,D1,M'gladbach,Wolfsburg,A,0.41693,0.25747,0.325601,1.7303,1.5148
2526,2025-12-13,D1,St Pauli,Heidenheim,H,0.361027,0.363624,0.275348,0.9695,0.8131
2526,2025-12-14,D1,Bayern Munich,Mainz,D,0.711877,0.176926,0.111197,2.6146,0.9915
2526,2025-12-14,D1,Freiburg,Dortmund,D,0.267719,0.243732,0.488549,1.4227,1.9581
2526,2025-12-14,D1,Werder Bremen,Stuttgart,A,0.325171,0.255215,0.419614,1.5321,1.7563
2526,2025-12-19,D1,Dortmund,M'gladbach,H,0.644134,0.188757,0.167109,2.6472,1.3434
2526,2025-12-20,D1,Augsburg,Werder Bremen,D,0.340218,0.289652,0.37013,1.3178,1.3827
2526,2025-12-20,D1,FC Koln,Union Berlin,A,0.344591,0.324897,0.330512,1.1204,1.0924
2526,2025-12-20,D1,Hamburg,Ein Frankfurt,D,0.292043,0.266639,0.441317,1.3396,1.6817
2526,2025-12-20,D1,RB Leipzig,Leverkusen,A,0.329829,0.264705,0.405466,1.4695,1.6446
2526,2025-12-20,D1,Stuttgart,Hoffenheim,D,0.603198,0.205808,0.190994,2.4339,1.3511
2526,2025-12-20,D1,Wolfsburg,Freiburg,A,0.418984,0.276513,0.304503,1.5666,1.3105
2526,2025-12-21,D1,Heidenheim,Bayern Munich,A,0.096104,0.161544,0.742352,0.9662,2.7749
2526,2025-12-21,D1,Mainz,St Pauli,D,0.466267,0.343092,0.190641,1.1667,0.6533
2526,2026-01-09,D1,Ein Frankfurt,Dortmund,D,0.359052,0.244826,0.396122,1.7229,1.8138
2526,2026-01-10,D1,Freiburg,Hamburg,H,0.456856,0.273029,0.270115,1.6419,1.2231
2526,2026-01-10,D1,Heidenheim,FC Koln,D,0.414282,0.300456,0.285261,1.3808,1.1097
2526,2026-01-10,D1,Leverkusen,Stuttgart,A,0.572882,0.225124,0.201993,2.183,1.2582
2526,2026-01-10,D1,Union Berlin,Mainz,D,0.297053,0.313642,0.389305,1.0723,1.2605
2526,2026-01-11,D1,Bayern Munich,Wolfsburg,H,0.759694,0.150297,0.090009,2.9322,0.9938
2526,2026-01-11,D1,M'gladbach,Augsburg,H,0.491733,0.262257,0.24601,1.7663,1.2032
2526,2026-01-13,D1,Dortmund,Werder Bremen,H,0.629346,0.201656,0.168998,2.452,1.2436
2526,2026-01-13,D1,Mainz,Heidenheim,H,0.541765,0.264534,0.193701,1.7455,0.9694
2526,2026-01-13,D1,Stuttgart,Ein Frankfurt,H,0.43647,0.251786,0.311743,1.8165,1.5181
2526,2026-01-14,D1,FC Koln,Bayern Munich,A,0.090932,0.166028,0.74304,0.8813,2.6635
2526,2026-01-14,D1,Hoffenheim,M'gladbach,H,0.400479,0.236304,0.363217,1.9135,1.8199
2526,2026-01-14,D1,RB Leipzig,Freiburg,H,0.551375,0.246058,0.202567,1.937,1.1167
2526,2026-01-14,D1,Wolfsburg,St Pauli,H,0.445432,0.34037,0.214199,1.1694,0.7327
2526,2026-01-15,D1,Augsburg,Union Berlin,D,0.375755,0.322769,0.301476,1.1866,1.0382
2526,2026-01-16,D1,Werder Bremen,Ein Frankfurt,D,0.326965,0.261469,0.411566,1.4867,1.6842
2526,2026-01-17,D1,Dortmund,St Pauli,H,0.614591,0.258143,0.127266,1.7282,0.6726
2526,2026-01-17,D1,FC Koln,Mainz,H,0.26178,0.299352,0.438868,1.0455,1.4169
2526,2026-01-17,D1,Hamburg,M'gladbach,D,0.391637,0.260703,0.34766,1.6535,1.5505
2526,2026-01-17,D1,Hoffenheim,Leverkusen,H,0.179321,0.206718,0.61396,1.2697,2.4004
2526,2026-01-17,D1,RB Leipzig,Bayern Munich,A,0.251872,0.231792,0.516335,1.4529,2.113
2526,2026-01-17,D1,Wolfsburg,Heidenheim,D,0.51442,0.26461,0.22097,1.7495,1.0872
2526,2026-01-18,D1,Augsburg,Freiburg,D,0.329468,0.297195,0.373338,1.2443,1.3377
2526,2026-01-18,D1,Stuttgart,Union Berlin,D,0.570262,0.250802,0.178937,1.87,0.9728
2526,2026-01-23,D1,St Pauli,Hamburg,D,0.321267,0.360225,0.318508,0.918,0.9129
2526,2026-01-24,D1,Bayern Munich,Augsburg,A,0.806999,0.131969,0.061032,2.9931,0.7893
2526,2026-01-24,D1,Ein Frankfurt,Hoffenheim,A,0.592161,0.213166,0.194674,2.334,1.311
2526,2026-01-24,D1,Heidenheim,RB Leipzig,A,0.211909,0.256578,0.531514,1.0954,1.8293
2526,2026-01-24,D1,Leverkusen,Werder Bremen,H,0.670206,0.196488,0.133306,2.4218,1.0298
2526,2026-01-24,D1,Mainz,Wolfsburg,H,0.445963,0.281489,0.272548,1.5599,1.179
2526,2026-01-24,D1,Union Berlin,Dortmund,A,0.208835,0.252845,0.538319,1.1041,1.8672
2526,2026-01-25,D1,Freiburg,FC Koln,H,0.515889,0.273674,0.210437,1.6644,0.9937
2526,2026-01-25,D1,M'gladbach,Stuttgart,A,0.329598,0.242778,0.427624,1.6551,1.8961
2526,2026-01-27,D1,St Pauli,RB Leipzig,D,0.207416,0.332316,0.460268,0.7382,1.2227
2526,2026-01-27,D1,Werder Bremen,Hoffenheim,A,0.480304,0.240195,0.279501,1.992,1.4989
2526,2026-01-30,D1,FC Koln,Wolfsburg,H,0.295001,0.294154,0.410845,1.1726,1.4202
2526,2026-01-31,D1,Augsburg,St Pauli,H,0.36332,0.374859,0.261821,0.9288,0.7479
2526,2026-01-31,D1,Ein Frankfurt,Leverkusen,A,0.294646,0.256028,0.449327,1.4267,1.7915
2526,2026-01-31,D1,Hamburg,Bayern Munich,D,0.125198,0.180502,0.6943,1.0848,2.6275
2526,2026-01-31,D1,Hoffenheim,Union Berlin,H,0.436141,0.275773,0.288086,1.5959,1.2649
2526,2026-01-31,D1,RB Leipzig,Mainz,A,0.499501,0.267017,0.233482,1.7236,1.1241
2526,2026-01-31,D1,Werder Bremen,M'gladbach,D,0.4338,0.24956,0.31664,1.8351,1.5529
2526,2026-02-01,D1,Dortmund,Heidenheim,H,0.705677,0.179872,0.114452,2.5856,0.9981
2526,2026-02-01,D1,Stuttgart,Freiburg,H,0.52577,0.244554,0.229677,1.961,1.2535
2526,2026-02-06,D1,Union Berlin,Ein Frankfurt,D,0.263717,0.287306,0.448977,1.1163,1.5165
2526,2026-02-07,D1,Freiburg,Werder Bremen,H,0.428456,0.268921,0.302623,1.6444,1.3573
2526,2026-02-07,D1,Heidenheim,Hamburg,A,0.355108,0.288087,0.356805,1.3621,1.3658
2526,2026-02-07,D1,M'gladbach,Leverkusen,D,0.210226,0.223461,0.566313,1.3154,2.2112
2526,2026-02-07,D1,Mainz,Augsburg,H,0.511741,0.281857,0.206402,1.5923,0.9364
2526,2026-02-07,D1,St Pauli,Stuttgart,H,0.231401,0.327469,0.44113,0.8287,1.2378
2526,2026-02-07,D1,Wolfsburg,Dortmund,A,0.271151,0.243865,0.484984,1.4354,1.9541
2526,2026-02-08,D1,Bayern Munich,Hoffenheim,H,0.832694,0.105577,0.061729,3.6468,1.0616
2526,2026-02-08,D1,FC Koln,RB Leipzig,A,0.199342,0.263669,0.53699,0.9992,1.7559
2526,2026-02-13,D1,Dortmund,Mainz,H,0.557201,0.235434,0.207365,2.0603,1.2111
2526,2026-02-14,D1,Ein Frankfurt,M'gladbach,H,0.544279,0.228854,0.226867,2.1501,1.3582
2526,2026-02-14,D1,Hamburg,Union Berlin,H,0.421113,0.301962,0.276924,1.3791,1.0777
2526,2026-02-14,D1,Hoffenheim,Freiburg,H,0.381216,0.255991,0.362793,1.6736,1.6298
2526,2026-02-14,D1,Leverkusen,St Pauli,H,0.641971,0.25445,0.10358,1.7069,0.557
2526,2026-02-14,D1,Stuttgart,FC Koln,H,0.626787,0.224991,0.148222,2.102,0.9485
2526,2026-02-14,D1,Werder Bremen,Bayern Munich,A,0.144652,0.185262,0.670087,1.2039,2.6315
2526,2026-02-15,D1,Augsburg,Heidenheim,H,0.41666,0.299624,0.283716,1.3896,1.1098
2526,2026-02-15,D1,RB Leipzig,Wolfsburg,D,0.548177,0.246542,0.205282,1.9331,1.1267
2526,2026-02-20,D1,Mainz,Hamburg,D,0.490341,0.274381,0.235278,1.6528,1.0883
2526,2026-02-21,D1,Bayern Munich,Ein Frankfurt,H,0.687628,0.177422,0.13495,2.7217,1.1929
2526,2026-02-21,D1,FC Koln,Hoffenheim,D,0.350414,0.273226,0.37636,1.4583,1.5171
2526,2026-02-21,D1,RB Leipzig,Dortmund,D,0.398071,0.24915,0.352779,1.7747,1.6651
2526,2026-02-21,D1,Union Berlin,Leverkusen,H,0.168907,0.252356,0.578737,0.9143,1.8442
2526,2026-02-21,D1,Wolfsburg,Augsburg,A,0.484965,0.28067,0.234365,1.5959,1.0502
2526,2026-02-22,D1,Freiburg,M'gladbach,H,0.437368,0.256075,0.306557,1.7754,1.4663
2526,2026-02-22,D1,Heidenheim,Stuttgart,D,0.239614,0.254293,0.506093,1.2297,1.852
2526,2026-02-22,D1,St Pauli,Werder Bremen,H,0.300422,0.349378,0.3502,0.9194,1.0131
2526,2026-02-27,D1,Augsburg,FC Koln,H,0.423785,0.309216,0.267,1.3338,1.0122
2526,2026-02-28,D1,Dortmund,Bayern Munich,A,0.287635,0.21871,0.493655,1.7367,2.2766
2526,2026-02-28,D1,Hoffenheim,St Pauli,A,0.423831,0.322853,0.253315,1.2492,0.9112
2526,2026-02-28,D1,Leverkusen,Mainz,D,0.599714,0.23388,0.166406,2.035,1.0029
2526,2026-02-28,D1,M'gladbach,Union Berlin,H,0.472708,0.273213,0.254079,1.6534,1.1652
2526,2026-02-28,D1,Werder Bremen,Heidenheim,H,0.509241,0.2602,0.230559,1.7924,1.1537
2526,2026-03-01,D1,Ein Frankfurt,Freiburg,H,0.515688,0.251785,0.232527,1.8805,1.2164
2526,2026-03-01,D1,Hamburg,RB Leipzig,A,0.257517,0.264952,0.477531,1.2298,1.7322
2526,2026-03-01,D1,Stuttgart,Wolfsburg,H,0.52239,0.244899,0.232711,1.957,1.2647
2526,2026-03-04,D1,Hamburg,Leverkusen,A,0.185062,0.235143,0.579795,1.0972,2.045
2526,2026-03-06,D1,Bayern Munich,M'gladbach,H,0.795309,0.125536,0.079155,3.3594,1.0998
2526,2026-03-07,D1,FC Koln,Dortmund,A,0.174542,0.229374,0.596084,1.0765,2.0988
2526,2026-03-07,D1,Freiburg,Leverkusen,D,0.21657,0.246818,0.536612,1.178,1.934
2526,2026-03-07,D1,Heidenheim,Hoffenheim,A,0.372751,0.262311,0.364937,1.5988,1.5806
2526,2026-03-07,D1,Mainz,Stuttgart,D,0.366719,0.273775,0.359506,1.4921,1.4757
2526,2026-03-07,D1,RB Leipzig,Augsburg,H,0.612467,0.237062,0.150471,1.9732,0.8949
2526,2026-03-07,D1,Wolfsburg,Hamburg,A,0.461058,0.271798,0.267144,1.6566,1.2206
2526,2026-03-08,D1,St Pauli,Ein Frankfurt,D,0.232678,0.335176,0.432146,0.8041,1.187
2526,2026-03-08,D1,Union Berlin,Werder Bremen,A,0.346561,0.298345,0.355094,1.2762,1.2943
2526,2026-03-13,D1,M'gladbach,St Pauli,H,0.454923,0.319774,0.225303,1.2941,0.8394
2526,2026-03-14,D1,Dortmund,Augsburg,H,0.67332,0.199476,0.127204,2.3586,0.9641
2526,2026-03-14,D1,Ein Frankfurt,Heidenheim,H,0.612043,0.227327,0.16063,2.1,1.0091
2526,2026-03-14,D1,Hamburg,FC Koln,D,0.473052,0.285428,0.241521,1.5502,1.0507
2526,2026-03-14,D1,Hoffenheim,Wolfsburg,D,0.377681,0.25548,0.36684,1.6702,1.6444
2526,2026-03-14,D1,Leverkusen,Bayern Munich,D,0.344933,0.241432,0.413635,1.7153,1.8851
2526,2026-03-15,D1,Freiburg,Union Berlin,A,0.462292,0.293392,0.244315,1.4807,1.0191
2526,2026-03-15,D1,Stuttgart,RB Leipzig,H,0.392435,0.259311,0.348254,1.6676,1.5637
2526,2026-03-15,D1,Werder Bremen,Mainz,A,0.365441,0.281902,0.352657,1.4282,1.3999
2526,2026-03-20,D1,RB Leipzig,Hoffenheim,H,0.62888,0.204586,0.166534,2.4041,1.2036
2526,2026-03-21,D1,Bayern Munich,Union Berlin,H,0.787267,0.145721,0.067011,2.8018,0.7644
2526,2026-03-21,D1,Dortmund,Hamburg,H,0.65513,0.197841,0.147029,2.4483,1.1206
2526,2026-03-21,D1,FC Koln,M'gladbach,D,0.311825,0.274845,0.41333,1.3434,1.5717
2526,2026-03-21,D1,Heidenheim,Leverkusen,D,0.148125,0.220059,0.631815,0.9773,2.1598
2526,2026-03-21,D1,Wolfsburg,Werder Bremen,A,0.432644,0.267906,0.29945,1.6591,1.3546
2526,2026-03-22,D1,Augsburg,Stuttgart,A,0.253997,0.26949,0.476514,1.1878,1.6894
2526,2026-03-22,D1,Mainz,Ein Frankfurt,H,0.367441,0.279807,0.352751,1.4479,1.4152
2526,2026-03-22,D1,St Pauli,Freiburg,A,0.290949,0.35755,0.351501,0.8681,0.9801
2526,2026-04-04,D1,Freiburg,Bayern Munich,A,0.151449,0.19626,0.652291,1.1647,2.4848
2526,2026-04-04,D1,Hamburg,Augsburg,D,0.438405,0.291567,0.270027,1.4733,1.1128
2526,2026-04-04,D1,Hoffenheim,Mainz,A,0.335293,0.264139,0.400568,1.4893,1.6406
2526,2026-04-04,D1,Leverkusen,Wolfsburg,H,0.649576,0.208841,0.141583,2.2822,1.0052
2526,2026-04-04,D1,M'gladbach,Heidenheim,D,0.521942,0.24674,0.231318,1.9363,1.2456
2526,2026-04-04,D1,Stuttgart,Dortmund,A,0.365834,0.239251,0.394916,1.7967,1.8691
2526,2026-04-04,D1,Werder Bremen,RB Leipzig,A,0.289322,0.261851,0.448828,1.3649,1.7348
2526,2026-04-05,D1,Ein Frankfurt,FC Koln,D,0.615384,0.233262,0.151354,2.0157,0.9204
2526,2026-04-05,D1,Union Berlin,St Pauli,D,0.365163,0.383556,0.251282,0.8995,0.7001
2526,2026-04-10,D1,Augsburg,Hoffenheim,D,0.386421,0.272364,0.341215,1.5444,1.4418
2526,2026-04-11,D1,Dortmund,Leverkusen,A,0.374152,0.245422,0.380426,1.7566,1.7719
2526,2026-04-11,D1,Heidenheim,Union Berlin,H,0.365773,0.312495,0.321732,1.2284,1.1381
2526,2026-04-11,D1,RB Leipzig,M'gladbach,H,0.581918,0.222181,0.1959,2.2147,1.2469
2526,2026-04-11,D1,St Pauli,Bayern Munich,A,0.110956,0.239722,0.649322,0.6512,1.8547
2526,2026-04-11,D1,Wolfsburg,Ein Frankfurt,A,0.335703,0.2692,0.395097,1.4512,1.5871
2526,2026-04-12,D1,FC Koln,Werder Bremen,H,0.307528,0.288053,0.404419,1.2443,1.4549
2526,2026-04-12,D1,Mainz,Freiburg,A,0.449126,0.281494,0.269381,1.5631,1.1685
2526,2026-04-12,D1,Stuttgart,Hamburg,H,0.569894,0.23364,0.196466,2.0736,1.1675
2526,2026-04-17,D1,St Pauli,FC Koln,D,0.365458,0.37515,0.259392,0.9305,0.7417
2526,2026-04-18,D1,Ein Frankfurt,RB Leipzig,A,0.384974,0.265395,0.349631,1.5992,1.5174
2526,2026-04-18,D1,Hoffenheim,Dortmund,H,0.226338,0.208749,0.564913,1.5334,2.4303
2526,2026-04-18,D1,Leverkusen,Augsburg,A,0.706238,0.193054,0.100708,2.3296,0.7984
2526,2026-04-18,D1,Union Berlin,Wolfsburg,A,0.33271,0.305445,0.361846,1.2026,1.2634
2526,2026-04-18,D1,Werder Bremen,Hamburg,H,0.454631,0.266598,0.278771,1.6972,1.2953
2526,2026-04-19,D1,Bayern Munich,Stuttgart,H,0.69094,0.172931,0.136129,2.8047,1.2439
2526,2026-04-19,D1,Freiburg,Heidenheim,H,0.510139,0.266173,0.223688,1.734,1.0894
2526,2026-04-19,D1,M'gladbach,Mainz,D,0.3724,0.268946,0.358654,1.5429,1.5114
2526,2026-04-24,D1,RB Leipzig,Union Berlin,H,0.591331,0.250672,0.157997,1.8471,0.8666
2526,2026-04-25,D1,Augsburg,Ein Frankfurt,D,0.2562,0.276576,0.467224,1.1526,1.6201
2526,2026-04-25,D1,FC Koln,Leverkusen,A,0.139683,0.225793,0.634524,0.8914,2.073
2526,2026-04-25,D1,Hamburg,Hoffenheim,A,0.435799,0.253845,0.310356,1.795,1.4966
2526,2026-04-25,D1,Heidenheim,St Pauli,H,0.356788,0.364072,0.27914,0.9615,0.8199
2526,2026-04-25,D1,Mainz,Bayern Munich,A,0.181336,0.221008,0.597656,1.1724,2.2111
2526,2026-04-25,D1,Wolfsburg,M'gladbach,D,0.441709,0.255061,0.30323,1.7912,1.4633
2526,2026-04-26,D1,Dortmund,Freiburg,H,0.61179,0.212374,0.175836,2.3153,1.2031
2526,2026-04-26,D1,Stuttgart,Werder Bremen,D,0.542075,0.234644,0.223281,2.0768,1.2957
2526,2026-05-02,D1,Bayern Munich,Heidenheim,D,0.834768,0.113071,0.052162,3.2812,0.8171
2526,2026-05-02,D1,Ein Frankfurt,Hamburg,A,0.559165,0.241237,0.199598,1.9885,1.1329
2526,2026-05-02,D1,Hoffenheim,Stuttgart,D,0.29096,0.23415,0.47489,1.5976,2.0583
2526,2026-05-02,D1,Leverkusen,RB Leipzig,H,0.524475,0.245992,0.229532,1.9447,1.2428
2526,2026-05-02,D1,Union Berlin,FC Koln,D,0.427304,0.316422,0.256273,1.2917,0.9475
2526,2026-05-02,D1,Werder Bremen,Augsburg,A,0.479776,0.275816,0.244409,1.635,1.1144
2526,2026-05-03,D1,Freiburg,Wolfsburg,D,0.411646,0.27724,0.311114,1.5496,1.3249
2526,2026-05-03,D1,M'gladbach,Dortmund,H,0.262668,0.222237,0.515095,1.5886,2.2388
2526,2026-05-03,D1,St Pauli,Mainz,A,0.258775,0.364608,0.376617,0.7725,0.9866
2526,2026-05-08,D1,Dortmund,Ein Frankfurt,H,0.522246,0.229402,0.248352,2.1447,1.4571
2526,2026-05-09,D1,Augsburg,M'gladbach,H,0.345925,0.276534,0.377541,1.4227,1.4937
2526,2026-05-09,D1,Hoffenheim,Werder Bremen,H,0.393851,0.248475,0.357674,1.7724,1.6847
2526,2026-05-09,D1,RB Leipzig,St Pauli,H,0.556352,0.297944,0.145704,1.4458,0.6243
2526,2026-05-09,D1,Stuttgart,Leverkusen,H,0.299894,0.250615,0.449491,1.4878,1.8461
2526,2026-05-09,D1,Wolfsburg,Bayern Munich,A,0.153792,0.197071,0.649137,1.1751,2.4798
2526,2026-05-10,D1,FC Koln,Heidenheim,A,0.38268,0.303655,0.313664,1.3121,1.1677
2526,2026-05-10,D1,Hamburg,Freiburg,H,0.372298,0.281401,0.346302,1.4462,1.3886
2526,2026-05-10,D1,Mainz,Union Berlin,A,0.492477,0.294043,0.213481,1.4905,0.9069
2021,2020-09-19,I1,Fiorentina,Torino,H,0.46228,0.286699,0.251021,1.4456,1.0026
2021,2020-09-19,I1,Verona,Roma,D,0.216047,0.24618,0.537774,1.1,1.8408
2021,2020-09-20,I1,Genoa,Crotone,H,0.427847,0.280038,0.292115,1.461,1.1688
2021,2020-09-20,I1,Juventus,Sampdoria,H,0.683971,0.192364,0.123664,2.3303,0.9104
2021,2020-09-20,I1,Parma,Napoli,A,0.247298,0.25582,0.496882,1.1691,1.7357
2021,2020-09-20,I1,Sassuolo,Cagliari,D,0.495947,0.257273,0.24678,1.7208,1.1575
2021,2020-09-21,I1,Milan,Bologna,H,0.613367,0.228785,0.157848,1.9742,0.9098
2021,2020-09-26,I1,Cagliari,Lazio,A,0.210696,0.25483,0.534474,1.0231,1.7494
2021,2020-09-26,I1,Inter,Fiorentina,H,0.588289,0.255514,0.156198,1.7058,0.7681
2021,2020-09-26,I1,Sampdoria,Benevento,A,0.675143,0.195333,0.129525,2.3122,0.9343
2021,2020-09-26,I1,Torino,Atalanta,A,0.199005,0.223312,0.577683,1.1749,2.0989
2021,2020-09-27,I1,Crotone,Milan,A,0.174322,0.245488,0.58019,0.9053,1.8207
2021,2020-09-27,I1,Napoli,Genoa,H,0.677844,0.20266,0.119496,2.1784,0.8159
2021,2020-09-27,I1,Roma,Juventus,D,0.342461,0.261955,0.395584,1.4377,1.5585
2021,2020-09-27,I1,Spezia,Sassuolo,A,0.39166,0.256905,0.351436,1.5957,1.5029
2021,2020-09-27,I1,Verona,Udinese,H,0.38366,0.312016,0.304323,1.1855,1.0274
2021,2020-09-28,I1,Bologna,Parma,H,0.399477,0.265851,0.334672,1.5322,1.3865
2021,2020-09-30,I1,Benevento,Inter,A,0.063576,0.148145,0.78828,0.6418,2.6026
2021,2020-09-30,I1,Lazio,Atalanta,A,0.376925,0.241568,0.381507,1.711,1.7221
2021,2020-09-30,I1,Udinese,Spezia,A,0.361269,0.305154,0.333577,1.1859,1.1297
2021,2020-10-02,I1,Fiorentina,Sampdoria,A,0.469643,0.273877,0.25648,1.5534,1.091
2021,2020-10-03,I1,Sassuolo,Crotone,H,0.576143,0.22715,0.196706,2.0483,1.1343
2021,2020-10-03,I1,Udinese,Roma,A,0.22066,0.267406,0.511935,0.9941,1.6288
2021,2020-10-04,I1,Atalanta,Cagliari,H,0.712295,0.180251,0.107454,2.4281,0.8618
2021,2020-10-04,I1,Benevento,Bologna,H,0.220789,0.249227,0.529984,1.1016,1.809
2021,2020-10-04,I1,Lazio,Inter,D,0.332116,0.274648,0.393236,1.3154,1.4495
2021,2020-10-04,I1,Milan,Spezia,H,0.585368,0.241884,0.172748,1.8557,0.9168
2021,2020-10-04,I1,Parma,Verona,H,0.456114,0.270761,0.273125,1.5685,1.1665
2021,2020-10-17,I1,Crotone,Juventus,D,0.125651,0.206736,0.667613,0.8354,2.1499
2021,2020-10-17,I1,Inter,Milan,A,0.494378,0.276804,0.228817,1.5426,0.9758
2021,2020-10-17,I1,Napoli,Atalanta,H,0.365063,0.252737,0.382199,1.574,1.6141
2021,2020-10-17,I1,Sampdoria,Lazio,H,0.248123,0.23975,0.512128,1.2878,1.9151
2021,2020-10-18,I1,Bologna,Sassuolo,A,0.370186,0.253058,0.376756,1.5835,1.5988
2021,2020-10-18,I1,Roma,Benevento,H,0.831195,0.115819,0.052986,3.0981,0.7365
2021,2020-10-18,I1,Spezia,Fiorentina,D,0.341001,0.296562,0.362437,1.1949,1.2393
2021,2020-10-18,I1,Torino,Cagliari,A,0.441129,0.288102,0.270768,1.4158,1.058
2021,2020-10-18,I1,Udinese,Parma,H,0.366972,0.297456,0.335572,1.2425,1.1775
2021,2020-10-19,I1,Verona,Genoa,D,0.445521,0.282295,0.272184,1.464,1.0945
2021,2020-10-23,I1,Sassuolo,Torino,D,0.463354,0.251821,0.284825,1.7531,1.339
2021,2020-10-24,I1,Atalanta,Sampdoria,A,0.702379,0.171943,0.125678,2.6582,1.0847
2021,2020-10-24,I1,Genoa,Inter,A,0.129883,0.221548,0.648569,0.783,1.9916
2021,2020-10-24,I1,Lazio,Bologna,H,0.64807,0.203814,0.148115,2.2579,1.0076
2021,2020-10-25,I1,Benevento,Napoli,A,0.096318,0.17684,0.726842,0.7881,2.4153
2021,2020-10-25,I1,Cagliari,Crotone,H,0.461696,0.285141,0.253163,1.457,1.0177
2021,2020-10-25,I1,Fiorentina,Udinese,H,0.473913,0.305941,0.220145,1.3197,0.8158
2021,2020-10-25,I1,Juventus,Verona,D,0.70392,0.192652,0.103429,2.2373,0.7533
2021,2020-10-25,I1,Parma,Spezia,D,0.416424,0.268738,0.314839,1.5361,1.3101
2021,2020-10-26,I1,Milan,Roma,D,0.418806,0.266878,0.314316,1.5556,1.3219
2021,2020-10-31,I1,Bologna,Cagliari,H,0.424262,0.284755,0.290982,1.4206,1.1372
2021,2020-10-31,I1,Crotone,Atalanta,A,0.128065,0.185273,0.686662,0.9954,2.4523
2021,2020-10-31,I1,Inter,Parma,D,0.684715,0.199465,0.115821,2.2043,0.8078
2021,2020-11-01,I1,Napoli,Sassuolo,A,0.587938,0.22135,0.190712,2.1142,1.1439
2021,2020-11-01,I1,Roma,Fiorentina,H,0.524288,0.257592,0.21812,1.7228,1.0389
2021,2020-11-01,I1,Sampdoria,Genoa,D,0.511654,0.252942,0.235404,1.7694,1.14
2021,2020-11-01,I1,Spezia,Juventus,A,0.190309,0.243198,0.566493,0.9971,1.8592
2021,2020-11-01,I1,Torino,Lazio,A,0.243716,0.251551,0.504733,1.1835,1.7823
2021,2020-11-01,I1,Udinese,Milan,A,0.219122,0.291956,0.488922,0.8695,1.4225
2021,2020-11-02,I1,Verona,Benevento,H,0.60316,0.235006,0.161834,1.9132,0.8971
2021,2020-11-04,I1,Genoa,Torino,A,0.328457,0.282884,0.388659,1.2504,1.3796
2021,2020-11-06,I1,Sassuolo,Udinese,D,0.481948,0.269384,0.248668,1.6004,1.0895
2021,2020-11-07,I1,Benevento,Spezia,A,0.203672,0.247418,0.548909,1.0355,1.823
2021,2020-11-07,I1,Cagliari,Sampdoria,H,0.366391,0.282468,0.351142,1.3399,1.3071
2021,2020-11-07,I1,Parma,Fiorentina,D,0.342951,0.289031,0.368019,1.2455,1.2985
2021,2020-11-08,I1,Atalanta,Inter,D,0.393003,0.262465,0.344532,1.5491,1.439
2021,2020-11-08,I1,Bologna,Napoli,A,0.230071,0.253682,0.516247,1.113,1.7623
2021,2020-11-08,I1,Genoa,Roma,A,0.185218,0.229137,0.585644,1.0591,2.0115
2021,2020-11-08,I1,Lazio,Juventus,D,0.351189,0.264961,0.38385,1.436,1.5097
2021,2020-11-08,I1,Milan,Verona,D,0.619341,0.234234,0.146426,1.8948,0.8163
2021,2020-11-08,I1,Torino,Crotone,D,0.515637,0.261408,0.222955,1.6853,1.0368
2021,2020-11-21,I1,Crotone,Lazio,A,0.165336,0.220667,0.613996,1.0026,2.0824
2021,2020-11-21,I1,Juventus,Cagliari,H,0.690963,0.202571,0.106466,2.1287,0.7233
2021,2020-11-21,I1,Spezia,Atalanta,D,0.199054,0.221623,0.579323,1.188,2.1207
2021,2020-11-22,I1,Fiorentina,Benevento,A,0.693871,0.201756,0.104373,2.1296,0.7123
2021,2020-11-22,I1,Inter,Torino,H,0.671208,0.210369,0.118423,2.0822,0.7664
2021,2020-11-22,I1,Napoli,Milan,A,0.413588,0.281317,0.305094,1.4316,1.1984
2021,2020-11-22,I1,Roma,Parma,H,0.622499,0.209804,0.167697,2.2263,1.0926
2021,2020-11-22,I1,Sampdoria,Bologna,A,0.451704,0.257238,0.291058,1.6871,1.3195
2021,2020-11-22,I1,Udinese,Genoa,H,0.436803,0.300854,0.262344,1.3231,0.9685
2021,2020-11-22,I1,Verona,Sassuolo,A,0.342759,0.264174,0.393067,1.4209,1.5345
2021,2020-11-28,I1,Atalanta,Verona,A,0.725,0.17095,0.10405,2.5521,0.8975
2021,2020-11-28,I1,Benevento,Juventus,D,0.065995,0.143306,0.7907,0.7006,2.7106
2021,2020-11-28,I1,Sassuolo,Inter,A,0.203364,0.237371,0.559265,1.0978,1.9329
2021,2020-11-29,I1,Bologna,Crotone,H,0.498683,0.260421,0.240896,1.6911,1.1145
2021,2020-11-29,I1,Cagliari,Spezia,D,0.363965,0.293742,0.342292,1.26,1.2147
2021,2020-11-29,I1,Lazio,Udinese,A,0.624151,0.231625,0.144224,1.9175,0.8171
2021,2020-11-29,I1,Milan,Fiorentina,H,0.50108,0.281724,0.217196,1.5046,0.9087
2021,2020-11-29,I1,Napoli,Roma,H,0.428258,0.25937,0.312371,1.6367,1.3722
2021,2020-11-30,I1,Genoa,Parma,A,0.333377,0.273928,0.392695,1.3237,1.4542
2021,2020-11-30,I1,Torino,Sampdoria,D,0.415317,0.266909,0.317774,1.55,1.3317
2021,2020-12-05,I1,Inter,Bologna,H,0.700301,0.193566,0.106133,2.2381,0.769
2021,2020-12-05,I1,Juventus,Torino,H,0.670964,0.204813,0.124223,2.1687,0.8367
2021,2020-12-05,I1,Spezia,Lazio,A,0.244061,0.249836,0.506104,1.1967,1.8008
2021,2020-12-06,I1,Crotone,Napoli,A,0.170809,0.235984,0.593206,0.9397,1.9156
2021,2020-12-06,I1,Parma,Benevento,D,0.664725,0.201756,0.133519,2.2397,0.9205
2021,2020-12-06,I1,Roma,Sassuolo,D,0.600141,0.207818,0.192042,2.3009,1.2599
2021,2020-12-06,I1,Sampdoria,Milan,A,0.255161,0.261392,0.483447,1.1628,1.6745
2021,2020-12-06,I1,Verona,Cagliari,D,0.394685,0.299921,0.305394,1.2747,1.0915
2021,2020-12-07,I1,Fiorentina,Genoa,D,0.543333,0.266918,0.189749,1.6297,0.8691
2021,2020-12-11,I1,Sassuolo,Benevento,H,0.718323,0.171371,0.110306,2.5826,0.9513
2021,2020-12-12,I1,Crotone,Spezia,H,0.311963,0.278614,0.409423,1.2347,1.4459
2021,2020-12-12,I1,Lazio,Verona,A,0.654527,0.208303,0.13717,2.1671,0.9041
2021,2020-12-12,I1,Torino,Udinese,A,0.42849,0.300446,0.271063,1.3167,0.9958
2021,2020-12-13,I1,Atalanta,Fiorentina,H,0.603054,0.226136,0.17081,2.0265,0.9991
2021,2020-12-13,I1,Bologna,Roma,A,0.233843,0.239602,0.526555,1.2259,1.9179
2021,2020-12-13,I1,Cagliari,Inter,A,0.155966,0.252342,0.591691,0.7809,1.7341
2021,2020-12-13,I1,Genoa,Juventus,A,0.136409,0.215782,0.647809,0.8548,2.0743
2021,2020-12-13,I1,Milan,Parma,D,0.595673,0.233375,0.170952,1.9443,0.9556
2021,2020-12-13,I1,Napoli,Sampdoria,H,0.6077,0.221907,0.170393,2.0764,1.0241
2021,2020-12-15,I1,Benevento,Lazio,D,0.090365,0.160845,0.74879,0.8409,2.6255
2021,2020-12-15,I1,Udinese,Crotone,D,0.455608,0.296277,0.248115,1.3713,0.9465
2021,2020-12-16,I1,Fiorentina,Sassuolo,D,0.447769,0.268252,0.283979,1.5816,1.2185
2021,2020-12-16,I1,Genoa,Milan,D,0.187034,0.253044,0.559922,0.9264,1.7567
2021,2020-12-16,I1,Inter,Napoli,H,0.497081,0.270083,0.232836,1.6012,1.0267
2021,2020-12-16,I1,Juventus,Atalanta,D,0.446204,0.24866,0.305136,1.7665,1.4349
2021,2020-12-16,I1,Parma,Cagliari,D,0.447075,0.278888,0.274037,1.4923,1.1201
2021,2020-12-16,I1,Spezia,Bologna,D,0.439361,0.268734,0.291905,1.5678,1.2408
2021,2020-12-16,I1,Verona,Sampdoria,A,0.367395,0.275072,0.357533,1.3955,1.3739
2021,2020-12-17,I1,Roma,Torino,H,0.610327,0.219684,0.169989,2.103,1.0366
2021,2020-12-19,I1,Fiorentina,Verona,D,0.499096,0.283321,0.217583,1.4914,0.9027
2021,2020-12-19,I1,Parma,Juventus,A,0.188659,0.234964,0.576377,1.0394,1.9479
2021,2020-12-19,I1,Sampdoria,Crotone,H,0.532858,0.246908,0.220234,1.8339,1.1141
2021,2020-12-20,I1,Atalanta,Roma,H,0.516183,0.225532,0.258285,2.0953,1.4534
2021,2020-12-20,I1,Benevento,Genoa,H,0.271227,0.271534,0.457239,1.1553,1.5629
2021,2020-12-20,I1,Cagliari,Udinese,D,0.38112,0.319976,0.298903,1.1383,0.9775
2021,2020-12-20,I1,Inter,Spezia,H,0.673366,0.208441,0.118193,2.1039,0.7749
2021,2020-12-20,I1,Lazio,Napoli,H,0.428706,0.261768,0.309526,1.6154,1.3452
2021,2020-12-20,I1,Sassuolo,Milan,A,0.283133,0.256359,0.460508,1.2988,1.7049
2021,2020-12-20,I1,Torino,Bologna,D,0.43779,0.270534,0.291676,1.5504,1.228
2021,2020-12-22,I1,Crotone,Parma,H,0.315925,0.271506,0.412569,1.2936,1.5072
2021,2020-12-22,I1,Juventus,Fiorentina,A,0.586799,0.248859,0.164341,1.7766,0.8385
2021,2020-12-23,I1,Bologna,Atalanta,D,0.181328,0.20964,0.609032,1.1789,2.256
2021,2020-12-23,I1,Milan,Lazio,H,0.406857,0.270413,0.32273,1.5069,1.3204
2021,2020-12-23,I1,Napoli,Torino,D,0.596573,0.234235,0.169192,1.9324,0.9411
2021,2020-12-23,I1,Roma,Cagliari,H,0.635701,0.218657,0.145642,2.0642,0.8961
2021,2020-12-23,I1,Sampdoria,Sassuolo,A,0.401789,0.246377,0.351835,1.7172,1.5983
2021,2020-12-23,I1,Spezia,Genoa,A,0.49709,0.265325,0.237584,1.6442,1.072
2021,2020-12-23,I1,Udinese,Benevento,A,0.587117,0.253358,0.159524,1.729,0.7938
2021,2020-12-23,I1,Verona,Inter,A,0.153469,0.242616,0.603915,0.8133,1.8226
2021,2021-01-03,I1,Atalanta,Sassuolo,H,0.684091,0.173775,0.142134,2.7065,1.2116
2021,2021-01-03,I1,Benevento,Milan,A,0.100102,0.186939,0.712959,0.7592,2.2956
2021,2021-01-03,I1,Cagliari,Napoli,A,0.214752,0.269615,0.515633,0.9589,1.6093
2021,2021-01-03,I1,Fiorentina,Bologna,D,0.48996,0.275242,0.234798,1.5539,1.006
2021,2021-01-03,I1,Genoa,Lazio,D,0.17846,0.228592,0.592948,1.0259,2.0091
2021,2021-01-03,I1,Inter,Crotone,H,0.76147,0.164926,0.073604,2.4328,0.6493
2021,2021-01-03,I1,Juventus,Udinese,H,0.672233,0.217274,0.110493,1.9797,0.6808
2021,2021-01-03,I1,Parma,Torino,A,0.415503,0.270459,0.314038,1.5203,1.2956
2021,2021-01-03,I1,Roma,Sampdoria,H,0.621147,0.207879,0.170974,2.2598,1.1279
2021,2021-01-03,I1,Spezia,Verona,A,0.451855,0.277934,0.270211,1.5047,1.1133
2021,2021-01-06,I1,Atalanta,Parma,H,0.703061,0.173536,0.123402,2.6188,1.0507
2021,2021-01-06,I1,Bologna,Udinese,D,0.412405,0.296708,0.290887,1.3212,1.0704
2021,2021-01-06,I1,Cagliari,Benevento,A,0.596949,0.242235,0.160816,1.837,0.8535
2021,2021-01-06,I1,Crotone,Roma,A,0.171703,0.221407,0.60689,1.035,2.0848
2021,2021-01-06,I1,Lazio,Fiorentina,H,0.531643,0.257711,0.210645,1.7208,1.0064
2021,2021-01-06,I1,Milan,Juventus,A,0.332981,0.283813,0.383206,1.2556,1.3632
2021,2021-01-06,I1,Napoli,Spezia,A,0.598433,0.232406,0.169161,1.9525,0.9517
2021,2021-01-06,I1,Sampdoria,Inter,H,0.182308,0.238851,0.578841,0.9829,1.8984
2021,2021-01-06,I1,Sassuolo,Genoa,H,0.554397,0.23408,0.211523,1.9763,1.1607
2021,2021-01-06,I1,Torino,Verona,D,0.450154,0.279809,0.270036,1.4881,1.1019
2021,2021-01-09,I1,Benevento,Atalanta,A,0.064039,0.123295,0.812667,0.8348,3.0919
2021,2021-01-09,I1,Genoa,Bologna,H,0.352029,0.277461,0.37051,1.344,1.3843
2021,2021-01-09,I1,Milan,Torino,H,0.583517,0.243745,0.172738,1.8366,0.9067
2021,2021-01-10,I1,Fiorentina,Cagliari,H,0.488659,0.292429,0.218912,1.419,0.8667
2021,2021-01-10,I1,Juventus,Sassuolo,H,0.667567,0.193514,0.138919,2.3727,1.0169
2021,2021-01-10,I1,Parma,Lazio,A,0.243134,0.24223,0.514636,1.2474,1.8867
2021,2021-01-10,I1,Roma,Inter,D,0.323798,0.271305,0.404897,1.3169,1.4964
2021,2021-01-10,I1,Udinese,Napoli,A,0.216775,0.282703,0.500522,0.9026,1.4967
2021,2021-01-10,I1,Verona,Crotone,H,0.46532,0.277828,0.256852,1.5174,1.0696
2021,2021-01-11,I1,Spezia,Sampdoria,H,0.416726,0.26516,0.318114,1.5673,1.3455
2021,2021-01-15,I1,Lazio,Roma,H,0.443142,0.247065,0.309793,1.7792,1.464
2021,2021-01-16,I1,Bologna,Verona,H,0.432759,0.276738,0.290503,1.4932,1.1844
2021,2021-01-16,I1,Sampdoria,Udinese,H,0.442881,0.286054,0.271065,1.4328,1.0701
2021,2021-01-16,I1,Torino,Spezia,D,0.41182,0.277595,0.310585,1.4574,1.2375
2021,2021-01-17,I1,Atalanta,Genoa,D,0.767877,0.148518,0.083605,2.7887,0.8642
2021,2021-01-17,I1,Crotone,Benevento,H,0.548259,0.249549,0.202193,1.8002,1.016
2021,2021-01-17,I1,Inter,Juventus,H,0.42165,0.28391,0.29444,1.4235,1.1522
2021,2021-01-17,I1,Napoli,Fiorentina,H,0.512839,0.272571,0.21459,1.583,0.9432
2021,2021-01-17,I1,Sassuolo,Parma,D,0.471929,0.242963,0.285108,1.8559,1.4113
2021,2021-01-18,I1,Cagliari,Milan,A,0.217428,0.278724,0.503848,0.9238,1.5296
2021,2021-01-20,I1,Udinese,Atalanta,D,0.174319,0.236374,0.589307,0.956,1.916
2021,2021-01-22,I1,Benevento,Torino,D,0.203885,0.249358,0.546757,1.0248,1.8029
2021,2021-01-23,I1,Fiorentina,Crotone,H,0.563089,0.259537,0.177374,1.6891,0.8494
2021,2021-01-23,I1,Milan,Atalanta,A,0.357393,0.259497,0.38311,1.496,1.5549
2021,2021-01-23,I1,Roma,Spezia,H,0.612156,0.217925,0.169919,2.1249,1.0482
2021,2021-01-23,I1,Udinese,Inter,D,0.159034,0.266715,0.574251,0.735,1.6127
2021,2021-01-24,I1,Genoa,Cagliari,H,0.359575,0.297596,0.342829,1.2274,1.1927
2021,2021-01-24,I1,Juventus,Bologna,H,0.70046,0.188354,0.111186,2.3311,0.8395
2021,2021-01-24,I1,Lazio,Sassuolo,H,0.608217,0.20711,0.184673,2.2982,1.2204
2021,2021-01-24,I1,Parma,Sampdoria,A,0.419678,0.258289,0.322033,1.6337,1.4098
2021,2021-01-24,I1,Verona,Napoli,H,0.212882,0.260772,0.526346,0.9987,1.6914
2021,2021-01-29,I1,Torino,Fiorentina,D,0.339924,0.298401,0.361675,1.1817,1.2266
2021,2021-01-30,I1,Bologna,Milan,A,0.233059,0.262291,0.504649,1.0723,1.675
2021,2021-01-30,I1,Inter,Benevento,H,0.862357,0.102603,0.03504,3.0674,0.5445
2021,2021-01-30,I1,Sampdoria,Juventus,A,0.192361,0.232735,0.574903,1.073,1.9772
2021,2021-01-31,I1,Atalanta,Lazio,A,0.502341,0.230181,0.267478,2.0297,1.4517
2021,2021-01-31,I1,Cagliari,Sassuolo,D,0.342607,0.271554,0.385839,1.3643,1.46
2021,2021-01-31,I1,Crotone,Genoa,A,0.390408,0.283601,0.325991,1.3776,1.2396
2021,2021-01-31,I1,Napoli,Parma,H,0.608814,0.224001,0.167185,2.0457,0.992
2021,2021-01-31,I1,Roma,Verona,H,0.648103,0.209345,0.142552,2.1696,0.9333
2021,2021-01-31,I1,Spezia,Udinese,A,0.430158,0.298497,0.271345,1.3314,1.0062
2021,2021-02-05,I1,Fiorentina,Inter,A,0.224912,0.288468,0.48662,0.9053,1.4473
2021,2021-02-06,I1,Atalanta,Torino,D,0.690084,0.183421,0.126495,2.4738,0.9969
2021,2021-02-06,I1,Genoa,Napoli,H,0.183671,0.243694,0.572635,0.9616,1.8483
2021,2021-02-06,I1,Juventus,Roma,H,0.509311,0.24658,0.244109,1.8368,1.2198
2021,2021-02-06,I1,Sassuolo,Spezia,A,0.464455,0.250158,0.285387,1.7714,1.3539
2021,2021-02-07,I1,Benevento,Sampdoria,D,0.200414,0.234672,0.564914,1.1012,1.9618
2021,2021-02-07,I1,Lazio,Cagliari,H,0.64203,0.217718,0.140252,2.0618,0.8681
2021,2021-02-07,I1,Milan,Crotone,H,0.68322,0.203417,0.113363,2.1459,0.7681
2021,2021-02-07,I1,Parma,Bologna,A,0.443006,0.261774,0.29522,1.6342,1.3
2021,2021-02-07,I1,Udinese,Verona,H,0.395917,0.310821,0.293261,1.2108,1.0059
2021,2021-02-12,I1,Bologna,Benevento,D,0.640303,0.213194,0.146502,2.1321,0.9346
2021,2021-02-13,I1,Napoli,Juventus,H,0.340127,0.276717,0.383156,1.321,1.415
2021,2021-02-13,I1,Spezia,Milan,H,0.250481,0.272034,0.477485,1.0805,1.5745
2021,2021-02-13,I1,Torino,Genoa,D,0.495164,0.267231,0.237605,1.6261,1.0609
2021,2021-02-14,I1,Cagliari,Atalanta,A,0.170487,0.223263,0.606249,1.0157,2.0602
2021,2021-02-14,I1,Crotone,Sassuolo,A,0.286824,0.253005,0.460171,1.337,1.7379
2021,2021-02-14,I1,Inter,Lazio,H,0.502542,0.258769,0.238689,1.7084,1.1161
2021,2021-02-14,I1,Roma,Udinese,H,0.617984,0.232408,0.149607,1.9198,0.8435
2021,2021-02-14,I1,Sampdoria,Fiorentina,H,0.349858,0.285211,0.364931,1.2858,1.318
2021,2021-02-15,I1,Verona,Parma,H,0.370732,0.278823,0.350445,1.3748,1.3308
2021,2021-02-19,I1,Cagliari,Torino,A,0.363211,0.295569,0.341221,1.247,1.2013
2021,2021-02-19,I1,Fiorentina,Spezia,H,0.463617,0.284853,0.251529,1.4607,1.0138
2021,2021-02-20,I1,Genoa,Verona,D,0.366418,0.289838,0.343744,1.29,1.2422
2021,2021-02-20,I1,Lazio,Sampdoria,H,0.628572,0.206999,0.164429,2.2571,1.0926
2021,2021-02-20,I1,Sassuolo,Bologna,D,0.492956,0.241779,0.265265,1.8844,1.3435
2021,2021-02-21,I1,Atalanta,Napoli,H,0.498791,0.240471,0.260738,1.9023,1.3355
2021,2021-02-21,I1,Benevento,Roma,D,0.094206,0.162338,0.743456,0.868,2.6286
2021,2021-02-21,I1,Milan,Inter,A,0.315064,0.293767,0.391169,1.1501,1.3088
2021,2021-02-21,I1,Parma,Udinese,D,0.43444,0.290976,0.274584,1.3879,1.0542
2021,2021-02-22,I1,Juventus,Crotone,H,0.763575,0.15983,0.076595,2.5338,0.7088
2021,2021-02-27,I1,Bologna,Lazio,H,0.225571,0.239701,0.534728,1.1875,1.9157
2021,2021-02-27,I1,Spezia,Parma,D,0.419845,0.268416,0.311739,1.5441,1.3034
2021,2021-02-27,I1,Verona,Juventus,D,0.161494,0.236363,0.602143,0.8878,1.8983
2021,2021-02-28,I1,Crotone,Cagliari,A,0.342906,0.296488,0.360606,1.1995,1.2362
2021,2021-02-28,I1,Inter,Genoa,H,0.744209,0.174795,0.080996,2.3473,0.6644
2021,2021-02-28,I1,Napoli,Benevento,H,0.814772,0.129468,0.05576,2.8467,0.6687
2021,2021-02-28,I1,Roma,Milan,A,0.419838,0.266781,0.313381,1.558,1.3199
2021,2021-02-28,I1,Sampdoria,Atalanta,A,0.201079,0.21191,0.587011,1.2785,2.2553
2021,2021-02-28,I1,Udinese,Fiorentina,H,0.297797,0.323006,0.379198,0.9615,1.1197
2021,2021-03-02,I1,Juventus,Spezia,H,0.673066,0.202945,0.12399,2.1912,0.846
2021,2021-03-03,I1,Atalanta,Crotone,H,0.785687,0.139049,0.075263,2.8903,0.8445
2021,2021-03-03,I1,Benevento,Verona,A,0.237128,0.26755,0.495322,1.0573,1.6232
2021,2021-03-03,I1,Cagliari,Bologna,H,0.387777,0.288241,0.323983,1.3404,1.2054
2021,2021-03-03,I1,Fiorentina,Roma,A,0.306422,0.2778,0.415778,1.2244,1.4618
2021,2021-03-03,I1,Genoa,Sampdoria,D,0.329647,0.269798,0.400555,1.3436,1.5012
2021,2021-03-03,I1,Milan,Udinese,D,0.589283,0.258346,0.152371,1.6766,0.7378
2021,2021-03-03,I1,Sassuolo,Napoli,D,0.280439,0.248593,0.470968,1.3482,1.7938
2021,2021-03-04,I1,Parma,Inter,A,0.178867,0.241143,0.57999,0.9521,1.8703
2021,2021-03-06,I1,Juventus,Lazio,H,0.49613,0.251529,0.25234,1.7793,1.2184
2021,2021-03-06,I1,Spezia,Benevento,D,0.656979,0.209015,0.134006,2.1486,0.8786
2021,2021-03-06,I1,Udinese,Sassuolo,H,0.341545,0.282609,0.375846,1.2841,1.3578
2021,2021-03-07,I1,Crotone,Torino,H,0.311583,0.280421,0.407995,1.222,1.4299
2021,2021-03-07,I1,Fiorentina,Parma,D,0.471744,0.276817,0.251439,1.5304,1.0567
2021,2021-03-07,I1,Napoli,Bologna,H,0.626744,0.219202,0.154054,2.0771,0.9443
2021,2021-03-07,I1,Roma,Genoa,H,0.693948,0.187838,0.118214,2.3707,0.8986
2021,2021-03-07,I1,Sampdoria,Cagliari,D,0.455738,0.274008,0.270254,1.5406,1.1369
2021,2021-03-07,I1,Verona,Milan,A,0.215783,0.269792,0.514425,0.9621,1.6076
2021,2021-03-08,I1,Inter,Atalanta,H,0.454998,0.256684,0.288318,1.6961,1.3143
2021,2021-03-12,I1,Atalanta,Spezia,H,0.692102,0.181687,0.126211,2.4995,1.008
2021,2021-03-12,I1,Lazio,Crotone,H,0.719225,0.177099,0.103676,2.4543,0.8507
2021,2021-03-13,I1,Benevento,Fiorentina,A,0.161103,0.245316,0.593582,0.8396,1.8069
2021,2021-03-13,I1,Genoa,Udinese,D,0.350064,0.309251,0.340686,1.1415,1.1226
2021,2021-03-13,I1,Sassuolo,Verona,H,0.505942,0.249099,0.244959,1.8086,1.2055
2021,2021-03-14,I1,Bologna,Sampdoria,H,0.39605,0.26243,0.34152,1.5552,1.4314
2021,2021-03-14,I1,Cagliari,Juventus,A,0.164109,0.245789,0.590102,0.8525,1.8061
2021,2021-03-14,I1,Milan,Napoli,A,0.404973,0.282137,0.31289,1.4124,1.2146
2021,2021-03-14,I1,Parma,Roma,H,0.251938,0.241869,0.506193,1.2877,1.889
2021,2021-03-14,I1,Torino,Inter,A,0.180417,0.251519,0.568064,0.9033,1.7667
2021,2021-03-17,I1,Torino,Sassuolo,H,0.390446,0.258588,0.350966,1.5781,1.4875
2021,2021-03-19,I1,Parma,Genoa,A,0.502226,0.258203,0.239572,1.7139,1.1231
2021,2021-03-20,I1,Crotone,Bologna,A,0.334406,0.275755,0.389839,1.3135,1.4348
2021,2021-03-20,I1,Spezia,Cagliari,H,0.442814,0.286199,0.270987,1.4316,1.069
2021,2021-03-21,I1,Fiorentina,Milan,A,0.299325,0.300858,0.399817,1.071,1.2766
2021,2021-03-21,I1,Juventus,Benevento,A,0.865841,0.098237,0.035922,3.1947,0.5944
2021,2021-03-21,I1,Roma,Napoli,A,0.420048,0.260137,0.319815,1.6172,1.3887
2021,2021-03-21,I1,Sampdoria,Torino,H,0.423748,0.266117,0.310135,1.5696,1.3151
2021,2021-03-21,I1,Udinese,Lazio,A,0.213242,0.267673,0.519085,0.963,1.6269
2021,2021-03-21,I1,Verona,Atalanta,A,0.167436,0.21438,0.618184,1.0578,2.1653
2021,2021-04-03,I1,Atalanta,Udinese,H,0.693933,0.194047,0.11202,2.2582,0.8111
2021,2021-04-03,I1,Benevento,Parma,D,0.204724,0.240335,0.55494,1.0849,1.9003
2021,2021-04-03,I1,Bologna,Inter,A,0.165446,0.236848,0.597706,0.9063,1.899
2021,2021-04-03,I1,Cagliari,Verona,A,0.400198,0.299388,0.300414,1.2865,1.0816
2021,2021-04-03,I1,Genoa,Fiorentina,D,0.267406,0.292561,0.440034,1.0244,1.3827
2021,2021-04-03,I1,Lazio,Spezia,H,0.619293,0.217137,0.16357,2.1224,1.0153
2021,2021-04-03,I1,Milan,Sampdoria,D,0.594605,0.231173,0.174222,1.9735,0.9866
2021,2021-04-03,I1,Napoli,Crotone,H,0.697137,0.193262,0.109602,2.2578,0.7973
2021,2021-04-03,I1,Sassuolo,Roma,D,0.286527,0.235166,0.478307,1.4849,1.9522
2021,2021-04-03,I1,Torino,Juventus,D,0.190228,0.245008,0.564764,0.9861,1.84
2021,2021-04-07,I1,Inter,Sassuolo,H,0.669455,0.198499,0.132046,2.2781,0.9315
2021,2021-04-07,I1,Juventus,Napoli,H,0.491456,0.262555,0.245989,1.6677,1.1208
2021,2021-04-10,I1,Parma,Milan,A,0.250108,0.264172,0.48572,1.1263,1.6497
2021,2021-04-10,I1,Spezia,Crotone,H,0.517663,0.259482,0.222855,1.7041,1.0476
2021,2021-04-10,I1,Udinese,Torino,A,0.360461,0.30703,0.332508,1.1737,1.1172
2021,2021-04-11,I1,Fiorentina,Atalanta,A,0.251771,0.257184,0.491045,1.1775,1.7194
2021,2021-04-11,I1,Inter,Cagliari,H,0.689816,0.208389,0.101795,2.0438,0.6625
2021,2021-04-11,I1,Juventus,Genoa,H,0.745983,0.169587,0.08443,2.4447,0.7253
2021,2021-04-11,I1,Roma,Bologna,H,0.641137,0.204836,0.154026,2.2605,1.0401
2021,2021-04-11,I1,Sampdoria,Napoli,A,0.252321,0.253155,0.494524,1.207,1.7618
2021,2021-04-11,I1,Verona,Lazio,A,0.20847,0.246142,0.545389,1.0655,1.8387
2021,2021-04-12,I1,Benevento,Sassuolo,A,0.177208,0.213839,0.608953,1.1212,2.1912
2021,2021-04-17,I1,Cagliari,Parma,H,0.369539,0.286261,0.344201,1.3201,1.2662
2021,2021-04-17,I1,Crotone,Udinese,A,0.334104,0.307988,0.357908,1.1155,1.1635
2021,2021-04-17,I1,Sampdoria,Verona,H,0.464937,0.265902,0.269161,1.6192,1.184
2021,2021-04-17,I1,Sassuolo,Fiorentina,H,0.384322,0.27423,0.341449,1.4362,1.3419
2021,2021-04-18,I1,Atalanta,Juventus,H,0.415338,0.251515,0.333147,1.6911,1.4988
2021,2021-04-18,I1,Bologna,Spezia,H,0.393468,0.273059,0.333474,1.4624,1.3302
2021,2021-04-18,I1,Lazio,Benevento,H,0.834951,0.114344,0.050705,3.0944,0.7134
2021,2021-04-18,I1,Milan,Genoa,H,0.663988,0.212767,0.123245,2.0704,0.786
2021,2021-04-18,I1,Napoli,Inter,D,0.321768,0.286576,0.391655,1.2101,1.3586
2021,2021-04-18,I1,Torino,Roma,H,0.252364,0.25107,0.496566,1.2217,1.7843
2021,2021-04-20,I1,Verona,Fiorentina,A,0.299449,0.302283,0.398268,1.0639,1.2654
2021,2021-04-21,I1,Bologna,Torino,D,0.392661,0.274794,0.332545,1.4473,1.3155
2021,2021-04-21,I1,Crotone,Sampdoria,A,0.312055,0.267183,0.420763,1.3131,1.556
2021,2021-04-21,I1,Genoa,Benevento,D,0.566656,0.244697,0.188647,1.842,0.9802
2021,2021-04-21,I1,Juventus,Parma,H,0.684254,0.194231,0.121515,2.2958,0.8818
2021,2021-04-21,I1,Milan,Sassuolo,A,0.575195,0.230188,0.194616,2.0094,1.102
2021,2021-04-21,I1,Spezia,Inter,D,0.180479,0.249649,0.569871,0.9134,1.785
2021,2021-04-21,I1,Udinese,Cagliari,A,0.387891,0.319312,0.292797,1.152,0.9658
2021,2021-04-22,I1,Napoli,Lazio,H,0.416011,0.262956,0.321033,1.5855,1.3706
2021,2021-04-22,I1,Roma,Atalanta,D,0.36722,0.23898,0.3938,1.713,1.7777
2021,2021-04-24,I1,Genoa,Spezia,H,0.32894,0.281086,0.389974,1.2634,1.395
2021,2021-04-24,I1,Parma,Crotone,A,0.523198,0.252355,0.224447,1.7764,1.0976
2021,2021-04-24,I1,Sassuolo,Sampdoria,H,0.468711,0.240235,0.291054,1.8838,1.457
2021,2021-04-25,I1,Atalanta,Bologna,H,0.720221,0.167533,0.112246,2.659,1.0003
2021,2021-04-25,I1,Benevento,Udinese,A,0.229895,0.28573,0.484375,0.9355,1.467
2021,2021-04-25,I1,Cagliari,Roma,H,0.218215,0.254743,0.527042,1.0562,1.7514
2021,2021-04-25,I1,Fiorentina,Juventus,D,0.237427,0.280437,0.482137,0.9883,1.5074
2021,2021-04-25,I1,Inter,Verona,H,0.70291,0.198185,0.098905,2.1481,0.69
2021,2021-04-26,I1,Lazio,Milan,H,0.428222,0.268401,0.303376,1.5562,1.2786
2021,2021-04-26,I1,Torino,Napoli,A,0.247473,0.265354,0.487174,1.1092,1.6396
2021,2021-05-01,I1,Crotone,Inter,A,0.11977,0.212337,0.667893,0.7652,2.0642
2021,2021-05-01,I1,Milan,Benevento,H,0.801791,0.139201,0.059009,2.7056,0.6442
2021,2021-05-01,I1,Verona,Spezia,D,0.365254,0.286162,0.348583,1.3122,1.2767
2021,2021-05-02,I1,Bologna,Fiorentina,D,0.322898,0.291036,0.386066,1.1857,1.3184
2021,2021-05-02,I1,Lazio,Genoa,H,0.699881,0.18653,0.113588,2.368,0.8705
2021,2021-05-02,I1,Napoli,Cagliari,D,0.62046,0.233898,0.145642,1.8967,0.8136
2021,2021-05-02,I1,Sampdoria,Roma,H,0.257135,0.23935,0.503515,1.3294,1.9173
2021,2021-05-02,I1,Sassuolo,Atalanta,D,0.225784,0.210906,0.563311,1.428,2.2963
2021,2021-05-02,I1,Udinese,Juventus,A,0.167327,0.25971,0.572963,0.8024,1.6797
2021,2021-05-03,I1,Torino,Parma,H,0.4184,0.270185,0.311414,1.527,1.2899
2021,2021-05-08,I1,Fiorentina,Lazio,H,0.296785,0.279463,0.423753,1.1861,1.46
2021,2021-05-08,I1,Inter,Sampdoria,H,0.684688,0.1975,0.117812,2.2374,0.8339
2021,2021-05-08,I1,Spezia,Napoli,A,0.247885,0.263588,0.488526,1.1216,1.6566
2021,2021-05-08,I1,Udinese,Bologna,D,0.384473,0.299402,0.316125,1.2616,1.121
2021,2021-05-09,I1,Benevento,Cagliari,A,0.23406,0.274746,0.491194,1.0059,1.5586
2021,2021-05-09,I1,Genoa,Sassuolo,A,0.304457,0.256681,0.438863,1.368,1.6768
2021,2021-05-09,I1,Juventus,Milan,A,0.489236,0.269109,0.241655,1.6066,1.0653
2021,2021-05-09,I1,Parma,Atalanta,A,0.19707,0.2139,0.58903,1.2384,2.2219
2021,2021-05-09,I1,Roma,Crotone,H,0.713552,0.178489,0.107959,2.4572,0.8782
2021,2021-05-09,I1,Verona,Torino,D,0.364537,0.287956,0.347507,1.2987,1.2626
2021,2021-05-11,I1,Napoli,Udinese,H,0.602688,0.248106,0.149206,1.764,0.7658
2021,2021-05-12,I1,Atalanta,Benevento,H,0.886258,0.080629,0.033113,3.6442,0.7083
2021,2021-05-12,I1,Bologna,Genoa,A,0.477978,0.26563,0.256392,1.6316,1.1404
2021,2021-05-12,I1,Cagliari,Fiorentina,D,0.299095,0.310582,0.390323,1.0216,1.2039
2021,2021-05-12,I1,Inter,Roma,H,0.515544,0.253549,0.230907,1.7636,1.1174
2021,2021-05-12,I1,Lazio,Parma,H,0.629768,0.20892,0.161312,2.2237,1.0584
2021,2021-05-12,I1,Sampdoria,Spezia,D,0.424692,0.264413,0.310895,1.5859,1.3298
2021,2021-05-12,I1,Sassuolo,Juventus,A,0.214898,0.231194,0.553908,1.1985,2.0131
2021,2021-05-12,I1,Torino,Milan,A,0.250025,0.27383,0.476145,1.0686,1.5583
2021,2021-05-13,I1,Crotone,Verona,H,0.349253,0.288848,0.361899,1.2607,1.2874
2021,2021-05-15,I1,Genoa,Atalanta,A,0.139824,0.194191,0.665985,1.0185,2.3661
2021,2021-05-15,I1,Juventus,Inter,H,0.392009,0.286739,0.321252,1.358,1.2078
2021,2021-05-15,I1,Roma,Lazio,H,0.42128,0.249083,0.329637,1.7255,1.5096
2021,2021-05-15,I1,Spezia,Torino,H,0.412313,0.277548,0.310139,1.4585,1.2366
2021,2021-05-16,I1,Benevento,Crotone,D,0.287901,0.273416,0.438683,1.1974,1.5274
2021,2021-05-16,I1,Fiorentina,Napoli,A,0.298165,0.292751,0.409084,1.1117,1.3431
2021,2021-05-16,I1,Milan,Cagliari,D,0.606964,0.243966,0.149069,1.8028,0.7838
2021,2021-05-16,I1,Parma,Sassuolo,A,0.393761,0.250157,0.356082,1.6634,1.5747
2021,2021-05-16,I1,Udinese,Sampdoria,A,0.364096,0.29359,0.342314,1.2612,1.2157
2021,2021-05-17,I1,Verona,Bologna,D,0.389478,0.280845,0.329677,1.3959,1.2669
2021,2021-05-18,I1,Lazio,Torino,D,0.617423,0.218914,0.163663,2.1006,1.0041
2021,2021-05-22,I1,Cagliari,Genoa,A,0.442303,0.289659,0.268038,1.4057,1.0414
2021,2021-05-22,I1,Crotone,Fiorentina,D,0.252673,0.288057,0.45927,1.0011,1.4331
2021,2021-05-22,I1,Sampdoria,Parma,H,0.431382,0.257199,0.31142,1.6616,1.3861
2021,2021-05-23,I1,Atalanta,Milan,A,0.497283,0.246591,0.256126,1.8327,1.2693
2021,2021-05-23,I1,Bologna,Juventus,A,0.174342,0.230813,0.594846,0.9895,1.9778
2021,2021-05-23,I1,Inter,Udinese,H,0.670856,0.223524,0.10562,1.9008,0.6236
2021,2021-05-23,I1,Napoli,Verona,D,0.632894,0.224279,0.142826,1.9935,0.8474
2021,2021-05-23,I1,Sassuolo,Lazio,H,0.276561,0.235926,0.487512,1.4384,1.9499
2021,2021-05-23,I1,Spezia,Roma,D,0.252752,0.24937,0.497878,1.2354,1.8029
2021,2021-05-23,I1,Torino,Benevento,D,0.654445,0.211071,0.134484,2.1249,0.8695
2122,2021-08-21,I1,Empoli,Lazio,A,0.242627,0.236939,0.520434,1.3477,2.0247
2122,2021-08-21,I1,Inter,Genoa,H,0.744351,0.17646,0.079189,2.3957,0.6874
2122,2021-08-21,I1,Torino,Atalanta,A,0.165419,0.206147,0.628435,1.1642,2.3522
2122,2021-08-21,I1,Verona,Sassuolo,A,0.324952,0.28819,0.386858,1.2686,1.4024
2122,2021-08-22,I1,Bologna,Salernitana,H,0.383895,0.277247,0.338859,1.478,1.3778
2122,2021-08-22,I1,Napoli,Venezia,H,0.659912,0.207479,0.132609,2.2444,0.933
2122,2021-08-22,I1,Roma,Fiorentina,H,0.536251,0.253425,0.210324,1.8363,1.0873
2122,2021-08-22,I1,Udinese,Juventus,D,0.152608,0.255468,0.591923,0.7988,1.7697
2122,2021-08-23,I1,Cagliari,Spezia,D,0.41145,0.279163,0.309388,1.5109,1.2855
2122,2021-08-23,I1,Sampdoria,Milan,A,0.235812,0.271923,0.492265,1.0845,1.6517
2122,2021-08-27,I1,Udinese,Venezia,H,0.349824,0.306411,0.343765,1.2134,1.2009
2122,2021-08-27,I1,Verona,Inter,A,0.139918,0.25065,0.609432,0.754,1.7944
2122,2021-08-28,I1,Atalanta,Bologna,D,0.729049,0.165208,0.105742,2.7463,1.0134
2122,2021-08-28,I1,Fiorentina,Torino,H,0.448511,0.283925,0.267564,1.5198,1.128
2122,2021-08-28,I1,Juventus,Empoli,A,0.741509,0.165275,0.093216,2.6615,0.8907
2122,2021-08-28,I1,Lazio,Spezia,H,0.631387,0.204881,0.163731,2.366,1.1627
2122,2021-08-29,I1,Genoa,Napoli,A,0.168284,0.237076,0.59464,0.9752,1.976
2122,2021-08-29,I1,Milan,Cagliari,H,0.633786,0.236864,0.129349,1.905,0.756
2122,2021-08-29,I1,Salernitana,Roma,A,0.274293,0.25784,0.467868,1.3193,1.7687
2122,2021-08-29,I1,Sassuolo,Sampdoria,D,0.463557,0.25937,0.277072,1.7497,1.3184
2122,2021-09-11,I1,Atalanta,Fiorentina,A,0.65978,0.20379,0.13643,2.3046,0.9834
2122,2021-09-11,I1,Empoli,Venezia,A,0.37162,0.262673,0.365707,1.5701,1.5564
2122,2021-09-11,I1,Napoli,Juventus,H,0.384364,0.277432,0.338204,1.4775,1.3749
2122,2021-09-12,I1,Cagliari,Genoa,A,0.387025,0.307727,0.305248,1.2728,1.1047
2122,2021-09-12,I1,Milan,Lazio,H,0.486904,0.263941,0.249155,1.7231,1.1839
2122,2021-09-12,I1,Roma,Sassuolo,H,0.514651,0.235694,0.249654,2.0389,1.3893
2122,2021-09-12,I1,Sampdoria,Inter,D,0.159389,0.240197,0.600414,0.9094,1.9294
2122,2021-09-12,I1,Spezia,Udinese,A,0.402206,0.283783,0.314011,1.4607,1.2681
2122,2021-09-12,I1,Torino,Salernitana,H,0.381788,0.278663,0.339549,1.4631,1.3695
2122,2021-09-13,I1,Bologna,Verona,H,0.383048,0.300419,0.316533,1.3126,1.1732
2122,2021-09-17,I1,Sassuolo,Torino,A,0.522797,0.24399,0.233213,1.9419,1.2525
2122,2021-09-18,I1,Genoa,Fiorentina,A,0.335927,0.302206,0.361867,1.2085,1.2627
2122,2021-09-18,I1,Inter,Bologna,H,0.746395,0.170881,0.082724,2.5,0.7521
2122,2021-09-18,I1,Salernitana,Atalanta,A,0.185509,0.218724,0.595767,1.1932,2.2197
2122,2021-09-19,I1,Empoli,Sampdoria,A,0.346586,0.263864,0.38955,1.4992,1.5983
2122,2021-09-19,I1,Juventus,Milan,D,0.455463,0.280224,0.264313,1.5562,1.1388
2122,2021-09-19,I1,Lazio,Cagliari,D,0.579802,0.249307,0.170891,1.8515,0.9215
2122,2021-09-19,I1,Venezia,Spezia,A,0.472117,0.253229,0.274654,1.8187,1.3546
2122,2021-09-19,I1,Verona,Roma,H,0.25809,0.279221,0.462689,1.1234,1.5706
2122,2021-09-20,I1,Udinese,Napoli,A,0.166987,0.254406,0.578607,0.876,1.7973
2122,2021-09-21,I1,Atalanta,Sassuolo,H,0.647093,0.191532,0.161375,2.5589,1.2565
2122,2021-09-21,I1,Bologna,Genoa,D,0.420797,0.281001,0.298203,1.5101,1.2411
2122,2021-09-21,I1,Fiorentina,Inter,A,0.159188,0.252328,0.588483,0.8469,1.8078
2122,2021-09-22,I1,Cagliari,Empoli,A,0.409073,0.28003,0.310897,1.5004,1.284
2122,2021-09-22,I1,Milan,Venezia,H,0.617232,0.23158,0.151188,2.0073,0.91
2122,2021-09-22,I1,Salernitana,Verona,D,0.404375,0.302568,0.293057,1.3318,1.1004
2122,2021-09-22,I1,Spezia,Juventus,A,0.145466,0.205488,0.649046,1.0348,2.3095
2122,2021-09-23,I1,Roma,Udinese,H,0.592867,0.242999,0.164134,1.9072,0.9199
2122,2021-09-23,I1,Sampdoria,Napoli,A,0.214532,0.252516,0.532952,1.1118,1.8467
2122,2021-09-23,I1,Torino,Lazio,D,0.257358,0.257822,0.48482,1.2559,1.7815
2122,2021-09-25,I1,Genoa,Verona,D,0.362076,0.312874,0.325049,1.1996,1.1243
2122,2021-09-25,I1,Inter,Atalanta,D,0.492548,0.250098,0.257354,1.8657,1.3107
2122,2021-09-25,I1,Spezia,Milan,A,0.181992,0.228075,0.589934,1.1069,2.0978
2122,2021-09-26,I1,Empoli,Bologna,H,0.40092,0.257873,0.341207,1.674,1.5339
2122,2021-09-26,I1,Juventus,Sampdoria,H,0.647489,0.218811,0.133701,2.1101,0.8737
2122,2021-09-26,I1,Lazio,Roma,H,0.414101,0.25592,0.32998,1.7163,1.5182
2122,2021-09-26,I1,Napoli,Cagliari,H,0.675538,0.211368,0.113094,2.13,0.7751
2122,2021-09-26,I1,Sassuolo,Salernitana,H,0.490697,0.253155,0.256148,1.8325,1.2838
2122,2021-09-26,I1,Udinese,Fiorentina,A,0.324289,0.319988,0.355722,1.0856,1.1485
2122,2021-09-27,I1,Venezia,Torino,D,0.436637,0.273848,0.289515,1.5892,1.2608
2122,2021-10-01,I1,Cagliari,Venezia,D,0.353512,0.302253,0.344234,1.2458,1.2264
2122,2021-10-02,I1,Salernitana,Genoa,H,0.443537,0.281735,0.274728,1.5322,1.1641
2122,2021-10-02,I1,Sassuolo,Inter,A,0.18744,0.236354,0.576206,1.0821,2.0074
2122,2021-10-02,I1,Torino,Juventus,A,0.161094,0.232249,0.606657,0.9632,2.018
2122,2021-10-03,I1,Atalanta,Milan,A,0.466331,0.253194,0.280475,1.8139,1.3763
2122,2021-10-03,I1,Bologna,Lazio,H,0.258707,0.256723,0.484571,1.2687,1.7924
2122,2021-10-03,I1,Fiorentina,Napoli,A,0.212621,0.264053,0.523327,1.0354,1.7304
2122,2021-10-03,I1,Roma,Empoli,H,0.645264,0.196585,0.158152,2.4718,1.1903
2122,2021-10-03,I1,Sampdoria,Udinese,D,0.455331,0.296409,0.24826,1.4311,0.9984
2122,2021-10-03,I1,Verona,Spezia,H,0.439087,0.279084,0.281829,1.5487,1.2029
2122,2021-10-16,I1,Lazio,Inter,H,0.239811,0.263221,0.496967,1.152,1.7345
2122,2021-10-16,I1,Milan,Verona,H,0.601198,0.252989,0.145814,1.7826,0.7749
2122,2021-10-16,I1,Spezia,Salernitana,H,0.369982,0.26202,0.367997,1.5719,1.5673
2122,2021-10-17,I1,Cagliari,Sampdoria,H,0.331346,0.303687,0.364966,1.1896,1.2595
2122,2021-10-17,I1,Empoli,Atalanta,A,0.149264,0.18207,0.668667,1.2493,2.6733
2122,2021-10-17,I1,Genoa,Sassuolo,D,0.305449,0.269249,0.425302,1.3419,1.6134
2122,2021-10-17,I1,Juventus,Roma,H,0.54318,0.243501,0.213318,1.9442,1.1643
2122,2021-10-17,I1,Napoli,Torino,H,0.690059,0.192926,0.117015,2.3783,0.9102
2122,2021-10-17,I1,Udinese,Bologna,D,0.375659,0.30135,0.322991,1.2937,1.1836
2122,2021-10-18,I1,Venezia,Fiorentina,H,0.377598,0.294543,0.327859,1.3417,1.2359
2122,2021-10-22,I1,Sampdoria,Spezia,H,0.496794,0.25011,0.253096,1.8677,1.2934
2122,2021-10-22,I1,Torino,Genoa,H,0.418495,0.282541,0.298964,1.4948,1.2335
2122,2021-10-23,I1,Bologna,Milan,A,0.198662,0.252217,0.549121,1.0408,1.8442
2122,2021-10-23,I1,Salernitana,Empoli,A,0.469483,0.25424,0.276276,1.8061,1.353
2122,2021-10-23,I1,Sassuolo,Venezia,H,0.490697,0.253155,0.256148,1.8325,1.2838
2122,2021-10-24,I1,Atalanta,Udinese,D,0.710611,0.18683,0.102559,2.3936,0.832
2122,2021-10-24,I1,Fiorentina,Cagliari,H,0.445235,0.305213,0.249553,1.3611,0.9605
2122,2021-10-24,I1,Inter,Juventus,D,0.455505,0.281763,0.262731,1.5437,1.1245
2122,2021-10-24,I1,Roma,Napoli,D,0.32394,0.258176,0.417884,1.4817,1.7015
2122,2021-10-24,I1,Verona,Lazio,H,0.263787,0.287394,0.448819,1.0961,1.493
2122,2021-10-26,I1,Milan,Torino,H,0.64751,0.217629,0.134861,2.1271,0.8878
2122,2021-10-26,I1,Spezia,Genoa,D,0.408968,0.267146,0.323885,1.606,1.4117
2122,2021-10-26,I1,Venezia,Salernitana,A,0.407132,0.27973,0.313139,1.4997,1.2923
2122,2021-10-27,I1,Cagliari,Roma,A,0.234632,0.269137,0.496231,1.096,1.6785
2122,2021-10-27,I1,Empoli,Inter,A,0.115464,0.188488,0.696048,0.9271,2.4336
2122,2021-10-27,I1,Juventus,Sassuolo,A,0.625551,0.216704,0.157745,2.1953,1.0396
2122,2021-10-27,I1,Lazio,Fiorentina,H,0.5209,0.262524,0.216575,1.7454,1.0609
2122,2021-10-27,I1,Sampdoria,Atalanta,A,0.204018,0.22821,0.567772,1.2254,2.1195
2122,2021-10-27,I1,Udinese,Verona,D,0.348487,0.331249,0.320264,1.0776,1.0226
2122,2021-10-28,I1,Napoli,Bologna,H,0.69055,0.19201,0.11744,2.3929,0.9195
2122,2021-10-30,I1,Atalanta,Lazio,D,0.562455,0.221798,0.215747,2.2111,1.3377
2122,2021-10-30,I1,Torino,Sampdoria,H,0.357517,0.280741,0.361743,1.397,1.4064
2122,2021-10-30,I1,Verona,Juventus,H,0.171417,0.266373,0.562211,0.8407,1.6912
2122,2021-10-31,I1,Fiorentina,Spezia,H,0.484522,0.262104,0.253374,1.7393,1.2119
2122,2021-10-31,I1,Genoa,Venezia,D,0.362612,0.288889,0.348499,1.3508,1.3203
2122,2021-10-31,I1,Inter,Udinese,H,0.723992,0.194634,0.081374,2.179,0.6174
2122,2021-10-31,I1,Roma,Milan,A,0.347565,0.271061,0.381374,1.4453,1.5218
2122,2021-10-31,I1,Salernitana,Napoli,A,0.196586,0.243625,0.55979,1.0827,1.9341
2122,2021-10-31,I1,Sassuolo,Empoli,A,0.560221,0.222197,0.217582,2.207,1.3441
2122,2021-11-01,I1,Bologna,Cagliari,H,0.413787,0.294093,0.29212,1.4027,1.1446
2122,2021-11-05,I1,Empoli,Genoa,D,0.410527,0.267663,0.32181,1.6041,1.4019
2122,2021-11-06,I1,Cagliari,Atalanta,A,0.157394,0.22394,0.618666,0.9913,2.1066
2122,2021-11-06,I1,Juventus,Fiorentina,H,0.634671,0.23098,0.134349,1.9771,0.8136
2122,2021-11-06,I1,Spezia,Torino,H,0.399909,0.258563,0.341528,1.6657,1.5291
2122,2021-11-07,I1,Lazio,Salernitana,H,0.557366,0.242319,0.200315,1.9509,1.1093
2122,2021-11-07,I1,Milan,Inter,D,0.299258,0.290557,0.410185,1.1853,1.4229
2122,2021-11-07,I1,Napoli,Verona,D,0.642884,0.228187,0.128929,1.9931,0.7945
2122,2021-11-07,I1,Sampdoria,Bologna,A,0.459681,0.270611,0.269708,1.6419,1.2162
2122,2021-11-07,I1,Udinese,Sassuolo,H,0.296559,0.285938,0.417503,1.2054,1.4674
2122,2021-11-07,I1,Venezia,Roma,H,0.274293,0.25784,0.467868,1.3193,1.7687
2122,2021-11-20,I1,Atalanta,Spezia,H,0.770408,0.139464,0.090128,3.1239,1.0778
2122,2021-11-20,I1,Fiorentina,Milan,H,0.232882,0.283621,0.483497,1.0099,1.5476
2122,2021-11-20,I1,Lazio,Juventus,A,0.287661,0.269445,0.442894,1.2843,1.6347
2122,2021-11-21,I1,Bologna,Venezia,A,0.383895,0.277247,0.338859,1.478,1.3778
2122,2021-11-21,I1,Genoa,Roma,A,0.237769,0.256222,0.50601,1.1884,1.807
2122,2021-11-21,I1,Inter,Napoli,H,0.489088,0.267264,0.243649,1.6929,1.142
2122,2021-11-21,I1,Salernitana,Sampdoria,A,0.382417,0.282988,0.334595,1.4319,1.3271
2122,2021-11-21,I1,Sassuolo,Cagliari,D,0.518033,0.263174,0.218793,1.7391,1.0665
2122,2021-11-22,I1,Torino,Udinese,H,0.4103,0.29963,0.29007,1.3596,1.1081
2122,2021-11-22,I1,Verona,Empoli,H,0.436634,0.280059,0.283307,1.5379,1.2015
2122,2021-11-26,I1,Cagliari,Salernitana,D,0.353512,0.302253,0.344234,1.2458,1.2264
2122,2021-11-27,I1,Empoli,Fiorentina,H,0.343692,0.2752,0.381109,1.4047,1.4885
2122,2021-11-27,I1,Juventus,Atalanta,A,0.435537,0.255082,0.309381,1.7584,1.4613
2122,2021-11-27,I1,Sampdoria,Verona,H,0.425625,0.301299,0.273076,1.3676,1.0507
2122,2021-11-27,I1,Venezia,Inter,A,0.144774,0.229156,0.62607,0.8855,2.0207
2122,2021-11-28,I1,Milan,Sassuolo,A,0.566341,0.238166,0.195493,1.9941,1.112
2122,2021-11-28,I1,Napoli,Lazio,H,0.527991,0.245328,0.226681,1.9265,1.2137
2122,2021-11-28,I1,Roma,Torino,H,0.605476,0.220791,0.173733,2.1749,1.1092
2122,2021-11-28,I1,Spezia,Bologna,A,0.39927,0.257319,0.343411,1.6759,1.5447
2122,2021-11-28,I1,Udinese,Genoa,D,0.382797,0.312075,0.305128,1.2397,1.0817
2122,2021-11-30,I1,Atalanta,Venezia,H,0.698388,0.180677,0.120935,2.5759,1.0283
2122,2021-11-30,I1,Fiorentina,Sampdoria,H,0.39543,0.294957,0.309613,1.3694,1.1874
2122,2021-11-30,I1,Salernitana,Juventus,A,0.179203,0.245012,0.575785,0.9873,1.9044
2122,2021-11-30,I1,Verona,Cagliari,D,0.404231,0.322132,0.273636,1.2119,0.9534
2122,2021-12-01,I1,Bologna,Roma,H,0.252025,0.248554,0.49942,1.3003,1.8857
2122,2021-12-01,I1,Genoa,Milan,A,0.187915,0.259362,0.552724,0.9512,1.7673
2122,2021-12-01,I1,Inter,Spezia,H,0.786452,0.143448,0.0701,2.8438,0.7998
2122,2021-12-01,I1,Sassuolo,Napoli,D,0.251924,0.245437,0.502639,1.323,1.9213
2122,2021-12-02,I1,Lazio,Udinese,D,0.576845,0.253122,0.170034,1.8129,0.8976
2122,2021-12-02,I1,Torino,Empoli,D,0.442081,0.255618,0.302301,1.7621,1.4338
2122,2021-12-04,I1,Milan,Salernitana,H,0.617232,0.23158,0.151188,2.0073,0.91
2122,2021-12-04,I1,Napoli,Atalanta,A,0.413726,0.248746,0.337528,1.7858,1.6025
2122,2021-12-04,I1,Roma,Inter,A,0.247591,0.258683,0.493726,1.2119,1.7777
2122,2021-12-05,I1,Bologna,Fiorentina,A,0.355625,0.29093,0.353445,1.3224,1.3177
2122,2021-12-05,I1,Juventus,Genoa,H,0.701823,0.196723,0.101454,2.2578,0.7663
2122,2021-12-05,I1,Sampdoria,Lazio,A,0.301936,0.270555,0.42751,1.322,1.6053
2122,2021-12-05,I1,Spezia,Sassuolo,D,0.306525,0.242103,0.451372,1.5615,1.9151
2122,2021-12-05,I1,Venezia,Verona,A,0.404375,0.302568,0.293057,1.3318,1.1004
2122,2021-12-06,I1,Cagliari,Torino,D,0.380123,0.298473,0.321404,1.3202,1.1965
2122,2021-12-06,I1,Empoli,Udinese,H,0.403649,0.284311,0.312039,1.459,1.2593
2122,2021-12-10,I1,Genoa,Sampdoria,A,0.339448,0.290376,0.370176,1.2898,1.3559
2122,2021-12-11,I1,Fiorentina,Salernitana,H,0.419619,0.2908,0.289581,1.4342,1.1562
2122,2021-12-11,I1,Udinese,Milan,D,0.185313,0.276961,0.537726,0.8545,1.6074
2122,2021-12-11,I1,Venezia,Juventus,D,0.179203,0.245012,0.575785,0.9873,1.9044
2122,2021-12-12,I1,Inter,Cagliari,H,0.728167,0.190653,0.08118,2.2253,0.6339
2122,2021-12-12,I1,Napoli,Empoli,A,0.729894,0.166823,0.103283,2.703,0.9768
2122,2021-12-12,I1,Sassuolo,Lazio,H,0.351164,0.256448,0.392388,1.573,1.6701
2122,2021-12-12,I1,Torino,Bologna,H,0.410341,0.272873,0.316786,1.5599,1.3497
2122,2021-12-12,I1,Verona,Atalanta,A,0.177572,0.238619,0.583809,1.0161,1.9712
2122,2021-12-13,I1,Roma,Spezia,H,0.648142,0.195158,0.156701,2.4891,1.1917
2122,2021-12-17,I1,Lazio,Genoa,H,0.592654,0.235912,0.171434,1.9932,0.9992
2122,2021-12-17,I1,Salernitana,Inter,A,0.144774,0.229156,0.62607,0.8855,2.0207
2122,2021-12-18,I1,Atalanta,Roma,A,0.55898,0.218109,0.222911,2.2661,1.4073
2122,2021-12-18,I1,Bologna,Juventus,A,0.161802,0.231257,0.606941,0.973,2.0304
2122,2021-12-18,I1,Cagliari,Udinese,A,0.379166,0.325597,0.295237,1.1577,0.9924
2122,2021-12-19,I1,Fiorentina,Sassuolo,D,0.363337,0.278703,0.35796,1.4247,1.4128
2122,2021-12-19,I1,Milan,Napoli,A,0.379752,0.279982,0.340266,1.4492,1.3619
2122,2021-12-19,I1,Sampdoria,Venezia,D,0.43004,0.278789,0.291171,1.5401,1.234
2122,2021-12-19,I1,Spezia,Empoli,D,0.430711,0.241344,0.327945,1.8931,1.6409
2122,2021-12-19,I1,Torino,Verona,H,0.380947,0.301921,0.317131,1.2993,1.1661
2122,2021-12-21,I1,Genoa,Atalanta,D,0.157129,0.210945,0.631926,1.0748,2.2678
2122,2021-12-21,I1,Juventus,Cagliari,H,0.686163,0.210826,0.103011,2.0973,0.7068
2122,2021-12-22,I1,Empoli,Milan,A,0.183423,0.229445,0.587132,1.1056,2.0832
2122,2021-12-22,I1,Inter,Torino,H,0.745686,0.171808,0.082506,2.4848,0.7445
2122,2021-12-22,I1,Napoli,Spezia,A,0.732597,0.16527,0.102133,2.7219,0.9779
2122,2021-12-22,I1,Roma,Sampdoria,D,0.545944,0.242074,0.211982,1.9597,1.1676
2122,2021-12-22,I1,Sassuolo,Bologna,A,0.522638,0.242957,0.234406,1.9537,1.2653
2122,2021-12-22,I1,Venezia,Lazio,A,0.280695,0.265603,0.453703,1.2873,1.6812
2122,2021-12-22,I1,Verona,Fiorentina,D,0.351417,0.319618,0.328966,1.1425,1.0975
2122,2022-01-06,I1,Juventus,Napoli,D,0.435513,0.272945,0.291542,1.5954,1.2732
2122,2022-01-06,I1,Lazio,Empoli,D,0.628525,0.206297,0.165177,2.3496,1.1614
2122,2022-01-06,I1,Milan,Roma,H,0.483419,0.259307,0.257275,1.7659,1.2455
2122,2022-01-06,I1,Sampdoria,Cagliari,A,0.457155,0.292479,0.250366,1.4616,1.0251
2122,2022-01-06,I1,Sassuolo,Genoa,D,0.528576,0.250215,0.221209,1.8722,1.1564
2122,2022-01-06,I1,Spezia,Verona,A,0.371544,0.285042,0.343414,1.3959,1.3346
2122,2022-01-09,I1,Empoli,Sassuolo,A,0.308281,0.242993,0.448726,1.5597,1.9018
2122,2022-01-09,I1,Genoa,Spezia,A,0.42262,0.265958,0.311422,1.6382,1.3839
2122,2022-01-09,I1,Inter,Lazio,H,0.598459,0.233688,0.167853,2.0128,0.9927
2122,2022-01-09,I1,Napoli,Sampdoria,H,0.633967,0.218966,0.147066,2.143,0.9581
2122,2022-01-09,I1,Roma,Juventus,A,0.297115,0.264306,0.438579,1.3512,1.6754
2122,2022-01-09,I1,Udinese,Atalanta,A,0.156784,0.227608,0.615609,0.9655,2.0627
2122,2022-01-09,I1,Venezia,Milan,A,0.21761,0.26413,0.51826,1.056,1.7298
2122,2022-01-09,I1,Verona,Salernitana,A,0.378777,0.304869,0.316354,1.277,1.1476
2122,2022-01-10,I1,Torino,Fiorentina,H,0.353681,0.292322,0.353997,1.309,1.3097
2122,2022-01-11,I1,Cagliari,Bologna,H,0.379709,0.297136,0.323155,1.3282,1.2088
2122,2022-01-15,I1,Juventus,Udinese,H,0.682225,0.214782,0.102993,2.0536,0.6884
2122,2022-01-15,I1,Salernitana,Lazio,A,0.280695,0.265603,0.453703,1.2873,1.6812
2122,2022-01-15,I1,Sampdoria,Torino,A,0.459942,0.271767,0.268291,1.632,1.2039
2122,2022-01-16,I1,Atalanta,Inter,D,0.350123,0.262307,0.38757,1.521,1.6078
2122,2022-01-16,I1,Roma,Cagliari,H,0.595879,0.239238,0.164883,1.9478,0.9445
2122,2022-01-16,I1,Sassuolo,Verona,A,0.484123,0.274244,0.241634,1.6273,1.0932
2122,2022-01-16,I1,Venezia,Empoli,D,0.469483,0.25424,0.276276,1.8061,1.353
2122,2022-01-17,I1,Bologna,Napoli,A,0.177846,0.230631,0.591524,1.0671,2.062
2122,2022-01-17,I1,Fiorentina,Genoa,H,0.454272,0.291666,0.254061,1.4653,1.0415
2122,2022-01-17,I1,Milan,Spezia,A,0.690215,0.189838,0.119946,2.4344,0.9539
2122,2022-01-21,I1,Verona,Bologna,H,0.40565,0.298394,0.295956,1.3615,1.1311
2122,2022-01-22,I1,Genoa,Udinese,D,0.390198,0.311406,0.298396,1.2553,1.0683
2122,2022-01-22,I1,Inter,Venezia,H,0.718087,0.187291,0.094622,2.3449,0.7631
2122,2022-01-22,I1,Lazio,Atalanta,D,0.306028,0.242945,0.451027,1.5523,1.9054
2122,2022-01-23,I1,Cagliari,Fiorentina,D,0.32767,0.315793,0.356536,1.1146,1.1729
2122,2022-01-23,I1,Empoli,Roma,A,0.235355,0.228566,0.536079,1.3813,2.1301
2122,2022-01-23,I1,Milan,Juventus,D,0.350729,0.289467,0.359803,1.3215,1.341
2122,2022-01-23,I1,Napoli,Salernitana,H,0.659912,0.207479,0.132609,2.2444,0.933
2122,2022-01-23,I1,Spezia,Sampdoria,H,0.344952,0.263122,0.391927,1.5009,1.6095
2122,2022-01-23,I1,Torino,Sassuolo,D,0.322093,0.261034,0.416873,1.4535,1.6734
2122,2022-02-05,I1,Fiorentina,Lazio,A,0.2967,0.281872,0.421427,1.2311,1.5041
2122,2022-02-05,I1,Inter,Milan,A,0.507172,0.27243,0.220398,1.6512,1.0214
2122,2022-02-05,I1,Roma,Genoa,D,0.608942,0.225979,0.16508,2.0969,1.0241
2122,2022-02-06,I1,Atalanta,Cagliari,A,0.714319,0.183183,0.102498,2.4445,0.8542
2122,2022-02-06,I1,Bologna,Empoli,D,0.444511,0.254119,0.301371,1.7801,1.4425
2122,2022-02-06,I1,Juventus,Verona,H,0.6543,0.228104,0.117597,1.9625,0.7244
2122,2022-02-06,I1,Sampdoria,Sassuolo,H,0.371142,0.267374,0.361484,1.5299,1.5078
2122,2022-02-06,I1,Udinese,Torino,H,0.376059,0.302701,0.32124,1.2859,1.1716
2122,2022-02-06,I1,Venezia,Napoli,A,0.196586,0.243625,0.55979,1.0827,1.9341
2122,2022-02-07,I1,Salernitana,Spezia,D,0.472117,0.253229,0.274654,1.8187,1.3546
2122,2022-02-12,I1,Lazio,Bologna,H,0.589275,0.229486,0.181239,2.08,1.0933
2122,2022-02-12,I1,Napoli,Inter,D,0.32906,0.281199,0.389741,1.3253,1.4588
2122,2022-02-12,I1,Torino,Venezia,A,0.381788,0.278663,0.339549,1.4631,1.3695
2122,2022-02-13,I1,Atalanta,Juventus,D,0.409799,0.2573,0.3329,1.6957,1.5152
2122,2022-02-13,I1,Empoli,Cagliari,D,0.404533,0.28043,0.315037,1.4901,1.2929
2122,2022-02-13,I1,Genoa,Salernitana,D,0.362612,0.288889,0.348499,1.3508,1.3203
2122,2022-02-13,I1,Milan,Sampdoria,H,0.591384,0.242371,0.166245,1.9167,0.9345
2122,2022-02-13,I1,Sassuolo,Roma,D,0.344787,0.250017,0.405196,1.6122,1.757
2122,2022-02-13,I1,Verona,Udinese,H,0.402677,0.326292,0.271031,1.1867,0.9286
2122,2022-02-14,I1,Spezia,Fiorentina,A,0.342137,0.274453,0.38341,1.4063,1.4989
2122,2022-02-18,I1,Juventus,Torino,D,0.701953,0.191949,0.106098,2.3418,0.83
2122,2022-02-19,I1,Roma,Verona,D,0.561651,0.253493,0.184857,1.8226,0.9681
2122,2022-02-19,I1,Salernitana,Milan,D,0.21761,0.26413,0.51826,1.056,1.7298
2122,2022-02-19,I1,Sampdoria,Empoli,H,0.494108,0.251206,0.254685,1.8548,1.2919
2122,2022-02-20,I1,Fiorentina,Atalanta,H,0.202829,0.239348,0.557824,1.1412,1.9859
2122,2022-02-20,I1,Inter,Sassuolo,A,0.676079,0.198919,0.125001,2.3294,0.9325
2122,2022-02-20,I1,Udinese,Lazio,D,0.238687,0.281606,0.479707,1.0416,1.5623
2122,2022-02-20,I1,Venezia,Genoa,D,0.443537,0.281735,0.274728,1.5322,1.1641
2122,2022-02-21,I1,Bologna,Spezia,H,0.447093,0.253204,0.299703,1.7925,1.4442
2122,2022-02-21,I1,Cagliari,Napoli,D,0.16781,0.250566,0.581623,0.8994,1.8355
2122,2022-02-25,I1,Genoa,Inter,D,0.123038,0.220084,0.656877,0.7976,2.0645
2122,2022-02-25,I1,Milan,Udinese,D,0.630157,0.240837,0.129006,1.8653,0.7363
2122,2022-02-26,I1,Empoli,Juventus,A,0.146789,0.206975,0.646237,1.0336,2.2935
2122,2022-02-26,I1,Salernitana,Bologna,D,0.436279,0.272653,0.291068,1.5989,1.2737
2122,2022-02-26,I1,Sassuolo,Fiorentina,H,0.456491,0.270549,0.27296,1.6395,1.2278
2122,2022-02-27,I1,Lazio,Napoli,A,0.313564,0.263544,0.422891,1.4085,1.6602
2122,2022-02-27,I1,Spezia,Roma,A,0.233688,0.2274,0.538912,1.3829,2.145
2122,2022-02-27,I1,Torino,Cagliari,A,0.411521,0.295666,0.292813,1.3885,1.1377
2122,2022-02-27,I1,Verona,Venezia,H,0.378777,0.304869,0.316354,1.277,1.1476
2122,2022-02-28,I1,Atalanta,Sampdoria,H,0.672131,0.192419,0.13545,2.4595,1.056
2122,2022-03-04,I1,Inter,Salernitana,H,0.718087,0.187291,0.094622,2.3449,0.7631
2122,2022-03-05,I1,Cagliari,Lazio,A,0.240586,0.277775,0.481639,1.0694,1.5955
2122,2022-03-05,I1,Roma,Atalanta,H,0.316344,0.238056,0.445601,1.6331,1.9528
2122,2022-03-05,I1,Udinese,Sampdoria,H,0.327983,0.307789,0.364228,1.1586,1.2333
2122,2022-03-06,I1,Bologna,Torino,D,0.413078,0.272633,0.314289,1.5663,1.3442
2122,2022-03-06,I1,Fiorentina,Verona,D,0.414757,0.313874,0.271369,1.2736,0.9845
2122,2022-03-06,I1,Genoa,Empoli,D,0.420157,0.266824,0.313019,1.6268,1.3823
2122,2022-03-06,I1,Juventus,Spezia,H,0.74415,0.163694,0.092156,2.6801,0.8917
2122,2022-03-06,I1,Napoli,Milan,A,0.437053,0.274946,0.288,1.5805,1.2488
2122,2022-03-06,I1,Venezia,Sassuolo,A,0.347834,0.265439,0.386728,1.4898,1.5792
2122,2022-03-12,I1,Milan,Empoli,H,0.68746,0.191391,0.121149,2.4175,0.9528
2122,2022-03-12,I1,Salernitana,Sassuolo,D,0.347834,0.265439,0.386728,1.4898,1.5792
2122,2022-03-12,I1,Sampdoria,Juventus,A,0.195843,0.254617,0.549539,1.0139,1.8184
2122,2022-03-12,I1,Spezia,Cagliari,H,0.403063,0.279902,0.317036,1.4918,1.302
2122,2022-03-13,I1,Atalanta,Genoa,D,0.729325,0.170105,0.100571,2.6317,0.9262
2122,2022-03-13,I1,Fiorentina,Bologna,H,0.448293,0.282732,0.268975,1.5291,1.1395
2122,2022-03-13,I1,Torino,Inter,D,0.128938,0.214957,0.656104,0.8639,2.1413
2122,2022-03-13,I1,Udinese,Roma,D,0.232853,0.272913,0.494234,1.0675,1.6435
2122,2022-03-13,I1,Verona,Napoli,A,0.18738,0.264611,0.54801,0.9219,1.7175
2122,2022-03-14,I1,Lazio,Venezia,H,0.557366,0.242319,0.200315,1.9509,1.1093
2122,2022-03-18,I1,Genoa,Torino,H,0.390375,0.285028,0.324598,1.4315,1.2882
2122,2022-03-18,I1,Sassuolo,Spezia,H,0.563087,0.220966,0.215947,2.2224,1.3456
2122,2022-03-19,I1,Cagliari,Milan,A,0.186456,0.273028,0.540516,0.8773,1.6416
2122,2022-03-19,I1,Inter,Fiorentina,D,0.680502,0.212253,0.107245,2.0979,0.7298
2122,2022-03-19,I1,Napoli,Udinese,H,0.671783,0.21523,0.112987,2.0856,0.7549
2122,2022-03-20,I1,Bologna,Atalanta,A,0.166163,0.205245,0.628592,1.176,2.3666
2122,2022-03-20,I1,Empoli,Verona,D,0.373014,0.285675,0.34131,1.3943,1.3253
2122,2022-03-20,I1,Juventus,Salernitana,H,0.672676,0.206909,0.120415,2.2099,0.8508
2122,2022-03-20,I1,Roma,Lazio,H,0.432718,0.254317,0.312965,1.7618,1.479
2122,2022-03-20,I1,Venezia,Sampdoria,A,0.382417,0.282988,0.334595,1.4319,1.3271
2122,2022-04-02,I1,Lazio,Sassuolo,H,0.499401,0.243827,0.256773,1.9381,1.3555
2122,2022-04-02,I1,Salernitana,Torino,A,0.436637,0.273848,0.289515,1.5892,1.2608
2122,2022-04-02,I1,Spezia,Venezia,H,0.369982,0.26202,0.367997,1.5719,1.5673
2122,2022-04-03,I1,Atalanta,Napoli,A,0.443319,0.24622,0.310461,1.8596,1.5389
2122,2022-04-03,I1,Fiorentina,Empoli,H,0.481909,0.263197,0.254893,1.7273,1.2105
2122,2022-04-03,I1,Juventus,Inter,A,0.34849,0.291219,0.36029,1.3049,1.3302
2122,2022-04-03,I1,Sampdoria,Roma,A,0.295764,0.263187,0.441049,1.3549,1.6888
2122,2022-04-03,I1,Udinese,Cagliari,H,0.37615,0.325872,0.297978,1.1516,0.9976
2122,2022-04-04,I1,Milan,Bologna,D,0.647946,0.216657,0.135397,2.1401,0.8969
2122,2022-04-04,I1,Verona,Genoa,H,0.412051,0.308361,0.279588,1.3047,1.0337
2122,2022-04-09,I1,Cagliari,Juventus,A,0.153262,0.251538,0.5952,0.8201,1.8073
2122,2022-04-09,I1,Empoli,Spezia,D,0.43506,0.240975,0.323965,1.9041,1.6313
2122,2022-04-09,I1,Inter,Verona,H,0.697735,0.2086,0.093665,2.0823,0.6498
2122,2022-04-10,I1,Genoa,Lazio,A,0.244135,0.264731,0.491133,1.1595,1.7176
2122,2022-04-10,I1,Napoli,Fiorentina,A,0.621721,0.230832,0.147447,2.008,0.8923
2122,2022-04-10,I1,Roma,Salernitana,H,0.573346,0.232989,0.193665,2.0524,1.1369
2122,2022-04-10,I1,Sassuolo,Atalanta,H,0.241271,0.223005,0.535723,1.4581,2.2051
2122,2022-04-10,I1,Torino,Milan,D,0.197711,0.253263,0.549026,1.0303,1.833
2122,2022-04-10,I1,Venezia,Udinese,A,0.433918,0.298874,0.267208,1.3936,1.0457
2122,2022-04-11,I1,Bologna,Sampdoria,H,0.359485,0.27938,0.361135,1.4113,1.4149
2122,2022-04-15,I1,Milan,Genoa,H,0.648604,0.222784,0.128613,2.0508,0.8197
2122,2022-04-15,I1,Spezia,Inter,A,0.114296,0.18692,0.698783,0.9282,2.4506
2122,2022-04-16,I1,Cagliari,Sassuolo,H,0.299333,0.282068,0.418599,1.2376,1.4986
2122,2022-04-16,I1,Fiorentina,Venezia,H,0.419619,0.2908,0.289581,1.4342,1.1562
2122,2022-04-16,I1,Juventus,Bologna,D,0.702534,0.191012,0.106454,2.3561,0.8385
2122,2022-04-16,I1,Lazio,Torino,D,0.589136,0.230462,0.180401,2.0674,1.0823
2122,2022-04-16,I1,Sampdoria,Salernitana,A,0.43004,0.278789,0.291171,1.5401,1.234
2122,2022-04-16,I1,Udinese,Empoli,H,0.404694,0.284219,0.311087,1.4614,1.2573
2122,2022-04-18,I1,Atalanta,Verona,A,0.68146,0.200157,0.118383,2.2875,0.8756
2122,2022-04-18,I1,Napoli,Roma,D,0.524738,0.241174,0.234089,1.9745,1.2769
2122,2022-04-20,I1,Udinese,Salernitana,A,0.349824,0.306411,0.343765,1.2134,1.2009
2122,2022-04-23,I1,Inter,Roma,H,0.59701,0.229971,0.173019,2.0629,1.0444
2122,2022-04-23,I1,Torino,Spezia,H,0.444651,0.254707,0.300642,1.7744,1.4354
2122,2022-04-23,I1,Venezia,Atalanta,A,0.185509,0.218724,0.595767,1.1932,2.2197
2122,2022-04-23,I1,Verona,Sampdoria,D,0.356118,0.307542,0.33634,1.2193,1.1786
2122,2022-04-24,I1,Bologna,Udinese,D,0.41256,0.298045,0.289395,1.3735,1.1148
2122,2022-04-24,I1,Empoli,Napoli,H,0.162012,0.207231,0.630758,1.1335,2.3293
2122,2022-04-24,I1,Genoa,Cagliari,H,0.391332,0.307339,0.301329,1.282,1.0968
2122,2022-04-24,I1,Lazio,Milan,A,0.336567,0.276998,0.386435,1.3738,1.4848
2122,2022-04-24,I1,Salernitana,Fiorentina,H,0.377598,0.294543,0.327859,1.3417,1.2359
2122,2022-04-25,I1,Sassuolo,Juventus,A,0.229833,0.248453,0.521714,1.2064,1.8918
2122,2022-04-27,I1,Atalanta,Torino,D,0.728573,0.166043,0.105385,2.7296,1.0032
2122,2022-04-27,I1,Bologna,Inter,H,0.129437,0.213985,0.656579,0.8728,2.1544
2122,2022-04-27,I1,Fiorentina,Udinese,A,0.443365,0.30924,0.247395,1.3328,0.9355
2122,2022-04-30,I1,Cagliari,Verona,A,0.352321,0.326867,0.320812,1.1063,1.0443
2122,2022-04-30,I1,Napoli,Sassuolo,H,0.609625,0.216526,0.173849,2.2296,1.1401
2122,2022-04-30,I1,Sampdoria,Genoa,H,0.466166,0.27921,0.254624,1.5734,1.1115
2122,2022-04-30,I1,Spezia,Lazio,A,0.240987,0.235797,0.523216,1.3493,2.0389
2122,2022-05-01,I1,Empoli,Torino,A,0.401548,0.259114,0.339337,1.6638,1.5185
2122,2022-05-01,I1,Juventus,Venezia,H,0.672676,0.206909,0.120415,2.2099,0.8508
2122,2022-05-01,I1,Milan,Fiorentina,H,0.579737,0.254417,0.165846,1.7959,0.8703
2122,2022-05-01,I1,Roma,Bologna,D,0.605628,0.219843,0.174529,2.1882,1.1205
2122,2022-05-01,I1,Udinese,Inter,A,0.123646,0.238247,0.638107,0.7165,1.8777
2122,2022-05-02,I1,Atalanta,Salernitana,D,0.698388,0.180677,0.120935,2.5759,1.0283
2122,2022-05-05,I1,Salernitana,Venezia,H,0.407132,0.27973,0.313139,1.4997,1.2923
2122,2022-05-06,I1,Genoa,Juventus,H,0.153338,0.237695,0.608967,0.8893,1.9457
2122,2022-05-06,I1,Inter,Empoli,H,0.783978,0.145024,0.070998,2.824,0.7989
2122,2022-05-07,I1,Lazio,Sampdoria,H,0.53035,0.251063,0.218587,1.8628,1.1392
2122,2022-05-07,I1,Sassuolo,Udinese,D,0.515809,0.266934,0.217257,1.7029,1.0388
2122,2022-05-07,I1,Torino,Napoli,A,0.17703,0.231612,0.591357,1.0563,2.0495
2122,2022-05-08,I1,Salernitana,Cagliari,D,0.435464,0.29493,0.269605,1.4232,1.0736
2122,2022-05-08,I1,Spezia,Atalanta,A,0.147797,0.180639,0.671563,1.2507,2.692
2122,2022-05-08,I1,Venezia,Bologna,H,0.436279,0.272653,0.291068,1.5989,1.2737
2122,2022-05-08,I1,Verona,Milan,A,0.206285,0.285852,0.507863,0.8992,1.5361
2122,2022-05-09,I1,Fiorentina,Roma,H,0.290905,0.274374,0.434721,1.2617,1.5824
2122,2022-05-14,I1,Empoli,Salernitana,D,0.37162,0.262673,0.365707,1.5701,1.5564
2122,2022-05-14,I1,Roma,Venezia,D,0.573346,0.232989,0.193665,2.0524,1.1369
2122,2022-05-14,I1,Udinese,Spezia,A,0.407041,0.283355,0.309604,1.4716,1.2587
2122,2022-05-14,I1,Verona,Torino,A,0.405947,0.29968,0.294373,1.3532,1.1197
2122,2022-05-15,I1,Bologna,Sassuolo,A,0.323856,0.259822,0.416322,1.4683,1.6836
2122,2022-05-15,I1,Cagliari,Inter,A,0.123926,0.234253,0.641821,0.7356,1.9177
2122,2022-05-15,I1,Milan,Atalanta,H,0.376872,0.260894,0.362233,1.5972,1.5631
2122,2022-05-15,I1,Napoli,Genoa,H,0.690717,0.197592,0.111691,2.293,0.8404
2122,2022-05-16,I1,Juventus,Lazio,D,0.545738,0.247563,0.206698,1.897,1.1068
2122,2022-05-16,I1,Sampdoria,Fiorentina,H,0.399277,0.294614,0.306109,1.3779,1.1801
2122,2022-05-20,I1,Torino,Roma,A,0.250717,0.249621,0.499662,1.2872,1.8742
2122,2022-05-21,I1,Atalanta,Empoli,A,0.76777,0.140961,0.091269,3.1022,1.0766
2122,2022-05-21,I1,Fiorentina,Juventus,H,0.194454,0.266439,0.539107,0.9442,1.7038
2122,2022-05-21,I1,Genoa,Bologna,A,0.389902,0.283729,0.326369,1.4402,1.3013
2122,2022-05-21,I1,Lazio,Verona,D,0.545996,0.26319,0.190814,1.7325,0.9446
2122,2022-05-22,I1,Inter,Sampdoria,H,0.694207,0.199867,0.105926,2.239,0.7837
2122,2022-05-22,I1,Salernitana,Udinese,A,0.433918,0.298874,0.267208,1.3936,1.0457
2122,2022-05-22,I1,Sassuolo,Milan,A,0.275426,0.262499,0.462075,1.2904,1.7184
2122,2022-05-22,I1,Spezia,Napoli,A,0.16059,0.205802,0.633608,1.1348,2.3456
2122,2022-05-22,I1,Venezia,Cagliari,D,0.435464,0.29493,0.269605,1.4232,1.0736
2223,2022-08-13,I1,Lecce,Inter,A,0.071279,0.125127,0.803595,0.9167,3.1402
2223,2022-08-13,I1,Milan,Udinese,H,0.623111,0.23095,0.145939,1.9225,0.8264
2223,2022-08-13,I1,Monza,Torino,A,0.360835,0.290432,0.348734,1.2704,1.2449
2223,2022-08-13,I1,Sampdoria,Atalanta,A,0.216208,0.232164,0.551628,1.1932,1.9962
2223,2022-08-14,I1,Fiorentina,Cremonese,H,0.468306,0.270665,0.261028,1.5747,1.1214
2223,2022-08-14,I1,Lazio,Bologna,H,0.586242,0.221263,0.192495,2.1116,1.1499
2223,2022-08-14,I1,Salernitana,Roma,A,0.126725,0.208885,0.66439,0.8265,2.1213
2223,2022-08-14,I1,Spezia,Empoli,H,0.378227,0.251808,0.369965,1.6086,1.5893
2223,2022-08-15,I1,Juventus,Sassuolo,H,0.596438,0.221884,0.181678,2.0889,1.0846
2223,2022-08-15,I1,Verona,Napoli,A,0.198173,0.243946,0.557881,1.0264,1.8512
2223,2022-08-20,I1,Inter,Spezia,H,0.807432,0.13251,0.060058,2.836,0.6997
2223,2022-08-20,I1,Sassuolo,Lecce,H,0.641059,0.176752,0.182189,2.7998,1.5052
2223,2022-08-20,I1,Torino,Lazio,D,0.291435,0.258926,0.449639,1.3035,1.6633
2223,2022-08-20,I1,Udinese,Salernitana,D,0.616951,0.229503,0.153546,1.9527,0.8773
2223,2022-08-21,I1,Atalanta,Milan,D,0.343191,0.271682,0.385126,1.36,1.4526
2223,2022-08-21,I1,Bologna,Verona,D,0.341047,0.27637,0.382584,1.321,1.4116
2223,2022-08-21,I1,Empoli,Fiorentina,D,0.301897,0.260172,0.437932,1.3285,1.6373
2223,2022-08-21,I1,Napoli,Monza,H,0.685366,0.198278,0.116356,2.2154,0.8147
2223,2022-08-22,I1,Roma,Cremonese,H,0.567583,0.239662,0.192755,1.8936,1.0263
2223,2022-08-22,I1,Sampdoria,Juventus,D,0.193873,0.255261,0.550866,0.9418,1.7338
2223,2022-08-26,I1,Lazio,Inter,H,0.228412,0.234715,0.536873,1.2328,1.9698
2223,2022-08-26,I1,Monza,Udinese,A,0.367281,0.275284,0.357435,1.3888,1.3672
2223,2022-08-27,I1,Cremonese,Torino,A,0.360835,0.290432,0.348734,1.2704,1.2449
2223,2022-08-27,I1,Juventus,Roma,D,0.474581,0.272251,0.253167,1.5657,1.0845
2223,2022-08-27,I1,Milan,Bologna,H,0.654311,0.221031,0.124658,1.9773,0.7495
2223,2022-08-27,I1,Spezia,Sassuolo,D,0.277457,0.232855,0.489687,1.4646,1.9834
2223,2022-08-28,I1,Fiorentina,Napoli,D,0.210177,0.25748,0.532343,1.0015,1.7177
2223,2022-08-28,I1,Lecce,Empoli,D,0.364368,0.224084,0.411548,1.8666,1.9869
2223,2022-08-28,I1,Salernitana,Sampdoria,H,0.230236,0.266348,0.503416,1.0334,1.6316
2223,2022-08-28,I1,Verona,Atalanta,A,0.261296,0.241837,0.496867,1.3221,1.8801
2223,2022-08-30,I1,Inter,Cremonese,H,0.73555,0.174751,0.089699,2.3983,0.7386
2223,2022-08-30,I1,Roma,Monza,H,0.567583,0.239662,0.192755,1.8936,1.0263
2223,2022-08-30,I1,Sassuolo,Milan,D,0.219001,0.240828,0.54017,1.1447,1.8954
2223,2022-08-31,I1,Empoli,Verona,D,0.319766,0.254114,0.42612,1.4317,1.6781
2223,2022-08-31,I1,Juventus,Spezia,H,0.709855,0.186631,0.103514,2.3109,0.7847
2223,2022-08-31,I1,Napoli,Lecce,D,0.822777,0.114641,0.062581,3.2752,0.8956
2223,2022-08-31,I1,Sampdoria,Lazio,D,0.265221,0.240273,0.494506,1.3507,1.897
2223,2022-08-31,I1,Udinese,Fiorentina,H,0.36322,0.279225,0.357555,1.3515,1.3392
2223,2022-09-01,I1,Atalanta,Torino,H,0.587482,0.231248,0.18127,1.9762,1.0198
2223,2022-09-01,I1,Bologna,Salernitana,D,0.569577,0.250493,0.17993,1.7709,0.9023
2223,2022-09-03,I1,Fiorentina,Juventus,D,0.244254,0.278514,0.477232,1.0183,1.5152
2223,2022-09-03,I1,Lazio,Napoli,A,0.279279,0.245975,0.474746,1.3598,1.8196
2223,2022-09-03,I1,Milan,Inter,H,0.32134,0.294977,0.383683,1.1544,1.2839
2223,2022-09-04,I1,Cremonese,Sassuolo,D,0.34703,0.250066,0.402904,1.546,1.6773
2223,2022-09-04,I1,Spezia,Bologna,D,0.338873,0.271128,0.389999,1.3532,1.4663
2223,2022-09-04,I1,Udinese,Roma,H,0.283959,0.26484,0.451201,1.2368,1.6104
2223,2022-09-04,I1,Verona,Sampdoria,H,0.457156,0.264814,0.278029,1.6167,1.2171
2223,2022-09-05,I1,Monza,Atalanta,A,0.214858,0.232388,0.552754,1.1849,1.9927
2223,2022-09-05,I1,Salernitana,Empoli,D,0.263117,0.257891,0.478991,1.2111,1.7
2223,2022-09-05,I1,Torino,Lecce,H,0.559577,0.225563,0.214861,2.078,1.2369
2223,2022-09-10,I1,Inter,Torino,H,0.688285,0.204294,0.107421,2.1065,0.7178
2223,2022-09-10,I1,Napoli,Spezia,H,0.762889,0.156285,0.080826,2.6197,0.7718
2223,2022-09-10,I1,Sampdoria,Milan,A,0.174221,0.249422,0.576357,0.8804,1.7763
2223,2022-09-11,I1,Atalanta,Cremonese,D,0.637183,0.205746,0.157072,2.25,1.0494
2223,2022-09-11,I1,Bologna,Fiorentina,H,0.322654,0.283733,0.393613,1.2257,1.3774
2223,2022-09-11,I1,Juventus,Salernitana,D,0.780922,0.155852,0.063226,2.4719,0.5908
2223,2022-09-11,I1,Lazio,Verona,H,0.526868,0.231058,0.242074,2.0173,1.3256
2223,2022-09-11,I1,Lecce,Monza,D,0.31959,0.236358,0.444052,1.59,1.8938
2223,2022-09-11,I1,Sassuolo,Udinese,A,0.45304,0.244063,0.302897,1.8185,1.4614
2223,2022-09-12,I1,Empoli,Roma,A,0.224791,0.234706,0.540503,1.2158,1.9689
2223,2022-09-16,I1,Salernitana,Lecce,A,0.323844,0.244763,0.431393,1.5251,1.7812
2223,2022-09-17,I1,Bologna,Empoli,A,0.43974,0.259739,0.300521,1.6437,1.3273
2223,2022-09-17,I1,Spezia,Sampdoria,H,0.332725,0.266358,0.400917,1.3726,1.5254
2223,2022-09-17,I1,Torino,Sassuolo,A,0.374967,0.262983,0.36205,1.5025,1.4732
2223,2022-09-18,I1,Cremonese,Lazio,A,0.263592,0.240611,0.495797,1.3413,1.8937
2223,2022-09-18,I1,Fiorentina,Verona,H,0.416449,0.274258,0.309294,1.4858,1.2513
2223,2022-09-18,I1,Milan,Napoli,A,0.373984,0.293937,0.332079,1.2733,1.186
2223,2022-09-18,I1,Monza,Juventus,H,0.192715,0.255511,0.551774,0.9353,1.7308
2223,2022-09-18,I1,Roma,Atalanta,A,0.363181,0.25418,0.382639,1.5513,1.5965
2223,2022-09-18,I1,Udinese,Inter,H,0.147143,0.220575,0.632282,0.8901,2.0395
2223,2022-10-01,I1,Empoli,Milan,A,0.148337,0.217223,0.63444,0.9172,2.0817
2223,2022-10-01,I1,Inter,Roma,A,0.588102,0.235585,0.176313,1.9214,0.967
2223,2022-10-01,I1,Napoli,Torino,H,0.636935,0.226771,0.136294,1.9459,0.7917
2223,2022-10-02,I1,Atalanta,Fiorentina,H,0.557349,0.234003,0.208649,1.9697,1.1425
2223,2022-10-02,I1,Juventus,Bologna,H,0.630947,0.229063,0.13999,1.93,0.8019
2223,2022-10-02,I1,Lazio,Spezia,H,0.671923,0.184193,0.143884,2.5284,1.1254
2223,2022-10-02,I1,Lecce,Cremonese,D,0.31959,0.236358,0.444052,1.59,1.8938
2223,2022-10-02,I1,Sampdoria,Monza,A,0.402088,0.275085,0.322826,1.4565,1.2832
2223,2022-10-02,I1,Sassuolo,Salernitana,H,0.680927,0.18916,0.129912,2.3955,0.9766
2223,2022-10-03,I1,Verona,Udinese,A,0.424399,0.267936,0.307665,1.5497,1.29
2223,2022-10-08,I1,Bologna,Sampdoria,D,0.39001,0.279426,0.330564,1.4025,1.2739
2223,2022-10-08,I1,Milan,Juventus,H,0.41087,0.299782,0.289347,1.2947,1.0462
2223,2022-10-08,I1,Sassuolo,Inter,A,0.163105,0.205365,0.63153,1.0919,2.2704
2223,2022-10-09,I1,Cremonese,Napoli,A,0.161531,0.229935,0.608534,0.9198,1.9621
2223,2022-10-09,I1,Monza,Spezia,H,0.480952,0.25697,0.262078,1.7103,1.2135
2223,2022-10-09,I1,Roma,Lecce,H,0.71615,0.162504,0.121345,2.7995,1.1282
2223,2022-10-09,I1,Salernitana,Verona,H,0.191632,0.247673,0.560695,0.9733,1.808
2223,2022-10-09,I1,Torino,Empoli,D,0.473711,0.262717,0.263572,1.6502,1.1805
2223,2022-10-09,I1,Udinese,Atalanta,D,0.243414,0.239481,0.517106,1.2646,1.9134
2223,2022-10-10,I1,Fiorentina,Lazio,A,0.33018,0.25442,0.4154,1.4604,1.6578
2223,2022-10-15,I1,Atalanta,Sassuolo,H,0.596235,0.201652,0.202113,2.405,1.374
2223,2022-10-15,I1,Empoli,Monza,H,0.372686,0.260611,0.366703,1.5175,1.5039
2223,2022-10-15,I1,Torino,Juventus,A,0.215259,0.279326,0.505415,0.909,1.5202
2223,2022-10-16,I1,Inter,Salernitana,H,0.862322,0.103207,0.034472,3.0335,0.5268
2223,2022-10-16,I1,Lazio,Udinese,D,0.547305,0.22794,0.224755,2.0531,1.2679
2223,2022-10-16,I1,Napoli,Bologna,H,0.686447,0.199672,0.113881,2.1879,0.7886
2223,2022-10-16,I1,Spezia,Cremonese,D,0.334098,0.26716,0.398742,1.3702,1.5148
2223,2022-10-16,I1,Verona,Milan,A,0.21011,0.262129,0.52776,0.9755,1.673
2223,2022-10-17,I1,Lecce,Fiorentina,D,0.250122,0.227648,0.52223,1.3919,2.0619
2223,2022-10-17,I1,Sampdoria,Roma,A,0.255561,0.260296,0.484143,1.1669,1.68
2223,2022-10-21,I1,Juventus,Empoli,H,0.687137,0.193294,0.119569,2.2943,0.8691
2223,2022-10-22,I1,Fiorentina,Inter,A,0.170589,0.240739,0.588672,0.9079,1.8595
2223,2022-10-22,I1,Milan,Monza,H,0.65321,0.21943,0.127359,2.0022,0.7743
2223,2022-10-22,I1,Salernitana,Spezia,H,0.292577,0.271494,0.435929,1.2199,1.535
2223,2022-10-23,I1,Atalanta,Lazio,A,0.494231,0.22513,0.280639,2.0865,1.5513
2223,2022-10-23,I1,Bologna,Lecce,H,0.524224,0.227051,0.248725,2.0699,1.3907
2223,2022-10-23,I1,Roma,Napoli,A,0.282316,0.268898,0.448786,1.2043,1.572
2223,2022-10-23,I1,Udinese,Torino,A,0.394409,0.286946,0.318645,1.3559,1.1954
2223,2022-10-24,I1,Cremonese,Sampdoria,A,0.398685,0.275326,0.325989,1.4489,1.29
2223,2022-10-24,I1,Sassuolo,Verona,H,0.432142,0.244344,0.323514,1.7868,1.5278
2223,2022-10-29,I1,Inter,Sampdoria,H,0.735045,0.174705,0.09025,2.4024,0.7437
2223,2022-10-29,I1,Lecce,Juventus,A,0.124808,0.177171,0.698021,1.0282,2.5588
2223,2022-10-29,I1,Napoli,Sassuolo,H,0.655779,0.195652,0.148569,2.368,1.0667
2223,2022-10-30,I1,Cremonese,Udinese,D,0.367281,0.275284,0.357435,1.3888,1.3672
2223,2022-10-30,I1,Empoli,Atalanta,A,0.184608,0.203873,0.611519,1.2431,2.3394
2223,2022-10-30,I1,Lazio,Salernitana,A,0.759404,0.154113,0.086483,2.7045,0.8473
2223,2022-10-30,I1,Spezia,Fiorentina,A,0.268399,0.262443,0.469158,1.1995,1.6492
2223,2022-10-30,I1,Torino,Milan,H,0.194827,0.274937,0.530236,0.8496,1.5575
2223,2022-10-31,I1,Monza,Bologna,A,0.403998,0.279144,0.316857,1.4284,1.24
2223,2022-10-31,I1,Verona,Roma,A,0.302681,0.265378,0.431942,1.293,1.5823
2223,2022-11-04,I1,Udinese,Lecce,D,0.576733,0.210616,0.21265,2.2822,1.3522
2223,2022-11-05,I1,Atalanta,Napoli,A,0.332117,0.258679,0.409204,1.4309,1.6074
2223,2022-11-05,I1,Empoli,Sassuolo,H,0.314307,0.23127,0.454423,1.622,1.9691
2223,2022-11-05,I1,Milan,Spezia,H,0.731593,0.177464,0.090943,2.3676,0.7335
2223,2022-11-05,I1,Salernitana,Cremonese,D,0.231485,0.267523,0.500992,1.0316,1.6203
2223,2022-11-06,I1,Bologna,Torino,H,0.352925,0.294289,0.352786,1.2297,1.2295
2223,2022-11-06,I1,Juventus,Inter,H,0.29697,0.288757,0.414274,1.1268,1.3735
2223,2022-11-06,I1,Monza,Verona,H,0.348846,0.272921,0.378233,1.3646,1.4294
2223,2022-11-06,I1,Roma,Lazio,A,0.42716,0.246514,0.326326,1.7561,1.5171
2223,2022-11-06,I1,Sampdoria,Fiorentina,A,0.331892,0.279756,0.388352,1.2751,1.3971
2223,2022-11-08,I1,Cremonese,Milan,D,0.173181,0.249634,0.577185,0.8742,1.7732
2223,2022-11-08,I1,Napoli,Empoli,H,0.742187,0.163596,0.094217,2.6009,0.8547
2223,2022-11-08,I1,Spezia,Udinese,D,0.30231,0.262079,0.435611,1.3157,1.6168
2223,2022-11-09,I1,Fiorentina,Salernitana,H,0.644626,0.221871,0.133503,1.9918,0.7998
2223,2022-11-09,I1,Inter,Bologna,H,0.736068,0.176044,0.087888,2.3685,0.7149
2223,2022-11-09,I1,Lecce,Atalanta,H,0.136065,0.159614,0.704321,1.3025,2.946
2223,2022-11-09,I1,Sassuolo,Roma,D,0.320079,0.244291,0.435631,1.5173,1.7927
2223,2022-11-09,I1,Torino,Sampdoria,H,0.422157,0.28544,0.292403,1.4081,1.133
2223,2022-11-10,I1,Lazio,Monza,H,0.583218,0.21966,0.197122,2.1382,1.1879
2223,2022-11-10,I1,Verona,Juventus,A,0.232562,0.266134,0.501304,1.0436,1.633
2223,2022-11-11,I1,Empoli,Cremonese,H,0.372686,0.260611,0.366703,1.5175,1.5039
2223,2022-11-12,I1,Bologna,Sassuolo,H,0.339066,0.253158,0.407776,1.4966,1.6565
2223,2022-11-12,I1,Napoli,Udinese,H,0.655139,0.210384,0.134477,2.1273,0.8695
2223,2022-11-12,I1,Sampdoria,Lecce,A,0.537743,0.2209,0.241356,2.1532,1.4106
2223,2022-11-13,I1,Atalanta,Inter,A,0.277328,0.25313,0.469543,1.2973,1.74
2223,2022-11-13,I1,Juventus,Lazio,H,0.502772,0.248149,0.249079,1.8123,1.2246
2223,2022-11-13,I1,Milan,Fiorentina,H,0.5803,0.25128,0.16842,1.7528,0.843
2223,2022-11-13,I1,Monza,Salernitana,H,0.580386,0.244198,0.175416,1.8295,0.9137
2223,2022-11-13,I1,Roma,Torino,D,0.51999,0.263201,0.216809,1.6632,0.9974
2223,2022-11-13,I1,Verona,Spezia,A,0.543072,0.239634,0.217294,1.9084,1.145
2223,2023-01-04,I1,Cremonese,Juventus,A,0.192715,0.255511,0.551774,0.9353,1.7308
2223,2023-01-04,I1,Fiorentina,Monza,D,0.468306,0.270665,0.261028,1.5747,1.1214
2223,2023-01-04,I1,Inter,Napoli,H,0.453343,0.274981,0.271676,1.5252,1.1313
2223,2023-01-04,I1,Lecce,Lazio,H,0.177043,0.1759,0.647057,1.4745,2.7996
2223,2023-01-04,I1,Roma,Bologna,H,0.570134,0.241493,0.188373,1.8701,0.9934
2223,2023-01-04,I1,Salernitana,Milan,A,0.081112,0.182335,0.736553,0.6235,2.2429
2223,2023-01-04,I1,Sassuolo,Sampdoria,A,0.488488,0.239965,0.271548,1.8971,1.3788
2223,2023-01-04,I1,Spezia,Atalanta,D,0.160001,0.198785,0.641214,1.1225,2.3564
2223,2023-01-04,I1,Torino,Verona,D,0.373689,0.28587,0.340441,1.3262,1.2555
2223,2023-01-04,I1,Udinese,Empoli,D,0.488112,0.247515,0.264373,1.8123,1.2905
2223,2023-01-07,I1,Fiorentina,Sassuolo,H,0.419857,0.252559,0.327584,1.6832,1.4684
2223,2023-01-07,I1,Juventus,Udinese,H,0.598441,0.23818,0.163379,1.8765,0.8841
2223,2023-01-07,I1,Monza,Inter,D,0.127905,0.208973,0.663122,0.8339,2.1241
2223,2023-01-08,I1,Lazio,Empoli,D,0.642901,0.190163,0.166936,2.5102,1.2464
2223,2023-01-08,I1,Milan,Roma,D,0.501207,0.269342,0.229451,1.604,1.0137
2223,2023-01-08,I1,Salernitana,Torino,D,0.206714,0.273015,0.520271,0.9061,1.5747
2223,2023-01-08,I1,Sampdoria,Napoli,A,0.162526,0.22978,0.607694,0.9263,1.9655
2223,2023-01-08,I1,Spezia,Lecce,D,0.458237,0.227199,0.314564,2.0257,1.6652
2223,2023-01-09,I1,Bologna,Atalanta,A,0.209845,0.234213,0.555943,1.147,1.968
2223,2023-01-09,I1,Verona,Cremonese,H,0.458354,0.265252,0.276394,1.6139,1.2086
2223,2023-01-13,I1,Napoli,Juventus,H,0.436046,0.284439,0.279515,1.4326,1.1007
2223,2023-01-14,I1,Cremonese,Monza,A,0.399936,0.275923,0.324141,1.4464,1.281
2223,2023-01-14,I1,Inter,Verona,H,0.691905,0.193934,0.114161,2.2628,0.8241
2223,2023-01-14,I1,Lecce,Milan,D,0.109098,0.168213,0.722689,0.961,2.6215
2223,2023-01-15,I1,Atalanta,Salernitana,H,0.799004,0.135434,0.065562,2.8459,0.7485
2223,2023-01-15,I1,Roma,Fiorentina,H,0.490077,0.262984,0.246939,1.6577,1.1174
2223,2023-01-15,I1,Sassuolo,Lazio,A,0.334427,0.225342,0.440231,1.7563,2.0242
2223,2023-01-15,I1,Torino,Spezia,A,0.503266,0.263051,0.233683,1.6622,1.0659
2223,2023-01-15,I1,Udinese,Bologna,A,0.439754,0.273296,0.28695,1.5246,1.1907
2223,2023-01-16,I1,Empoli,Sampdoria,H,0.371285,0.259936,0.36878,1.5201,1.5144
2223,2023-01-21,I1,Fiorentina,Torino,A,0.425237,0.289448,0.285315,1.3831,1.0898
2223,2023-01-21,I1,Salernitana,Napoli,A,0.072032,0.160331,0.767637,0.6561,2.4818
2223,2023-01-21,I1,Verona,Lecce,H,0.602168,0.20217,0.195662,2.3859,1.3286
2223,2023-01-22,I1,Juventus,Atalanta,D,0.437523,0.264108,0.298369,1.6009,1.2886
2223,2023-01-22,I1,Monza,Sassuolo,D,0.34703,0.250066,0.402904,1.546,1.6773
2223,2023-01-22,I1,Sampdoria,Udinese,A,0.369316,0.274557,0.356127,1.3985,1.3696
2223,2023-01-22,I1,Spezia,Roma,A,0.197201,0.232116,0.570682,1.0978,1.9832
2223,2023-01-23,I1,Bologna,Cremonese,D,0.391246,0.280049,0.328705,1.4001,1.2651
2223,2023-01-23,I1,Inter,Empoli,A,0.789752,0.139831,0.070417,2.8156,0.7749
2223,2023-01-24,I1,Lazio,Milan,H,0.291889,0.260664,0.447447,1.2924,1.6444
2223,2023-01-27,I1,Bologna,Spezia,H,0.470978,0.261913,0.267109,1.6556,1.1985
2223,2023-01-27,I1,Lecce,Salernitana,A,0.52004,0.231533,0.248427,2.0111,1.3507
2223,2023-01-28,I1,Atalanta,Sampdoria,H,0.636267,0.205651,0.158082,2.2539,1.0567
2223,2023-01-28,I1,Cremonese,Inter,A,0.127905,0.208973,0.663122,0.8339,2.1241
2223,2023-01-28,I1,Empoli,Torino,D,0.334607,0.272424,0.39297,1.3329,1.4615
2223,2023-01-29,I1,Juventus,Monza,A,0.629498,0.227411,0.143091,1.9543,0.8283
2223,2023-01-29,I1,Lazio,Fiorentina,D,0.501263,0.242728,0.256009,1.8718,1.2934
2223,2023-01-29,I1,Milan,Sassuolo,A,0.623486,0.214923,0.161591,2.1401,1.0138
2223,2023-01-29,I1,Napoli,Roma,H,0.53044,0.251914,0.217646,1.7749,1.0666
2223,2023-01-30,I1,Udinese,Verona,D,0.383561,0.270805,0.345634,1.4565,1.3725
2223,2023-02-04,I1,Cremonese,Lecce,A,0.5351,0.221999,0.242902,2.1383,1.4082
2223,2023-02-04,I1,Roma,Empoli,H,0.62566,0.209175,0.165165,2.2231,1.0767
2223,2023-02-04,I1,Sassuolo,Atalanta,H,0.274208,0.222318,0.503474,1.5514,2.13
2223,2023-02-05,I1,Fiorentina,Bologna,A,0.471648,0.273243,0.255108,1.5552,1.0855
2223,2023-02-05,I1,Inter,Milan,H,0.458906,0.285185,0.255909,1.4496,1.0224
2223,2023-02-05,I1,Spezia,Napoli,A,0.11782,0.190858,0.691322,0.8714,2.3202
2223,2023-02-05,I1,Torino,Udinese,H,0.39155,0.28715,0.3213,1.3497,1.2009
2223,2023-02-06,I1,Monza,Sampdoria,D,0.398685,0.275326,0.325989,1.4489,1.29
2223,2023-02-06,I1,Verona,Lazio,D,0.316341,0.24523,0.438429,1.4967,1.7867
2223,2023-02-07,I1,Salernitana,Juventus,A,0.092071,0.191566,0.716363,0.6671,2.1892
2223,2023-02-10,I1,Milan,Torino,H,0.605175,0.247798,0.147027,1.7586,0.7525
2223,2023-02-11,I1,Empoli,Spezia,D,0.455122,0.246514,0.298364,1.7944,1.4247
2223,2023-02-11,I1,Lazio,Atalanta,A,0.363533,0.233918,0.402549,1.7516,1.848
2223,2023-02-11,I1,Lecce,Roma,D,0.175101,0.193454,0.631445,1.2738,2.4794
2223,2023-02-12,I1,Bologna,Monza,A,0.391246,0.280049,0.328705,1.4001,1.2651
2223,2023-02-12,I1,Juventus,Fiorentina,H,0.555304,0.257311,0.187385,1.7108,0.9019
2223,2023-02-12,I1,Napoli,Cremonese,H,0.685366,0.198278,0.116356,2.2154,0.8147
2223,2023-02-12,I1,Udinese,Sassuolo,D,0.383975,0.248807,0.367218,1.6501,1.6105
2223,2023-02-13,I1,Sampdoria,Inter,D,0.128694,0.208877,0.662428,0.8398,2.1277
2223,2023-02-13,I1,Verona,Salernitana,H,0.639521,0.219202,0.141277,2.0414,0.862
2223,2023-02-17,I1,Sassuolo,Napoli,A,0.205582,0.223489,0.570929,1.2044,2.0973
2223,2023-02-18,I1,Inter,Udinese,H,0.707588,0.187677,0.104735,2.3029,0.7883
2223,2023-02-18,I1,Monza,Milan,A,0.173181,0.249634,0.577185,0.8742,1.7732
2223,2023-02-18,I1,Sampdoria,Bologna,A,0.406155,0.278281,0.315564,1.4384,1.2422
2223,2023-02-19,I1,Atalanta,Lecce,A,0.784039,0.126696,0.089264,3.3263,1.1536
2223,2023-02-19,I1,Fiorentina,Empoli,D,0.522135,0.245147,0.232718,1.8487,1.1766
2223,2023-02-19,I1,Roma,Verona,H,0.514822,0.250815,0.234363,1.7866,1.1452
2223,2023-02-19,I1,Salernitana,Lazio,A,0.126442,0.188191,0.685367,0.9567,2.3953
2223,2023-02-19,I1,Spezia,Juventus,A,0.145602,0.21965,0.634748,0.886,2.0467
2223,2023-02-20,I1,Torino,Cremonese,D,0.423285,0.285975,0.29074,1.4056,1.1251
2223,2023-02-25,I1,Empoli,Napoli,A,0.136088,0.197231,0.666681,0.9651,2.3035
2223,2023-02-25,I1,Lecce,Sassuolo,A,0.255114,0.200426,0.544459,1.6995,2.4797
2223,2023-02-26,I1,Bologna,Inter,H,0.12515,0.210445,0.664405,0.8072,2.0977
2223,2023-02-26,I1,Milan,Atalanta,H,0.465812,0.263116,0.271073,1.6402,1.2045
2223,2023-02-26,I1,Salernitana,Monza,H,0.231485,0.267523,0.500992,1.0316,1.6203
2223,2023-02-26,I1,Udinese,Spezia,D,0.51933,0.247239,0.233431,1.8255,1.1652
2223,2023-02-27,I1,Lazio,Sampdoria,H,0.582121,0.219494,0.198385,2.1419,1.1963
2223,2023-02-27,I1,Verona,Fiorentina,A,0.383962,0.276553,0.339485,1.4129,1.3159
2223,2023-02-28,I1,Cremonese,Roma,H,0.25404,0.260669,0.485292,1.1588,1.6771
2223,2023-02-28,I1,Juventus,Torino,H,0.581446,0.25469,0.163863,1.7165,0.805
2223,2023-03-03,I1,Napoli,Lazio,A,0.561809,0.227193,0.210997,2.0545,1.2043
2223,2023-03-04,I1,Atalanta,Udinese,D,0.603163,0.216169,0.180668,2.1604,1.12
2223,2023-03-04,I1,Fiorentina,Milan,H,0.221523,0.275378,0.503099,0.9518,1.5523
2223,2023-03-04,I1,Monza,Empoli,H,0.449351,0.255288,0.295361,1.698,1.344
2223,2023-03-05,I1,Inter,Lecce,H,0.863011,0.092708,0.044282,3.5456,0.8119
2223,2023-03-05,I1,Roma,Juventus,H,0.320588,0.283081,0.396331,1.2245,1.3866
2223,2023-03-05,I1,Sampdoria,Salernitana,D,0.582939,0.242819,0.174241,1.8423,0.9152
2223,2023-03-05,I1,Spezia,Verona,D,0.284357,0.25711,0.458533,1.2928,1.6902
2223,2023-03-06,I1,Sassuolo,Cremonese,H,0.489803,0.240316,0.269881,1.8938,1.3692
2223,2023-03-06,I1,Torino,Bologna,H,0.426766,0.289006,0.284228,1.3882,1.0891
2223,2023-03-10,I1,Spezia,Inter,H,0.090267,0.167415,0.742318,0.79,2.5117
2223,2023-03-11,I1,Bologna,Lazio,D,0.2574,0.242821,0.499779,1.2984,1.8702
2223,2023-03-11,I1,Empoli,Udinese,A,0.338889,0.257775,0.403336,1.4571,1.6051
2223,2023-03-11,I1,Napoli,Atalanta,H,0.493832,0.247568,0.2586,1.8149,1.2673
2223,2023-03-12,I1,Cremonese,Fiorentina,A,0.330028,0.280384,0.389587,1.2662,1.3947
2223,2023-03-12,I1,Juventus,Sampdoria,H,0.628768,0.227272,0.14396,1.9576,0.8342
2223,2023-03-12,I1,Lecce,Torino,A,0.284429,0.24384,0.471731,1.3965,1.8404
2223,2023-03-12,I1,Roma,Sassuolo,A,0.524382,0.230538,0.24508,2.0241,1.3438
2223,2023-03-12,I1,Verona,Monza,D,0.458354,0.265252,0.276394,1.6139,1.2086
2223,2023-03-13,I1,Milan,Salernitana,D,0.798286,0.146588,0.055126,2.5325,0.5522
2223,2023-03-17,I1,Atalanta,Empoli,H,0.696381,0.173761,0.129858,2.6414,1.101
2223,2023-03-17,I1,Sassuolo,Spezia,H,0.579948,0.213116,0.206936,2.2395,1.2971
2223,2023-03-18,I1,Monza,Cremonese,D,0.399936,0.275923,0.324141,1.4464,1.281
2223,2023-03-18,I1,Salernitana,Bologna,D,0.236103,0.272989,0.490908,1.0188,1.5685
2223,2023-03-18,I1,Udinese,Milan,H,0.195883,0.25861,0.545507,0.9331,1.7027
2223,2023-03-19,I1,Fiorentina,Lecce,H,0.61156,0.204545,0.183895,2.328,1.2328
2223,2023-03-19,I1,Inter,Juventus,A,0.491421,0.275089,0.23349,1.5509,0.9979
2223,2023-03-19,I1,Lazio,Roma,H,0.409474,0.247731,0.342794,1.713,1.5553
2223,2023-03-19,I1,Sampdoria,Verona,H,0.350812,0.27226,0.376928,1.3742,1.4318
2223,2023-03-19,I1,Torino,Napoli,A,0.183909,0.255754,0.560337,0.8939,1.7234
2223,2023-04-01,I1,Cremonese,Atalanta,A,0.214858,0.232388,0.552754,1.1849,1.9927
2223,2023-04-01,I1,Inter,Fiorentina,A,0.665542,0.210077,0.124381,2.0995,0.8041
2223,2023-04-01,I1,Juventus,Verona,H,0.581043,0.242866,0.176091,1.8438,0.9243
2223,2023-04-02,I1,Bologna,Udinese,H,0.359152,0.278985,0.361862,1.3444,1.3503
2223,2023-04-02,I1,Monza,Lazio,A,0.263592,0.240611,0.495797,1.3413,1.8937
2223,2023-04-02,I1,Napoli,Milan,A,0.4047,0.291734,0.303566,1.3391,1.1277
2223,2023-04-02,I1,Roma,Sampdoria,H,0.566605,0.239452,0.193943,1.8969,1.0335
2223,2023-04-02,I1,Spezia,Salernitana,D,0.517171,0.25602,0.226809,1.7331,1.0804
2223,2023-04-03,I1,Empoli,Lecce,H,0.506601,0.214638,0.278761,2.2434,1.6532
2223,2023-04-03,I1,Sassuolo,Torino,D,0.443825,0.258188,0.297987,1.6634,1.3307
2223,2023-04-07,I1,Lecce,Napoli,A,0.097038,0.148457,0.754505,1.0112,2.9007
2223,2023-04-07,I1,Milan,Empoli,D,0.710377,0.184393,0.10523,2.3505,0.8124
2223,2023-04-07,I1,Salernitana,Inter,D,0.053844,0.13637,0.809786,0.5948,2.6867
2223,2023-04-08,I1,Atalanta,Bologna,A,0.639401,0.207125,0.153475,2.222,1.0158
2223,2023-04-08,I1,Fiorentina,Spezia,D,0.55181,0.243295,0.204896,1.8621,1.0624
2223,2023-04-08,I1,Lazio,Juventus,H,0.320764,0.260644,0.418591,1.3826,1.6051
2223,2023-04-08,I1,Sampdoria,Cremonese,A,0.402088,0.275085,0.322826,1.4565,1.2832
2223,2023-04-08,I1,Torino,Roma,A,0.279193,0.279871,0.440936,1.1261,1.4731
2223,2023-04-08,I1,Udinese,Monza,D,0.435934,0.27045,0.293616,1.5438,1.23
2223,2023-04-08,I1,Verona,Sassuolo,H,0.406945,0.246074,0.34698,1.7251,1.5825
2223,2023-04-14,I1,Cremonese,Empoli,H,0.449351,0.255288,0.295361,1.698,1.344
2223,2023-04-14,I1,Spezia,Lazio,A,0.201658,0.212671,0.585671,1.2707,2.2393
2223,2023-04-15,I1,Bologna,Milan,D,0.169361,0.251544,0.579095,0.8463,1.7512
2223,2023-04-15,I1,Inter,Monza,A,0.73555,0.174751,0.089699,2.3983,0.7386
2223,2023-04-15,I1,Napoli,Verona,D,0.638152,0.216008,0.14584,2.0902,0.909
2223,2023-04-16,I1,Lecce,Sampdoria,D,0.318002,0.235518,0.44648,1.5927,1.907
2223,2023-04-16,I1,Roma,Udinese,H,0.533861,0.247805,0.218334,1.8183,1.0954
2223,2023-04-16,I1,Sassuolo,Juventus,H,0.243533,0.244928,0.511539,1.2246,1.85
2223,2023-04-16,I1,Torino,Salernitana,D,0.596645,0.247111,0.156244,1.778,0.8025
2223,2023-04-17,I1,Fiorentina,Atalanta,D,0.274906,0.252912,0.472183,1.29,1.7445
2223,2023-04-21,I1,Verona,Bologna,H,0.462037,0.26788,0.270083,1.5939,1.1699
2223,2023-04-22,I1,Lazio,Torino,A,0.533944,0.242466,0.22359,1.878,1.1545
2223,2023-04-22,I1,Salernitana,Sassuolo,H,0.181604,0.219288,0.599108,1.1027,2.1216
2223,2023-04-22,I1,Sampdoria,Spezia,D,0.483379,0.255917,0.260704,1.7223,1.2156
2223,2023-04-23,I1,Empoli,Inter,A,0.104891,0.17455,0.720558,0.8749,2.4936
2223,2023-04-23,I1,Juventus,Napoli,A,0.348484,0.290678,0.360838,1.2428,1.2688
2223,2023-04-23,I1,Milan,Lecce,H,0.793572,0.133867,0.072561,2.9599,0.8512
2223,2023-04-23,I1,Monza,Fiorentina,H,0.330028,0.280384,0.389587,1.2662,1.3947
2223,2023-04-23,I1,Udinese,Cremonese,H,0.435934,0.27045,0.293616,1.5438,1.23
2223,2023-04-24,I1,Atalanta,Roma,H,0.46776,0.246981,0.285259,1.8026,1.3739
2223,2023-04-28,I1,Lecce,Udinese,H,0.285245,0.229615,0.48514,1.5267,2.0213
2223,2023-04-28,I1,Spezia,Monza,A,0.334098,0.26716,0.398742,1.3702,1.5148
2223,2023-04-29,I1,Roma,Milan,D,0.293219,0.28387,0.422911,1.1446,1.4206
2223,2023-04-29,I1,Torino,Atalanta,A,0.24119,0.254113,0.504697,1.1515,1.7503
2223,2023-04-30,I1,Bologna,Juventus,D,0.188411,0.257533,0.554056,0.9054,1.7093
2223,2023-04-30,I1,Cremonese,Verona,D,0.348846,0.272921,0.378233,1.3646,1.4294
2223,2023-04-30,I1,Fiorentina,Sampdoria,H,0.467185,0.270249,0.262567,1.5775,1.1293
2223,2023-04-30,I1,Inter,Lazio,H,0.62243,0.209567,0.168003,2.2241,1.0918
2223,2023-04-30,I1,Napoli,Salernitana,D,0.826951,0.125456,0.047592,2.8022,0.581
2223,2023-04-30,I1,Sassuolo,Empoli,H,0.546845,0.215907,0.237247,2.2233,1.4366
2223,2023-05-03,I1,Atalanta,Spezia,H,0.721927,0.166738,0.111335,2.6606,0.9941
2223,2023-05-03,I1,Juventus,Lecce,H,0.772671,0.143233,0.084096,2.8891,0.9106
2223,2023-05-03,I1,Lazio,Sassuolo,H,0.534911,0.212115,0.252973,2.2855,1.5555
2223,2023-05-03,I1,Milan,Cremonese,D,0.65321,0.21943,0.127359,2.0022,0.7743
2223,2023-05-03,I1,Monza,Roma,D,0.25404,0.260669,0.485292,1.1588,1.6771
2223,2023-05-03,I1,Salernitana,Fiorentina,D,0.180961,0.251282,0.567756,0.9031,1.7641
2223,2023-05-03,I1,Sampdoria,Torino,A,0.362805,0.289674,0.347521,1.2793,1.2471
2223,2023-05-03,I1,Verona,Inter,A,0.159203,0.225841,0.614956,0.9305,2.004
2223,2023-05-04,I1,Empoli,Bologna,H,0.377456,0.264082,0.358462,1.4986,1.4558
2223,2023-05-04,I1,Udinese,Napoli,D,0.184054,0.239823,0.576123,0.9818,1.884
2223,2023-05-06,I1,Cremonese,Spezia,H,0.480952,0.25697,0.262078,1.7103,1.2135
2223,2023-05-06,I1,Milan,Lazio,H,0.531331,0.244376,0.224293,1.8567,1.1446
2223,2023-05-06,I1,Roma,Inter,A,0.234113,0.259025,0.506862,1.0918,1.7017
2223,2023-05-07,I1,Atalanta,Juventus,A,0.374032,0.268553,0.357415,1.4549,1.4179
2223,2023-05-07,I1,Lecce,Verona,A,0.265832,0.223713,0.510455,1.5001,2.1131
2223,2023-05-07,I1,Napoli,Fiorentina,H,0.611686,0.231296,0.157018,1.9394,0.887
2223,2023-05-07,I1,Torino,Monza,D,0.423285,0.285975,0.29074,1.4056,1.1251
2223,2023-05-08,I1,Empoli,Salernitana,H,0.562409,0.237829,0.199763,1.9194,1.0726
2223,2023-05-08,I1,Sassuolo,Bologna,D,0.493898,0.242568,0.263534,1.8703,1.3254
2223,2023-05-08,I1,Udinese,Sampdoria,H,0.434717,0.269954,0.295329,1.5464,1.2386
2223,2023-05-12,I1,Lazio,Lecce,D,0.735153,0.145092,0.119754,3.161,1.3059
2223,2023-05-13,I1,Inter,Sassuolo,H,0.711976,0.173569,0.114454,2.5635,0.9671
2223,2023-05-13,I1,Salernitana,Atalanta,H,0.09822,0.170228,0.731552,0.8451,2.5205
2223,2023-05-13,I1,Spezia,Milan,H,0.129285,0.211612,0.659103,0.8282,2.0969
2223,2023-05-14,I1,Bologna,Roma,D,0.248227,0.263068,0.488706,1.1217,1.6563
2223,2023-05-14,I1,Fiorentina,Udinese,H,0.435144,0.274144,0.290711,1.5121,1.1969
2223,2023-05-14,I1,Juventus,Cremonese,H,0.629498,0.227411,0.143091,1.9543,0.8283
2223,2023-05-14,I1,Monza,Napoli,H,0.161531,0.229935,0.608534,0.9198,1.9621
2223,2023-05-14,I1,Verona,Torino,A,0.415405,0.2829,0.301695,1.4175,1.1746
2223,2023-05-15,I1,Sampdoria,Empoli,D,0.451717,0.254356,0.293928,1.7099,1.3463
2223,2023-05-19,I1,Sassuolo,Monza,A,0.489803,0.240316,0.269881,1.8938,1.3692
2223,2023-05-20,I1,Atalanta,Verona,H,0.583839,0.220681,0.19548,2.1228,1.1709
2223,2023-05-20,I1,Cremonese,Bologna,A,0.403998,0.279144,0.316857,1.4284,1.24
2223,2023-05-20,I1,Milan,Sampdoria,H,0.65256,0.21931,0.128129,2.0056,0.7797
2223,2023-05-21,I1,Lecce,Spezia,D,0.401765,0.231009,0.367226,1.8802,1.7941
2223,2023-05-21,I1,Napoli,Inter,H,0.341424,0.282886,0.37569,1.2773,1.3508
2223,2023-05-21,I1,Torino,Fiorentina,D,0.354063,0.294543,0.351394,1.2305,1.225
2223,2023-05-21,I1,Udinese,Lazio,A,0.296058,0.244725,0.459217,1.4316,1.8183
2223,2023-05-22,I1,Empoli,Juventus,H,0.166724,0.224599,0.608677,0.9813,2.0319
2223,2023-05-22,I1,Roma,Salernitana,D,0.736556,0.174591,0.088853,2.3952,0.732
2223,2023-05-26,I1,Sampdoria,Sassuolo,D,0.349059,0.249484,0.401457,1.5568,1.6802
2223,2023-05-27,I1,Fiorentina,Roma,H,0.315123,0.275169,0.409708,1.2616,1.4682
2223,2023-05-27,I1,Inter,Atalanta,H,0.554768,0.234532,0.2107,1.9647,1.1489
2223,2023-05-27,I1,Salernitana,Udinese,H,0.205983,0.256189,0.537828,0.9906,1.7294
2223,2023-05-27,I1,Spezia,Torino,A,0.29943,0.277215,0.423355,1.2035,1.4721
2223,2023-05-28,I1,Bologna,Napoli,D,0.15794,0.231601,0.610459,0.8904,1.9377
2223,2023-05-28,I1,Juventus,Milan,A,0.356644,0.303697,0.339659,1.1812,1.1467
2223,2023-05-28,I1,Lazio,Cremonese,H,0.583218,0.21966,0.197122,2.1382,1.1879
2223,2023-05-28,I1,Monza,Lecce,A,0.5351,0.221999,0.242902,2.1383,1.4082
2223,2023-05-28,I1,Verona,Empoli,D,0.512099,0.241013,0.246888,1.8947,1.268
2223,2023-06-02,I1,Sassuolo,Fiorentina,A,0.409287,0.253291,0.337422,1.6579,1.4908
2223,2023-06-03,I1,Cremonese,Salernitana,H,0.580386,0.244198,0.175416,1.8295,0.9137
2223,2023-06-03,I1,Empoli,Lazio,A,0.231291,0.215712,0.552997,1.4073,2.2232
2223,2023-06-03,I1,Torino,Inter,A,0.148466,0.236924,0.614611,0.8104,1.8656
2223,2023-06-04,I1,Atalanta,Monza,H,0.637183,0.205746,0.157072,2.25,1.0494
2223,2023-06-04,I1,Lecce,Bologna,A,0.325314,0.240398,0.434288,1.5702,1.8332
2223,2023-06-04,I1,Milan,Verona,H,0.606291,0.236132,0.157577,1.889,0.864
2223,2023-06-04,I1,Napoli,Sampdoria,H,0.68472,0.198204,0.117076,2.2193,0.8204
2223,2023-06-04,I1,Roma,Spezia,H,0.652817,0.203718,0.143465,2.2392,0.9722
2223,2023-06-04,I1,Udinese,Juventus,A,0.21721,0.263338,0.519452,0.9983,1.6619
2324,2023-08-19,I1,Empoli,Verona,A,0.405866,0.283784,0.31035,1.3098,1.1118
2324,2023-08-19,I1,Frosinone,Napoli,A,0.061934,0.154696,0.78337,0.5231,2.3634
2324,2023-08-19,I1,Genoa,Fiorentina,A,0.224332,0.27135,0.504318,0.9097,1.4964
2324,2023-08-19,I1,Inter,Monza,H,0.6468,0.207956,0.145245,2.075,0.8776
2324,2023-08-20,I1,Lecce,Lazio,H,0.200282,0.269046,0.530672,0.83,1.5195
2324,2023-08-20,I1,Roma,Salernitana,D,0.628614,0.214753,0.156633,2.0191,0.9051
2324,2023-08-20,I1,Sassuolo,Atalanta,A,0.279785,0.217487,0.502727,1.5332,2.0914
2324,2023-08-20,I1,Udinese,Juventus,A,0.243266,0.274032,0.482702,0.9631,1.4647
2324,2023-08-21,I1,Bologna,Milan,A,0.25095,0.256395,0.492655,1.0908,1.6226
2324,2023-08-21,I1,Torino,Cagliari,D,0.525944,0.27351,0.200546,1.4835,0.8117
2324,2023-08-26,I1,Frosinone,Atalanta,H,0.106835,0.180399,0.712766,0.7765,2.2961
2324,2023-08-26,I1,Milan,Torino,H,0.564662,0.254559,0.180779,1.638,0.8151
2324,2023-08-26,I1,Monza,Empoli,H,0.484619,0.268143,0.247238,1.5135,1.0081
2324,2023-08-26,I1,Verona,Roma,H,0.253504,0.271756,0.47474,1.0098,1.4774
2324,2023-08-27,I1,Fiorentina,Lecce,D,0.53207,0.274209,0.193721,1.4782,0.783
2324,2023-08-27,I1,Juventus,Bologna,D,0.576096,0.244104,0.1798,1.7345,0.8616
2324,2023-08-27,I1,Lazio,Genoa,A,0.693728,0.196497,0.109775,2.0997,0.7065
2324,2023-08-27,I1,Napoli,Sassuolo,H,0.725355,0.166626,0.108019,2.5152,0.884
2324,2023-08-28,I1,Cagliari,Inter,A,0.117991,0.194271,0.687738,0.7769,2.1592
2324,2023-08-28,I1,Salernitana,Udinese,D,0.322443,0.262219,0.415338,1.2845,1.4888
2324,2023-09-01,I1,Roma,Milan,A,0.335816,0.277882,0.386302,1.2114,1.318
2324,2023-09-01,I1,Sassuolo,Verona,H,0.482934,0.24494,0.272127,1.7326,1.2501
2324,2023-09-02,I1,Atalanta,Monza,H,0.55849,0.225632,0.215878,1.9668,1.1538
2324,2023-09-02,I1,Bologna,Cagliari,H,0.548068,0.24908,0.202851,1.6991,0.9394
2324,2023-09-02,I1,Napoli,Lazio,A,0.535977,0.247613,0.21641,1.7173,1.0066
2324,2023-09-02,I1,Udinese,Frosinone,D,0.637264,0.228523,0.134214,1.8239,0.7046
2324,2023-09-03,I1,Empoli,Juventus,A,0.200581,0.265253,0.534166,0.8483,1.5512
2324,2023-09-03,I1,Inter,Fiorentina,H,0.601718,0.224128,0.174155,1.94,0.9463
2324,2023-09-03,I1,Lecce,Salernitana,H,0.408517,0.289996,0.301487,1.2728,1.0546
2324,2023-09-03,I1,Torino,Genoa,H,0.528798,0.278659,0.192543,1.4443,0.761
2324,2023-09-16,I1,Genoa,Napoli,D,0.10208,0.198098,0.699822,0.6451,2.051
2324,2023-09-16,I1,Inter,Milan,H,0.47848,0.255815,0.265704,1.6195,1.1485
2324,2023-09-16,I1,Juventus,Lazio,H,0.432171,0.277436,0.290393,1.3914,1.0936
2324,2023-09-17,I1,Cagliari,Udinese,D,0.287512,0.277842,0.434646,1.0828,1.3914
2324,2023-09-17,I1,Fiorentina,Atalanta,H,0.348617,0.250113,0.401271,1.4535,1.5738
2324,2023-09-17,I1,Frosinone,Sassuolo,H,0.196609,0.237139,0.566252,0.9803,1.8188
2324,2023-09-17,I1,Monza,Lecce,D,0.488661,0.287256,0.224083,1.3709,0.8375
2324,2023-09-17,I1,Roma,Empoli,H,0.570339,0.246397,0.183264,1.715,0.8659
2324,2023-09-18,I1,Salernitana,Torino,A,0.304809,0.278997,0.416193,1.125,1.3585
2324,2023-09-18,I1,Verona,Bologna,D,0.341899,0.275249,0.382851,1.2432,1.3303
2324,2023-09-22,I1,Lecce,Genoa,H,0.427685,0.314121,0.258194,1.1582,0.8335
2324,2023-09-22,I1,Salernitana,Frosinone,D,0.558514,0.250624,0.190862,1.6793,0.8785
2324,2023-09-23,I1,Lazio,Monza,D,0.552343,0.241847,0.20581,1.7739,0.9946
2324,2023-09-23,I1,Milan,Verona,H,0.652892,0.212458,0.134649,1.9936,0.7854
2324,2023-09-23,I1,Sassuolo,Juventus,H,0.239994,0.245088,0.514919,1.1221,1.7442
2324,2023-09-24,I1,Atalanta,Cagliari,H,0.706777,0.177148,0.116075,2.3911,0.8742
2324,2023-09-24,I1,Bologna,Napoli,D,0.18268,0.234758,0.582563,0.9265,1.8324
2324,2023-09-24,I1,Empoli,Inter,A,0.157828,0.219788,0.622384,0.8816,1.9623
2324,2023-09-24,I1,Torino,Roma,D,0.310904,0.295802,0.393294,1.0481,1.2139
2324,2023-09-24,I1,Udinese,Fiorentina,A,0.34598,0.275645,0.378375,1.2501,1.3189
2324,2023-09-26,I1,Juventus,Lecce,H,0.622493,0.248242,0.129265,1.6416,0.6032
2324,2023-09-27,I1,Cagliari,Milan,A,0.152958,0.227824,0.619218,0.8101,1.8654
2324,2023-09-27,I1,Empoli,Salernitana,H,0.452869,0.262917,0.284214,1.5321,1.1643
2324,2023-09-27,I1,Inter,Sassuolo,A,0.710834,0.167679,0.121487,2.5779,0.9981
2324,2023-09-27,I1,Lazio,Torino,H,0.542247,0.257303,0.20045,1.6209,0.8859
2324,2023-09-27,I1,Napoli,Udinese,H,0.683171,0.198215,0.118614,2.1121,0.7588
2324,2023-09-27,I1,Verona,Atalanta,A,0.229555,0.23385,0.536595,1.157,1.872
2324,2023-09-28,I1,Frosinone,Fiorentina,D,0.152099,0.242135,0.605766,0.7377,1.7243
2324,2023-09-28,I1,Genoa,Roma,H,0.194486,0.262656,0.542858,0.8358,1.5725
2324,2023-09-28,I1,Monza,Bologna,D,0.424202,0.268662,0.307136,1.4486,1.1962
2324,2023-09-30,I1,Lecce,Napoli,A,0.130636,0.237497,0.631867,0.6487,1.7341
2324,2023-09-30,I1,Milan,Lazio,H,0.44529,0.263267,0.291444,1.5207,1.185
2324,2023-09-30,I1,Salernitana,Inter,A,0.131264,0.187123,0.681613,0.9215,2.3103
2324,2023-10-01,I1,Atalanta,Juventus,D,0.376759,0.262362,0.360879,1.4166,1.3816
2324,2023-10-01,I1,Bologna,Empoli,H,0.478701,0.264104,0.257195,1.5442,1.066
2324,2023-10-01,I1,Roma,Frosinone,H,0.728656,0.185923,0.085422,2.1171,0.5801
2324,2023-10-01,I1,Udinese,Genoa,D,0.536978,0.261601,0.201421,1.5827,0.8689
2324,2023-10-02,I1,Fiorentina,Cagliari,H,0.598282,0.236407,0.165311,1.7957,0.8305
2324,2023-10-02,I1,Sassuolo,Monza,A,0.396787,0.250871,0.352342,1.5579,1.4566
2324,2023-10-02,I1,Torino,Verona,D,0.46416,0.286874,0.248966,1.357,0.9195
2324,2023-10-06,I1,Empoli,Udinese,D,0.351142,0.280652,0.368206,1.2288,1.2645
2324,2023-10-06,I1,Lecce,Sassuolo,D,0.333709,0.276443,0.389847,1.2156,1.3345
2324,2023-10-07,I1,Genoa,Milan,A,0.147079,0.231698,0.621223,0.7594,1.8162
2324,2023-10-07,I1,Inter,Bologna,D,0.666035,0.196868,0.137097,2.1943,0.8954
2324,2023-10-07,I1,Juventus,Torino,H,0.545671,0.271427,0.182903,1.4988,0.7522
2324,2023-10-08,I1,Cagliari,Roma,A,0.202618,0.257981,0.539401,0.8915,1.6152
2324,2023-10-08,I1,Frosinone,Verona,H,0.234881,0.286195,0.478924,0.8775,1.3725
2324,2023-10-08,I1,Lazio,Atalanta,H,0.447559,0.240617,0.311823,1.7457,1.428
2324,2023-10-08,I1,Monza,Salernitana,H,0.539971,0.241523,0.218506,1.7819,1.0538
2324,2023-10-08,I1,Napoli,Fiorentina,A,0.618136,0.225762,0.156101,1.8927,0.8381
2324,2023-10-21,I1,Sassuolo,Lazio,A,0.264652,0.232535,0.502813,1.3216,1.8863
2324,2023-10-21,I1,Torino,Inter,A,0.206965,0.257216,0.535819,0.9133,1.6228
2324,2023-10-21,I1,Verona,Napoli,A,0.139971,0.219635,0.640394,0.7794,1.927
2324,2023-10-22,I1,Atalanta,Genoa,H,0.708326,0.179905,0.111769,2.328,0.8196
2324,2023-10-22,I1,Bologna,Frosinone,H,0.65269,0.219019,0.128291,1.9063,0.7142
2324,2023-10-22,I1,Milan,Juventus,A,0.404333,0.286216,0.309451,1.2912,1.0957
2324,2023-10-22,I1,Roma,Monza,H,0.49483,0.264253,0.240917,1.5522,1.0071
2324,2023-10-22,I1,Salernitana,Cagliari,D,0.445799,0.266134,0.288068,1.4968,1.1556
2324,2023-10-23,I1,Fiorentina,Empoli,A,0.530833,0.256287,0.21288,1.632,0.9425
2324,2023-10-23,I1,Udinese,Lecce,D,0.470299,0.290361,0.23934,1.3382,0.8737
2324,2023-10-27,I1,Genoa,Salernitana,H,0.364675,0.279406,0.355919,1.2657,1.2473
2324,2023-10-28,I1,Juventus,Verona,H,0.632035,0.229363,0.138602,1.8241,0.7248
2324,2023-10-28,I1,Lecce,Torino,A,0.298084,0.323759,0.378157,0.8941,1.0452
2324,2023-10-28,I1,Sassuolo,Bologna,D,0.412389,0.244754,0.342857,1.6475,1.4861
2324,2023-10-29,I1,Cagliari,Frosinone,H,0.505232,0.281937,0.212831,1.4157,0.8211
2324,2023-10-29,I1,Inter,Roma,H,0.554361,0.240999,0.20464,1.7823,0.9944
2324,2023-10-29,I1,Monza,Udinese,D,0.430647,0.272216,0.297137,1.4291,1.1445
2324,2023-10-29,I1,Napoli,Milan,D,0.499495,0.261328,0.239177,1.5801,1.0172
2324,2023-10-30,I1,Empoli,Atalanta,A,0.231743,0.234905,0.533352,1.1591,1.8599
2324,2023-10-30,I1,Lazio,Fiorentina,H,0.505874,0.253226,0.2409,1.6585,1.0724
2324,2023-11-03,I1,Bologna,Lazio,H,0.277156,0.256282,0.466561,1.1855,1.6056
2324,2023-11-04,I1,Atalanta,Inter,A,0.321761,0.239384,0.438855,1.4721,1.7477
2324,2023-11-04,I1,Milan,Udinese,A,0.599379,0.22992,0.170701,1.8703,0.8933
2324,2023-11-04,I1,Salernitana,Napoli,A,0.117201,0.186899,0.6959,0.8162,2.254
2324,2023-11-05,I1,Cagliari,Genoa,H,0.405601,0.296466,0.297932,1.2285,1.0125
2324,2023-11-05,I1,Fiorentina,Juventus,A,0.296654,0.285874,0.417473,1.0638,1.3125
2324,2023-11-05,I1,Roma,Lecce,H,0.568682,0.263781,0.167537,1.5534,0.7194
2324,2023-11-05,I1,Verona,Monza,A,0.328904,0.280906,0.39019,1.1757,1.3039
2324,2023-11-06,I1,Frosinone,Empoli,H,0.232924,0.28603,0.481047,0.8719,1.375
2324,2023-11-06,I1,Torino,Sassuolo,H,0.436632,0.262597,0.300771,1.516,1.2184
2324,2023-11-10,I1,Genoa,Verona,H,0.325103,0.295714,0.379183,1.0821,1.1911
2324,2023-11-10,I1,Sassuolo,Salernitana,D,0.536604,0.222033,0.241363,2.0266,1.3092
2324,2023-11-11,I1,Juventus,Cagliari,H,0.690037,0.204401,0.105561,1.9942,0.6398
2324,2023-11-11,I1,Lecce,Milan,D,0.181056,0.266705,0.552238,0.7637,1.5356
2324,2023-11-11,I1,Monza,Torino,D,0.40489,0.292506,0.302605,1.2517,1.0444
2324,2023-11-12,I1,Fiorentina,Bologna,H,0.470991,0.261442,0.267567,1.5619,1.1183
2324,2023-11-12,I1,Inter,Frosinone,H,0.847368,0.111964,0.040668,2.8302,0.5055
2324,2023-11-12,I1,Lazio,Roma,D,0.459253,0.264625,0.276122,1.5237,1.1269
2324,2023-11-12,I1,Napoli,Empoli,A,0.728157,0.179266,0.092577,2.2369,0.6683
2324,2023-11-12,I1,Udinese,Atalanta,D,0.283819,0.24216,0.474021,1.3159,1.7562
2324,2023-11-25,I1,Atalanta,Napoli,A,0.289368,0.246103,0.464529,1.3039,1.7052
2324,2023-11-25,I1,Milan,Fiorentina,H,0.530802,0.251742,0.217456,1.676,0.9867
2324,2023-11-25,I1,Salernitana,Lazio,H,0.191094,0.22309,0.585816,1.0444,1.975
2324,2023-11-26,I1,Cagliari,Monza,D,0.269576,0.276172,0.454252,1.0379,1.4254
2324,2023-11-26,I1,Empoli,Sassuolo,A,0.370217,0.255094,0.374689,1.4633,1.4733
2324,2023-11-26,I1,Frosinone,Genoa,H,0.292596,0.310743,0.396662,0.934,1.1359
2324,2023-11-26,I1,Juventus,Inter,D,0.347905,0.279704,0.37239,1.2277,1.2792
2324,2023-11-26,I1,Roma,Udinese,H,0.517685,0.257576,0.224739,1.6194,0.9831
2324,2023-11-27,I1,Bologna,Torino,H,0.398461,0.286981,0.314558,1.277,1.1044
2324,2023-11-27,I1,Verona,Lecce,D,0.409433,0.306456,0.284111,1.1766,0.9314
2324,2023-12-01,I1,Monza,Juventus,A,0.25948,0.279849,0.460671,0.9866,1.4039
2324,2023-12-02,I1,Genoa,Empoli,D,0.322674,0.29598,0.381347,1.0751,1.1932
2324,2023-12-02,I1,Lazio,Cagliari,H,0.692927,0.193193,0.113879,2.1567,0.7536
2324,2023-12-02,I1,Milan,Frosinone,H,0.79446,0.146987,0.058553,2.4452,0.5271
2324,2023-12-03,I1,Fiorentina,Salernitana,H,0.588208,0.226967,0.184825,1.9214,0.9852
2324,2023-12-03,I1,Lecce,Bologna,D,0.310329,0.298172,0.391499,1.0347,1.1971
2324,2023-12-03,I1,Napoli,Inter,A,0.445621,0.263933,0.290446,1.5153,1.1774
2324,2023-12-03,I1,Sassuolo,Roma,A,0.306873,0.249187,0.443939,1.3382,1.6505
2324,2023-12-03,I1,Udinese,Verona,D,0.46774,0.269899,0.262362,1.487,1.0498
2324,2023-12-04,I1,Torino,Atalanta,H,0.292413,0.26139,0.446197,1.2008,1.5382
2324,2023-12-08,I1,Juventus,Napoli,H,0.315417,0.290436,0.394147,1.0874,1.248
2324,2023-12-09,I1,Atalanta,Milan,H,0.380615,0.249724,0.369661,1.535,1.51
2324,2023-12-09,I1,Inter,Udinese,H,0.669581,0.197913,0.132506,2.1648,0.8567
2324,2023-12-09,I1,Verona,Lazio,D,0.21825,0.250491,0.53126,0.9973,1.6885
2324,2023-12-10,I1,Frosinone,Torino,D,0.184501,0.281378,0.534121,0.721,1.4245
2324,2023-12-10,I1,Monza,Genoa,H,0.55596,0.256783,0.187257,1.6214,0.8328
2324,2023-12-10,I1,Roma,Fiorentina,D,0.449853,0.272284,0.277863,1.4511,1.0859
2324,2023-12-10,I1,Salernitana,Bologna,A,0.314619,0.256859,0.428523,1.3019,1.556
2324,2023-12-11,I1,Cagliari,Sassuolo,H,0.300097,0.252572,0.44733,1.2895,1.6212
2324,2023-12-11,I1,Empoli,Lecce,D,0.411499,0.306568,0.281933,1.1787,0.9253
2324,2023-12-15,I1,Genoa,Juventus,D,0.150352,0.24898,0.600668,0.7008,1.6617
2324,2023-12-16,I1,Lecce,Frosinone,H,0.521282,0.294486,0.184232,1.3346,0.6759
2324,2023-12-16,I1,Napoli,Cagliari,H,0.782784,0.150721,0.066495,2.4613,0.5889
2324,2023-12-16,I1,Torino,Empoli,H,0.461306,0.287809,0.250885,1.3482,0.9211
2324,2023-12-17,I1,Bologna,Roma,H,0.316291,0.271893,0.411816,1.2005,1.4049
2324,2023-12-17,I1,Fiorentina,Verona,H,0.533892,0.255143,0.210964,1.6426,0.9408
2324,2023-12-17,I1,Lazio,Inter,A,0.330091,0.259279,0.41063,1.3278,1.5066
2324,2023-12-17,I1,Milan,Monza,H,0.576277,0.238738,0.184985,1.7927,0.9151
2324,2023-12-17,I1,Udinese,Sassuolo,D,0.435277,0.246986,0.317737,1.6613,1.3912
2324,2023-12-18,I1,Atalanta,Salernitana,H,0.699249,0.171265,0.129485,2.5584,1.037
2324,2023-12-22,I1,Empoli,Lazio,A,0.220243,0.251599,0.528159,0.9991,1.6776
2324,2023-12-22,I1,Monza,Fiorentina,A,0.36522,0.277358,0.357422,1.2807,1.2642
2324,2023-12-22,I1,Salernitana,Milan,D,0.170829,0.218939,0.610232,0.9609,1.9959
2324,2023-12-22,I1,Sassuolo,Genoa,A,0.558941,0.23539,0.20567,1.8441,1.0347
2324,2023-12-23,I1,Bologna,Atalanta,H,0.293791,0.239453,0.466756,1.3753,1.7801
2324,2023-12-23,I1,Frosinone,Juventus,A,0.097689,0.209478,0.692833,0.5683,1.9149
2324,2023-12-23,I1,Inter,Lecce,H,0.709341,0.193929,0.09673,2.0766,0.6269
2324,2023-12-23,I1,Roma,Napoli,H,0.256733,0.270246,0.473022,1.029,1.4884
2324,2023-12-23,I1,Torino,Udinese,D,0.410593,0.290433,0.298974,1.273,1.0458
2324,2023-12-23,I1,Verona,Cagliari,H,0.467226,0.277183,0.255591,1.4293,0.9879
2324,2023-12-29,I1,Fiorentina,Torino,H,0.448257,0.285824,0.265919,1.3496,0.9764
2324,2023-12-29,I1,Genoa,Inter,D,0.113688,0.197536,0.688776,0.7283,2.1022
2324,2023-12-29,I1,Lazio,Frosinone,H,0.780252,0.153397,0.066351,2.4196,0.5729
2324,2023-12-29,I1,Napoli,Monza,D,0.66123,0.208678,0.130092,2.0245,0.7773
2324,2023-12-30,I1,Atalanta,Lecce,H,0.637905,0.216944,0.145151,1.9683,0.8242
2324,2023-12-30,I1,Cagliari,Empoli,D,0.336445,0.288696,0.374859,1.1468,1.2256
2324,2023-12-30,I1,Juventus,Roma,H,0.469246,0.280135,0.250618,1.4089,0.9569
2324,2023-12-30,I1,Milan,Sassuolo,H,0.638554,0.199833,0.161613,2.2272,1.0407
2324,2023-12-30,I1,Udinese,Bologna,H,0.403918,0.269081,0.327001,1.414,1.248
2324,2023-12-30,I1,Verona,Salernitana,A,0.450446,0.262939,0.286615,1.5293,1.1719
2324,2024-01-05,I1,Bologna,Genoa,D,0.551848,0.25348,0.194672,1.6543,0.8807
2324,2024-01-06,I1,Frosinone,Monza,A,0.179294,0.258935,0.561771,0.7891,1.5992
2324,2024-01-06,I1,Inter,Verona,H,0.720254,0.177789,0.101957,2.3076,0.7532
2324,2024-01-06,I1,Lecce,Cagliari,D,0.423469,0.307326,0.269206,1.1896,0.8891
2324,2024-01-06,I1,Sassuolo,Fiorentina,H,0.349945,0.250169,0.399886,1.4566,1.5706
2324,2024-01-07,I1,Empoli,Milan,A,0.19853,0.249306,0.552164,0.9193,1.6953
2324,2024-01-07,I1,Roma,Atalanta,D,0.391488,0.253019,0.355493,1.5275,1.4459
2324,2024-01-07,I1,Salernitana,Juventus,A,0.174446,0.234497,0.591057,0.8868,1.8262
2324,2024-01-07,I1,Torino,Napoli,H,0.186305,0.261135,0.55256,0.809,1.5833
2324,2024-01-07,I1,Udinese,Lazio,A,0.26795,0.259167,0.472884,1.1343,1.584
2324,2024-01-13,I1,Genoa,Torino,D,0.260928,0.301869,0.437203,0.8891,1.2362
2324,2024-01-13,I1,Monza,Inter,A,0.212696,0.24191,0.545393,1.0253,1.776
2324,2024-01-13,I1,Napoli,Salernitana,H,0.78344,0.143852,0.072708,2.6335,0.6986
2324,2024-01-13,I1,Verona,Empoli,H,0.400824,0.284227,0.314949,1.299,1.1211
2324,2024-01-14,I1,Cagliari,Bologna,H,0.280381,0.271635,0.447984,1.0976,1.4543
2324,2024-01-14,I1,Fiorentina,Udinese,D,0.47694,0.264333,0.258727,1.541,1.07
2324,2024-01-14,I1,Lazio,Lecce,H,0.624801,0.234786,0.140414,1.7753,0.7104
2324,2024-01-14,I1,Milan,Roma,H,0.484506,0.265039,0.250455,1.5398,1.0369
2324,2024-01-15,I1,Atalanta,Frosinone,H,0.797327,0.137085,0.065588,2.6826,0.6646
2324,2024-01-16,I1,Juventus,Sassuolo,H,0.619183,0.214794,0.166023,2.0378,0.9604
2324,2024-01-20,I1,Roma,Verona,H,0.573401,0.245106,0.181493,1.7261,0.8643
2324,2024-01-20,I1,Udinese,Milan,A,0.242612,0.259003,0.498385,1.0436,1.6008
2324,2024-01-21,I1,Empoli,Monza,H,0.33113,0.281434,0.387435,1.1778,1.2954
2324,2024-01-21,I1,Frosinone,Cagliari,H,0.285772,0.301099,0.413129,0.9593,1.2117
2324,2024-01-21,I1,Lecce,Juventus,A,0.182705,0.284118,0.533177,0.7048,1.405
2324,2024-01-21,I1,Salernitana,Genoa,A,0.452067,0.271799,0.276134,1.4573,1.0833
2324,2024-01-26,I1,Cagliari,Torino,A,0.272063,0.295434,0.432503,0.9484,1.2697
2324,2024-01-27,I1,Atalanta,Udinese,H,0.583201,0.217794,0.199004,2.0519,1.1263
2324,2024-01-27,I1,Juventus,Empoli,D,0.629053,0.230853,0.140094,1.8123,0.7261
2324,2024-01-27,I1,Milan,Bologna,D,0.595081,0.228317,0.176602,1.8957,0.9336
2324,2024-01-28,I1,Fiorentina,Inter,A,0.248698,0.252761,0.498541,1.1056,1.6604
2324,2024-01-28,I1,Genoa,Lecce,H,0.33409,0.322579,0.34333,0.9738,0.9913
2324,2024-01-28,I1,Lazio,Napoli,D,0.298085,0.267698,0.434217,1.176,1.4699
2324,2024-01-28,I1,Monza,Sassuolo,H,0.457311,0.245722,0.296967,1.7019,1.3335
2324,2024-01-28,I1,Verona,Frosinone,D,0.5729,0.257767,0.169333,1.6036,0.7511
2324,2024-01-29,I1,Salernitana,Roma,A,0.227009,0.246666,0.526325,1.0575,1.7281
2324,2024-02-02,I1,Lecce,Fiorentina,H,0.263271,0.297399,0.43933,0.9148,1.2652
2324,2024-02-03,I1,Bologna,Sassuolo,H,0.449117,0.241642,0.309241,1.7363,1.4101
2324,2024-02-03,I1,Empoli,Genoa,D,0.474232,0.282682,0.243086,1.3941,0.9202
2324,2024-02-03,I1,Frosinone,Milan,A,0.093528,0.19131,0.715162,0.6159,2.0928
2324,2024-02-03,I1,Udinese,Monza,D,0.388938,0.275848,0.335215,1.3372,1.2232
2324,2024-02-04,I1,Atalanta,Lazio,H,0.415717,0.243313,0.34097,1.6684,1.4941
2324,2024-02-04,I1,Inter,Juventus,H,0.469455,0.269156,0.261389,1.4945,1.0508
2324,2024-02-04,I1,Napoli,Verona,H,0.730978,0.177662,0.091361,2.2514,0.6671
2324,2024-02-04,I1,Torino,Salernitana,D,0.514566,0.261018,0.224416,1.5873,0.9629
2324,2024-02-05,I1,Roma,Cagliari,H,0.635976,0.223505,0.140519,1.8871,0.7631
2324,2024-02-09,I1,Salernitana,Empoli,A,0.376587,0.269506,0.353907,1.3603,1.3113
2324,2024-02-10,I1,Cagliari,Lazio,A,0.170702,0.232195,0.597103,0.8804,1.8459
2324,2024-02-10,I1,Roma,Inter,A,0.284706,0.26354,0.451754,1.1618,1.5255
2324,2024-02-10,I1,Sassuolo,Torino,D,0.395869,0.266117,0.338014,1.4236,1.2975
2324,2024-02-11,I1,Bologna,Lecce,H,0.48411,0.282937,0.232953,1.3987,0.8856
2324,2024-02-11,I1,Fiorentina,Frosinone,H,0.696246,0.201443,0.102311,2.0146,0.6314
2324,2024-02-11,I1,Genoa,Atalanta,A,0.170504,0.219177,0.610319,0.9575,1.9925
2324,2024-02-11,I1,Milan,Napoli,H,0.323009,0.276497,0.400494,1.1885,1.3524
2324,2024-02-11,I1,Monza,Verona,D,0.487616,0.267178,0.245207,1.5234,1.0063
2324,2024-02-12,I1,Juventus,Udinese,A,0.580078,0.246027,0.173895,1.7113,0.8243
2324,2024-02-14,I1,Bologna,Fiorentina,H,0.357345,0.271239,0.371416,1.3066,1.3369
2324,2024-02-16,I1,Inter,Salernitana,H,0.773711,0.144851,0.081438,2.6992,0.7887
2324,2024-02-16,I1,Torino,Lecce,H,0.464091,0.308854,0.227055,1.2212,0.7652
2324,2024-02-17,I1,Atalanta,Sassuolo,H,0.619892,0.190758,0.18935,2.4435,1.3122
2324,2024-02-17,I1,Napoli,Genoa,D,0.781557,0.153923,0.06452,2.3963,0.5521
2324,2024-02-17,I1,Verona,Juventus,D,0.198799,0.264048,0.537153,0.8468,1.5613
2324,2024-02-18,I1,Empoli,Fiorentina,D,0.291449,0.27666,0.431891,1.1011,1.3968
2324,2024-02-18,I1,Frosinone,Roma,A,0.129503,0.22877,0.641727,0.6778,1.812
2324,2024-02-18,I1,Lazio,Bologna,A,0.570949,0.232016,0.197034,1.8759,1.0147
2324,2024-02-18,I1,Monza,Milan,H,0.259581,0.264972,0.475447,1.0691,1.5344
2324,2024-02-18,I1,Udinese,Cagliari,D,0.533167,0.256937,0.209896,1.6257,0.9268
2324,2024-02-22,I1,Torino,Lazio,A,0.275384,0.279966,0.44465,1.0351,1.3873
2324,2024-02-23,I1,Bologna,Verona,H,0.481727,0.263187,0.255086,1.5542,1.0641
2324,2024-02-24,I1,Genoa,Udinese,H,0.275672,0.283896,0.440432,1.0151,1.3547
2324,2024-02-24,I1,Salernitana,Monza,A,0.30237,0.261471,0.436159,1.2312,1.5252
2324,2024-02-24,I1,Sassuolo,Empoli,A,0.479757,0.245781,0.274462,1.7214,1.2524
2324,2024-02-25,I1,Cagliari,Napoli,D,0.105787,0.194591,0.699622,0.6881,2.1067
2324,2024-02-25,I1,Juventus,Frosinone,H,0.772544,0.164705,0.062751,2.2373,0.4864
2324,2024-02-25,I1,Lecce,Inter,A,0.14514,0.235375,0.619485,0.7324,1.7774
2324,2024-02-25,I1,Milan,Atalanta,D,0.476334,0.241614,0.282053,1.7642,1.3138
2324,2024-02-26,I1,Fiorentina,Lazio,H,0.327261,0.268463,0.404276,1.2529,1.4195
2324,2024-02-26,I1,Roma,Torino,H,0.486584,0.280437,0.232979,1.4183,0.8971
2324,2024-02-28,I1,Inter,Atalanta,H,0.550802,0.220515,0.228683,2.042,1.26
2324,2024-02-28,I1,Sassuolo,Napoli,A,0.16806,0.206293,0.625648,1.0329,2.1528
2324,2024-03-01,I1,Lazio,Milan,A,0.384907,0.268484,0.346609,1.3845,1.3016
2324,2024-03-02,I1,Monza,Roma,A,0.324402,0.278946,0.396652,1.1766,1.3285
2324,2024-03-02,I1,Torino,Fiorentina,D,0.349172,0.294555,0.356273,1.1408,1.1552
2324,2024-03-02,I1,Udinese,Salernitana,D,0.519107,0.245581,0.235312,1.7394,1.0994
2324,2024-03-03,I1,Atalanta,Bologna,A,0.577478,0.216341,0.206181,2.0798,1.1772
2324,2024-03-03,I1,Empoli,Cagliari,A,0.469468,0.277075,0.253458,1.4319,0.9815
2324,2024-03-03,I1,Frosinone,Lecce,D,0.247652,0.31854,0.433808,0.7897,1.1423
2324,2024-03-03,I1,Napoli,Juventus,H,0.488932,0.275329,0.235739,1.4581,0.9307
2324,2024-03-03,I1,Verona,Sassuolo,H,0.367688,0.254729,0.377583,1.4606,1.4829
2324,2024-03-04,I1,Inter,Genoa,H,0.774227,0.154007,0.071766,2.4561,0.6234
2324,2024-03-08,I1,Napoli,Torino,D,0.646206,0.224765,0.129029,1.8498,0.6924
2324,2024-03-09,I1,Bologna,Inter,A,0.203773,0.232284,0.563943,1.0461,1.8781
2324,2024-03-09,I1,Cagliari,Salernitana,H,0.380165,0.271819,0.348015,1.3501,1.2811
2324,2024-03-09,I1,Genoa,Monza,A,0.258496,0.281931,0.459572,0.973,1.3878
2324,2024-03-09,I1,Sassuolo,Frosinone,H,0.666079,0.201083,0.132838,2.125,0.8391
2324,2024-03-10,I1,Fiorentina,Roma,D,0.366574,0.279537,0.353889,1.2687,1.242
2324,2024-03-10,I1,Juventus,Atalanta,D,0.462625,0.254998,0.282377,1.6142,1.2124
2324,2024-03-10,I1,Lecce,Verona,A,0.365636,0.310387,0.323978,1.0882,1.0071
2324,2024-03-10,I1,Milan,Empoli,H,0.649862,0.213948,0.13619,1.9807,0.7868
2324,2024-03-11,I1,Lazio,Udinese,A,0.575864,0.233748,0.190388,1.8507,0.9708
2324,2024-03-15,I1,Empoli,Bologna,A,0.344198,0.275719,0.380083,1.2455,1.3217
2324,2024-03-16,I1,Frosinone,Lazio,A,0.105104,0.197392,0.697504,0.6694,2.0709
2324,2024-03-16,I1,Monza,Cagliari,H,0.552648,0.252296,0.195055,1.6654,0.8884
2324,2024-03-16,I1,Salernitana,Lecce,A,0.389233,0.291701,0.319067,1.2322,1.0894
2324,2024-03-16,I1,Udinese,Torino,A,0.386276,0.292584,0.32114,1.2218,1.0896
2324,2024-03-17,I1,Inter,Napoli,D,0.383556,0.269299,0.347144,1.3757,1.297
2324,2024-03-17,I1,Juventus,Genoa,D,0.689893,0.208222,0.101885,1.9415,0.5998
2324,2024-03-17,I1,Roma,Sassuolo,H,0.551943,0.228874,0.219184,1.9284,1.1454
2324,2024-03-17,I1,Verona,Milan,A,0.196666,0.24809,0.555244,0.9176,1.7064
2324,2024-03-30,I1,Fiorentina,Milan,A,0.298357,0.271455,0.430189,1.1528,1.4345
2324,2024-03-30,I1,Genoa,Frosinone,D,0.486154,0.293628,0.220218,1.3272,0.7994
2324,2024-03-30,I1,Lazio,Juventus,H,0.379774,0.28202,0.338206,1.2777,1.1909
2324,2024-03-30,I1,Napoli,Atalanta,A,0.572783,0.222865,0.204352,1.9923,1.116
2324,2024-03-30,I1,Torino,Monza,H,0.389877,0.293836,0.316287,1.2202,1.0713
2324,2024-04-01,I1,Bologna,Salernitana,H,0.53408,0.238452,0.227468,1.818,1.1143
2324,2024-04-01,I1,Cagliari,Verona,D,0.338972,0.288391,0.372637,1.1542,1.2234
2324,2024-04-01,I1,Inter,Empoli,H,0.717339,0.179353,0.103308,2.2927,0.7546
2324,2024-04-01,I1,Lecce,Roma,D,0.231408,0.292319,0.476273,0.8405,1.3296
2324,2024-04-01,I1,Sassuolo,Udinese,D,0.420236,0.248266,0.331497,1.6254,1.4219
2324,2024-04-05,I1,Salernitana,Sassuolo,D,0.337407,0.238517,0.424077,1.5296,1.7346
2324,2024-04-06,I1,Empoli,Torino,H,0.330895,0.299313,0.369792,1.0762,1.1539
2324,2024-04-06,I1,Milan,Lecce,H,0.644163,0.229906,0.125931,1.7941,0.6536
2324,2024-04-06,I1,Roma,Lazio,H,0.366604,0.272638,0.360758,1.3167,1.3042
2324,2024-04-07,I1,Cagliari,Atalanta,H,0.177679,0.215795,0.606526,1.0214,2.0466
2324,2024-04-07,I1,Frosinone,Bologna,D,0.18634,0.255596,0.558064,0.8344,1.6316
2324,2024-04-07,I1,Juventus,Fiorentina,H,0.513797,0.267167,0.219036,1.5335,0.9105
2324,2024-04-07,I1,Monza,Napoli,A,0.19098,0.245094,0.563926,0.9082,1.7328
2324,2024-04-07,I1,Verona,Genoa,A,0.472059,0.282816,0.245126,1.3916,0.9262
2324,2024-04-08,I1,Udinese,Inter,A,0.196876,0.23405,0.569074,1.0009,1.8529
2324,2024-04-12,I1,Lazio,Salernitana,H,0.687488,0.18597,0.126542,2.3075,0.8939
2324,2024-04-13,I1,Bologna,Monza,D,0.401362,0.270644,0.327994,1.3976,1.2399
2324,2024-04-13,I1,Lecce,Empoli,H,0.363118,0.31091,0.325972,1.0811,1.0089
2324,2024-04-13,I1,Torino,Juventus,D,0.249963,0.296788,0.45325,0.8789,1.2828
2324,2024-04-14,I1,Inter,Cagliari,D,0.774835,0.151069,0.074096,2.5227,0.6649
2324,2024-04-14,I1,Napoli,Frosinone,D,0.85119,0.112063,0.036747,2.7613,0.4478
2324,2024-04-14,I1,Sassuolo,Milan,D,0.237969,0.231176,0.530855,1.216,1.9063
2324,2024-04-15,I1,Atalanta,Verona,D,0.642404,0.201591,0.156005,2.1872,0.9902
2324,2024-04-15,I1,Fiorentina,Genoa,D,0.600668,0.240464,0.158868,1.7483,0.7786
2324,2024-04-19,I1,Cagliari,Juventus,D,0.156349,0.244621,0.59903,0.7476,1.7068
2324,2024-04-19,I1,Genoa,Lazio,A,0.163981,0.236101,0.599918,0.8254,1.7971
2324,2024-04-20,I1,Empoli,Napoli,H,0.141526,0.221109,0.637365,0.7808,1.9145
2324,2024-04-20,I1,Verona,Udinese,H,0.348874,0.280222,0.370904,1.2266,1.2728
2324,2024-04-21,I1,Monza,Atalanta,A,0.303587,0.246671,0.449742,1.348,1.6834
2324,2024-04-21,I1,Salernitana,Fiorentina,A,0.262318,0.25361,0.484071,1.151,1.6445
2324,2024-04-21,I1,Sassuolo,Lecce,A,0.488604,0.263092,0.248304,1.5592,1.0405
2324,2024-04-21,I1,Torino,Frosinone,D,0.624104,0.245618,0.130278,1.6643,0.6171
2324,2024-04-22,I1,Milan,Inter,A,0.356707,0.266258,0.377035,1.3418,1.3861
2324,2024-04-22,I1,Roma,Bologna,A,0.512389,0.255156,0.232455,1.6414,1.0275
2324,2024-04-25,I1,Udinese,Roma,A,0.306057,0.275656,0.418287,1.1486,1.386
2324,2024-04-26,I1,Frosinone,Salernitana,H,0.264521,0.275344,0.460135,1.0265,1.4373
2324,2024-04-27,I1,Juventus,Milan,D,0.399179,0.28667,0.314151,1.2802,1.1051
2324,2024-04-27,I1,Lazio,Verona,H,0.631523,0.217646,0.150831,1.9728,0.8536
2324,2024-04-27,I1,Lecce,Monza,D,0.298587,0.303969,0.397444,0.9785,1.1734
2324,2024-04-28,I1,Atalanta,Empoli,H,0.6392,0.202974,0.157826,2.1731,0.992
2324,2024-04-28,I1,Bologna,Udinese,D,0.423564,0.267379,0.309058,1.4581,1.2103
2324,2024-04-28,I1,Fiorentina,Sassuolo,H,0.507712,0.236891,0.255397,1.835,1.2467
2324,2024-04-28,I1,Inter,Torino,H,0.633139,0.223257,0.143604,1.896,0.7817
2324,2024-04-28,I1,Napoli,Roma,D,0.57228,0.243969,0.183751,1.7389,0.8808
2324,2024-04-29,I1,Genoa,Cagliari,H,0.383636,0.298419,0.317945,1.183,1.0515
2324,2024-05-03,I1,Torino,Bologna,D,0.404707,0.286431,0.308862,1.2903,1.093
2324,2024-05-04,I1,Monza,Lazio,D,0.285999,0.264139,0.449862,1.162,1.5183
2324,2024-05-04,I1,Sassuolo,Inter,H,0.188501,0.205496,0.606003,1.1661,2.2065
2324,2024-05-05,I1,Cagliari,Lecce,D,0.348276,0.31408,0.337644,1.0387,1.0182
2324,2024-05-05,I1,Empoli,Frosinone,D,0.57492,0.2573,0.16778,1.6065,0.7462
2324,2024-05-05,I1,Milan,Genoa,D,0.711988,0.190398,0.097614,2.1219,0.65
2324,2024-05-05,I1,Roma,Juventus,D,0.332317,0.292129,0.375553,1.118,1.2059
2324,2024-05-05,I1,Verona,Fiorentina,H,0.289293,0.275926,0.434781,1.0991,1.4059
2324,2024-05-06,I1,Salernitana,Atalanta,A,0.199598,0.207935,0.592467,1.2116,2.1898
2324,2024-05-06,I1,Udinese,Napoli,D,0.1766,0.2365,0.5869,0.8865,1.8078
2324,2024-05-10,I1,Frosinone,Inter,A,0.068795,0.154588,0.776617,0.5906,2.4224
2324,2024-05-11,I1,Milan,Cagliari,H,0.711853,0.187028,0.101119,2.1795,0.6933
2324,2024-05-11,I1,Napoli,Bologna,A,0.680314,0.197077,0.122609,2.1408,0.793
2324,2024-05-12,I1,Atalanta,Roma,H,0.459976,0.247185,0.292839,1.6894,1.3074
2324,2024-05-12,I1,Genoa,Sassuolo,H,0.287527,0.257952,0.454522,1.2088,1.5784
2324,2024-05-12,I1,Juventus,Salernitana,D,0.68725,0.195935,0.116815,2.1337,0.759
2324,2024-05-12,I1,Lazio,Empoli,H,0.628431,0.219068,0.152501,1.96,0.8551
2324,2024-05-12,I1,Verona,Torino,A,0.328808,0.298802,0.37239,1.0742,1.1614
2324,2024-05-13,I1,Fiorentina,Monza,H,0.454274,0.269621,0.276105,1.477,1.0962
2324,2024-05-13,I1,Lecce,Udinese,A,0.316492,0.303949,0.379559,1.0208,1.1454
2324,2024-05-17,I1,Fiorentina,Napoli,D,0.223693,0.257523,0.518784,0.9792,1.62
2324,2024-05-18,I1,Lecce,Atalanta,A,0.210482,0.250763,0.538754,0.9629,1.6847
2324,2024-05-18,I1,Torino,Milan,H,0.25053,0.280995,0.468475,0.9523,1.402
2324,2024-05-19,I1,Inter,Lazio,D,0.515382,0.243618,0.241001,1.7602,1.1365
2324,2024-05-19,I1,Monza,Frosinone,A,0.654711,0.221639,0.12365,1.8684,0.6754
2324,2024-05-19,I1,Roma,Genoa,H,0.637412,0.227362,0.135226,1.8372,0.7153
2324,2024-05-19,I1,Sassuolo,Cagliari,A,0.553967,0.231499,0.214534,1.8941,1.1037
2324,2024-05-19,I1,Udinese,Empoli,D,0.46477,0.270775,0.264455,1.4774,1.0517
2324,2024-05-20,I1,Bologna,Juventus,D,0.251496,0.271098,0.477406,1.0066,1.4846
2324,2024-05-20,I1,Salernitana,Verona,A,0.379386,0.269077,0.351537,1.3692,1.309
2324,2024-05-23,I1,Cagliari,Fiorentina,A,0.23387,0.266263,0.499867,0.9704,1.537
2324,2024-05-24,I1,Genoa,Bologna,H,0.268813,0.27738,0.453807,1.0289,1.4159
2324,2024-05-25,I1,Juventus,Monza,H,0.557632,0.254696,0.187672,1.6403,0.8445
2324,2024-05-25,I1,Milan,Salernitana,D,0.708354,0.179695,0.111951,2.332,0.8224
2324,2024-05-26,I1,Atalanta,Torino,H,0.549749,0.239868,0.210383,1.7971,1.0278
2324,2024-05-26,I1,Empoli,Roma,H,0.255544,0.272676,0.471779,1.0117,1.4679
2324,2024-05-26,I1,Frosinone,Udinese,A,0.19286,0.263965,0.543175,0.8232,1.561
2324,2024-05-26,I1,Lazio,Sassuolo,D,0.613367,0.204777,0.181856,2.2039,1.1312
2324,2024-05-26,I1,Napoli,Lecce,D,0.71817,0.194745,0.087086,2.0261,0.5552
2324,2024-05-26,I1,Verona,Inter,D,0.156113,0.21839,0.625497,0.88,1.9751
2324,2024-06-02,I1,Atalanta,Fiorentina,A,0.509149,0.236608,0.254243,1.8388,1.2441
2425,2024-08-17,I1,Empoli,Monza,D,0.329295,0.3161,0.354605,1.0235,1.0728
2425,2024-08-17,I1,Genoa,Inter,D,0.133725,0.228268,0.638007,0.7338,1.8714
2425,2024-08-17,I1,Milan,Torino,D,0.548425,0.260101,0.191474,1.6373,0.8682
2425,2024-08-17,I1,Parma,Fiorentina,D,0.21016,0.223386,0.566454,1.1839,2.0445
2425,2024-08-18,I1,Bologna,Udinese,D,0.518146,0.272229,0.209625,1.5341,0.884
2425,2024-08-18,I1,Cagliari,Roma,D,0.207272,0.237822,0.554906,1.0658,1.8685
2425,2024-08-18,I1,Lazio,Venezia,H,0.719333,0.187911,0.092756,2.1802,0.6563
2425,2024-08-18,I1,Verona,Napoli,H,0.214812,0.263611,0.521577,0.9471,1.6093
2425,2024-08-19,I1,Juventus,Como,H,0.608788,0.244462,0.14675,1.7397,0.7315
2425,2024-08-19,I1,Lecce,Atalanta,A,0.171637,0.244882,0.583481,0.8528,1.7662
2425,2024-08-24,I1,Inter,Lecce,H,0.792585,0.153604,0.053811,2.358,0.4746
2425,2024-08-24,I1,Monza,Genoa,A,0.383274,0.30566,0.311066,1.1771,1.0332
2425,2024-08-24,I1,Parma,Milan,H,0.1494,0.181861,0.668739,1.146,2.5257
2425,2024-08-24,I1,Udinese,Lazio,H,0.258074,0.28595,0.455976,0.9862,1.3959
2425,2024-08-25,I1,Fiorentina,Venezia,D,0.69763,0.192284,0.110086,2.2063,0.7649
2425,2024-08-25,I1,Napoli,Bologna,H,0.485069,0.270028,0.244903,1.5419,1.0263
2425,2024-08-25,I1,Roma,Empoli,A,0.615549,0.239043,0.145409,1.7881,0.7484
2425,2024-08-25,I1,Torino,Atalanta,H,0.276262,0.283601,0.440136,1.0544,1.3971
2425,2024-08-26,I1,Cagliari,Como,D,0.346388,0.271113,0.3825,1.3247,1.4034
2425,2024-08-26,I1,Verona,Juventus,A,0.202147,0.28882,0.509033,0.7854,1.4049
2425,2024-08-30,I1,Inter,Atalanta,H,0.613241,0.213695,0.173063,2.1197,1.0491
2425,2024-08-30,I1,Venezia,Torino,A,0.219337,0.302498,0.478165,0.7913,1.3011
2425,2024-08-31,I1,Bologna,Empoli,D,0.568545,0.26732,0.164134,1.5625,0.7197
2425,2024-08-31,I1,Lazio,Milan,D,0.388838,0.266177,0.344985,1.4548,1.3579
2425,2024-08-31,I1,Lecce,Cagliari,H,0.388149,0.302975,0.308876,1.2002,1.0413
2425,2024-08-31,I1,Napoli,Parma,H,0.754062,0.153575,0.092362,2.6949,0.8734
2425,2024-09-01,I1,Fiorentina,Monza,D,0.533108,0.257748,0.209144,1.6636,0.9551
2425,2024-09-01,I1,Genoa,Verona,A,0.430364,0.301051,0.268584,1.2692,0.9453
2425,2024-09-01,I1,Juventus,Roma,D,0.459973,0.28591,0.254116,1.3997,0.9739
2425,2024-09-01,I1,Udinese,Como,H,0.416239,0.285097,0.298663,1.3565,1.1106
2425,2024-09-14,I1,Como,Bologna,D,0.28885,0.283527,0.427623,1.0919,1.3829
2425,2024-09-14,I1,Empoli,Juventus,D,0.174786,0.290573,0.534641,0.6796,1.3944
2425,2024-09-14,I1,Milan,Venezia,H,0.786108,0.141845,0.072047,2.7257,0.7404
2425,2024-09-15,I1,Atalanta,Fiorentina,H,0.516391,0.235606,0.248003,1.9037,1.2684
2425,2024-09-15,I1,Cagliari,Napoli,A,0.17508,0.225121,0.599799,0.9831,1.9818
2425,2024-09-15,I1,Genoa,Roma,D,0.280034,0.283729,0.436237,1.065,1.3918
2425,2024-09-15,I1,Monza,Inter,D,0.125851,0.216774,0.657374,0.742,1.9721
2425,2024-09-15,I1,Torino,Lecce,D,0.482595,0.325713,0.191692,1.173,0.6321
2425,2024-09-16,I1,Lazio,Verona,H,0.586377,0.250892,0.162731,1.7007,0.7814
2425,2024-09-16,I1,Parma,Udinese,A,0.315096,0.262327,0.422577,1.3056,1.545
2425,2024-09-20,I1,Cagliari,Empoli,A,0.392562,0.294142,0.313296,1.2607,1.0983
2425,2024-09-20,I1,Verona,Torino,A,0.316474,0.328641,0.354886,0.9422,1.0149
2425,2024-09-21,I1,Juventus,Napoli,D,0.41591,0.294756,0.289334,1.2911,1.0329
2425,2024-09-21,I1,Lecce,Parma,D,0.423912,0.284008,0.29208,1.3746,1.0984
2425,2024-09-21,I1,Venezia,Genoa,H,0.250477,0.289992,0.459531,0.9426,1.3704
2425,2024-09-22,I1,Fiorentina,Lazio,H,0.368772,0.280896,0.350332,1.305,1.2658
2425,2024-09-22,I1,Inter,Milan,A,0.606568,0.217773,0.175658,2.0721,1.0354
2425,2024-09-22,I1,Monza,Bologna,A,0.291813,0.295549,0.412638,1.0355,1.2816
2425,2024-09-22,I1,Roma,Udinese,H,0.564271,0.247391,0.188338,1.7556,0.9192
2425,2024-09-24,I1,Atalanta,Como,A,0.650525,0.200003,0.149473,2.2468,0.9972
2425,2024-09-27,I1,Milan,Lecce,H,0.687133,0.203319,0.109548,2.0697,0.7022
2425,2024-09-28,I1,Bologna,Atalanta,D,0.348161,0.264648,0.387191,1.3775,1.4641
2425,2024-09-28,I1,Genoa,Juventus,A,0.227953,0.303521,0.468526,0.8146,1.2886
2425,2024-09-28,I1,Udinese,Inter,A,0.126393,0.215431,0.658177,0.752,1.9882
2425,2024-09-29,I1,Como,Verona,H,0.423435,0.286966,0.289599,1.3531,1.0749
2425,2024-09-29,I1,Empoli,Fiorentina,D,0.23753,0.282557,0.479913,0.9357,1.4388
2425,2024-09-29,I1,Napoli,Monza,H,0.606174,0.235174,0.158652,1.8469,0.8366
2425,2024-09-29,I1,Roma,Venezia,H,0.725229,0.179168,0.095602,2.3095,0.7263
2425,2024-09-29,I1,Torino,Lazio,A,0.290033,0.321295,0.388672,0.9137,1.103
2425,2024-09-30,I1,Parma,Cagliari,A,0.406194,0.248193,0.345613,1.6498,1.5088
2425,2024-10-04,I1,Napoli,Como,H,0.626687,0.22071,0.152603,1.9929,0.8821
2425,2024-10-04,I1,Verona,Venezia,H,0.53177,0.268157,0.200073,1.5686,0.8655
2425,2024-10-05,I1,Atalanta,Genoa,H,0.610068,0.224319,0.165613,1.976,0.9354
2425,2024-10-05,I1,Inter,Torino,H,0.675635,0.220936,0.103429,1.8653,0.5868
2425,2024-10-05,I1,Udinese,Lecce,H,0.465725,0.306919,0.227356,1.2661,0.8
2425,2024-10-06,I1,Bologna,Parma,D,0.665582,0.198727,0.135691,2.2203,0.9106
2425,2024-10-06,I1,Fiorentina,Milan,H,0.349235,0.253421,0.397344,1.4722,1.5825
2425,2024-10-06,I1,Juventus,Cagliari,D,0.688005,0.204139,0.107856,2.054,0.6866
2425,2024-10-06,I1,Lazio,Empoli,H,0.611387,0.249137,0.139476,1.688,0.6762
2425,2024-10-06,I1,Monza,Roma,D,0.27027,0.276261,0.453469,1.0768,1.4666
2425,2024-10-19,I1,Como,Parma,D,0.538108,0.235081,0.226811,1.9084,1.1769
2425,2024-10-19,I1,Genoa,Bologna,D,0.300879,0.302484,0.396637,1.0242,1.2162
2425,2024-10-19,I1,Juventus,Lazio,H,0.435372,0.302671,0.261956,1.2647,0.9194
2425,2024-10-19,I1,Milan,Udinese,H,0.629881,0.214577,0.155541,2.072,0.9371
2425,2024-10-20,I1,Cagliari,Torino,H,0.281384,0.301587,0.417028,0.978,1.2498
2425,2024-10-20,I1,Empoli,Napoli,A,0.184712,0.264362,0.550926,0.8196,1.5973
2425,2024-10-20,I1,Lecce,Fiorentina,A,0.221829,0.287112,0.491059,0.8613,1.411
2425,2024-10-20,I1,Roma,Inter,A,0.223192,0.25291,0.523898,1.0416,1.712
2425,2024-10-20,I1,Venezia,Atalanta,A,0.124169,0.187968,0.687862,0.8992,2.326
2425,2024-10-21,I1,Verona,Monza,A,0.374323,0.302014,0.323662,1.1827,1.0808
2425,2024-10-25,I1,Torino,Como,H,0.44336,0.305324,0.251316,1.2568,0.8776
2425,2024-10-25,I1,Udinese,Cagliari,H,0.496426,0.26384,0.239734,1.6017,1.0425
2425,2024-10-26,I1,Atalanta,Verona,H,0.654854,0.204865,0.14028,2.1542,0.9018
2425,2024-10-26,I1,Napoli,Lecce,H,0.661452,0.224596,0.113951,1.86,0.6354
2425,2024-10-27,I1,Fiorentina,Roma,H,0.389643,0.267675,0.342681,1.4442,1.3409
2425,2024-10-27,I1,Inter,Juventus,D,0.541959,0.269566,0.188474,1.5548,0.8123
2425,2024-10-27,I1,Lazio,Genoa,H,0.543768,0.268899,0.187333,1.56,0.8105
2425,2024-10-27,I1,Monza,Venezia,D,0.558468,0.258786,0.182746,1.6451,0.8366
2425,2024-10-27,I1,Parma,Empoli,D,0.377043,0.279675,0.343281,1.3298,1.2579
2425,2024-10-29,I1,Cagliari,Bologna,A,0.230687,0.260879,0.508434,1.0249,1.6327
2425,2024-10-29,I1,Lecce,Verona,H,0.329021,0.32693,0.344049,0.9746,1.0032
2425,2024-10-29,I1,Milan,Napoli,A,0.432326,0.252986,0.314688,1.6457,1.3766
2425,2024-10-30,I1,Atalanta,Monza,H,0.629894,0.213877,0.156229,2.0822,0.9458
2425,2024-10-30,I1,Empoli,Inter,A,0.096016,0.202609,0.701376,0.6123,2.025
2425,2024-10-30,I1,Juventus,Parma,D,0.733028,0.174706,0.092267,2.3525,0.7243
2425,2024-10-30,I1,Venezia,Udinese,H,0.260778,0.284616,0.454606,1.0015,1.4043
2425,2024-10-31,I1,Como,Lazio,A,0.252473,0.274859,0.472668,1.026,1.494
2425,2024-10-31,I1,Genoa,Fiorentina,A,0.306617,0.286932,0.406452,1.1216,1.3296
2425,2024-10-31,I1,Roma,Torino,H,0.486952,0.290189,0.22286,1.3872,0.8517
2425,2024-11-02,I1,Bologna,Lecce,H,0.576453,0.270274,0.153273,1.5324,0.6624
2425,2024-11-02,I1,Monza,Milan,A,0.233835,0.251006,0.515159,1.0977,1.731
2425,2024-11-02,I1,Udinese,Juventus,A,0.22102,0.292762,0.486218,0.8348,1.3691
2425,2024-11-03,I1,Inter,Venezia,H,0.874734,0.094056,0.03121,3.1054,0.5005
2425,2024-11-03,I1,Napoli,Atalanta,A,0.43283,0.250401,0.316769,1.672,1.4044
2425,2024-11-03,I1,Torino,Fiorentina,A,0.33256,0.30895,0.35849,1.0649,1.1162
2425,2024-11-03,I1,Verona,Roma,H,0.248929,0.272494,0.478578,1.0268,1.5173
2425,2024-11-04,I1,Empoli,Como,H,0.340968,0.304679,0.354354,1.1044,1.1312
2425,2024-11-04,I1,Lazio,Cagliari,H,0.664928,0.206726,0.128346,2.0943,0.8111
2425,2024-11-04,I1,Parma,Genoa,A,0.302424,0.267854,0.429722,1.2289,1.5077
2425,2024-11-07,I1,Genoa,Como,D,0.422143,0.291024,0.286833,1.3237,1.0454
2425,2024-11-08,I1,Lecce,Empoli,D,0.356585,0.340625,0.302789,0.9674,0.8681
2425,2024-11-09,I1,Cagliari,Milan,D,0.171034,0.207011,0.621955,1.0865,2.2053
2425,2024-11-09,I1,Juventus,Torino,H,0.510984,0.307392,0.181623,1.2844,0.6514
2425,2024-11-09,I1,Venezia,Parma,A,0.369642,0.261978,0.36838,1.4494,1.4466
2425,2024-11-10,I1,Atalanta,Udinese,H,0.630342,0.21265,0.157008,2.0993,0.9586
2425,2024-11-10,I1,Fiorentina,Verona,H,0.558157,0.251071,0.190772,1.7211,0.9107
2425,2024-11-10,I1,Inter,Napoli,D,0.58903,0.234757,0.176213,1.875,0.9305
2425,2024-11-10,I1,Monza,Lazio,A,0.256407,0.287547,0.456045,0.973,1.3846
2425,2024-11-10,I1,Roma,Bologna,A,0.441811,0.276347,0.281841,1.4538,1.1126
2425,2024-11-23,I1,Milan,Juventus,D,0.398293,0.28012,0.321587,1.3647,1.2017
2425,2024-11-23,I1,Parma,Atalanta,A,0.150797,0.180254,0.668949,1.1723,2.559
2425,2024-11-23,I1,Verona,Inter,A,0.113008,0.207,0.679992,0.7075,2.0402
2425,2024-11-24,I1,Como,Fiorentina,A,0.293224,0.268639,0.438137,1.1957,1.5119
2425,2024-11-24,I1,Genoa,Cagliari,D,0.501373,0.268422,0.230205,1.5629,0.9812
2425,2024-11-24,I1,Lazio,Bologna,H,0.444966,0.287771,0.267263,1.3724,1.0053
2425,2024-11-24,I1,Napoli,Roma,H,0.46611,0.261543,0.272348,1.6034,1.1744
2425,2024-11-24,I1,Torino,Monza,D,0.42726,0.318794,0.253946,1.1648,0.8323
2425,2024-11-25,I1,Empoli,Udinese,D,0.32879,0.314093,0.357116,1.0319,1.0873
2425,2024-11-25,I1,Venezia,Lecce,A,0.326563,0.319925,0.353511,1.0003,1.0524
2425,2024-11-29,I1,Cagliari,Verona,H,0.358735,0.282995,0.35827,1.2701,1.2691
2425,2024-11-30,I1,Bologna,Venezia,H,0.677864,0.209018,0.113118,2.0181,0.6985
2425,2024-11-30,I1,Como,Monza,D,0.399222,0.288501,0.312278,1.3079,1.1273
2425,2024-11-30,I1,Milan,Empoli,H,0.679938,0.202396,0.117666,2.1104,0.7629
2425,2024-12-01,I1,Lecce,Juventus,D,0.163392,0.294402,0.542206,0.6256,1.3675
2425,2024-12-01,I1,Parma,Lazio,H,0.177548,0.222211,0.60024,1.0159,2.0203
2425,2024-12-01,I1,Torino,Napoli,A,0.270305,0.304938,0.424757,0.9327,1.2392
2425,2024-12-01,I1,Udinese,Genoa,A,0.385984,0.303624,0.310393,1.193,1.0417
2425,2024-12-02,I1,Roma,Atalanta,A,0.385889,0.251576,0.362535,1.5764,1.5225
2425,2024-12-06,I1,Atalanta,Milan,H,0.439304,0.235528,0.325169,1.8427,1.567
2425,2024-12-06,I1,Inter,Parma,H,0.877137,0.087187,0.035675,3.4165,0.6524
2425,2024-12-07,I1,Genoa,Torino,D,0.345555,0.333625,0.320819,0.9773,0.931
2425,2024-12-07,I1,Juventus,Bologna,D,0.4756,0.295292,0.229107,1.346,0.851
2425,2024-12-07,I1,Roma,Lecce,H,0.623397,0.241002,0.135601,1.7536,0.6888
2425,2024-12-08,I1,Fiorentina,Cagliari,H,0.637566,0.210161,0.152273,2.1194,0.9453
2425,2024-12-08,I1,Napoli,Lazio,A,0.441395,0.276921,0.281685,1.4488,1.1087
2425,2024-12-08,I1,Venezia,Como,D,0.26991,0.276937,0.453153,1.0718,1.461
2425,2024-12-08,I1,Verona,Empoli,A,0.427435,0.309727,0.262838,1.2145,0.8918
2425,2024-12-09,I1,Monza,Udinese,A,0.398562,0.29726,0.304178,1.2506,1.0589
2425,2024-12-13,I1,Empoli,Torino,A,0.277765,0.340244,0.381991,0.8154,1.0074
2425,2024-12-14,I1,Cagliari,Atalanta,A,0.172736,0.205209,0.622055,1.1114,2.2343
2425,2024-12-14,I1,Juventus,Venezia,D,0.736988,0.184926,0.078086,2.1383,0.5555
2425,2024-12-14,I1,Udinese,Napoli,A,0.235842,0.267599,0.496559,1.0067,1.5683
2425,2024-12-15,I1,Bologna,Fiorentina,H,0.412339,0.279523,0.308138,1.3911,1.1697
2425,2024-12-15,I1,Como,Roma,H,0.266027,0.264181,0.469792,1.1354,1.5825
2425,2024-12-15,I1,Lecce,Monza,H,0.308799,0.324736,0.366465,0.9421,1.0521
2425,2024-12-15,I1,Milan,Genoa,D,0.609642,0.226337,0.164021,1.9503,0.9144
2425,2024-12-15,I1,Parma,Verona,A,0.340619,0.267125,0.392256,1.3398,1.4535
2425,2024-12-16,I1,Lazio,Inter,A,0.233155,0.270082,0.496763,0.9834,1.547
2425,2024-12-20,I1,Verona,Milan,A,0.213358,0.245172,0.54147,1.0467,1.7908
2425,2024-12-21,I1,Genoa,Napoli,A,0.243932,0.277581,0.478486,0.9824,1.4762
2425,2024-12-21,I1,Lecce,Lazio,A,0.191004,0.290541,0.518455,0.739,1.3944
2425,2024-12-21,I1,Torino,Bologna,A,0.324579,0.325377,0.350043,0.9724,1.021
2425,2024-12-22,I1,Atalanta,Empoli,H,0.681012,0.200395,0.118593,2.1382,0.7804
2425,2024-12-22,I1,Monza,Juventus,A,0.219647,0.294386,0.485967,0.8236,1.3579
2425,2024-12-22,I1,Roma,Parma,H,0.714297,0.171059,0.114644,2.5409,0.9469
2425,2024-12-22,I1,Venezia,Cagliari,H,0.337178,0.276364,0.386458,1.2655,1.3714
2425,2024-12-23,I1,Fiorentina,Udinese,A,0.533276,0.256338,0.210386,1.6772,0.9681
2425,2024-12-23,I1,Inter,Como,H,0.775283,0.153116,0.071601,2.5265,0.659
2425,2024-12-28,I1,Cagliari,Inter,A,0.083451,0.160102,0.756447,0.7344,2.5125
2425,2024-12-28,I1,Empoli,Genoa,A,0.315936,0.321464,0.3626,0.9713,1.061
2425,2024-12-28,I1,Lazio,Atalanta,D,0.393607,0.263244,0.343148,1.4882,1.3757
2425,2024-12-28,I1,Parma,Monza,H,0.316148,0.264194,0.419658,1.295,1.5244
2425,2024-12-29,I1,Juventus,Fiorentina,D,0.490677,0.278709,0.230614,1.474,0.9304
2425,2024-12-29,I1,Milan,Roma,D,0.482319,0.244751,0.272929,1.7842,1.2979
2425,2024-12-29,I1,Napoli,Venezia,H,0.761186,0.161234,0.07758,2.4495,0.6699
2425,2024-12-29,I1,Udinese,Torino,D,0.340387,0.325766,0.333847,1.0015,0.9891
2425,2024-12-30,I1,Bologna,Verona,A,0.541917,0.26731,0.190773,1.5742,0.8316
2425,2024-12-30,I1,Como,Lecce,H,0.466109,0.298717,0.235174,1.3172,0.8562
2425,2025-01-04,I1,Fiorentina,Napoli,A,0.344682,0.269525,0.385793,1.3321,1.4222
2425,2025-01-04,I1,Venezia,Empoli,D,0.313889,0.30975,0.376361,1.02,1.1433
2425,2025-01-04,I1,Verona,Udinese,D,0.373896,0.300203,0.3259,1.1924,1.0955
2425,2025-01-05,I1,Lecce,Genoa,D,0.296209,0.32986,0.373931,0.894,1.0406
2425,2025-01-05,I1,Monza,Cagliari,A,0.49304,0.266067,0.240893,1.5803,1.034
2425,2025-01-05,I1,Roma,Lazio,H,0.398584,0.280005,0.321411,1.366,1.202
2425,2025-01-05,I1,Torino,Parma,D,0.56353,0.252877,0.183592,1.6996,0.8689
2425,2025-01-10,I1,Lazio,Como,D,0.582404,0.244274,0.173322,1.7738,0.8641
2425,2025-01-11,I1,Empoli,Lecce,A,0.389679,0.337238,0.273083,1.0307,0.8148
2425,2025-01-11,I1,Milan,Cagliari,D,0.733601,0.162583,0.103816,2.6183,0.9151
2425,2025-01-11,I1,Torino,Juventus,D,0.250543,0.333196,0.41626,0.7734,1.0818
2425,2025-01-11,I1,Udinese,Atalanta,D,0.237932,0.247464,0.514603,1.1381,1.7681
2425,2025-01-12,I1,Bologna,Roma,D,0.381722,0.282197,0.336081,1.321,1.2244
2425,2025-01-12,I1,Genoa,Parma,H,0.544075,0.245164,0.210761,1.79,1.035
2425,2025-01-12,I1,Napoli,Verona,H,0.630168,0.226436,0.143396,1.9108,0.7977
2425,2025-01-12,I1,Venezia,Inter,A,0.058324,0.139734,0.801942,0.5942,2.6155
2425,2025-01-13,I1,Monza,Fiorentina,H,0.296821,0.280203,0.422975,1.134,1.4011
2425,2025-01-14,I1,Atalanta,Juventus,D,0.397122,0.277394,0.325483,1.3826,1.2293
2425,2025-01-14,I1,Como,Milan,A,0.2281,0.238565,0.533335,1.1575,1.8678
2425,2025-01-15,I1,Inter,Bologna,D,0.647481,0.219998,0.132521,1.9548,0.7666
2425,2025-01-17,I1,Roma,Genoa,H,0.544889,0.258617,0.196494,1.6525,0.897
2425,2025-01-18,I1,Atalanta,Napoli,A,0.430929,0.250582,0.318489,1.6674,1.4082
2425,2025-01-18,I1,Bologna,Monza,H,0.517892,0.273734,0.208374,1.5216,0.8722
2425,2025-01-18,I1,Juventus,Milan,H,0.426342,0.277388,0.29627,1.4268,1.1494
2425,2025-01-19,I1,Cagliari,Lecce,H,0.405485,0.301253,0.293262,1.2364,1.0109
2425,2025-01-19,I1,Fiorentina,Torino,D,0.4582,0.296516,0.245284,1.3253,0.8969
2425,2025-01-19,I1,Inter,Empoli,H,0.789795,0.15272,0.057485,2.4043,0.5157
2425,2025-01-19,I1,Parma,Venezia,D,0.48363,0.251129,0.265241,1.7175,1.2208
2425,2025-01-19,I1,Verona,Lazio,A,0.236414,0.283425,0.480161,0.9278,1.4324
2425,2025-01-20,I1,Como,Udinese,H,0.398788,0.286807,0.314405,1.3186,1.1425
2425,2025-01-24,I1,Torino,Cagliari,H,0.520422,0.278453,0.201124,1.4839,0.8237
2425,2025-01-25,I1,Como,Atalanta,A,0.230648,0.236504,0.532848,1.184,1.8924
2425,2025-01-25,I1,Empoli,Bologna,D,0.234882,0.298908,0.46621,0.8545,1.316
2425,2025-01-25,I1,Napoli,Juventus,H,0.385327,0.297778,0.316894,1.2264,1.0874
2425,2025-01-26,I1,Lazio,Fiorentina,A,0.457784,0.272261,0.269955,1.5029,1.0991
2425,2025-01-26,I1,Lecce,Inter,A,0.089659,0.203858,0.706482,0.5635,1.986
2425,2025-01-26,I1,Milan,Parma,H,0.778087,0.135801,0.086112,2.9988,0.9652
2425,2025-01-26,I1,Udinese,Roma,A,0.272039,0.274718,0.453243,1.0914,1.4787
2425,2025-01-27,I1,Genoa,Monza,H,0.407244,0.303275,0.289481,1.2268,0.9914
2425,2025-01-27,I1,Venezia,Verona,D,0.282398,0.292047,0.425555,1.0277,1.3212
2425,2025-01-31,I1,Parma,Lecce,A,0.391488,0.287184,0.321328,1.3041,1.1578
2425,2025-02-01,I1,Atalanta,Torino,D,0.548701,0.257812,0.193487,1.6588,0.8881
2425,2025-02-01,I1,Bologna,Como,H,0.536562,0.259966,0.203472,1.6419,0.9197
2425,2025-02-01,I1,Monza,Verona,A,0.42229,0.297262,0.280447,1.2833,0.9962
2425,2025-02-01,I1,Udinese,Venezia,H,0.562187,0.256235,0.181578,1.6674,0.8435
2425,2025-02-02,I1,Fiorentina,Genoa,H,0.514418,0.266969,0.218612,1.5787,0.9446
2425,2025-02-02,I1,Juventus,Empoli,H,0.632342,0.249112,0.118546,1.6556,0.5724
2425,2025-02-02,I1,Milan,Inter,D,0.26294,0.248734,0.488325,1.2294,1.7452
2425,2025-02-02,I1,Roma,Napoli,D,0.374905,0.270308,0.354787,1.3944,1.3504
2425,2025-02-03,I1,Cagliari,Lazio,A,0.197485,0.247112,0.555402,0.9631,1.764
2425,2025-02-06,I1,Fiorentina,Inter,H,0.199808,0.243462,0.55673,0.9951,1.803
2425,2025-02-07,I1,Como,Juventus,A,0.215606,0.280477,0.503917,0.8685,1.4652
2425,2025-02-08,I1,Empoli,Milan,A,0.182465,0.244752,0.572782,0.9058,1.7775
2425,2025-02-08,I1,Torino,Genoa,D,0.41124,0.326954,0.261805,1.1053,0.8231
2425,2025-02-08,I1,Verona,Atalanta,A,0.215684,0.243049,0.541268,1.0707,1.8144
2425,2025-02-09,I1,Cagliari,Parma,H,0.464185,0.242714,0.293101,1.7914,1.3896
2425,2025-02-09,I1,Lazio,Monza,H,0.562585,0.258672,0.178743,1.6439,0.8195
2425,2025-02-09,I1,Lecce,Bologna,D,0.219588,0.304021,0.476391,0.7865,1.2906
2425,2025-02-09,I1,Napoli,Udinese,D,0.606715,0.233823,0.159462,1.8621,0.8479
2425,2025-02-09,I1,Venezia,Roma,A,0.153514,0.225111,0.621376,0.8623,1.9452
2425,2025-02-10,I1,Inter,Fiorentina,H,0.667465,0.203215,0.12932,2.1406,0.8381
2425,2025-02-14,I1,Bologna,Torino,H,0.444898,0.3133,0.241802,1.2122,0.819
2425,2025-02-15,I1,Atalanta,Cagliari,D,0.734517,0.160927,0.104556,2.6528,0.9361
2425,2025-02-15,I1,Lazio,Napoli,D,0.38137,0.282767,0.335863,1.3164,1.2203
2425,2025-02-15,I1,Milan,Verona,H,0.654162,0.206784,0.139053,2.1262,0.8816
2425,2025-02-16,I1,Fiorentina,Como,A,0.551976,0.244406,0.203618,1.795,1.0071
2425,2025-02-16,I1,Juventus,Inter,H,0.26688,0.295876,0.437244,0.9644,1.3095
2425,2025-02-16,I1,Monza,Lecce,D,0.462434,0.30938,0.228186,1.2492,0.7935
2425,2025-02-16,I1,Parma,Roma,A,0.185985,0.213883,0.600132,1.1242,2.14
2425,2025-02-16,I1,Udinese,Empoli,H,0.455345,0.301517,0.243138,1.2909,0.8691
2425,2025-02-17,I1,Genoa,Venezia,H,0.565079,0.260315,0.174606,1.627,0.7939
2425,2025-02-21,I1,Lecce,Udinese,A,0.30829,0.32262,0.36909,0.9498,1.0663
2425,2025-02-22,I1,Inter,Genoa,H,0.736108,0.18051,0.083383,2.222,0.6181
2425,2025-02-22,I1,Parma,Bologna,H,0.210531,0.237844,0.551625,1.0811,1.87
2425,2025-02-22,I1,Torino,Milan,H,0.273039,0.286214,0.440747,1.0308,1.379
2425,2025-02-22,I1,Venezia,Lazio,D,0.147149,0.234386,0.618464,0.7792,1.8363
2425,2025-02-23,I1,Cagliari,Juventus,A,0.167204,0.248197,0.5846,0.8152,1.73
2425,2025-02-23,I1,Como,Napoli,H,0.229421,0.256211,0.514368,1.0473,1.6785
2425,2025-02-23,I1,Empoli,Atalanta,A,0.184335,0.242599,0.573066,0.9266,1.8009
2425,2025-02-23,I1,Verona,Fiorentina,H,0.274349,0.277732,0.447918,1.0813,1.4496
2425,2025-02-24,I1,Roma,Monza,H,0.563947,0.248769,0.187284,1.7413,0.907
2425,2025-02-27,I1,Bologna,Milan,H,0.343967,0.267339,0.388694,1.3466,1.4451
2425,2025-02-28,I1,Fiorentina,Lecce,H,0.595081,0.252512,0.152407,1.6753,0.7254
2425,2025-03-01,I1,Atalanta,Venezia,D,0.787487,0.140133,0.07238,2.7616,0.7574
2425,2025-03-01,I1,Napoli,Inter,D,0.258879,0.265083,0.476038,1.1048,1.5792
2425,2025-03-01,I1,Udinese,Parma,H,0.539095,0.241332,0.219573,1.8344,1.0996
2425,2025-03-02,I1,Bologna,Cagliari,H,0.619724,0.225864,0.154412,1.9386,0.8632
2425,2025-03-02,I1,Genoa,Empoli,D,0.459211,0.307165,0.233624,1.2597,0.8181
2425,2025-03-02,I1,Milan,Lazio,A,0.456872,0.25965,0.283479,1.6122,1.2253
2425,2025-03-02,I1,Monza,Torino,A,0.337981,0.3278,0.334219,0.9882,0.981
2425,2025-03-02,I1,Roma,Como,H,0.583599,0.234945,0.181456,1.879,0.9563
2425,2025-03-03,I1,Juventus,Verona,H,0.610599,0.251281,0.13812,1.668,0.6615
2425,2025-03-07,I1,Cagliari,Genoa,D,0.320948,0.28581,0.393242,1.165,1.3164
2425,2025-03-08,I1,Como,Venezia,D,0.563413,0.249443,0.187144,1.7346,0.9027
2425,2025-03-08,I1,Inter,Monza,H,0.75448,0.168438,0.077081,2.3414,0.6249
2425,2025-03-08,I1,Lecce,Milan,A,0.169947,0.247089,0.582964,0.8337,1.7432
2425,2025-03-08,I1,Parma,Torino,D,0.264287,0.280976,0.454738,1.0317,1.4315
2425,2025-03-09,I1,Empoli,Roma,A,0.214863,0.275488,0.509649,0.8885,1.506
2425,2025-03-09,I1,Juventus,Atalanta,A,0.43156,0.27405,0.294391,1.4595,1.1645
2425,2025-03-09,I1,Napoli,Fiorentina,H,0.499206,0.254791,0.246003,1.6885,1.122
2425,2025-03-09,I1,Verona,Bologna,A,0.270418,0.293236,0.436347,0.9874,1.3259
2425,2025-03-10,I1,Lazio,Udinese,D,0.563042,0.257222,0.179736,1.6574,0.8306
2425,2025-03-14,I1,Genoa,Lecce,H,0.468931,0.312563,0.218506,1.2354,0.753
2425,2025-03-15,I1,Milan,Como,H,0.650059,0.201829,0.148113,2.2176,0.9749
2425,2025-03-15,I1,Monza,Parma,D,0.535506,0.243582,0.220911,1.8099,1.0907
2425,2025-03-15,I1,Torino,Empoli,H,0.47472,0.320413,0.204867,1.1961,0.6868
2425,2025-03-15,I1,Udinese,Verona,A,0.42527,0.295123,0.279608,1.3006,1.0043
2425,2025-03-16,I1,Atalanta,Inter,A,0.260533,0.245287,0.49418,1.2456,1.7853
2425,2025-03-16,I1,Bologna,Lazio,H,0.361234,0.296002,0.342764,1.1936,1.1559
2425,2025-03-16,I1,Fiorentina,Juventus,H,0.318801,0.29543,0.385769,1.1046,1.2415
2425,2025-03-16,I1,Roma,Cagliari,H,0.66828,0.198284,0.133437,2.2185,0.8977
2425,2025-03-16,I1,Venezia,Napoli,D,0.128143,0.209297,0.662561,0.7954,2.0631
2425,2025-03-29,I1,Como,Empoli,D,0.454979,0.293422,0.251599,1.343,0.9302
2425,2025-03-29,I1,Juventus,Genoa,H,0.569315,0.271129,0.159556,1.53,0.6861
2425,2025-03-29,I1,Lecce,Roma,A,0.200556,0.279339,0.520105,0.8179,1.477
2425,2025-03-29,I1,Venezia,Bologna,A,0.174155,0.252131,0.573714,0.8293,1.6997
2425,2025-03-30,I1,Cagliari,Monza,H,0.334992,0.281286,0.383722,1.2277,1.331
2425,2025-03-30,I1,Fiorentina,Atalanta,H,0.353506,0.250859,0.395635,1.506,1.6034
2425,2025-03-30,I1,Inter,Udinese,H,0.75559,0.167153,0.077257,2.3606,0.6334
2425,2025-03-30,I1,Napoli,Milan,H,0.427598,0.253436,0.318966,1.6345,1.3861
2425,2025-03-31,I1,Lazio,Torino,D,0.486319,0.301843,0.211838,1.3096,0.7696
2425,2025-03-31,I1,Verona,Parma,D,0.506741,0.251344,0.241915,1.7258,1.1284
2425,2025-04-04,I1,Genoa,Udinese,H,0.407023,0.301533,0.291444,1.2368,1.0048
2425,2025-04-05,I1,Milan,Fiorentina,D,0.517129,0.237672,0.245198,1.8789,1.24
2425,2025-04-05,I1,Monza,Como,A,0.413342,0.287115,0.299543,1.3384,1.1016
2425,2025-04-05,I1,Parma,Inter,D,0.068591,0.132182,0.799227,0.7746,2.8775
2425,2025-04-06,I1,Atalanta,Lazio,A,0.455884,0.257282,0.286834,1.6334,1.2534
2425,2025-04-06,I1,Empoli,Cagliari,D,0.41288,0.292139,0.29498,1.304,1.0618
2425,2025-04-06,I1,Lecce,Venezia,D,0.449979,0.307597,0.242424,1.2495,0.8425
2425,2025-04-06,I1,Roma,Juventus,D,0.345907,0.297101,0.356992,1.1563,1.1789
2425,2025-04-06,I1,Torino,Verona,D,0.449244,0.315295,0.235462,1.205,0.7936
2425,2025-04-07,I1,Bologna,Napoli,D,0.338869,0.284163,0.376968,1.2185,1.2987
2425,2025-04-11,I1,Udinese,Milan,A,0.235281,0.24964,0.51508,1.1126,1.7452
2425,2025-04-12,I1,Inter,Cagliari,H,0.841474,0.112314,0.046212,2.983,0.6185
2425,2025-04-12,I1,Juventus,Lecce,H,0.637639,0.251513,0.110848,1.6237,0.5269
2425,2025-04-12,I1,Venezia,Monza,H,0.261744,0.28681,0.451447,0.9933,1.3856
2425,2025-04-13,I1,Atalanta,Bologna,H,0.502408,0.250003,0.247588,1.7384,1.1602
2425,2025-04-13,I1,Como,Torino,H,0.33781,0.315852,0.346339,1.0419,1.0586
2425,2025-04-13,I1,Fiorentina,Parma,D,0.683859,0.183605,0.132536,2.4274,0.9972
2425,2025-04-13,I1,Lazio,Roma,D,0.426179,0.277318,0.296502,1.4271,1.1505
2425,2025-04-13,I1,Verona,Genoa,D,0.359418,0.308103,0.332479,1.1224,1.069
2425,2025-04-14,I1,Napoli,Empoli,H,0.654783,0.223059,0.122158,1.8965,0.6903
2425,2025-04-19,I1,Lecce,Como,A,0.319692,0.313224,0.367084,1.0165,1.1094
2425,2025-04-19,I1,Monza,Napoli,A,0.234379,0.269073,0.496548,0.9933,1.5555
2425,2025-04-19,I1,Roma,Verona,H,0.588677,0.241146,0.170177,1.8015,0.8648
2425,2025-04-20,I1,Bologna,Inter,H,0.200541,0.259405,0.540054,0.9102,1.6464
2425,2025-04-20,I1,Empoli,Venezia,D,0.476761,0.293692,0.229547,1.3575,0.8591
2425,2025-04-20,I1,Milan,Atalanta,A,0.446353,0.234867,0.31878,1.8605,1.552
2425,2025-04-23,I1,Cagliari,Fiorentina,A,0.231791,0.245953,0.522255,1.1224,1.7851
2425,2025-04-23,I1,Genoa,Lazio,A,0.265526,0.295485,0.438989,0.9623,1.3139
2425,2025-04-23,I1,Parma,Juventus,H,0.149183,0.221083,0.629735,0.8599,1.9814
2425,2025-04-23,I1,Torino,Udinese,H,0.427349,0.317006,0.255645,1.1743,0.8435
2425,2025-04-27,I1,Atalanta,Lecce,D,0.688387,0.201246,0.110367,2.097,0.7183
2425,2025-04-27,I1,Como,Genoa,H,0.383428,0.294839,0.321733,1.2412,1.1149
2425,2025-04-27,I1,Fiorentina,Empoli,H,0.586439,0.250139,0.163422,1.7082,0.7881
2425,2025-04-27,I1,Inter,Roma,A,0.636208,0.216307,0.147485,2.0327,0.8773
2425,2025-04-27,I1,Juventus,Monza,H,0.588152,0.25995,0.151898,1.6123,0.6937
2425,2025-04-27,I1,Napoli,Torino,H,0.527052,0.280098,0.19285,1.4713,0.7856
2425,2025-04-27,I1,Venezia,Milan,A,0.123168,0.189796,0.687036,0.8791,2.2957
2425,2025-04-28,I1,Lazio,Parma,D,0.710652,0.178667,0.110681,2.3987,0.8556
2425,2025-04-28,I1,Udinese,Bologna,D,0.293783,0.293853,0.412365,1.0496,1.2921
2425,2025-04-28,I1,Verona,Cagliari,A,0.465659,0.272622,0.261719,1.5068,1.0697
2425,2025-05-02,I1,Torino,Venezia,D,0.578539,0.268597,0.152863,1.5448,0.6665
2425,2025-05-03,I1,Cagliari,Udinese,A,0.334174,0.27943,0.386396,1.2377,1.349
2425,2025-05-03,I1,Inter,Verona,H,0.773945,0.157943,0.068112,2.4224,0.5959
2425,2025-05-03,I1,Lecce,Napoli,A,0.172343,0.26739,0.560267,0.7544,1.5666
2425,2025-05-03,I1,Parma,Como,A,0.326513,0.254819,0.418668,1.3973,1.6074
2425,2025-05-04,I1,Bologna,Juventus,D,0.312981,0.311347,0.375671,1.0104,1.1337
2425,2025-05-04,I1,Empoli,Lazio,A,0.204456,0.28647,0.509074,0.8029,1.4218
2425,2025-05-04,I1,Monza,Atalanta,A,0.236465,0.248819,0.514716,1.1229,1.7537
2425,2025-05-04,I1,Roma,Fiorentina,H,0.453827,0.261507,0.284666,1.592,1.2164
2425,2025-05-05,I1,Genoa,Milan,A,0.244154,0.259412,0.496434,1.0857,1.6426
2425,2025-05-09,I1,Milan,Bologna,H,0.50299,0.252214,0.244796,1.7158,1.1342
2425,2025-05-10,I1,Como,Cagliari,H,0.495225,0.25689,0.247885,1.6663,1.1157
2425,2025-05-10,I1,Empoli,Parma,H,0.450507,0.272547,0.276946,1.4934,1.12
2425,2025-05-10,I1,Lazio,Juventus,D,0.351161,0.311053,0.337786,1.0916,1.0652
2425,2025-05-11,I1,Napoli,Genoa,D,0.586817,0.24582,0.167363,1.7527,0.8274
2425,2025-05-11,I1,Torino,Inter,A,0.157387,0.265658,0.576955,0.6968,1.5711
2425,2025-05-11,I1,Udinese,Monza,A,0.401695,0.29695,0.301355,1.2572,1.0533
2425,2025-05-11,I1,Verona,Lecce,D,0.438092,0.315955,0.245953,1.1911,0.8209
2425,2025-05-12,I1,Atalanta,Roma,H,0.481297,0.242564,0.27614,1.8077,1.3277
2425,2025-05-12,I1,Venezia,Fiorentina,H,0.17322,0.235981,0.5908,0.9081,1.8583
2425,2025-05-17,I1,Genoa,Atalanta,A,0.246938,0.257131,0.495932,1.1106,1.6643
2425,2025-05-18,I1,Cagliari,Venezia,H,0.497523,0.260995,0.241483,1.6282,1.0659
2425,2025-05-18,I1,Fiorentina,Bologna,H,0.411302,0.279624,0.309075,1.3888,1.1717
2425,2025-05-18,I1,Inter,Lazio,D,0.606005,0.236064,0.157931,1.8367,0.8282
2425,2025-05-18,I1,Juventus,Udinese,H,0.588889,0.258431,0.15268,1.6255,0.7031
2425,2025-05-18,I1,Lecce,Torino,H,0.260317,0.348161,0.391522,0.7505,0.988
2425,2025-05-18,I1,Monza,Empoli,A,0.452141,0.303866,0.243992,1.2737,0.862
2425,2025-05-18,I1,Parma,Napoli,D,0.154695,0.199465,0.64584,1.037,2.2698
2425,2025-05-18,I1,Roma,Milan,H,0.381207,0.254322,0.364471,1.541,1.5027
2425,2025-05-18,I1,Verona,Como,D,0.387767,0.290469,0.321765,1.2762,1.1397
2425,2025-05-23,I1,Como,Inter,A,0.119846,0.201598,0.678555,0.7824,2.1279
2425,2025-05-23,I1,Napoli,Cagliari,H,0.709061,0.181374,0.109565,2.353,0.828
2425,2025-05-24,I1,Bologna,Genoa,A,0.499689,0.283102,0.21721,1.444,0.8626
2425,2025-05-24,I1,Milan,Monza,H,0.629406,0.21582,0.154773,2.0552,0.9245
2425,2025-05-25,I1,Atalanta,Parma,A,0.779045,0.134325,0.08663,3.0383,0.9874
2425,2025-05-25,I1,Empoli,Verona,A,0.350552,0.317425,0.332024,1.0589,1.0229
2425,2025-05-25,I1,Lazio,Lecce,A,0.618339,0.251431,0.13023,1.6555,0.6224
2425,2025-05-25,I1,Torino,Roma,A,0.306358,0.307924,0.385718,1.0112,1.1684
2425,2025-05-25,I1,Udinese,Fiorentina,A,0.298813,0.278595,0.422591,1.1494,1.4126
2425,2025-05-25,I1,Venezia,Juventus,A,0.124482,0.233507,0.642011,0.6596,1.801
2526,2025-08-23,I1,Genoa,Lecce,D,0.473177,0.322246,0.204577,1.2025,0.6941
2526,2025-08-23,I1,Milan,Cremonese,A,0.757359,0.156455,0.086186,2.6295,0.8079
2526,2025-08-23,I1,Roma,Bologna,H,0.457712,0.279442,0.262847,1.4707,1.0569
2526,2025-08-23,I1,Sassuolo,Napoli,A,0.149481,0.215219,0.6353,0.9175,2.0811
2526,2025-08-24,I1,Atalanta,Pisa,D,0.654919,0.203142,0.141939,2.2137,0.9461
2526,2025-08-24,I1,Cagliari,Fiorentina,D,0.221767,0.253174,0.525059,1.0565,1.7373
2526,2025-08-24,I1,Como,Lazio,H,0.330441,0.274412,0.395146,1.2862,1.427
2526,2025-08-24,I1,Juventus,Parma,H,0.619345,0.23563,0.145024,1.8477,0.7808
2526,2025-08-25,I1,Inter,Torino,H,0.662871,0.225538,0.111591,1.8705,0.6341
2526,2025-08-25,I1,Udinese,Verona,D,0.449948,0.290887,0.259166,1.3788,0.9853
2526,2025-08-29,I1,Cremonese,Sassuolo,H,0.32377,0.253394,0.422836,1.4269,1.6553
2526,2025-08-29,I1,Lecce,Milan,A,0.14789,0.247004,0.605106,0.7442,1.7439
2526,2025-08-30,I1,Bologna,Como,H,0.460861,0.269543,0.269596,1.5546,1.1372
2526,2025-08-30,I1,Napoli,Cagliari,H,0.682594,0.207252,0.110154,2.0565,0.7055
2526,2025-08-30,I1,Parma,Atalanta,D,0.175572,0.215829,0.608599,1.0718,2.1282
2526,2025-08-30,I1,Pisa,Roma,A,0.236186,0.275173,0.48864,0.9885,1.5262
2526,2025-08-31,I1,Genoa,Juventus,A,0.215899,0.303066,0.481035,0.7946,1.3194
2526,2025-08-31,I1,Inter,Udinese,A,0.749095,0.168805,0.0821,2.4039,0.6873
2526,2025-08-31,I1,Lazio,Verona,H,0.62284,0.231174,0.145986,1.8948,0.8079
2526,2025-08-31,I1,Torino,Fiorentina,D,0.285346,0.307173,0.407481,0.9817,1.2253
2526,2025-09-13,I1,Cagliari,Parma,H,0.373597,0.275253,0.351151,1.3798,1.331
2526,2025-09-13,I1,Fiorentina,Napoli,A,0.304161,0.288332,0.407507,1.1291,1.3454
2526,2025-09-13,I1,Juventus,Inter,H,0.277697,0.290451,0.431852,1.0433,1.3628
2526,2025-09-14,I1,Atalanta,Lecce,H,0.733821,0.183462,0.082717,2.2113,0.6158
2526,2025-09-14,I1,Milan,Bologna,H,0.473388,0.256747,0.269864,1.6823,1.2223
2526,2025-09-14,I1,Pisa,Udinese,A,0.423475,0.285461,0.291064,1.3879,1.1092
2526,2025-09-14,I1,Roma,Torino,A,0.512543,0.295115,0.192342,1.3827,0.7434
2526,2025-09-14,I1,Sassuolo,Lazio,H,0.22022,0.231327,0.548453,1.1978,1.9816
2526,2025-09-15,I1,Como,Genoa,D,0.448695,0.291135,0.26017,1.3758,0.9872
2526,2025-09-15,I1,Verona,Cremonese,D,0.455896,0.281248,0.262855,1.4551,1.047
2526,2025-09-19,I1,Lecce,Cagliari,A,0.313991,0.318881,0.367128,0.9966,1.1001
2526,2025-09-20,I1,Bologna,Genoa,H,0.502387,0.280837,0.216776,1.4857,0.8902
2526,2025-09-20,I1,Udinese,Milan,A,0.217437,0.248941,0.533622,1.0639,1.7806
2526,2025-09-20,I1,Verona,Juventus,D,0.159626,0.264451,0.575924,0.7279,1.6059
2526,2025-09-21,I1,Cremonese,Parma,D,0.285608,0.267254,0.447139,1.2046,1.5607
2526,2025-09-21,I1,Fiorentina,Como,A,0.485976,0.261002,0.253022,1.6499,1.1321
2526,2025-09-21,I1,Inter,Sassuolo,H,0.820573,0.119905,0.059523,3.0638,0.7774
2526,2025-09-21,I1,Lazio,Roma,A,0.354106,0.285991,0.359903,1.2642,1.2764
2526,2025-09-21,I1,Torino,Atalanta,A,0.218531,0.27441,0.50706,0.9272,1.539
2526,2025-09-22,I1,Napoli,Pisa,H,0.619281,0.237365,0.143354,1.8276,0.7636
2526,2025-09-27,I1,Cagliari,Inter,A,0.102518,0.183249,0.714232,0.779,2.3232
2526,2025-09-27,I1,Como,Cremonese,D,0.628727,0.21995,0.151323,2.0292,0.9001
2526,2025-09-27,I1,Juventus,Atalanta,D,0.372658,0.280998,0.346344,1.3364,1.28
2526,2025-09-28,I1,Lecce,Bologna,D,0.183819,0.285376,0.530805,0.7476,1.4532
2526,2025-09-28,I1,Milan,Napoli,H,0.343727,0.280597,0.375676,1.2767,1.3451
2526,2025-09-28,I1,Pisa,Fiorentina,D,0.272972,0.270348,0.45668,1.1435,1.5439
2526,2025-09-28,I1,Roma,Verona,H,0.650694,0.226005,0.123301,1.897,0.7018
2526,2025-09-28,I1,Sassuolo,Udinese,H,0.371984,0.264421,0.363596,1.4607,1.4419
2526,2025-09-29,I1,Genoa,Lazio,A,0.267592,0.291721,0.440686,1.0068,1.3638
2526,2025-09-29,I1,Parma,Torino,H,0.331488,0.311109,0.357403,1.0716,1.123
2526,2025-10-03,I1,Verona,Sassuolo,A,0.380316,0.26999,0.349694,1.4335,1.366
2526,2025-10-04,I1,Atalanta,Como,D,0.597534,0.220988,0.181479,2.0723,1.0693
2526,2025-10-04,I1,Inter,Cremonese,H,0.858057,0.102792,0.039151,3.1098,0.5958
2526,2025-10-04,I1,Lazio,Torino,D,0.482639,0.293939,0.223422,1.3811,0.8558
2526,2025-10-04,I1,Parma,Lecce,A,0.474723,0.298027,0.22725,1.3488,0.8515
2526,2025-10-05,I1,Bologna,Pisa,H,0.518503,0.260924,0.220573,1.6607,1.0062
2526,2025-10-05,I1,Fiorentina,Roma,A,0.357218,0.284544,0.358238,1.2804,1.2825
2526,2025-10-05,I1,Juventus,Milan,D,0.420913,0.281353,0.297734,1.4146,1.1524
2526,2025-10-05,I1,Napoli,Genoa,H,0.597408,0.25895,0.143642,1.635,0.6755
2526,2025-10-05,I1,Udinese,Cagliari,D,0.430201,0.281593,0.288206,1.4249,1.1233
2526,2025-10-18,I1,Lecce,Sassuolo,D,0.327922,0.29481,0.377268,1.1514,1.2532
2526,2025-10-18,I1,Pisa,Verona,D,0.482397,0.280316,0.237287,1.4816,0.966
2526,2025-10-18,I1,Roma,Inter,A,0.263926,0.276033,0.460041,1.0796,1.4999
2526,2025-10-18,I1,Torino,Napoli,H,0.210159,0.310812,0.479029,0.7483,1.2706
2526,2025-10-19,I1,Atalanta,Lazio,D,0.516308,0.242573,0.241119,1.8514,1.21
2526,2025-10-19,I1,Cagliari,Bologna,A,0.23759,0.263034,0.499375,1.0613,1.637
2526,2025-10-19,I1,Como,Juventus,H,0.266962,0.289703,0.443335,1.0152,1.3806
2526,2025-10-19,I1,Genoa,Parma,D,0.416893,0.293845,0.289262,1.3211,1.0582
2526,2025-10-19,I1,Milan,Fiorentina,H,0.45502,0.255783,0.289197,1.6747,1.2972
2526,2025-10-20,I1,Cremonese,Udinese,D,0.280454,0.278247,0.441298,1.1196,1.4636
2526,2025-10-24,I1,Milan,Pisa,D,0.596578,0.226939,0.176483,1.9929,1.0015
2526,2025-10-25,I1,Cremonese,Atalanta,D,0.100426,0.166836,0.732738,0.8713,2.5586
2526,2025-10-25,I1,Napoli,Inter,H,0.309349,0.290119,0.400532,1.1325,1.3226
2526,2025-10-25,I1,Parma,Como,D,0.31518,0.27167,0.41315,1.264,1.4785
2526,2025-10-25,I1,Udinese,Lecce,H,0.466061,0.310453,0.223486,1.2649,0.7913
2526,2025-10-26,I1,Fiorentina,Bologna,D,0.424546,0.272587,0.302868,1.4877,1.2225
2526,2025-10-26,I1,Lazio,Juventus,H,0.3311,0.296557,0.372343,1.1487,1.2335
2526,2025-10-26,I1,Sassuolo,Roma,A,0.185852,0.228755,0.585393,1.0404,1.984
2526,2025-10-26,I1,Torino,Genoa,H,0.387286,0.336966,0.275748,1.0451,0.8369
2526,2025-10-26,I1,Verona,Cagliari,D,0.363691,0.292716,0.343593,1.2409,1.1992
2526,2025-10-28,I1,Atalanta,Milan,D,0.479619,0.240416,0.279964,1.8599,1.3857
2526,2025-10-28,I1,Lecce,Napoli,A,0.121456,0.259731,0.618812,0.5674,1.5992
2526,2025-10-29,I1,Bologna,Torino,D,0.462859,0.301518,0.235623,1.318,0.8638
2526,2025-10-29,I1,Como,Verona,H,0.547071,0.258991,0.193938,1.6745,0.9043
2526,2025-10-29,I1,Genoa,Cremonese,A,0.53673,0.268666,0.194604,1.5884,0.8602
2526,2025-10-29,I1,Inter,Fiorentina,H,0.604669,0.226941,0.16839,1.9806,0.9567
2526,2025-10-29,I1,Juventus,Udinese,H,0.601978,0.249984,0.148038,1.7172,0.7322
2526,2025-10-29,I1,Roma,Parma,H,0.61369,0.231131,0.155179,1.9121,0.8593
2526,2025-10-30,I1,Cagliari,Sassuolo,A,0.420901,0.255266,0.323833,1.6343,1.4117
2526,2025-10-30,I1,Pisa,Lazio,D,0.274857,0.272232,0.452911,1.138,1.5244
2526,2025-11-01,I1,Cremonese,Juventus,A,0.123514,0.221292,0.655195,0.7246,1.946
2526,2025-11-01,I1,Napoli,Como,D,0.566387,0.254212,0.179401,1.7109,0.863
2526,2025-11-01,I1,Udinese,Atalanta,H,0.179014,0.228534,0.592452,1.0051,1.9779
2526,2025-11-02,I1,Fiorentina,Lecce,A,0.633661,0.240929,0.125411,1.7606,0.652
2526,2025-11-02,I1,Milan,Roma,H,0.401342,0.273119,0.325539,1.4478,1.2823
2526,2025-11-02,I1,Parma,Bologna,A,0.263401,0.265713,0.470886,1.1398,1.5966
2526,2025-11-02,I1,Torino,Pisa,D,0.399103,0.31527,0.285628,1.1682,0.946
2526,2025-11-02,I1,Verona,Inter,A,0.091671,0.184535,0.723794,0.6833,2.248
2526,2025-11-03,I1,Lazio,Cagliari,H,0.608468,0.22819,0.163342,1.9581,0.9211
2526,2025-11-03,I1,Sassuolo,Genoa,A,0.339917,0.27858,0.381503,1.2813,1.3708
2526,2025-11-07,I1,Pisa,Cremonese,H,0.561827,0.246447,0.191725,1.7954,0.9615
2526,2025-11-08,I1,Como,Cagliari,D,0.52954,0.253802,0.216658,1.7305,1.031
2526,2025-11-08,I1,Juventus,Torino,D,0.517875,0.302192,0.179933,1.3362,0.6755
2526,2025-11-08,I1,Lecce,Verona,D,0.332367,0.334951,0.332682,0.9644,0.965
2526,2025-11-08,I1,Parma,Milan,D,0.215079,0.236624,0.548297,1.1345,1.9159
2526,2025-11-09,I1,Atalanta,Sassuolo,A,0.754908,0.148038,0.097054,2.8776,0.9958
2526,2025-11-09,I1,Bologna,Napoli,H,0.285345,0.290716,0.423939,1.0639,1.3514
2526,2025-11-09,I1,Genoa,Fiorentina,D,0.265898,0.289762,0.44434,1.0116,1.3812
2526,2025-11-09,I1,Inter,Lazio,H,0.605561,0.227554,0.166885,1.9712,0.9446
2526,2025-11-09,I1,Roma,Udinese,H,0.596744,0.24497,0.158286,1.777,0.8058
2526,2025-11-22,I1,Cagliari,Genoa,D,0.333797,0.301926,0.364276,1.1248,1.1866
2526,2025-11-22,I1,Fiorentina,Juventus,D,0.334013,0.295152,0.370835,1.1634,1.2394
2526,2025-11-22,I1,Napoli,Atalanta,H,0.410653,0.274679,0.314668,1.4506,1.2422
2526,2025-11-22,I1,Udinese,Bologna,A,0.263809,0.27785,0.458341,1.0689,1.4838
2526,2025-11-23,I1,Cremonese,Roma,A,0.131981,0.217163,0.650856,0.7974,2.0138
2526,2025-11-23,I1,Inter,Milan,A,0.574852,0.229939,0.195209,1.9802,1.0818
2526,2025-11-23,I1,Lazio,Lecce,H,0.629374,0.243763,0.126863,1.7383,0.6489
2526,2025-11-23,I1,Verona,Parma,A,0.337216,0.288554,0.37423,1.2102,1.2879
2526,2025-11-24,I1,Sassuolo,Pisa,D,0.344265,0.259761,0.395974,1.4322,1.5495
2526,2025-11-24,I1,Torino,Como,A,0.349267,0.313841,0.336892,1.0936,1.0691
2526,2025-11-28,I1,Como,Sassuolo,H,0.557612,0.229567,0.212822,1.9991,1.1744
2526,2025-11-29,I1,Genoa,Verona,H,0.460682,0.302395,0.236924,1.3108,0.8642
2526,2025-11-29,I1,Juventus,Cagliari,H,0.643576,0.227605,0.128818,1.8945,0.727
2526,2025-11-29,I1,Milan,Lazio,H,0.45666,0.256783,0.286557,1.6668,1.2808
2526,2025-11-29,I1,Parma,Udinese,A,0.396729,0.281436,0.321835,1.3772,1.2173
2526,2025-11-30,I1,Atalanta,Fiorentina,H,0.51485,0.241782,0.243369,1.8603,1.2255
2526,2025-11-30,I1,Lecce,Torino,H,0.23689,0.349685,0.413425,0.7029,1.0222
2526,2025-11-30,I1,Pisa,Inter,A,0.136282,0.213762,0.649956,0.8432,2.0646
2526,2025-11-30,I1,Roma,Napoli,A,0.336135,0.304455,0.35941,1.1161,1.1631
2526,2025-12-01,I1,Bologna,Cremonese,A,0.682485,0.198718,0.118798,2.1913,0.8117
2526,2025-12-06,I1,Inter,Como,H,0.679797,0.198432,0.121771,2.2063,0.8348
2526,2025-12-06,I1,Sassuolo,Fiorentina,H,0.218081,0.229191,0.552728,1.2035,2.007
2526,2025-12-06,I1,Verona,Atalanta,H,0.138124,0.210285,0.65159,0.8753,2.1114
2526,2025-12-07,I1,Cagliari,Roma,H,0.190495,0.254264,0.55524,0.9133,1.7174
2526,2025-12-07,I1,Cremonese,Lecce,H,0.360013,0.317165,0.322823,1.0965,1.0237
2526,2025-12-07,I1,Lazio,Bologna,D,0.420956,0.274302,0.304742,1.4689,1.2167
2526,2025-12-07,I1,Napoli,Juventus,H,0.410672,0.311168,0.27816,1.2064,0.9448
2526,2025-12-08,I1,Pisa,Parma,A,0.434764,0.27355,0.291686,1.4933,1.1828
2526,2025-12-08,I1,Torino,Milan,A,0.257001,0.290293,0.452706,0.9815,1.3855
2526,2025-12-08,I1,Udinese,Genoa,A,0.359412,0.309963,0.330625,1.1328,1.0756
2526,2025-12-12,I1,Lecce,Pisa,H,0.263677,0.316064,0.420259,0.8857,1.1907
2526,2025-12-13,I1,Atalanta,Cagliari,H,0.721104,0.173111,0.105785,2.4909,0.8742
2526,2025-12-13,I1,Parma,Lazio,A,0.248766,0.258924,0.49231,1.1293,1.673
2526,2025-12-13,I1,Torino,Cremonese,H,0.550029,0.273667,0.176304,1.5414,0.7631
2526,2025-12-14,I1,Bologna,Juventus,A,0.314172,0.298822,0.387005,1.0962,1.2449
2526,2025-12-14,I1,Fiorentina,Verona,A,0.627162,0.228538,0.144301,1.919,0.8118
2526,2025-12-14,I1,Genoa,Inter,A,0.137513,0.234261,0.628226,0.7459,1.847
2526,2025-12-14,I1,Milan,Sassuolo,D,0.698613,0.174179,0.127208,2.5906,1.0541
2526,2025-12-14,I1,Udinese,Napoli,H,0.176691,0.262675,0.560634,0.8112,1.6329
2526,2025-12-15,I1,Roma,Como,H,0.5178,0.264099,0.2181,1.631,0.9787
2526,2025-12-20,I1,Juventus,Roma,H,0.400857,0.305982,0.293161,1.2231,1.0075
2526,2025-12-20,I1,Lazio,Cremonese,D,0.703559,0.187536,0.108905,2.2961,0.8042
2526,2025-12-21,I1,Cagliari,Pisa,D,0.339335,0.281965,0.3787,1.2572,1.3413
2526,2025-12-21,I1,Fiorentina,Udinese,H,0.569601,0.245711,0.184688,1.7976,0.9321
2526,2025-12-21,I1,Genoa,Atalanta,A,0.198187,0.25285,0.548963,0.9555,1.7348
2526,2025-12-21,I1,Sassuolo,Torino,A,0.309032,0.28926,0.401708,1.1366,1.3302
2526,2025-12-27,I1,Lecce,Como,A,0.221514,0.29891,0.479576,0.8291,1.3457
2526,2025-12-27,I1,Parma,Fiorentina,H,0.246795,0.256905,0.4963,1.1347,1.6944
2526,2025-12-27,I1,Pisa,Juventus,A,0.220513,0.282037,0.49745,0.8982,1.4748
2526,2025-12-27,I1,Torino,Cagliari,A,0.45928,0.301643,0.239077,1.3145,0.874
2526,2025-12-27,I1,Udinese,Lazio,D,0.249749,0.271145,0.479106,1.059,1.5548
2526,2025-12-28,I1,Atalanta,Inter,A,0.313378,0.256303,0.430319,1.3717,1.6387
2526,2025-12-28,I1,Bologna,Sassuolo,D,0.617814,0.212597,0.169588,2.1588,1.059
2526,2025-12-28,I1,Cremonese,Napoli,A,0.105213,0.200746,0.69404,0.7032,2.1124
2526,2025-12-28,I1,Milan,Verona,H,0.67843,0.200951,0.120619,2.1699,0.8116
2526,2025-12-29,I1,Roma,Genoa,H,0.553719,0.271427,0.174853,1.5587,0.7661
2526,2026-01-02,I1,Cagliari,Milan,A,0.191664,0.230977,0.577359,1.0563,1.9644
2526,2026-01-03,I1,Atalanta,Roma,H,0.457558,0.263134,0.279308,1.6082,1.2114
2526,2026-01-03,I1,Como,Udinese,H,0.487545,0.270101,0.242354,1.5686,1.0384
2526,2026-01-03,I1,Genoa,Pisa,D,0.381954,0.30431,0.313736,1.2038,1.0664
2526,2026-01-03,I1,Juventus,Lecce,D,0.654491,0.244219,0.10129,1.6818,0.5121
2526,2026-01-03,I1,Sassuolo,Parma,D,0.380511,0.253755,0.365734,1.5717,1.5376
2526,2026-01-04,I1,Fiorentina,Cremonese,H,0.70788,0.184834,0.107287,2.3255,0.808
2526,2026-01-04,I1,Inter,Bologna,H,0.620014,0.2242,0.155785,1.9895,0.9015
2526,2026-01-04,I1,Lazio,Napoli,A,0.301475,0.289571,0.408954,1.1148,1.339
2526,2026-01-04,I1,Verona,Torino,A,0.274535,0.325812,0.399654,0.8752,1.1142
2526,2026-01-06,I1,Lecce,Roma,A,0.147993,0.273666,0.578342,0.6434,1.5246
2526,2026-01-06,I1,Pisa,Como,A,0.342561,0.28062,0.37682,1.2738,1.3472
2526,2026-01-06,I1,Sassuolo,Juventus,A,0.173232,0.233221,0.593548,0.9454,1.9172
2526,2026-01-07,I1,Bologna,Atalanta,A,0.30069,0.258059,0.441251,1.3182,1.6369
2526,2026-01-07,I1,Lazio,Fiorentina,D,0.403207,0.271676,0.325117,1.4624,1.2912
2526,2026-01-07,I1,Napoli,Verona,D,0.691656,0.209512,0.098831,1.99,0.6188
2526,2026-01-07,I1,Parma,Inter,A,0.117085,0.19249,0.690425,0.8367,2.2658
2526,2026-01-07,I1,Torino,Udinese,A,0.421815,0.316243,0.261941,1.1915,0.8803
2526,2026-01-08,I1,Cremonese,Cagliari,D,0.312372,0.274789,0.412839,1.2351,1.4532
2526,2026-01-08,I1,Milan,Genoa,D,0.577681,0.246405,0.175914,1.7829,0.886
2526,2026-01-10,I1,Atalanta,Torino,H,0.590364,0.247583,0.162053,1.7568,0.8122
2526,2026-01-10,I1,Como,Bologna,D,0.346102,0.278254,0.375644,1.2982,1.3619
2526,2026-01-10,I1,Roma,Sassuolo,H,0.672764,0.196533,0.130703,2.2648,0.9114
2526,2026-01-10,I1,Udinese,Pisa,D,0.36718,0.289797,0.343023,1.2663,1.2157
2526,2026-01-11,I1,Fiorentina,Milan,D,0.372049,0.262008,0.365942,1.4808,1.467
2526,2026-01-11,I1,Inter,Napoli,D,0.4835,0.276855,0.239645,1.5098,0.992
2526,2026-01-11,I1,Lecce,Parma,A,0.290755,0.312283,0.396962,0.972,1.1816
2526,2026-01-11,I1,Verona,Lazio,A,0.200261,0.260802,0.538937,0.9223,1.6598
2526,2026-01-12,I1,Genoa,Cagliari,H,0.443276,0.293443,0.263281,1.3546,0.9853
2526,2026-01-12,I1,Juventus,Cremonese,H,0.730963,0.183803,0.085233,2.2215,0.6347
2526,2026-01-14,I1,Inter,Lecce,H,0.78978,0.156184,0.054035,2.3543,0.4808
2526,2026-01-14,I1,Napoli,Parma,D,0.659168,0.216067,0.124766,2.0057,0.7577
2526,2026-01-15,I1,Como,Milan,A,0.29478,0.258988,0.446233,1.2921,1.6342
2526,2026-01-15,I1,Verona,Bologna,A,0.212927,0.269323,0.51775,0.9309,1.584
2526,2026-01-16,I1,Pisa,Atalanta,D,0.200004,0.233802,0.566194,1.0801,1.9392
2526,2026-01-17,I1,Cagliari,Juventus,H,0.177895,0.259727,0.562379,0.8299,1.6596
2526,2026-01-17,I1,Napoli,Sassuolo,H,0.717622,0.179619,0.102759,2.3758,0.8037
2526,2026-01-17,I1,Udinese,Inter,A,0.121097,0.206337,0.672566,0.7846,2.1058
2526,2026-01-18,I1,Bologna,Fiorentina,A,0.383414,0.27572,0.340866,1.3956,1.3032
2526,2026-01-18,I1,Milan,Lecce,H,0.683214,0.211626,0.10516,1.9908,0.6519
2526,2026-01-18,I1,Parma,Genoa,D,0.363375,0.297997,0.338629,1.208,1.1573
2526,2026-01-18,I1,Torino,Roma,A,0.249122,0.315322,0.435556,0.8486,1.2112
2526,2026-01-19,I1,Cremonese,Verona,D,0.335743,0.29046,0.373797,1.1952,1.2746
2526,2026-01-19,I1,Lazio,Como,A,0.482042,0.26299,0.254968,1.629,1.1267
2526,2026-01-23,I1,Inter,Pisa,H,0.72946,0.177181,0.093358,2.3569,0.7386
2526,2026-01-24,I1,Como,Torino,H,0.411677,0.308939,0.279384,1.2205,0.9579
2526,2026-01-24,I1,Fiorentina,Cagliari,A,0.612805,0.22569,0.161505,1.9832,0.9255
2526,2026-01-24,I1,Lecce,Lazio,D,0.172972,0.275863,0.551165,0.7408,1.5228
2526,2026-01-25,I1,Atalanta,Parma,H,0.696254,0.182392,0.121354,2.4294,0.9389
2526,2026-01-25,I1,Genoa,Bologna,H,0.281171,0.297676,0.421152,1.0162,1.3015
2526,2026-01-25,I1,Juventus,Napoli,H,0.347473,0.316141,0.336386,1.0785,1.0568
2526,2026-01-25,I1,Roma,Milan,D,0.408482,0.272576,0.318942,1.4638,1.2682
2526,2026-01-25,I1,Sassuolo,Cremonese,H,0.516095,0.239262,0.244643,1.8897,1.2499
2526,2026-01-26,I1,Verona,Udinese,A,0.329528,0.300194,0.370277,1.1248,1.2078
2526,2026-01-30,I1,Lazio,Genoa,H,0.523096,0.272487,0.204418,1.5568,0.8819
2526,2026-01-31,I1,Cagliari,Verona,H,0.423414,0.288106,0.288481,1.3689,1.087
2526,2026-01-31,I1,Napoli,Fiorentina,H,0.491006,0.274149,0.234845,1.5358,0.989
2526,2026-01-31,I1,Pisa,Sassuolo,A,0.486981,0.24914,0.263878,1.7688,1.2546
2526,2026-02-01,I1,Como,Atalanta,D,0.248896,0.2456,0.505503,1.2207,1.8153
2526,2026-02-01,I1,Cremonese,Inter,A,0.063519,0.138898,0.797583,0.6802,2.7241
2526,2026-02-01,I1,Parma,Juventus,A,0.198248,0.265301,0.536451,0.8913,1.6186
2526,2026-02-01,I1,Torino,Lecce,H,0.48379,0.330132,0.186078,1.1669,0.6157
2526,2026-02-02,I1,Udinese,Roma,H,0.214085,0.272442,0.513472,0.9199,1.5567
2526,2026-02-03,I1,Bologna,Milan,A,0.349414,0.266047,0.384539,1.3953,1.4736
2526,2026-02-06,I1,Verona,Pisa,D,0.30587,0.293798,0.400331,1.1028,1.2979
2526,2026-02-07,I1,Fiorentina,Torino,D,0.486494,0.29169,0.221816,1.3987,0.8599
2526,2026-02-07,I1,Genoa,Napoli,A,0.192945,0.288231,0.518825,0.7712,1.4323
2526,2026-02-08,I1,Bologna,Parma,A,0.559164,0.244142,0.196694,1.8226,0.9985
2526,2026-02-08,I1,Juventus,Lazio,D,0.452939,0.28717,0.259891,1.4081,1.0062
2526,2026-02-08,I1,Lecce,Udinese,H,0.284289,0.324688,0.391023,0.9034,1.108
2526,2026-02-08,I1,Sassuolo,Inter,A,0.094324,0.157016,0.74866,0.8874,2.6838
2526,2026-02-09,I1,Atalanta,Cremonese,H,0.806199,0.129412,0.064389,2.9209,0.7632
2526,2026-02-09,I1,Roma,Cagliari,H,0.639024,0.223302,0.137674,1.9605,0.8001
2526,2026-02-13,I1,Pisa,Milan,A,0.24111,0.252155,0.506736,1.1433,1.7458
2526,2026-02-14,I1,Como,Fiorentina,A,0.328588,0.272835,0.398577,1.2923,1.4453
2526,2026-02-14,I1,Inter,Juventus,H,0.51475,0.272566,0.212684,1.5558,0.9139
2526,2026-02-14,I1,Lazio,Atalanta,A,0.318675,0.257136,0.424189,1.3813,1.6218
2526,2026-02-15,I1,Cremonese,Genoa,D,0.256148,0.289647,0.454205,0.982,1.3914
2526,2026-02-15,I1,Napoli,Roma,D,0.437599,0.29657,0.265831,1.3277,0.9777
2526,2026-02-15,I1,Parma,Verona,H,0.456808,0.279399,0.263792,1.4702,1.0602
2526,2026-02-15,I1,Torino,Bologna,A,0.300071,0.314187,0.385742,0.9861,1.1546
2526,2026-02-15,I1,Udinese,Sassuolo,A,0.451864,0.258413,0.289724,1.6461,1.2796
2526,2026-02-16,I1,Cagliari,Lecce,A,0.442624,0.308792,0.248583,1.2559,0.873
2526,2026-02-18,I1,Milan,Como,D,0.537466,0.241209,0.221324,1.8656,1.1319
2526,2026-02-20,I1,Sassuolo,Verona,H,0.435529,0.265809,0.298663,1.5594,1.2558
2526,2026-02-21,I1,Cagliari,Lazio,D,0.223697,0.255344,0.520959,1.0515,1.7153
2526,2026-02-21,I1,Juventus,Como,A,0.526185,0.270236,0.203578,1.5761,0.8893
2526,2026-02-21,I1,Lecce,Inter,A,0.080737,0.195373,0.72389,0.5488,2.0624
2526,2026-02-22,I1,Atalanta,Napoli,H,0.396092,0.27579,0.328118,1.4181,1.2708
2526,2026-02-22,I1,Genoa,Torino,H,0.340365,0.340736,0.3189,0.9554,0.9155
2526,2026-02-22,I1,Milan,Parma,A,0.638592,0.207669,0.153739,2.1871,0.9938
2526,2026-02-22,I1,Roma,Cremonese,H,0.728997,0.180274,0.090729,2.2989,0.6985
2526,2026-02-23,I1,Bologna,Udinese,H,0.543798,0.257129,0.199072,1.6939,0.9363
2526,2026-02-23,I1,Fiorentina,Pisa,H,0.544273,0.250372,0.205355,1.7625,1.0017
2526,2026-02-27,I1,Parma,Cagliari,D,0.435731,0.270528,0.293741,1.5194,1.2087
2526,2026-02-28,I1,Como,Lecce,H,0.558578,0.273815,0.167607,1.5362,0.7263
2526,2026-02-28,I1,Inter,Genoa,H,0.705774,0.197843,0.096384,2.1085,0.6534
2526,2026-02-28,I1,Verona,Napoli,A,0.139372,0.245659,0.614969,0.7064,1.7432
2526,2026-03-01,I1,Cremonese,Milan,A,0.129232,0.193335,0.677433,0.9223,2.3035
2526,2026-03-01,I1,Roma,Juventus,D,0.365327,0.308765,0.325908,1.1501,1.0714
2526,2026-03-01,I1,Sassuolo,Atalanta,H,0.147362,0.183684,0.668954,1.1368,2.5208
2526,2026-03-01,I1,Torino,Lazio,H,0.286884,0.309043,0.404073,0.977,1.2098
2526,2026-03-02,I1,Pisa,Bologna,A,0.289576,0.278033,0.432391,1.1486,1.4548
2526,2026-03-02,I1,Udinese,Fiorentina,H,0.24789,0.26911,0.483,1.0641,1.5747
2526,2026-03-06,I1,Napoli,Torino,H,0.555279,0.284895,0.159825,1.4504,0.6555
2526,2026-03-07,I1,Atalanta,Udinese,D,0.678681,0.195654,0.125665,2.2578,0.8805
2526,2026-03-07,I1,Cagliari,Como,A,0.286251,0.271837,0.441912,1.1769,1.5159
2526,2026-03-07,I1,Juventus,Pisa,H,0.579487,0.255862,0.16465,1.6836,0.7868
2526,2026-03-08,I1,Bologna,Verona,A,0.601487,0.241558,0.156955,1.8083,0.8154
2526,2026-03-08,I1,Fiorentina,Parma,D,0.585546,0.232656,0.181798,1.9342,0.994
2526,2026-03-08,I1,Genoa,Roma,H,0.231009,0.295461,0.47353,0.8745,1.3654
2526,2026-03-08,I1,Lecce,Cremonese,H,0.395835,0.314339,0.289826,1.1686,0.9605
2526,2026-03-08,I1,Milan,Inter,H,0.264571,0.252203,0.483226,1.2349,1.7346
2526,2026-03-09,I1,Lazio,Sassuolo,H,0.640525,0.202727,0.156748,2.2621,1.0492
2526,2026-03-13,I1,Torino,Parma,H,0.434051,0.303096,0.262853,1.282,0.9387
2526,2026-03-14,I1,Inter,Atalanta,D,0.52265,0.240923,0.236426,1.8707,1.2016
2526,2026-03-14,I1,Napoli,Lecce,H,0.690791,0.222208,0.087,1.8256,0.497
2526,2026-03-14,I1,Udinese,Juventus,A,0.199956,0.278855,0.52119,0.8359,1.5043
2526,2026-03-15,I1,Como,Roma,H,0.285921,0.281473,0.432607,1.1172,1.4287
2526,2026-03-15,I1,Lazio,Milan,H,0.368761,0.263383,0.367856,1.4621,1.4601
2526,2026-03-15,I1,Pisa,Cagliari,H,0.463098,0.272549,0.264353,1.5311,1.1013
2526,2026-03-15,I1,Sassuolo,Bologna,A,0.235177,0.239173,0.52565,1.2089,1.8911
2526,2026-03-15,I1,Verona,Genoa,A,0.301453,0.314799,0.383748,0.9866,1.1482
2526,2026-03-16,I1,Cremonese,Fiorentina,A,0.155062,0.219957,0.624982,0.9224,2.0371
2526,2026-03-20,I1,Cagliari,Napoli,A,0.155454,0.242034,0.602512,0.8054,1.8015
2526,2026-03-20,I1,Genoa,Udinese,A,0.405719,0.306334,0.287947,1.2278,0.9924
2526,2026-03-21,I1,Juventus,Sassuolo,D,0.678024,0.199902,0.122074,2.1886,0.8281
2526,2026-03-21,I1,Milan,Torino,H,0.535122,0.269473,0.195405,1.5816,0.8598
2526,2026-03-21,I1,Parma,Cremonese,A,0.535926,0.2488,0.215274,1.7816,1.0553
2526,2026-03-22,I1,Atalanta,Verona,H,0.731916,0.173841,0.094244,2.4103,0.7668
2526,2026-03-22,I1,Bologna,Lazio,A,0.385109,0.277037,0.337854,1.3889,1.2868
2526,2026-03-22,I1,Como,Pisa,H,0.461482,0.271578,0.26694,1.5379,1.1158
2526,2026-03-22,I1,Fiorentina,Inter,D,0.230557,0.253373,0.51607,1.0921,1.735
2526,2026-03-22,I1,Roma,Lecce,H,0.653388,0.23886,0.107752,1.7404,0.5636
2526,2026-04-04,I1,Lazio,Parma,D,0.581248,0.235039,0.183714,1.9098,0.9893
2526,2026-04-04,I1,Sassuolo,Cagliari,H,0.411263,0.255988,0.332749,1.6115,1.4316
2526,2026-04-04,I1,Verona,Fiorentina,A,0.198469,0.258464,0.543067,0.9267,1.6811
2526,2026-04-05,I1,Cremonese,Bologna,A,0.168876,0.232457,0.598666,0.9266,1.9195
2526,2026-04-05,I1,Inter,Roma,H,0.545923,0.255207,0.19887,1.7122,0.9457
2526,2026-04-05,I1,Pisa,Torino,A,0.355139,0.31874,0.326121,1.0799,1.0233
2526,2026-04-06,I1,Juventus,Genoa,H,0.558956,0.277468,0.163576,1.5062,0.6961
2526,2026-04-06,I1,Lecce,Atalanta,A,0.119919,0.221193,0.658888,0.703,1.9371
2526,2026-04-06,I1,Napoli,Milan,H,0.460295,0.271732,0.267973,1.5355,1.1184
2526,2026-04-06,I1,Udinese,Como,D,0.313941,0.283245,0.402814,1.1854,1.374
2526,2026-04-10,I1,Roma,Pisa,H,0.573171,0.250618,0.176211,1.7423,0.8659
2526,2026-04-11,I1,Atalanta,Juventus,A,0.429142,0.276679,0.294178,1.4613,1.1706
2526,2026-04-11,I1,Cagliari,Cremonese,H,0.499904,0.260723,0.239373,1.6589,1.082
2526,2026-04-11,I1,Milan,Udinese,A,0.621736,0.220763,0.157501,2.0327,0.932
2526,2026-04-11,I1,Torino,Verona,H,0.47459,0.310169,0.215241,1.272,0.7667
2526,2026-04-12,I1,Bologna,Lecce,H,0.608901,0.254882,0.136217,1.6589,0.6549
2526,2026-04-12,I1,Como,Inter,A,0.173073,0.231797,0.59513,0.9529,1.9327
2526,2026-04-12,I1,Genoa,Sassuolo,H,0.466875,0.268953,0.264172,1.5649,1.1224
2526,2026-04-12,I1,Parma,Napoli,D,0.174207,0.248898,0.576895,0.865,1.757
2526,2026-04-13,I1,Fiorentina,Lazio,H,0.408378,0.271283,0.320339,1.474,1.281
2526,2026-04-17,I1,Inter,Cagliari,H,0.787327,0.145278,0.067396,2.652,0.6824
2526,2026-04-17,I1,Sassuolo,Como,H,0.286951,0.249097,0.463952,1.3407,1.7512
2526,2026-04-18,I1,Napoli,Lazio,A,0.492157,0.275089,0.232754,1.5285,0.9765
2526,2026-04-18,I1,Roma,Atalanta,D,0.358841,0.270588,0.370571,1.3829,1.4087
2526,2026-04-18,I1,Udinese,Parma,A,0.4024,0.281001,0.316598,1.3897,1.2064
2526,2026-04-19,I1,Cremonese,Torino,D,0.232486,0.297385,0.470129,0.8711,1.3502
2526,2026-04-19,I1,Juventus,Bologna,H,0.467591,0.28702,0.245389,1.4212,0.9603
2526,2026-04-19,I1,Pisa,Genoa,A,0.388475,0.303801,0.307724,1.2173,1.0545
2526,2026-04-19,I1,Verona,Milan,A,0.171024,0.23445,0.594527,0.9265,1.9008
2526,2026-04-20,I1,Lecce,Fiorentina,D,0.17142,0.273288,0.555292,0.7443,1.5422
2526,2026-04-24,I1,Napoli,Cremonese,H,0.766771,0.162427,0.070802,2.4114,0.616
2526,2026-04-25,I1,Bologna,Roma,A,0.336108,0.28875,0.375142,1.2065,1.2883
2526,2026-04-25,I1,Parma,Pisa,H,0.370555,0.278446,0.351,1.3503,1.3081
2526,2026-04-25,I1,Verona,Lecce,D,0.403132,0.3293,0.267568,1.1016,0.8448
2526,2026-04-26,I1,Fiorentina,Sassuolo,D,0.644962,0.200278,0.154761,2.2911,1.0543
2526,2026-04-26,I1,Genoa,Como,A,0.330645,0.300262,0.369093,1.1269,1.2052
2526,2026-04-26,I1,Milan,Juventus,D,0.375609,0.28483,0.339561,1.3155,1.2391
2526,2026-04-26,I1,Torino,Inter,D,0.154851,0.259998,0.585152,0.7239,1.6385
2526,2026-04-27,I1,Cagliari,Atalanta,H,0.155062,0.208312,0.636625,0.9979,2.182
2526,2026-04-27,I1,Lazio,Udinese,D,0.565373,0.248112,0.186514,1.7749,0.9277
2526,2026-05-01,I1,Pisa,Lecce,A,0.497294,0.298039,0.204667,1.3592,0.7759
2526,2026-05-02,I1,Atalanta,Genoa,D,0.634,0.222672,0.143328,1.9804,0.837
2526,2026-05-02,I1,Como,Napoli,D,0.239608,0.278149,0.482243,0.9852,1.4987
2526,2026-05-02,I1,Udinese,Torino,H,0.328122,0.323644,0.348233,1.0049,1.0437
2526,2026-05-03,I1,Bologna,Cagliari,D,0.58655,0.237972,0.175478,1.8687,0.9297
2526,2026-05-03,I1,Inter,Parma,H,0.767095,0.15495,0.077955,2.5866,0.7329
2526,2026-05-03,I1,Juventus,Verona,D,0.653822,0.23058,0.115599,1.8332,0.6377
2526,2026-05-03,I1,Sassuolo,Milan,H,0.18572,0.206866,0.607414,1.2033,2.2694
2526,2026-05-04,I1,Cremonese,Lazio,A,0.156894,0.222482,0.620624,0.918,2.0114
2526,2026-05-04,I1,Roma,Fiorentina,H,0.440968,0.278135,0.280898,1.4641,1.1216
2526,2026-05-08,I1,Torino,Sassuolo,H,0.484906,0.275878,0.239216,1.5185,0.9956
2526,2026-05-09,I1,Cagliari,Udinese,A,0.364787,0.286615,0.348598,1.2823,1.2482
2526,2026-05-09,I1,Lazio,Inter,A,0.228465,0.254195,0.51734,1.0783,1.7267
2526,2026-05-09,I1,Lecce,Juventus,A,0.13869,0.279813,0.581497,0.5847,1.4732
2526,2026-05-10,I1,Cremonese,Pisa,H,0.256667,0.26872,0.474613,1.0977,1.5727
2526,2026-05-10,I1,Fiorentina,Genoa,D,0.527149,0.27015,0.202701,1.5768,0.8862
2526,2026-05-10,I1,Milan,Atalanta,A,0.36546,0.248851,0.385689,1.5819,1.6293
2526,2026-05-10,I1,Parma,Roma,A,0.212417,0.259421,0.528162,0.9809,1.675
2526,2026-05-10,I1,Verona,Como,A,0.257052,0.280459,0.46249,1.0323,1.4668
2526,2026-05-11,I1,Napoli,Bologna,A,0.506859,0.273955,0.219186,1.5427,0.9319
2021,2020-08-21,F1,Bordeaux,Nantes,D,0.471281,0.283175,0.245544,1.2669,0.8238
2021,2020-08-22,F1,Dijon,Angers,A,0.384467,0.286325,0.329207,1.135,1.026
2021,2020-08-22,F1,Lille,Rennes,D,0.471676,0.26361,0.264714,1.3984,0.9707
2021,2020-08-23,F1,Lorient,Strasbourg,H,0.447683,0.256422,0.295896,1.4302,1.1082
2021,2020-08-23,F1,Monaco,Reims,D,0.438333,0.280046,0.28162,1.2509,0.9388
2021,2020-08-23,F1,Nice,Lens,H,0.483517,0.263007,0.253477,1.4128,0.938
2021,2020-08-23,F1,Nimes,Brest,H,0.450329,0.240504,0.309168,1.5798,1.2651
2021,2020-08-28,F1,Lyon,Dijon,H,0.741959,0.158975,0.099066,2.3802,0.7354
2021,2020-08-29,F1,Rennes,Montpellier,H,0.495659,0.263964,0.240376,1.4141,0.8904
2021,2020-08-29,F1,Strasbourg,Nice,A,0.456577,0.259438,0.283985,1.4158,1.0536
2021,2020-08-30,F1,Angers,Bordeaux,A,0.377565,0.293152,0.329283,1.0875,0.9937
2021,2020-08-30,F1,Brest,Marseille,A,0.354888,0.245648,0.399464,1.352,1.4503
2021,2020-08-30,F1,Metz,Monaco,A,0.342036,0.249351,0.408613,1.2885,1.4336
2021,2020-08-30,F1,Nantes,Nimes,H,0.514377,0.249466,0.236157,1.5419,0.95
2021,2020-08-30,F1,Reims,Lille,A,0.361127,0.321573,0.3173,0.9373,0.8572
2021,2020-08-30,F1,St Etienne,Lorient,H,0.47323,0.251929,0.274842,1.4948,1.0706
2021,2020-09-10,F1,Lens,Paris SG,H,0.159567,0.179969,0.660464,1.0564,2.3311
2021,2020-09-11,F1,Bordeaux,Lyon,D,0.344665,0.259244,0.396091,1.2212,1.3301
2021,2020-09-12,F1,Montpellier,Nice,H,0.474004,0.272218,0.253778,1.339,0.8946
2021,2020-09-12,F1,St Etienne,Strasbourg,H,0.459769,0.246088,0.294143,1.5352,1.1734
2021,2020-09-13,F1,Angers,Reims,H,0.357283,0.337111,0.305606,0.8777,0.786
2021,2020-09-13,F1,Dijon,Brest,A,0.382095,0.264065,0.353839,1.2685,1.2095
2021,2020-09-13,F1,Lille,Metz,H,0.659638,0.208869,0.131493,1.8635,0.6783
2021,2020-09-13,F1,Lorient,Lens,A,0.460377,0.262957,0.276666,1.3925,1.0111
2021,2020-09-13,F1,Monaco,Nantes,H,0.487949,0.248496,0.263555,1.5371,1.0541
2021,2020-09-13,F1,Nimes,Rennes,A,0.337276,0.251244,0.41148,1.2613,1.422
2021,2020-09-13,F1,Paris SG,Marseille,A,0.771206,0.129475,0.099319,3.009,1.0339
2021,2020-09-15,F1,Montpellier,Lyon,H,0.350954,0.260649,0.388397,1.2263,1.3053
2021,2020-09-16,F1,Paris SG,Metz,H,0.900987,0.067986,0.031027,3.6348,0.6241
2021,2020-09-17,F1,Marseille,St Etienne,A,0.601742,0.207675,0.190583,1.9875,1.0173
2021,2020-09-18,F1,Lyon,Nimes,D,0.719317,0.160394,0.120289,2.4897,0.9158
2021,2020-09-19,F1,Lens,Bordeaux,H,0.410006,0.27593,0.314064,1.2375,1.0437
2021,2020-09-19,F1,Rennes,Monaco,H,0.556381,0.221291,0.222329,1.8439,1.0758
2021,2020-09-20,F1,Brest,Lorient,H,0.458371,0.256381,0.285248,1.4425,1.076
2021,2020-09-20,F1,Marseille,Lille,D,0.475091,0.24633,0.278579,1.5475,1.1201
2021,2020-09-20,F1,Metz,Reims,H,0.303067,0.326499,0.370433,0.8127,0.9346
2021,2020-09-20,F1,Montpellier,Angers,H,0.514304,0.270982,0.214714,1.3743,0.7749
2021,2020-09-20,F1,Nantes,St Etienne,D,0.462355,0.268797,0.268848,1.3518,0.9566
2021,2020-09-20,F1,Nice,Paris SG,A,0.180938,0.194228,0.624833,1.0718,2.1626
2021,2020-09-20,F1,Strasbourg,Dijon,H,0.58325,0.226503,0.190247,1.7623,0.8889
2021,2020-09-25,F1,Lille,Nantes,H,0.537893,0.26135,0.200757,1.4507,0.7642
2021,2020-09-26,F1,Marseille,Metz,D,0.688786,0.185227,0.125987,2.125,0.7711
2021,2020-09-26,F1,St Etienne,Rennes,A,0.374667,0.261783,0.36355,1.27,1.2466
2021,2020-09-27,F1,Angers,Brest,H,0.438921,0.272169,0.28891,1.3022,0.9973
2021,2020-09-27,F1,Bordeaux,Nice,D,0.468258,0.27227,0.259472,1.3334,0.9117
2021,2020-09-27,F1,Dijon,Montpellier,D,0.318213,0.278628,0.403159,1.0396,1.2101
2021,2020-09-27,F1,Lorient,Lyon,D,0.303411,0.248768,0.447821,1.1831,1.4967
2021,2020-09-27,F1,Monaco,Strasbourg,H,0.501743,0.225738,0.27252,1.7911,1.2602
2021,2020-09-27,F1,Nimes,Lens,D,0.436204,0.248463,0.315333,1.4845,1.2212
2021,2020-09-27,F1,Reims,Paris SG,A,0.195704,0.235686,0.56861,0.8625,1.6721
2021,2020-10-02,F1,Paris SG,Angers,H,0.84364,0.1027,0.053661,3.0569,0.6741
2021,2020-10-03,F1,Lens,St Etienne,H,0.46452,0.253335,0.282145,1.4745,1.0854
2021,2020-10-03,F1,Nice,Nantes,H,0.455941,0.284307,0.259752,1.2452,0.8599
2021,2020-10-04,F1,Bordeaux,Dijon,H,0.58964,0.235747,0.174613,1.6597,0.7692
2021,2020-10-04,F1,Brest,Monaco,H,0.447075,0.234475,0.318451,1.6404,1.3475
2021,2020-10-04,F1,Lyon,Marseille,D,0.556763,0.214841,0.228396,1.9319,1.1579
2021,2020-10-04,F1,Metz,Lorient,H,0.358176,0.277853,0.363972,1.133,1.1447
2021,2020-10-04,F1,Montpellier,Nimes,A,0.566101,0.22917,0.204728,1.7433,0.94
2021,2020-10-04,F1,Rennes,Reims,D,0.471796,0.302546,0.225658,1.163,0.7014
2021,2020-10-04,F1,Strasbourg,Lille,A,0.375529,0.263684,0.360787,1.2583,1.2274
2021,2020-10-16,F1,Dijon,Rennes,D,0.282913,0.266046,0.451041,1.0128,1.3595
2021,2020-10-16,F1,Nimes,Paris SG,A,0.12667,0.147405,0.725924,1.1262,2.8156
2021,2020-10-17,F1,Marseille,Bordeaux,H,0.538808,0.236814,0.224378,1.668,0.9781
2021,2020-10-17,F1,Reims,Lorient,A,0.457457,0.305163,0.23738,1.1369,0.7252
2021,2020-10-18,F1,Angers,Metz,D,0.515168,0.269418,0.215414,1.3854,0.7833
2021,2020-10-18,F1,Lille,Lens,H,0.569643,0.238255,0.192102,1.6459,0.8336
2021,2020-10-18,F1,Monaco,Montpellier,D,0.451997,0.246693,0.301309,1.5209,1.1918
2021,2020-10-18,F1,Nantes,Brest,H,0.472384,0.269177,0.25844,1.3585,0.9232
2021,2020-10-18,F1,St Etienne,Nice,A,0.441236,0.260867,0.297897,1.3867,1.0862
2021,2020-10-18,F1,Strasbourg,Lyon,A,0.324663,0.242434,0.432903,1.2967,1.5372
2021,2020-10-23,F1,Rennes,Angers,A,0.564668,0.249633,0.185699,1.5439,0.7549
2021,2020-10-24,F1,Lorient,Marseille,A,0.360172,0.252906,0.386922,1.3051,1.3629
2021,2020-10-24,F1,Paris SG,Dijon,H,0.901563,0.066892,0.031545,3.7073,0.6566
2021,2020-10-25,F1,Bordeaux,Nimes,H,0.56,0.230069,0.20993,1.7361,0.9579
2021,2020-10-25,F1,Brest,Strasbourg,A,0.444807,0.250038,0.305155,1.4815,1.1793
2021,2020-10-25,F1,Lyon,Monaco,H,0.65848,0.179716,0.161804,2.3441,1.0758
2021,2020-10-25,F1,Metz,St Etienne,H,0.359309,0.267348,0.373343,1.1997,1.2288
2021,2020-10-25,F1,Montpellier,Reims,A,0.426315,0.320561,0.253124,1.0353,0.7199
2021,2020-10-25,F1,Nice,Lille,D,0.37491,0.278029,0.34706,1.1648,1.1087
2021,2020-10-31,F1,Nantes,Paris SG,A,0.172403,0.200252,0.627345,0.9685,2.0547
2021,2020-10-31,F1,Rennes,Brest,H,0.574417,0.230345,0.195238,1.7255,0.8899
2021,2020-11-01,F1,Angers,Nice,A,0.395657,0.289726,0.314617,1.1352,0.9768
2021,2020-11-01,F1,Dijon,Lorient,D,0.369982,0.271996,0.358022,1.192,1.1675
2021,2020-11-01,F1,Lille,Lyon,D,0.411283,0.253987,0.33473,1.3984,1.234
2021,2020-11-01,F1,Monaco,Bordeaux,H,0.460378,0.244636,0.294987,1.5498,1.1868
2021,2020-11-01,F1,Nimes,Metz,A,0.538065,0.235622,0.226313,1.6807,0.9937
2021,2020-11-01,F1,Reims,Strasbourg,H,0.449145,0.297141,0.253714,1.1677,0.7949
2021,2020-11-01,F1,St Etienne,Montpellier,A,0.413446,0.266814,0.31974,1.3036,1.1097
2021,2020-11-06,F1,Strasbourg,Marseille,A,0.384638,0.244575,0.370787,1.4304,1.3997
2021,2020-11-07,F1,Bordeaux,Montpellier,A,0.440874,0.280119,0.279007,1.2535,0.9313
2021,2020-11-07,F1,Paris SG,Rennes,H,0.760568,0.140567,0.098865,2.7277,0.8932
2021,2020-11-08,F1,Brest,Lille,H,0.347706,0.264999,0.387294,1.1893,1.2718
2021,2020-11-08,F1,Lens,Reims,D,0.388578,0.316926,0.294496,0.9988,0.8255
2021,2020-11-08,F1,Lorient,Nantes,A,0.434387,0.283145,0.282468,1.2273,0.9269
2021,2020-11-08,F1,Lyon,St Etienne,H,0.663599,0.186946,0.149455,2.1826,0.9222
2021,2020-11-08,F1,Metz,Dijon,D,0.444751,0.272308,0.282942,1.3083,0.9799
2021,2020-11-08,F1,Nice,Monaco,A,0.477238,0.240519,0.282243,1.6067,1.1747
2021,2020-11-08,F1,Nimes,Angers,A,0.451374,0.259012,0.289614,1.4135,1.0732
2021,2020-11-20,F1,Monaco,Paris SG,H,0.173582,0.167077,0.659341,1.323,2.651
2021,2020-11-20,F1,Rennes,Bordeaux,A,0.503804,0.261048,0.235148,1.441,0.8867
2021,2020-11-21,F1,Brest,St Etienne,H,0.461983,0.247158,0.29086,1.5274,1.155
2021,2020-11-22,F1,Angers,Lyon,A,0.278667,0.259025,0.462309,1.0397,1.4251
2021,2020-11-22,F1,Dijon,Lens,A,0.369982,0.271996,0.358022,1.192,1.1675
2021,2020-11-22,F1,Lille,Lorient,H,0.569643,0.238255,0.192102,1.6459,0.8336
2021,2020-11-22,F1,Montpellier,Strasbourg,H,0.494978,0.255266,0.249756,1.4823,0.9664
2021,2020-11-22,F1,Nantes,Metz,D,0.5468,0.262247,0.190953,1.4453,0.7251
2021,2020-11-22,F1,Reims,Nimes,A,0.514456,0.271151,0.214393,1.3732,0.7731
2021,2020-11-25,F1,Lens,Nantes,D,0.434387,0.283145,0.282468,1.2273,0.9269
2021,2020-11-27,F1,Strasbourg,Rennes,D,0.389747,0.262165,0.348088,1.2967,1.2091
2021,2020-11-28,F1,Marseille,Nantes,H,0.562732,0.237673,0.199595,1.6543,0.8688
2021,2020-11-28,F1,Paris SG,Bordeaux,D,0.797945,0.124829,0.077226,2.8532,0.7918
2021,2020-11-29,F1,Lens,Angers,A,0.471872,0.273886,0.254241,1.3259,0.8885
2021,2020-11-29,F1,Lorient,Montpellier,A,0.402472,0.277747,0.31978,1.2144,1.048
2021,2020-11-29,F1,Lyon,Reims,H,0.561983,0.257824,0.180193,1.4785,0.7014
2021,2020-11-29,F1,Metz,Brest,A,0.369932,0.269822,0.360246,1.2058,1.1858
2021,2020-11-29,F1,Monaco,Nimes,H,0.578371,0.202414,0.219215,2.1063,1.2258
2021,2020-11-29,F1,Nice,Dijon,A,0.573992,0.239563,0.186445,1.6314,0.8029
2021,2020-11-29,F1,St Etienne,Lille,D,0.360662,0.262918,0.37642,1.2324,1.2655
2021,2020-12-04,F1,Nimes,Marseille,A,0.327911,0.233025,0.439065,1.3913,1.6461
2021,2020-12-05,F1,Montpellier,Paris SG,A,0.201368,0.205576,0.593056,1.095,2.033
2021,2020-12-05,F1,Rennes,Lens,A,0.557147,0.241194,0.201659,1.6214,0.859
2021,2020-12-06,F1,Angers,Lorient,H,0.424811,0.281663,0.293526,1.2237,0.9627
2021,2020-12-06,F1,Bordeaux,Brest,H,0.515985,0.25092,0.233095,1.5296,0.9308
2021,2020-12-06,F1,Dijon,St Etienne,D,0.371174,0.261871,0.366954,1.2622,1.2533
2021,2020-12-06,F1,Lille,Monaco,H,0.570211,0.218466,0.211323,1.8718,1.044
2021,2020-12-06,F1,Metz,Lyon,A,0.216844,0.234179,0.548977,0.9627,1.6945
2021,2020-12-06,F1,Nantes,Strasbourg,A,0.446281,0.272164,0.281555,1.3111,0.9767
2021,2020-12-06,F1,Reims,Nice,D,0.428634,0.316492,0.254874,1.0547,0.7358
2021,2020-12-11,F1,St Etienne,Angers,D,0.485641,0.261843,0.252517,1.4233,0.9408
2021,2020-12-12,F1,Lens,Montpellier,A,0.402472,0.277747,0.31978,1.2144,1.048
2021,2020-12-12,F1,Marseille,Monaco,H,0.59293,0.19952,0.20755,2.1345,1.1868
2021,2020-12-13,F1,Brest,Reims,H,0.38761,0.307984,0.304406,1.0347,0.8785
2021,2020-12-13,F1,Lille,Bordeaux,H,0.516225,0.258989,0.224786,1.4627,0.8605
2021,2020-12-13,F1,Lorient,Nimes,H,0.518114,0.235385,0.2465,1.6819,1.0779
2021,2020-12-13,F1,Nantes,Dijon,D,0.544467,0.258392,0.197141,1.4741,0.7629
2021,2020-12-13,F1,Nice,Rennes,A,0.38861,0.276254,0.335136,1.2004,1.0922
2021,2020-12-13,F1,Paris SG,Lyon,A,0.710596,0.153912,0.135491,2.7277,1.1355
2021,2020-12-13,F1,Strasbourg,Metz,D,0.586323,0.229382,0.184295,1.7279,0.8449
2021,2020-12-16,F1,Angers,Strasbourg,A,0.412804,0.273591,0.313605,1.2568,1.0551
2021,2020-12-16,F1,Bordeaux,St Etienne,A,0.505697,0.251315,0.242989,1.522,0.9646
2021,2020-12-16,F1,Dijon,Lille,A,0.271145,0.265079,0.463777,0.9828,1.38
2021,2020-12-16,F1,Lyon,Brest,D,0.673275,0.184519,0.142206,2.1936,0.8899
2021,2020-12-16,F1,Monaco,Lens,A,0.51597,0.229891,0.254138,1.7439,1.1498
2021,2020-12-16,F1,Montpellier,Metz,A,0.597028,0.237893,0.165078,1.6341,0.7175
2021,2020-12-16,F1,Nimes,Nice,A,0.404648,0.2552,0.340152,1.3772,1.239
2021,2020-12-16,F1,Paris SG,Lorient,H,0.843148,0.099808,0.057044,3.2105,0.7671
2021,2020-12-16,F1,Reims,Nantes,H,0.429345,0.330122,0.240534,1.0021,0.6649
2021,2020-12-16,F1,Rennes,Marseille,H,0.459363,0.247698,0.292939,1.5197,1.1579
2021,2020-12-19,F1,Marseille,Reims,D,0.506814,0.274608,0.218577,1.3463,0.7737
2021,2020-12-19,F1,Metz,Lens,H,0.358176,0.277853,0.363972,1.133,1.1447
2021,2020-12-19,F1,Nice,Lyon,A,0.327839,0.256137,0.416024,1.2004,1.3885
2021,2020-12-20,F1,Brest,Montpellier,D,0.399659,0.27021,0.330131,1.258,1.1153
2021,2020-12-20,F1,Dijon,Monaco,A,0.353492,0.244821,0.401687,1.3556,1.4622
2021,2020-12-20,F1,Lille,Paris SG,D,0.249872,0.216277,0.533851,1.2487,1.922
2021,2020-12-20,F1,Lorient,Rennes,A,0.365433,0.271961,0.362606,1.1831,1.1773
2021,2020-12-20,F1,Nantes,Angers,D,0.466534,0.291409,0.242056,1.2155,0.7831
2021,2020-12-20,F1,St Etienne,Nimes,D,0.532236,0.22491,0.242855,1.8055,1.1413
2021,2020-12-20,F1,Strasbourg,Bordeaux,A,0.43637,0.264059,0.299571,1.3563,1.0719
2021,2020-12-23,F1,Angers,Marseille,H,0.331047,0.265408,0.403544,1.1469,1.2976
2021,2020-12-23,F1,Bordeaux,Reims,A,0.421461,0.320146,0.258393,1.031,0.7336
2021,2020-12-23,F1,Lens,Brest,H,0.47537,0.25363,0.270999,1.4819,1.0474
2021,2020-12-23,F1,Lyon,Nantes,H,0.621291,0.218246,0.160463,1.8168,0.7875
2021,2020-12-23,F1,Monaco,St Etienne,D,0.520263,0.22179,0.257946,1.8466,1.2343
2021,2020-12-23,F1,Montpellier,Lille,A,0.396773,0.280277,0.322951,1.19,1.0423
2021,2020-12-23,F1,Nice,Lorient,D,0.483517,0.263007,0.253477,1.4128,0.938
2021,2020-12-23,F1,Nimes,Dijon,A,0.533579,0.232576,0.233845,1.7142,1.0454
2021,2020-12-23,F1,Paris SG,Strasbourg,H,0.839437,0.099678,0.060885,3.2973,0.8407
2021,2020-12-23,F1,Rennes,Metz,H,0.648286,0.212978,0.138736,1.8357,0.699
2021,2021-01-06,F1,Brest,Nice,H,0.426931,0.264778,0.308291,1.3382,1.0917
2021,2021-01-06,F1,Lille,Angers,A,0.576491,0.246515,0.176994,1.5672,0.7325
2021,2021-01-06,F1,Lorient,Monaco,A,0.451002,0.240213,0.308785,1.5836,1.2663
2021,2021-01-06,F1,Lyon,Lens,H,0.65502,0.195585,0.149395,2.0613,0.8591
2021,2021-01-06,F1,Marseille,Montpellier,H,0.53023,0.239836,0.229934,1.6369,0.9822
2021,2021-01-06,F1,Metz,Bordeaux,D,0.314379,0.283254,0.402368,1.0069,1.1816
2021,2021-01-06,F1,Nantes,Rennes,D,0.367008,0.289973,0.343019,1.0846,1.0377
2021,2021-01-06,F1,Reims,Dijon,D,0.538335,0.282164,0.179501,1.3128,0.6208
2021,2021-01-06,F1,St Etienne,Paris SG,D,0.159558,0.172536,0.667905,1.134,2.4684
2021,2021-01-06,F1,Strasbourg,Nimes,H,0.548897,0.22161,0.229493,1.8433,1.107
2021,2021-01-09,F1,Bordeaux,Lorient,H,0.499869,0.261233,0.238898,1.4373,0.8986
2021,2021-01-09,F1,Dijon,Marseille,D,0.273454,0.244202,0.482345,1.1172,1.5737
2021,2021-01-09,F1,Lens,Strasbourg,A,0.447683,0.256422,0.295896,1.4302,1.1082
2021,2021-01-09,F1,Metz,Nice,D,0.331206,0.282233,0.386562,1.0511,1.1614
2021,2021-01-09,F1,Monaco,Angers,H,0.529117,0.237532,0.233351,1.6605,1.0104
2021,2021-01-09,F1,Montpellier,Nantes,D,0.47671,0.283088,0.240201,1.2721,0.8084
2021,2021-01-09,F1,Nimes,Lille,A,0.323596,0.251274,0.425129,1.2239,1.4435
2021,2021-01-09,F1,Paris SG,Brest,H,0.858424,0.090025,0.051551,3.4166,0.7946
2021,2021-01-09,F1,Reims,St Etienne,H,0.464218,0.293164,0.242617,1.2038,0.7785
2021,2021-01-09,F1,Rennes,Lyon,D,0.397793,0.253644,0.348563,1.3776,1.2716
2021,2021-01-15,F1,Montpellier,Monaco,A,0.502051,0.238687,0.259262,1.6414,1.1043
2021,2021-01-16,F1,Angers,Paris SG,A,0.146934,0.183922,0.669144,0.9283,2.2196
2021,2021-01-16,F1,Marseille,Nimes,A,0.659083,0.183334,0.157583,2.267,1.0102
2021,2021-01-17,F1,Brest,Rennes,A,0.361396,0.264147,0.374457,1.2256,1.2529
2021,2021-01-17,F1,Lille,Reims,H,0.482709,0.300845,0.216445,1.1806,0.6806
2021,2021-01-17,F1,Lyon,Metz,A,0.742747,0.160868,0.096384,2.3337,0.699
2021,2021-01-17,F1,Nantes,Lens,D,0.45726,0.279351,0.263388,1.2766,0.8912
2021,2021-01-17,F1,Nice,Bordeaux,A,0.432657,0.27814,0.289204,1.2556,0.9682
2021,2021-01-17,F1,Strasbourg,St Etienne,H,0.493407,0.240702,0.265891,1.616,1.1147
2021,2021-01-20,F1,Marseille,Lens,A,0.594632,0.216241,0.189128,1.877,0.9476
2021,2021-01-22,F1,Paris SG,Montpellier,H,0.790421,0.128893,0.080686,2.7999,0.7951
2021,2021-01-23,F1,Lens,Nice,A,0.429345,0.271867,0.298787,1.2918,1.0258
2021,2021-01-23,F1,Monaco,Marseille,H,0.40371,0.228802,0.367488,1.6345,1.5498
2021,2021-01-24,F1,Bordeaux,Angers,H,0.508891,0.271428,0.219681,1.3686,0.7896
2021,2021-01-24,F1,Dijon,Strasbourg,D,0.355581,0.262469,0.38195,1.2242,1.2796
2021,2021-01-24,F1,Metz,Nantes,H,0.338643,0.296375,0.364981,0.9986,1.0494
2021,2021-01-24,F1,Reims,Brest,H,0.473041,0.293554,0.233405,1.2099,0.7513
2021,2021-01-24,F1,Rennes,Lille,A,0.444224,0.268096,0.28768,1.3368,1.0154
2021,2021-01-24,F1,St Etienne,Lyon,A,0.309493,0.240032,0.450476,1.27,1.5848
2021,2021-01-27,F1,Lorient,Dijon,H,0.552172,0.242708,0.205119,1.608,0.8655
2021,2021-01-29,F1,Lyon,Bordeaux,H,0.599635,0.219316,0.181049,1.8319,0.8867
2021,2021-01-30,F1,Montpellier,Lens,A,0.50567,0.260869,0.233461,1.4433,0.8818
2021,2021-01-31,F1,Angers,Nimes,H,0.47937,0.254476,0.266154,1.478,1.0263
2021,2021-01-31,F1,Brest,Metz,A,0.555853,0.240015,0.204132,1.6331,0.8755
2021,2021-01-31,F1,Lille,Dijon,H,0.658394,0.206157,0.13545,1.9006,0.7136
2021,2021-01-31,F1,Lorient,Paris SG,H,0.159567,0.179969,0.660464,1.0564,2.3311
2021,2021-01-31,F1,Nantes,Monaco,A,0.451507,0.254372,0.294121,1.4518,1.1161
2021,2021-01-31,F1,Nice,St Etienne,A,0.488702,0.253177,0.25812,1.496,1.0069
2021,2021-01-31,F1,Strasbourg,Reims,A,0.413662,0.303138,0.2832,1.0947,0.8478
2021,2021-02-03,F1,Bordeaux,Lille,A,0.390921,0.279456,0.329622,1.185,1.0621
2021,2021-02-03,F1,Dijon,Lyon,A,0.224024,0.231195,0.544781,1.0128,1.7283
2021,2021-02-03,F1,Lens,Marseille,D,0.360172,0.252906,0.386922,1.3051,1.3629
2021,2021-02-03,F1,Metz,Montpellier,D,0.307955,0.283934,0.408111,0.9881,1.1865
2021,2021-02-03,F1,Monaco,Nice,H,0.481842,0.239784,0.278374,1.6178,1.1666
2021,2021-02-03,F1,Paris SG,Nimes,H,0.892074,0.06952,0.038406,3.8777,0.8177
2021,2021-02-03,F1,Reims,Angers,D,0.463242,0.318721,0.218037,1.0825,0.6373
2021,2021-02-03,F1,Rennes,Lorient,D,0.557147,0.241194,0.201659,1.6214,0.859
2021,2021-02-03,F1,St Etienne,Nantes,D,0.44692,0.27133,0.28175,1.3175,0.9815
2021,2021-02-03,F1,Strasbourg,Brest,D,0.50458,0.240458,0.254962,1.6241,1.0757
2021,2021-02-06,F1,Lens,Rennes,D,0.365433,0.271961,0.362606,1.1831,1.1773
2021,2021-02-06,F1,Lorient,Reims,H,0.388578,0.316926,0.294496,0.9988,0.8255
2021,2021-02-06,F1,Lyon,Strasbourg,H,0.646291,0.19365,0.160059,2.117,0.9415
2021,2021-02-07,F1,Brest,Bordeaux,H,0.407287,0.268531,0.324182,1.282,1.1106
2021,2021-02-07,F1,Marseille,Paris SG,A,0.249241,0.199808,0.55095,1.4239,2.1848
2021,2021-02-07,F1,Montpellier,Dijon,H,0.595049,0.234657,0.170294,1.6666,0.7548
2021,2021-02-07,F1,Nantes,Lille,A,0.354048,0.291467,0.354484,1.0525,1.0534
2021,2021-02-07,F1,Nice,Angers,H,0.49346,0.27353,0.23301,1.3452,0.8243
2021,2021-02-07,F1,Nimes,Monaco,A,0.42031,0.226976,0.352714,1.6882,1.5294
2021,2021-02-07,F1,St Etienne,Metz,H,0.571287,0.233604,0.195109,1.6924,0.8711
2021,2021-02-13,F1,Lyon,Montpellier,A,0.590997,0.222889,0.186115,1.7977,0.8904
2021,2021-02-13,F1,Paris SG,Nice,H,0.815823,0.115247,0.06893,2.9784,0.7783
2021,2021-02-13,F1,Reims,Lens,D,0.457457,0.305163,0.23738,1.1369,0.7252
2021,2021-02-14,F1,Angers,Nantes,A,0.400356,0.302551,0.297093,1.0785,0.8826
2021,2021-02-14,F1,Bordeaux,Marseille,D,0.402769,0.258572,0.338659,1.3471,1.2112
2021,2021-02-14,F1,Dijon,Nimes,A,0.419632,0.250732,0.329636,1.4397,1.2447
2021,2021-02-14,F1,Lille,Brest,D,0.587142,0.227174,0.185684,1.7516,0.8636
2021,2021-02-14,F1,Metz,Strasbourg,A,0.344167,0.267714,0.388118,1.1637,1.2546
2021,2021-02-14,F1,Monaco,Lorient,D,0.51597,0.229891,0.254138,1.7439,1.1498
2021,2021-02-14,F1,Rennes,St Etienne,A,0.564322,0.231625,0.204052,1.7169,0.9222
2021,2021-02-17,F1,Marseille,Nice,H,0.560351,0.229595,0.210054,1.7413,0.9615
2021,2021-02-19,F1,Brest,Lyon,A,0.297159,0.240537,0.462303,1.2256,1.5928
2021,2021-02-20,F1,Nantes,Marseille,D,0.364137,0.269428,0.366435,1.1965,1.2012
2021,2021-02-20,F1,St Etienne,Reims,D,0.400394,0.303928,0.295678,1.0722,0.8741
2021,2021-02-21,F1,Lens,Dijon,H,0.552172,0.242708,0.205119,1.608,0.8655
2021,2021-02-21,F1,Lorient,Lille,A,0.351943,0.273064,0.374993,1.1481,1.1951
2021,2021-02-21,F1,Montpellier,Rennes,H,0.410677,0.277897,0.311426,1.2263,1.0268
2021,2021-02-21,F1,Nice,Metz,A,0.576482,0.24287,0.180649,1.5995,0.7632
2021,2021-02-21,F1,Nimes,Bordeaux,H,0.384854,0.257892,0.357254,1.3193,1.2605
2021,2021-02-21,F1,Paris SG,Monaco,A,0.853962,0.088423,0.057616,3.651,0.9606
2021,2021-02-21,F1,Strasbourg,Angers,D,0.500595,0.259262,0.240144,1.4532,0.9125
2021,2021-02-24,F1,Nimes,Lorient,H,0.436204,0.248463,0.315333,1.4845,1.2212
2021,2021-02-26,F1,Rennes,Nice,A,0.524285,0.254194,0.221522,1.5042,0.8716
2021,2021-02-27,F1,Bordeaux,Metz,A,0.591768,0.238991,0.169242,1.6273,0.7311
2021,2021-02-27,F1,Dijon,Paris SG,A,0.103004,0.14393,0.753066,0.9043,2.6918
2021,2021-02-28,F1,Angers,Lens,D,0.424811,0.281663,0.293526,1.2237,0.9627
2021,2021-02-28,F1,Lille,Strasbourg,D,0.560152,0.234249,0.205599,1.6904,0.9136
2021,2021-02-28,F1,Lorient,St Etienne,H,0.46452,0.253335,0.282145,1.4745,1.0854
2021,2021-02-28,F1,Marseille,Lyon,D,0.424352,0.235629,0.340019,1.5947,1.4028
2021,2021-02-28,F1,Monaco,Brest,H,0.532202,0.22104,0.246758,1.8559,1.1911
2021,2021-02-28,F1,Nimes,Nantes,D,0.412534,0.265941,0.321526,1.3084,1.1196
2021,2021-02-28,F1,Reims,Montpellier,D,0.403964,0.324426,0.27161,0.9915,0.7517
2021,2021-03-03,F1,Bordeaux,Paris SG,A,0.195585,0.202265,0.602149,1.0904,2.0717
2021,2021-03-03,F1,Brest,Dijon,H,0.552342,0.236846,0.210812,1.6657,0.9211
2021,2021-03-03,F1,Lille,Marseille,H,0.47305,0.246658,0.280293,1.5426,1.1236
2021,2021-03-03,F1,Lyon,Rennes,H,0.553224,0.228966,0.21781,1.7513,1.0003
2021,2021-03-03,F1,Metz,Angers,A,0.372255,0.293016,0.334728,1.0788,1.0059
2021,2021-03-03,F1,Montpellier,Lorient,D,0.50567,0.260869,0.233461,1.4433,0.8818
2021,2021-03-03,F1,Nantes,Reims,A,0.38416,0.338026,0.277814,0.9157,0.7276
2021,2021-03-03,F1,Nice,Nimes,H,0.542704,0.233192,0.224103,1.7064,1.0
2021,2021-03-03,F1,St Etienne,Lens,A,0.47323,0.251929,0.274842,1.4948,1.0706
2021,2021-03-03,F1,Strasbourg,Monaco,H,0.479878,0.229195,0.290927,1.7356,1.3005
2021,2021-03-10,F1,Marseille,Rennes,H,0.490783,0.242659,0.266558,1.5947,1.1034
2021,2021-03-12,F1,Reims,Lyon,D,0.323717,0.296686,0.379597,0.966,1.0736
2021,2021-03-13,F1,Angers,St Etienne,A,0.428654,0.271155,0.300191,1.2957,1.0335
2021,2021-03-13,F1,Marseille,Brest,H,0.612342,0.205843,0.181815,1.9974,0.9817
2021,2021-03-14,F1,Dijon,Bordeaux,A,0.324842,0.277885,0.397273,1.0593,1.2051
2021,2021-03-14,F1,Lens,Metz,D,0.555275,0.24607,0.198654,1.5765,0.8227
2021,2021-03-14,F1,Lorient,Nice,D,0.429345,0.271867,0.298787,1.2918,1.0258
2021,2021-03-14,F1,Monaco,Lille,D,0.394834,0.246039,0.359126,1.4378,1.3591
2021,2021-03-14,F1,Nimes,Montpellier,D,0.377237,0.259134,0.363629,1.2946,1.2658
2021,2021-03-14,F1,Paris SG,Nantes,A,0.812435,0.120295,0.06727,2.8297,0.7032
2021,2021-03-14,F1,Rennes,Strasbourg,H,0.54716,0.236989,0.215851,1.6653,0.9415
2021,2021-03-19,F1,St Etienne,Monaco,A,0.462665,0.230882,0.306453,1.6999,1.3408
2021,2021-03-20,F1,Metz,Rennes,A,0.273783,0.270513,0.455704,0.9626,1.3329
2021,2021-03-20,F1,Nice,Marseille,H,0.385347,0.257383,0.35727,1.3241,1.2643
2021,2021-03-21,F1,Brest,Angers,D,0.471014,0.266907,0.262079,1.3735,0.9455
2021,2021-03-21,F1,Dijon,Reims,A,0.313288,0.31986,0.366852,0.855,0.9532
2021,2021-03-21,F1,Lille,Nimes,A,0.632865,0.203826,0.163309,1.988,0.8887
2021,2021-03-21,F1,Lyon,Paris SG,A,0.30968,0.211678,0.478642,1.5638,1.9806
2021,2021-03-21,F1,Montpellier,Bordeaux,H,0.454332,0.277891,0.267776,1.2827,0.9102
2021,2021-03-21,F1,Nantes,Lorient,D,0.45726,0.279351,0.263388,1.2766,0.8912
2021,2021-03-21,F1,Strasbourg,Lens,A,0.488905,0.249766,0.261329,1.5262,1.0384
2021,2021-04-03,F1,Lens,Lyon,D,0.303411,0.248768,0.447821,1.1831,1.4967
2021,2021-04-03,F1,Monaco,Metz,H,0.618598,0.206645,0.174757,1.9744,0.9356
2021,2021-04-03,F1,Paris SG,Lille,A,0.745921,0.147476,0.106603,2.647,0.9067
2021,2021-04-04,F1,Angers,Montpellier,D,0.370532,0.294761,0.334707,1.0672,0.9979
2021,2021-04-04,F1,Bordeaux,Strasbourg,A,0.488899,0.255528,0.255573,1.4762,0.9848
2021,2021-04-04,F1,Lorient,Brest,H,0.47537,0.25363,0.270999,1.4819,1.0474
2021,2021-04-04,F1,Marseille,Dijon,H,0.687063,0.183161,0.129776,2.1674,0.8112
2021,2021-04-04,F1,Nantes,Nice,A,0.427246,0.289092,0.283661,1.1843,0.9042
2021,2021-04-04,F1,Nimes,St Etienne,A,0.438369,0.239769,0.321862,1.5719,1.3109
2021,2021-04-04,F1,Reims,Rennes,D,0.373434,0.319326,0.30724,0.9659,0.8445
2021,2021-04-09,F1,Metz,Lille,A,0.262405,0.269412,0.468183,0.9341,1.3531
2021,2021-04-10,F1,Montpellier,Marseille,D,0.409177,0.25925,0.331573,1.3527,1.1886
2021,2021-04-10,F1,Strasbourg,Paris SG,A,0.171571,0.178996,0.649433,1.1578,2.3942
2021,2021-04-11,F1,Brest,Nimes,D,0.516229,0.230033,0.253738,1.7423,1.1471
2021,2021-04-11,F1,Lens,Lorient,H,0.460377,0.262957,0.276666,1.3925,1.0111
2021,2021-04-11,F1,Lyon,Angers,H,0.660804,0.201163,0.138033,1.9627,0.7549
2021,2021-04-11,F1,Monaco,Dijon,H,0.615134,0.204437,0.18043,2.0138,0.9843
2021,2021-04-11,F1,Nice,Reims,D,0.407708,0.320095,0.272198,1.0134,0.7658
2021,2021-04-11,F1,Rennes,Nantes,H,0.525993,0.263863,0.210144,1.4291,0.7875
2021,2021-04-11,F1,St Etienne,Bordeaux,H,0.421232,0.264996,0.313772,1.3284,1.1051
2021,2021-04-16,F1,Lille,Montpellier,D,0.508046,0.262052,0.229902,1.4354,0.864
2021,2021-04-17,F1,Angers,Rennes,A,0.336076,0.286602,0.377322,1.0397,1.121
2021,2021-04-17,F1,Marseille,Lorient,H,0.594632,0.216241,0.189128,1.877,0.9476
2021,2021-04-18,F1,Bordeaux,Monaco,A,0.495479,0.239023,0.265498,1.6346,1.1253
2021,2021-04-18,F1,Brest,Lens,D,0.458371,0.256381,0.285248,1.4425,1.076
2021,2021-04-18,F1,Dijon,Nice,H,0.342198,0.276655,0.381147,1.1058,1.1846
2021,2021-04-18,F1,Nantes,Lyon,A,0.309932,0.266711,0.423357,1.0846,1.3192
2021,2021-04-18,F1,Nimes,Strasbourg,D,0.420833,0.241825,0.337342,1.5246,1.3384
2021,2021-04-18,F1,Paris SG,St Etienne,H,0.852245,0.092837,0.054918,3.3995,0.8234
2021,2021-04-18,F1,Reims,Metz,D,0.539426,0.286711,0.173863,1.2872,0.5901
2021,2021-04-23,F1,Reims,Marseille,A,0.374557,0.296559,0.328884,1.0656,0.9776
2021,2021-04-24,F1,Metz,Paris SG,A,0.100073,0.145209,0.754718,0.8596,2.6392
2021,2021-04-24,F1,St Etienne,Brest,A,0.488484,0.242908,0.268608,1.5908,1.1091
2021,2021-04-25,F1,Angers,Monaco,A,0.415662,0.255689,0.328649,1.3916,1.2057
2021,2021-04-25,F1,Lens,Nimes,H,0.518114,0.235385,0.2465,1.6819,1.0779
2021,2021-04-25,F1,Lorient,Bordeaux,H,0.410006,0.27593,0.314064,1.2375,1.0437
2021,2021-04-25,F1,Lyon,Lille,A,0.537299,0.233885,0.228816,1.6995,1.0154
2021,2021-04-25,F1,Nice,Montpellier,H,0.425007,0.280302,0.294691,1.2321,0.9722
2021,2021-04-25,F1,Rennes,Dijon,H,0.646797,0.210238,0.142965,1.8723,0.7354
2021,2021-04-25,F1,Strasbourg,Nantes,A,0.461663,0.269638,0.268699,1.3452,0.952
2021,2021-04-30,F1,Marseille,Strasbourg,D,0.583823,0.21343,0.202747,1.9277,1.0386
2021,2021-05-01,F1,Lille,Nice,H,0.536733,0.251776,0.211491,1.5269,0.8458
2021,2021-05-01,F1,Paris SG,Lens,H,0.843148,0.099808,0.057044,3.2105,0.7671
2021,2021-05-02,F1,Bordeaux,Rennes,H,0.404786,0.277244,0.317971,1.2212,1.0463
2021,2021-05-02,F1,Brest,Nantes,A,0.432845,0.275677,0.291478,1.2714,0.9864
2021,2021-05-02,F1,Dijon,Metz,A,0.463361,0.269252,0.267387,1.3495,0.95
2021,2021-05-02,F1,Lorient,Angers,H,0.471872,0.273886,0.254241,1.3259,0.8885
2021,2021-05-02,F1,Monaco,Lyon,A,0.339102,0.227595,0.433303,1.4817,1.7021
2021,2021-05-02,F1,Montpellier,St Etienne,A,0.51175,0.250891,0.237359,1.5283,0.9466
2021,2021-05-02,F1,Nimes,Reims,D,0.369987,0.29505,0.334963,1.0648,0.9971
2021,2021-05-07,F1,Lens,Lille,A,0.351943,0.273064,0.374993,1.1481,1.1951
2021,2021-05-08,F1,Lyon,Lorient,H,0.65502,0.195585,0.149395,2.0613,0.8591
2021,2021-05-08,F1,Nantes,Bordeaux,H,0.408655,0.293629,0.297716,1.1345,0.9199
2021,2021-05-09,F1,Angers,Dijon,H,0.512175,0.265332,0.222493,1.413,0.8241
2021,2021-05-09,F1,Metz,Nimes,A,0.40642,0.256654,0.336926,1.3685,1.2203
2021,2021-05-09,F1,Nice,Brest,H,0.499194,0.253059,0.247746,1.5035,0.9717
2021,2021-05-09,F1,Reims,Monaco,A,0.457706,0.276842,0.265452,1.2929,0.9083
2021,2021-05-09,F1,Rennes,Paris SG,D,0.237323,0.211826,0.550851,1.2301,1.9806
2021,2021-05-09,F1,St Etienne,Marseille,H,0.368589,0.243862,0.387549,1.401,1.4431
2021,2021-05-09,F1,Strasbourg,Montpellier,A,0.428477,0.26607,0.305453,1.331,1.0763
2021,2021-05-16,F1,Bordeaux,Lens,H,0.499869,0.261233,0.238898,1.4373,0.8986
2021,2021-05-16,F1,Dijon,Nantes,A,0.349874,0.290171,0.359955,1.0506,1.0704
2021,2021-05-16,F1,Lille,St Etienne,D,0.577237,0.228615,0.194148,1.7428,0.8949
2021,2021-05-16,F1,Lorient,Metz,H,0.555275,0.24607,0.198654,1.5765,0.8227
2021,2021-05-16,F1,Marseille,Angers,H,0.60311,0.222716,0.174174,1.7872,0.8327
2021,2021-05-16,F1,Monaco,Rennes,H,0.410069,0.244372,0.345559,1.4817,1.3389
2021,2021-05-16,F1,Montpellier,Brest,D,0.521941,0.250403,0.227656,1.536,0.9135
2021,2021-05-16,F1,Nice,Strasbourg,A,0.471905,0.256951,0.271144,1.451,1.028
2021,2021-05-16,F1,Nimes,Lyon,A,0.270125,0.224537,0.505337,1.2613,1.8077
2021,2021-05-16,F1,Paris SG,Reims,H,0.754678,0.158859,0.086463,2.3029,0.6263
2021,2021-05-23,F1,Angers,Lille,A,0.323581,0.287248,0.389171,1.0089,1.1379
2021,2021-05-23,F1,Brest,Paris SG,A,0.151374,0.169927,0.678699,1.0944,2.4808
2021,2021-05-23,F1,Lens,Monaco,D,0.451002,0.240213,0.308785,1.5836,1.2663
2021,2021-05-23,F1,Lyon,Nice,A,0.62105,0.210761,0.168189,1.9123,0.8716
2021,2021-05-23,F1,Metz,Marseille,D,0.264578,0.247832,0.48759,1.0619,1.543
2021,2021-05-23,F1,Nantes,Montpellier,A,0.401369,0.295673,0.302958,1.1133,0.9237
2021,2021-05-23,F1,Reims,Bordeaux,A,0.410964,0.321959,0.267077,1.0104,0.7486
2021,2021-05-23,F1,Rennes,Nimes,H,0.62003,0.207572,0.172398,1.9584,0.9158
2021,2021-05-23,F1,St Etienne,Dijon,A,0.567912,0.230625,0.201463,1.7261,0.9165
2021,2021-05-23,F1,Strasbourg,Lorient,D,0.488905,0.249766,0.261329,1.5262,1.0384
2122,2021-08-06,F1,Monaco,Nantes,D,0.556762,0.235301,0.207937,1.8448,1.0448
2122,2021-08-07,F1,Lyon,Brest,D,0.702209,0.169916,0.127875,2.5719,1.0339
2122,2021-08-07,F1,Troyes,Paris SG,A,0.048842,0.120975,0.830183,0.5617,2.776
2122,2021-08-08,F1,Bordeaux,Clermont,A,0.386668,0.283794,0.329537,1.277,1.1584
2122,2021-08-08,F1,Metz,Lille,D,0.177878,0.279476,0.542646,0.7021,1.4367
2122,2021-08-08,F1,Montpellier,Marseille,A,0.360486,0.255567,0.383947,1.4349,1.4877
2122,2021-08-08,F1,Nice,Reims,D,0.406583,0.305971,0.287446,1.1743,0.9409
2122,2021-08-08,F1,Rennes,Lens,D,0.470962,0.2682,0.260837,1.5023,1.0533
2122,2021-08-08,F1,St Etienne,Lorient,D,0.446648,0.251626,0.301726,1.6281,1.3007
2122,2021-08-08,F1,Strasbourg,Angers,A,0.460737,0.27536,0.263903,1.4364,1.0233
2122,2021-08-13,F1,Lorient,Monaco,H,0.23943,0.214787,0.545783,1.366,2.1276
2122,2021-08-14,F1,Lille,Nice,A,0.585911,0.255562,0.158527,1.6129,0.7114
2122,2021-08-14,F1,Paris SG,Strasbourg,H,0.785071,0.138759,0.07617,2.7628,0.7765
2122,2021-08-15,F1,Angers,Lyon,H,0.18243,0.227268,0.590302,0.9695,1.9134
2122,2021-08-15,F1,Brest,Rennes,D,0.26466,0.266321,0.469019,1.0772,1.5165
2122,2021-08-15,F1,Clermont,Troyes,H,0.564532,0.258973,0.176495,1.5962,0.776
2122,2021-08-15,F1,Lens,St Etienne,D,0.470812,0.259702,0.269485,1.576,1.1349
2122,2021-08-15,F1,Marseille,Bordeaux,D,0.516278,0.254758,0.228963,1.6445,1.0148
2122,2021-08-15,F1,Nantes,Metz,H,0.428382,0.291338,0.28028,1.2896,0.9897
2122,2021-08-15,F1,Reims,Montpellier,D,0.360525,0.291994,0.347481,1.1772,1.1507
2122,2021-08-20,F1,Brest,Paris SG,A,0.091753,0.147927,0.76032,0.8761,2.732
2122,2021-08-21,F1,Monaco,Lens,A,0.536261,0.226479,0.23726,1.9643,1.2496
2122,2021-08-21,F1,St Etienne,Lille,D,0.18811,0.275352,0.536537,0.7562,1.4681
2122,2021-08-22,F1,Bordeaux,Angers,D,0.429099,0.291254,0.279647,1.291,0.9883
2122,2021-08-22,F1,Lyon,Clermont,D,0.641364,0.202198,0.156439,2.1783,0.9874
2122,2021-08-22,F1,Metz,Reims,D,0.35036,0.321678,0.327962,1.0072,0.9646
2122,2021-08-22,F1,Montpellier,Lorient,H,0.519294,0.224873,0.255833,1.9877,1.3499
2122,2021-08-22,F1,Rennes,Nantes,H,0.488791,0.281443,0.229766,1.4109,0.8806
2122,2021-08-22,F1,Strasbourg,Troyes,D,0.583558,0.246233,0.170209,1.7047,0.8051
2122,2021-08-27,F1,Nantes,Lyon,A,0.230348,0.239351,0.530301,1.1195,1.8066
2122,2021-08-28,F1,Marseille,St Etienne,H,0.516045,0.254201,0.229754,1.6498,1.0213
2122,2021-08-28,F1,Nice,Bordeaux,H,0.439624,0.278089,0.282287,1.3942,1.0649
2122,2021-08-29,F1,Angers,Rennes,H,0.247099,0.294812,0.458089,0.8777,1.2984
2122,2021-08-29,F1,Clermont,Metz,D,0.422794,0.287285,0.289921,1.309,1.0369
2122,2021-08-29,F1,Lens,Lorient,D,0.526567,0.224982,0.248451,1.9861,1.315
2122,2021-08-29,F1,Lille,Montpellier,H,0.595801,0.240398,0.163801,1.7533,0.8022
2122,2021-08-29,F1,Reims,Paris SG,A,0.123081,0.21317,0.663748,0.7096,1.953
2122,2021-08-29,F1,Strasbourg,Brest,H,0.468564,0.248963,0.282474,1.6777,1.2559
2122,2021-08-29,F1,Troyes,Monaco,A,0.139542,0.211584,0.648874,0.8193,2.0148
2122,2021-09-10,F1,Lorient,Lille,H,0.169341,0.231497,0.599162,0.8762,1.85
2122,2021-09-11,F1,Monaco,Marseille,A,0.478466,0.241308,0.280226,1.7676,1.3081
2122,2021-09-11,F1,Paris SG,Clermont,H,0.781588,0.143378,0.075034,2.663,0.7271
2122,2021-09-12,F1,Bordeaux,Lens,A,0.349546,0.269784,0.38067,1.2979,1.365
2122,2021-09-12,F1,Brest,Angers,D,0.420731,0.272993,0.306275,1.4083,1.1645
2122,2021-09-12,F1,Lyon,Strasbourg,H,0.641792,0.19732,0.160888,2.2599,1.0546
2122,2021-09-12,F1,Metz,Troyes,A,0.524767,0.280182,0.195052,1.4316,0.7635
2122,2021-09-12,F1,Montpellier,St Etienne,H,0.464241,0.258941,0.276818,1.5773,1.165
2122,2021-09-12,F1,Nantes,Nice,A,0.382357,0.28556,0.332083,1.2579,1.154
2122,2021-09-12,F1,Rennes,Reims,A,0.473906,0.305271,0.220823,1.2476,0.7581
2122,2021-09-17,F1,Strasbourg,Metz,H,0.438135,0.277345,0.28452,1.398,1.0757
2122,2021-09-18,F1,Lens,Lille,H,0.229615,0.272415,0.49797,0.9225,1.4841
2122,2021-09-18,F1,St Etienne,Bordeaux,A,0.399049,0.2853,0.315651,1.2878,1.1155
2122,2021-09-19,F1,Angers,Nantes,A,0.333612,0.298852,0.367537,1.0835,1.1513
2122,2021-09-19,F1,Clermont,Brest,D,0.452361,0.258353,0.289285,1.5709,1.2105
2122,2021-09-19,F1,Marseille,Rennes,H,0.380952,0.283472,0.335576,1.269,1.1746
2122,2021-09-19,F1,Nice,Monaco,D,0.298599,0.253473,0.447927,1.2764,1.6117
2122,2021-09-19,F1,Paris SG,Lyon,H,0.614126,0.200427,0.185447,2.2745,1.1903
2122,2021-09-19,F1,Reims,Lorient,D,0.442784,0.273894,0.283322,1.4295,1.0921
2122,2021-09-19,F1,Troyes,Montpellier,D,0.209793,0.255721,0.534485,0.9317,1.6356
2122,2021-09-22,F1,Angers,Marseille,D,0.266985,0.274446,0.458569,1.0381,1.4415
2122,2021-09-22,F1,Lens,Strasbourg,A,0.456306,0.25291,0.290784,1.6265,1.2548
2122,2021-09-22,F1,Lille,Reims,H,0.57264,0.28089,0.146469,1.4185,0.5769
2122,2021-09-22,F1,Lorient,Nice,H,0.350627,0.253377,0.395996,1.429,1.5316
2122,2021-09-22,F1,Lyon,Troyes,H,0.788312,0.142765,0.068923,2.6134,0.6628
2122,2021-09-22,F1,Metz,Paris SG,A,0.103872,0.180594,0.715533,0.7505,2.2765
2122,2021-09-22,F1,Monaco,St Etienne,H,0.583639,0.225576,0.190785,1.943,1.0244
2122,2021-09-22,F1,Montpellier,Bordeaux,D,0.464628,0.25954,0.275831,1.5722,1.1577
2122,2021-09-22,F1,Nantes,Brest,H,0.4589,0.261691,0.279409,1.5476,1.1554
2122,2021-09-22,F1,Rennes,Clermont,H,0.503542,0.273438,0.22302,1.4782,0.8939
2122,2021-09-25,F1,Lyon,Lorient,D,0.717442,0.158797,0.123761,2.7596,1.1051
2122,2021-09-25,F1,Paris SG,Montpellier,H,0.770718,0.14305,0.086232,2.7782,0.8574
2122,2021-09-25,F1,St Etienne,Nice,A,0.36256,0.283505,0.353935,1.2333,1.2154
2122,2021-09-25,F1,Strasbourg,Lille,A,0.202555,0.269434,0.528011,0.8361,1.515
2122,2021-09-26,F1,Bordeaux,Rennes,D,0.280109,0.291696,0.428195,0.9875,1.287
2122,2021-09-26,F1,Brest,Metz,A,0.397699,0.2732,0.329101,1.3706,1.2242
2122,2021-09-26,F1,Clermont,Monaco,A,0.273675,0.249461,0.476864,1.2205,1.6794
2122,2021-09-26,F1,Marseille,Lens,A,0.468408,0.249918,0.281674,1.6679,1.2458
2122,2021-09-26,F1,Reims,Nantes,H,0.372637,0.314865,0.312498,1.077,0.9613
2122,2021-09-26,F1,Troyes,Angers,D,0.274512,0.307149,0.41834,0.9028,1.1833
2122,2021-10-01,F1,Lens,Reims,H,0.436212,0.287624,0.276164,1.3232,0.9965
2122,2021-10-02,F1,Montpellier,Strasbourg,D,0.449324,0.25198,0.298696,1.6278,1.2881
2122,2021-10-02,F1,Nice,Brest,H,0.481276,0.253448,0.265276,1.6428,1.1617
2122,2021-10-03,F1,Angers,Metz,H,0.365165,0.304438,0.330396,1.1168,1.0482
2122,2021-10-03,F1,Lille,Marseille,H,0.532971,0.266779,0.20025,1.537,0.8391
2122,2021-10-03,F1,Lorient,Clermont,D,0.378383,0.254069,0.367549,1.4891,1.4646
2122,2021-10-03,F1,Monaco,Bordeaux,H,0.583796,0.226047,0.190157,1.9367,1.0179
2122,2021-10-03,F1,Nantes,Troyes,H,0.567904,0.261461,0.170635,1.5725,0.7407
2122,2021-10-03,F1,Rennes,Paris SG,H,0.188835,0.239236,0.571929,0.9296,1.7892
2122,2021-10-03,F1,St Etienne,Lyon,D,0.212097,0.230513,0.55739,1.0977,1.9028
2122,2021-10-15,F1,Paris SG,Angers,H,0.807839,0.132689,0.059472,2.692,0.6203
2122,2021-10-16,F1,Clermont,Lille,H,0.196243,0.276365,0.527391,0.7829,1.4603
2122,2021-10-16,F1,Lyon,Monaco,H,0.503428,0.223874,0.272697,1.9983,1.4344
2122,2021-10-17,F1,Bordeaux,Nantes,D,0.374274,0.289408,0.336318,1.2189,1.1412
2122,2021-10-17,F1,Brest,Reims,D,0.358661,0.291605,0.349734,1.1758,1.1576
2122,2021-10-17,F1,Marseille,Lorient,H,0.575985,0.216389,0.207626,2.0791,1.1833
2122,2021-10-17,F1,Metz,Rennes,A,0.265887,0.297067,0.437046,0.9227,1.2637
2122,2021-10-17,F1,Montpellier,Lens,H,0.413002,0.250008,0.336989,1.5946,1.4212
2122,2021-10-17,F1,Strasbourg,St Etienne,H,0.4274,0.271578,0.301022,1.4285,1.1585
2122,2021-10-17,F1,Troyes,Nice,H,0.217411,0.277103,0.505487,0.8571,1.4504
2122,2021-10-22,F1,St Etienne,Angers,D,0.430645,0.290276,0.279078,1.2991,0.9915
2122,2021-10-23,F1,Lille,Brest,D,0.66952,0.209685,0.120794,1.9843,0.7123
2122,2021-10-23,F1,Nantes,Clermont,H,0.408064,0.283958,0.307978,1.3107,1.1035
2122,2021-10-24,F1,Lens,Metz,H,0.481224,0.264343,0.254433,1.5424,1.0538
2122,2021-10-24,F1,Lorient,Bordeaux,D,0.390943,0.256674,0.352383,1.4921,1.4058
2122,2021-10-24,F1,Marseille,Paris SG,D,0.172008,0.209504,0.618488,1.0321,2.1162
2122,2021-10-24,F1,Monaco,Montpellier,H,0.547428,0.222339,0.230233,2.0164,1.2507
2122,2021-10-24,F1,Nice,Lyon,H,0.244837,0.238493,0.516669,1.1884,1.8164
2122,2021-10-24,F1,Reims,Troyes,A,0.532591,0.29156,0.175849,1.3538,0.655
2122,2021-10-24,F1,Rennes,Strasbourg,H,0.502908,0.266642,0.23045,1.5336,0.9547
2122,2021-10-27,F1,Nice,Marseille,D,0.342222,0.270901,0.386876,1.2725,1.3685
2122,2021-10-29,F1,Paris SG,Lille,H,0.520512,0.263251,0.216238,1.5669,0.9184
2122,2021-10-30,F1,Lyon,Lens,H,0.608123,0.204702,0.187175,2.2138,1.1635
2122,2021-10-30,F1,Metz,St Etienne,D,0.37807,0.293736,0.328195,1.1996,1.0986
2122,2021-10-31,F1,Angers,Nice,A,0.321089,0.292402,0.386509,1.0893,1.2221
2122,2021-10-31,F1,Bordeaux,Reims,H,0.368095,0.313132,0.318773,1.0778,0.9825
2122,2021-10-31,F1,Brest,Monaco,H,0.240839,0.225134,0.534027,1.278,1.9829
2122,2021-10-31,F1,Clermont,Marseille,A,0.316728,0.269416,0.413856,1.2168,1.426
2122,2021-10-31,F1,Montpellier,Nantes,H,0.438745,0.264884,0.296372,1.4976,1.1882
2122,2021-10-31,F1,Strasbourg,Lorient,H,0.478593,0.238454,0.282953,1.8002,1.3424
2122,2021-10-31,F1,Troyes,Rennes,D,0.161824,0.264819,0.573357,0.6906,1.5409
2122,2021-11-05,F1,Lens,Troyes,H,0.628125,0.225139,0.146736,1.8808,0.7887
2122,2021-11-06,F1,Bordeaux,Paris SG,A,0.109723,0.179717,0.71056,0.8031,2.3186
2122,2021-11-06,F1,Lille,Angers,D,0.642518,0.238972,0.11851,1.6989,0.5804
2122,2021-11-07,F1,Lorient,Brest,A,0.428793,0.236977,0.33423,1.7581,1.5335
2122,2021-11-07,F1,Marseille,Metz,D,0.525134,0.258002,0.216864,1.6146,0.9483
2122,2021-11-07,F1,Nantes,Strasbourg,D,0.404749,0.276244,0.319007,1.3598,1.1785
2122,2021-11-07,F1,Nice,Montpellier,A,0.400858,0.263598,0.335544,1.4516,1.3084
2122,2021-11-07,F1,Reims,Monaco,D,0.270284,0.276873,0.452843,1.0351,1.4175
2122,2021-11-07,F1,Rennes,Lyon,H,0.321581,0.264739,0.41368,1.2625,1.4635
2122,2021-11-07,F1,St Etienne,Clermont,H,0.388073,0.282945,0.328982,1.2851,1.1622
2122,2021-11-19,F1,Monaco,Lille,D,0.311737,0.279854,0.408409,1.1373,1.3396
2122,2021-11-20,F1,Paris SG,Nantes,H,0.76641,0.153098,0.080492,2.5418,0.7163
2122,2021-11-20,F1,Rennes,Montpellier,H,0.481056,0.264362,0.254582,1.5421,1.0542
2122,2021-11-21,F1,Angers,Lorient,H,0.397472,0.264512,0.338016,1.438,1.308
2122,2021-11-21,F1,Brest,Lens,H,0.33319,0.249369,0.417441,1.4158,1.6084
2122,2021-11-21,F1,Clermont,Nice,A,0.375792,0.28084,0.343368,1.2768,1.209
2122,2021-11-21,F1,Metz,Bordeaux,D,0.378481,0.294515,0.327004,1.1957,1.0917
2122,2021-11-21,F1,Strasbourg,Reims,D,0.396186,0.298864,0.30495,1.1993,1.0172
2122,2021-11-21,F1,Troyes,St Etienne,A,0.2459,0.289324,0.464776,0.8978,1.3397
2122,2021-11-26,F1,Lens,Angers,D,0.50436,0.260844,0.234796,1.5848,1.0024
2122,2021-11-27,F1,Lille,Nantes,D,0.594932,0.255648,0.14942,1.6041,0.6701
2122,2021-11-27,F1,Nice,Metz,A,0.449186,0.283021,0.267793,1.3689,0.995
2122,2021-11-28,F1,Bordeaux,Brest,A,0.435837,0.263259,0.300904,1.5078,1.213
2122,2021-11-28,F1,Lorient,Rennes,A,0.265263,0.254955,0.479782,1.1514,1.6272
2122,2021-11-28,F1,Marseille,Troyes,H,0.667013,0.211328,0.121659,1.9689,0.7097
2122,2021-11-28,F1,Monaco,Strasbourg,D,0.5718,0.221869,0.206331,2.0052,1.1326
2122,2021-11-28,F1,Montpellier,Lyon,A,0.255619,0.225836,0.518545,1.3401,1.9747
2122,2021-11-28,F1,Reims,Clermont,H,0.384819,0.308558,0.306623,1.1284,0.9758
2122,2021-11-28,F1,St Etienne,Paris SG,A,0.110009,0.179296,0.710695,0.8082,2.3262
2122,2021-12-01,F1,Angers,Monaco,A,0.227605,0.249454,0.522941,1.0413,1.6977
2122,2021-12-01,F1,Brest,St Etienne,H,0.385629,0.266434,0.347937,1.4005,1.3185
2122,2021-12-01,F1,Clermont,Lens,D,0.36422,0.266952,0.368828,1.3522,1.3622
2122,2021-12-01,F1,Lyon,Reims,A,0.606328,0.231635,0.162038,1.8385,0.8374
2122,2021-12-01,F1,Metz,Montpellier,A,0.340259,0.274227,0.385514,1.2449,1.3413
2122,2021-12-01,F1,Nantes,Marseille,A,0.324163,0.275166,0.400672,1.1987,1.3611
2122,2021-12-01,F1,Paris SG,Nice,D,0.75884,0.155011,0.086149,2.5556,0.7603
2122,2021-12-01,F1,Rennes,Lille,A,0.274559,0.315434,0.410008,0.8698,1.1292
2122,2021-12-01,F1,Strasbourg,Bordeaux,H,0.427817,0.272243,0.29994,1.4239,1.1512
2122,2021-12-01,F1,Troyes,Lorient,H,0.272544,0.261857,0.465599,1.1314,1.5523
2122,2021-12-04,F1,Lens,Paris SG,D,0.139132,0.18635,0.674517,0.9859,2.3516
2122,2021-12-04,F1,Lille,Troyes,H,0.742278,0.187891,0.069831,2.0163,0.4566
2122,2021-12-04,F1,Marseille,Brest,A,0.562955,0.227483,0.209562,1.9376,1.1071
2122,2021-12-05,F1,Bordeaux,Lyon,D,0.211377,0.230995,0.557628,1.0907,1.8966
2122,2021-12-05,F1,Lorient,Nantes,A,0.365825,0.258687,0.375488,1.4213,1.4428
2122,2021-12-05,F1,Monaco,Metz,H,0.592146,0.228023,0.179831,1.9016,0.9512
2122,2021-12-05,F1,Montpellier,Clermont,H,0.452866,0.258621,0.288513,1.569,1.2061
2122,2021-12-05,F1,Nice,Strasbourg,A,0.42546,0.269344,0.305197,1.4435,1.1849
2122,2021-12-05,F1,Reims,Angers,A,0.422674,0.31623,0.261096,1.1407,0.8325
2122,2021-12-05,F1,St Etienne,Rennes,A,0.281115,0.290988,0.427897,0.9937,1.2912
2122,2021-12-10,F1,Nantes,Lens,H,0.37155,0.271748,0.356702,1.3321,1.3002
2122,2021-12-11,F1,Brest,Montpellier,A,0.342015,0.247938,0.410047,1.4534,1.6097
2122,2021-12-11,F1,Reims,St Etienne,H,0.394297,0.310181,0.295523,1.1344,0.9425
2122,2021-12-12,F1,Angers,Clermont,A,0.344834,0.293757,0.361409,1.1351,1.1687
2122,2021-12-12,F1,Lille,Lyon,D,0.439379,0.272624,0.287997,1.4354,1.1137
2122,2021-12-12,F1,Metz,Lorient,H,0.423713,0.260872,0.315415,1.5117,1.273
2122,2021-12-12,F1,Paris SG,Monaco,H,0.675242,0.181641,0.143117,2.4429,1.0562
2122,2021-12-12,F1,Rennes,Nice,A,0.477355,0.279457,0.243188,1.4186,0.9348
2122,2021-12-12,F1,Strasbourg,Marseille,A,0.328075,0.262105,0.40982,1.2995,1.4794
2122,2021-12-12,F1,Troyes,Bordeaux,A,0.246482,0.290391,0.463127,0.8949,1.3313
2122,2021-12-22,F1,Bordeaux,Lille,A,0.18749,0.275976,0.536534,0.7514,1.4633
2122,2021-12-22,F1,Lorient,Paris SG,D,0.087581,0.136514,0.775904,0.9365,2.9314
2122,2021-12-22,F1,Lyon,Metz,D,0.658499,0.20133,0.140171,2.1431,0.8856
2122,2021-12-22,F1,Marseille,Reims,D,0.477684,0.284107,0.238209,1.3851,0.8967
2122,2021-12-22,F1,Monaco,Rennes,H,0.440162,0.26546,0.294378,1.4945,1.1783
2122,2021-12-22,F1,Montpellier,Angers,H,0.49827,0.260448,0.241282,1.5861,1.029
2122,2021-12-22,F1,Nice,Lens,H,0.391447,0.266119,0.342434,1.414,1.3073
2122,2021-12-22,F1,St Etienne,Nantes,A,0.375636,0.288563,0.335801,1.2267,1.1449
2122,2021-12-22,F1,Troyes,Brest,D,0.269481,0.272949,0.457569,1.0545,1.4523
2122,2022-01-07,F1,Bordeaux,Marseille,A,0.303415,0.27118,0.425405,1.1679,1.4289
2122,2022-01-08,F1,Lens,Rennes,H,0.338587,0.278594,0.382819,1.2122,1.3053
2122,2022-01-09,F1,Brest,Nice,A,0.347463,0.263815,0.388721,1.3369,1.4274
2122,2022-01-09,F1,Clermont,Reims,D,0.382122,0.308778,0.3091,1.123,0.9805
2122,2022-01-09,F1,Lyon,Paris SG,D,0.261904,0.225656,0.51244,1.3699,1.9764
2122,2022-01-09,F1,Metz,Strasbourg,A,0.363978,0.283223,0.352799,1.238,1.2147
2122,2022-01-09,F1,Nantes,Monaco,D,0.281838,0.255974,0.462188,1.2024,1.603
2122,2022-01-14,F1,Nice,Nantes,H,0.415194,0.282945,0.301861,1.3281,1.093
2122,2022-01-15,F1,Paris SG,Brest,H,0.834063,0.109914,0.056023,3.1442,0.7613
2122,2022-01-15,F1,St Etienne,Lens,A,0.350819,0.269057,0.380125,1.3061,1.3694
2122,2022-01-16,F1,Lorient,Angers,D,0.427169,0.26219,0.310641,1.5053,1.2495
2122,2022-01-16,F1,Marseille,Lille,D,0.265456,0.287528,0.447016,0.9656,1.3355
2122,2022-01-16,F1,Monaco,Clermont,H,0.572799,0.227226,0.199975,1.9328,1.0605
2122,2022-01-16,F1,Reims,Metz,A,0.402891,0.317364,0.279745,1.1102,0.8751
2122,2022-01-16,F1,Rennes,Bordeaux,H,0.513463,0.273415,0.213122,1.4812,0.858
2122,2022-01-16,F1,Strasbourg,Montpellier,H,0.386775,0.256828,0.356397,1.4824,1.4144
2122,2022-01-16,F1,Troyes,Lyon,A,0.106457,0.181948,0.711595,0.7628,2.2708
2122,2022-01-19,F1,Clermont,Strasbourg,A,0.398023,0.27198,0.329997,1.3803,1.2347
2122,2022-01-19,F1,Lille,Lorient,H,0.685865,0.196435,0.1177,2.1291,0.7613
2122,2022-01-19,F1,Montpellier,Troyes,A,0.62314,0.22576,0.1511,1.8824,0.8096
2122,2022-01-21,F1,Lyon,St Etienne,H,0.651496,0.199766,0.148738,2.1899,0.9538
2122,2022-01-22,F1,Brest,Lille,H,0.17132,0.244268,0.584412,0.8197,1.7242
2122,2022-01-22,F1,Lens,Marseille,A,0.367688,0.257706,0.374606,1.4338,1.4492
2122,2022-01-23,F1,Angers,Troyes,H,0.499935,0.289213,0.210853,1.3618,0.7845
2122,2022-01-23,F1,Bordeaux,Strasbourg,H,0.382772,0.275798,0.341431,1.3249,1.2372
2122,2022-01-23,F1,Clermont,Rennes,H,0.292189,0.290029,0.417782,1.0288,1.2844
2122,2022-01-23,F1,Metz,Nice,A,0.34341,0.291444,0.365146,1.1452,1.1894
2122,2022-01-23,F1,Montpellier,Monaco,H,0.313453,0.239809,0.446738,1.4394,1.7521
2122,2022-01-23,F1,Nantes,Lorient,H,0.469034,0.250702,0.280264,1.6605,1.235
2122,2022-01-23,F1,Paris SG,Reims,H,0.742562,0.174251,0.083187,2.2476,0.6166
2122,2022-01-26,F1,Angers,St Etienne,A,0.354875,0.296352,0.348773,1.1411,1.1288
2122,2022-02-01,F1,Lyon,Marseille,H,0.549507,0.224021,0.226471,1.9922,1.2179
2122,2022-02-04,F1,Marseille,Angers,H,0.547691,0.252994,0.199315,1.659,0.902
2122,2022-02-05,F1,Monaco,Lyon,H,0.365047,0.234306,0.400647,1.6508,1.7363
2122,2022-02-05,F1,St Etienne,Montpellier,H,0.359594,0.267098,0.373308,1.3408,1.3706
2122,2022-02-06,F1,Lille,Paris SG,A,0.285942,0.281451,0.432606,1.0569,1.3615
2122,2022-02-06,F1,Lorient,Lens,H,0.335269,0.239365,0.425366,1.5134,1.7258
2122,2022-02-06,F1,Nice,Clermont,A,0.428611,0.276656,0.294734,1.3914,1.1095
2122,2022-02-06,F1,Reims,Bordeaux,H,0.394578,0.31097,0.294451,1.1307,0.9366
2122,2022-02-06,F1,Rennes,Brest,H,0.560031,0.243991,0.195978,1.7453,0.936
2122,2022-02-06,F1,Strasbourg,Nantes,H,0.403125,0.276372,0.320503,1.3563,1.1816
2122,2022-02-06,F1,Troyes,Metz,D,0.256634,0.301245,0.442121,0.8787,1.2439
2122,2022-02-11,F1,Paris SG,Rennes,H,0.660729,0.206313,0.132958,2.0591,0.8078
2122,2022-02-12,F1,Lyon,Nice,H,0.613086,0.211897,0.175018,2.0905,1.0326
2122,2022-02-12,F1,Montpellier,Lille,A,0.223859,0.268034,0.508108,0.9232,1.5235
2122,2022-02-13,F1,Angers,Strasbourg,A,0.340555,0.284861,0.374584,1.1776,1.2481
2122,2022-02-13,F1,Brest,Troyes,H,0.547162,0.251746,0.201093,1.6714,0.9162
2122,2022-02-13,F1,Clermont,St Etienne,A,0.412443,0.281008,0.306548,1.3375,1.1167
2122,2022-02-13,F1,Lens,Bordeaux,H,0.471173,0.260298,0.268529,1.5709,1.1277
2122,2022-02-13,F1,Metz,Marseille,A,0.287816,0.276321,0.435863,1.0913,1.4029
2122,2022-02-13,F1,Monaco,Lorient,D,0.647737,0.186377,0.165886,2.4486,1.187
2122,2022-02-13,F1,Nantes,Reims,H,0.387355,0.313661,0.298984,1.1063,0.9359
2122,2022-02-18,F1,Lille,Metz,D,0.623517,0.246709,0.129774,1.6535,0.6101
2122,2022-02-19,F1,Lens,Lyon,D,0.262971,0.229572,0.507458,1.339,1.9236
2122,2022-02-19,F1,Nantes,Paris SG,H,0.122585,0.191746,0.68567,0.8243,2.2086
2122,2022-02-20,F1,Bordeaux,Monaco,D,0.26128,0.249897,0.488823,1.1715,1.6829
2122,2022-02-20,F1,Lorient,Montpellier,A,0.344338,0.238043,0.417619,1.5535,1.7272
2122,2022-02-20,F1,Marseille,Clermont,A,0.505251,0.254841,0.239908,1.6411,1.0573
2122,2022-02-20,F1,Nice,Angers,H,0.471207,0.280494,0.2483,1.4065,0.9465
2122,2022-02-20,F1,Reims,Brest,D,0.432793,0.285685,0.281522,1.3323,1.0217
2122,2022-02-20,F1,Rennes,Troyes,H,0.654084,0.229776,0.11614,1.7734,0.6
2122,2022-02-20,F1,St Etienne,Strasbourg,D,0.384162,0.274988,0.34085,1.3333,1.2412
2122,2022-02-25,F1,Montpellier,Rennes,A,0.332082,0.27601,0.391908,1.2132,1.34
2122,2022-02-26,F1,Paris SG,St Etienne,H,0.788751,0.140349,0.0709,2.6771,0.7023
2122,2022-02-26,F1,Strasbourg,Nice,D,0.389444,0.272178,0.338377,1.3636,1.2543
2122,2022-02-27,F1,Angers,Lens,A,0.30914,0.276012,0.414848,1.1536,1.3771
2122,2022-02-27,F1,Brest,Lorient,A,0.431541,0.236767,0.331692,1.7649,1.5277
2122,2022-02-27,F1,Clermont,Bordeaux,D,0.412844,0.281712,0.305444,1.3332,1.1096
2122,2022-02-27,F1,Lyon,Lille,A,0.369083,0.278173,0.352744,1.2817,1.2473
2122,2022-02-27,F1,Metz,Nantes,D,0.356027,0.297145,0.346828,1.139,1.1205
2122,2022-02-27,F1,Monaco,Reims,A,0.541499,0.25606,0.202441,1.6313,0.8994
2122,2022-02-27,F1,Troyes,Marseille,D,0.172243,0.245779,0.581978,0.8168,1.7108
2122,2022-03-04,F1,Lorient,Lyon,A,0.186999,0.192974,0.620026,1.2718,2.3979
2122,2022-03-05,F1,Lens,Brest,A,0.515144,0.235543,0.249313,1.851,1.2302
2122,2022-03-05,F1,Nice,Paris SG,H,0.130903,0.193204,0.675893,0.875,2.2206
2122,2022-03-06,F1,Bordeaux,Troyes,A,0.547728,0.267121,0.185151,1.5321,0.7776
2122,2022-03-06,F1,Lille,Clermont,H,0.610821,0.245683,0.143496,1.6806,0.6802
2122,2022-03-06,F1,Marseille,Monaco,A,0.368477,0.249745,0.381779,1.5055,1.5359
2122,2022-03-06,F1,Nantes,Montpellier,H,0.380595,0.269443,0.349962,1.3674,1.3013
2122,2022-03-06,F1,Reims,Strasbourg,D,0.382268,0.299987,0.317745,1.1707,1.0421
2122,2022-03-06,F1,Rennes,Angers,H,0.541786,0.271922,0.186293,1.4943,0.7626
2122,2022-03-06,F1,St Etienne,Metz,H,0.409025,0.291252,0.299723,1.2644,1.0424
2122,2022-03-11,F1,Lille,St Etienne,D,0.619229,0.243642,0.137129,1.6895,0.6571
2122,2022-03-12,F1,Montpellier,Nice,D,0.424723,0.261733,0.313544,1.5057,1.2613
2122,2022-03-12,F1,Troyes,Nantes,H,0.22901,0.287342,0.483648,0.8524,1.3664
2122,2022-03-13,F1,Angers,Reims,A,0.329293,0.323892,0.346815,0.958,0.9912
2122,2022-03-13,F1,Brest,Marseille,A,0.285879,0.248155,0.465966,1.2741,1.6836
2122,2022-03-13,F1,Clermont,Lorient,A,0.462082,0.247608,0.29031,1.6856,1.2939
2122,2022-03-13,F1,Lyon,Rennes,A,0.506464,0.250498,0.243037,1.6843,1.097
2122,2022-03-13,F1,Metz,Lens,D,0.331909,0.276017,0.392074,1.2127,1.3402
2122,2022-03-13,F1,Paris SG,Bordeaux,H,0.788491,0.140743,0.070766,2.6684,0.6978
2122,2022-03-13,F1,Strasbourg,Monaco,H,0.283239,0.243244,0.473518,1.3035,1.7423
2122,2022-03-18,F1,St Etienne,Troyes,D,0.549577,0.265902,0.184521,1.5418,0.7801
2122,2022-03-19,F1,Lens,Clermont,H,0.459563,0.259515,0.280921,1.5677,1.1749
2122,2022-03-19,F1,Nantes,Lille,A,0.202506,0.285141,0.512352,0.7712,1.3939
2122,2022-03-20,F1,Angers,Brest,H,0.389731,0.275441,0.334829,1.3402,1.2237
2122,2022-03-20,F1,Bordeaux,Montpellier,A,0.358289,0.267833,0.373879,1.3323,1.3661
2122,2022-03-20,F1,Lorient,Strasbourg,D,0.372539,0.246568,0.380893,1.5449,1.5642
2122,2022-03-20,F1,Marseille,Nice,H,0.477299,0.260371,0.26233,1.5749,1.1057
2122,2022-03-20,F1,Monaco,Paris SG,H,0.208788,0.213342,0.57787,1.2155,2.1227
2122,2022-03-20,F1,Reims,Lyon,D,0.223211,0.259778,0.517011,0.9638,1.5975
2122,2022-03-20,F1,Rennes,Metz,H,0.520826,0.27707,0.202104,1.4543,0.8017
2122,2022-04-02,F1,Lille,Bordeaux,D,0.619056,0.244217,0.136727,1.6841,0.6529
2122,2022-04-02,F1,Nice,Rennes,D,0.315236,0.292297,0.392467,1.0758,1.2326
2122,2022-04-03,F1,Clermont,Nantes,A,0.388973,0.28548,0.325547,1.2699,1.1389
2122,2022-04-03,F1,Lyon,Angers,H,0.680123,0.193364,0.126513,2.202,0.8424
2122,2022-04-03,F1,Metz,Monaco,A,0.247364,0.253463,0.499173,1.0947,1.6523
2122,2022-04-03,F1,Montpellier,Brest,A,0.50817,0.2353,0.25653,1.8525,1.2629
2122,2022-04-03,F1,Paris SG,Lorient,H,0.84856,0.099232,0.052208,3.3737,0.8137
2122,2022-04-03,F1,St Etienne,Marseille,A,0.304511,0.270514,0.424975,1.1753,1.4335
2122,2022-04-03,F1,Strasbourg,Lens,H,0.37742,0.259028,0.363552,1.4441,1.4133
2122,2022-04-03,F1,Troyes,Reims,H,0.231013,0.315417,0.45357,0.7538,1.1763
2122,2022-04-08,F1,Lorient,St Etienne,H,0.39034,0.255989,0.353671,1.497,1.4147
2122,2022-04-09,F1,Clermont,Paris SG,A,0.115944,0.182146,0.70191,0.8367,2.3139
2122,2022-04-09,F1,Reims,Rennes,A,0.283894,0.320656,0.395449,0.8725,1.0841
2122,2022-04-10,F1,Angers,Lille,D,0.163804,0.273554,0.562641,0.6679,1.4762
2122,2022-04-10,F1,Bordeaux,Metz,H,0.407548,0.292181,0.300271,1.2564,1.039
2122,2022-04-10,F1,Brest,Nantes,D,0.361902,0.269271,0.368827,1.3297,1.3447
2122,2022-04-10,F1,Lens,Nice,H,0.431529,0.262982,0.305488,1.5045,1.2287
2122,2022-04-10,F1,Marseille,Montpellier,H,0.478855,0.246448,0.274697,1.7121,1.2468
2122,2022-04-10,F1,Monaco,Troyes,H,0.731922,0.17383,0.094249,2.3188,0.7119
2122,2022-04-10,F1,Strasbourg,Lyon,D,0.22945,0.226323,0.544227,1.2137,1.9637
2122,2022-04-15,F1,Rennes,Monaco,A,0.37817,0.270323,0.351506,1.356,1.2986
2122,2022-04-16,F1,Lille,Lens,A,0.585264,0.245759,0.168977,1.708,0.8015
2122,2022-04-16,F1,St Etienne,Brest,H,0.437402,0.262384,0.300215,1.5174,1.2169
2122,2022-04-17,F1,Lyon,Bordeaux,H,0.651523,0.200188,0.148289,2.1828,0.9478
2122,2022-04-17,F1,Metz,Clermont,D,0.367882,0.291677,0.340441,1.1933,1.1374
2122,2022-04-17,F1,Montpellier,Reims,D,0.430289,0.286419,0.283292,1.3243,1.0229
2122,2022-04-17,F1,Nantes,Angers,D,0.449928,0.289537,0.260535,1.325,0.9414
2122,2022-04-17,F1,Nice,Lorient,H,0.492026,0.242534,0.26544,1.7627,1.2417
2122,2022-04-17,F1,Paris SG,Marseille,H,0.709328,0.174306,0.116366,2.4355,0.8968
2122,2022-04-17,F1,Troyes,Strasbourg,D,0.231125,0.272677,0.496198,0.9265,1.4813
2122,2022-04-20,F1,Angers,Paris SG,A,0.093164,0.171955,0.734881,0.7139,2.3391
2122,2022-04-20,F1,Bordeaux,St Etienne,D,0.397194,0.285448,0.317358,1.2838,1.119
2122,2022-04-20,F1,Brest,Lyon,H,0.189955,0.203653,0.606392,1.1899,2.2348
2122,2022-04-20,F1,Lens,Montpellier,H,0.430338,0.248669,0.320993,1.6356,1.3856
2122,2022-04-20,F1,Lorient,Metz,H,0.403193,0.262475,0.334332,1.465,1.3136
2122,2022-04-20,F1,Marseille,Nantes,H,0.49026,0.262217,0.247522,1.5664,1.0416
2122,2022-04-20,F1,Monaco,Nice,H,0.543861,0.234964,0.221175,1.8548,1.1091
2122,2022-04-20,F1,Reims,Lille,H,0.19524,0.310093,0.494667,0.664,1.2325
2122,2022-04-20,F1,Strasbourg,Rennes,H,0.302601,0.282283,0.415117,1.0987,1.3325
2122,2022-04-20,F1,Troyes,Clermont,A,0.236922,0.283977,0.4791,0.8931,1.387
2122,2022-04-23,F1,Lyon,Montpellier,H,0.619501,0.199856,0.180643,2.2726,1.1644
2122,2022-04-23,F1,Paris SG,Lens,D,0.760641,0.148737,0.090622,2.7064,0.8567
2122,2022-04-23,F1,St Etienne,Monaco,A,0.262209,0.24934,0.488451,1.1789,1.6883
2122,2022-04-24,F1,Clermont,Angers,D,0.444685,0.285785,0.26953,1.345,0.9863
2122,2022-04-24,F1,Lille,Strasbourg,H,0.613309,0.239215,0.147476,1.7436,0.7265
2122,2022-04-24,F1,Metz,Brest,A,0.415045,0.271833,0.313122,1.4089,1.191
2122,2022-04-24,F1,Nantes,Bordeaux,H,0.418872,0.285847,0.295281,1.3134,1.0591
2122,2022-04-24,F1,Nice,Troyes,H,0.590835,0.249117,0.160048,1.6692,0.7447
2122,2022-04-24,F1,Reims,Marseille,A,0.30838,0.297568,0.394051,1.032,1.2035
2122,2022-04-24,F1,Rennes,Lorient,H,0.573717,0.231955,0.194328,1.8726,1.0005
2122,2022-04-29,F1,Strasbourg,Paris SG,D,0.118663,0.177268,0.704069,0.8936,2.4006
2122,2022-04-30,F1,Lens,Nantes,D,0.445335,0.265958,0.288706,1.4964,1.1575
2122,2022-04-30,F1,Rennes,St Etienne,H,0.51335,0.272803,0.213848,1.486,0.8635
2122,2022-05-01,F1,Bordeaux,Nice,A,0.361244,0.284306,0.35445,1.2255,1.2114
2122,2022-05-01,F1,Brest,Clermont,H,0.3742,0.264445,0.361355,1.3931,1.365
2122,2022-05-01,F1,Lorient,Reims,A,0.363415,0.280166,0.356419,1.2568,1.2421
2122,2022-05-01,F1,Marseille,Lyon,A,0.308236,0.242049,0.449715,1.4017,1.731
2122,2022-05-01,F1,Monaco,Angers,H,0.614921,0.22133,0.163749,1.9538,0.9048
2122,2022-05-01,F1,Montpellier,Metz,D,0.474952,0.263695,0.261353,1.5437,1.0817
2122,2022-05-01,F1,Troyes,Lille,H,0.101678,0.228441,0.669881,0.5255,1.752
2122,2022-05-06,F1,Lille,Monaco,A,0.496816,0.265402,0.237782,1.5417,0.9882
2122,2022-05-07,F1,Brest,Strasbourg,A,0.36889,0.256663,0.374447,1.4453,1.4578
2122,2022-05-08,F1,Angers,Bordeaux,H,0.35532,0.297175,0.347505,1.1374,1.1217
2122,2022-05-08,F1,Clermont,Montpellier,H,0.373239,0.264828,0.361933,1.3881,1.3633
2122,2022-05-08,F1,Lorient,Marseille,A,0.286426,0.237719,0.475855,1.3618,1.8065
2122,2022-05-08,F1,Metz,Lyon,H,0.199873,0.233286,0.566841,1.0192,1.8622
2122,2022-05-08,F1,Paris SG,Troyes,D,0.885466,0.085691,0.028843,3.1948,0.488
2122,2022-05-08,F1,Reims,Lens,A,0.352096,0.294352,0.353552,1.1468,1.1497
2122,2022-05-11,F1,Nantes,Rennes,H,0.298787,0.296494,0.404719,1.0135,1.226
2122,2022-05-11,F1,Nice,St Etienne,H,0.439278,0.277423,0.283299,1.3987,1.0716
2122,2022-05-14,F1,Bordeaux,Lorient,D,0.445052,0.252479,0.30247,1.6179,1.2965
2122,2022-05-14,F1,Lyon,Nantes,H,0.624878,0.211059,0.164064,2.0792,0.9728
2122,2022-05-14,F1,Metz,Angers,H,0.409046,0.300887,0.290067,1.2063,0.9704
2122,2022-05-14,F1,Monaco,Brest,H,0.633407,0.197374,0.169219,2.282,1.1105
2122,2022-05-14,F1,Montpellier,Paris SG,A,0.133593,0.180897,0.685509,0.9867,2.414
2122,2022-05-14,F1,Nice,Lille,A,0.214371,0.283601,0.502028,0.8187,1.4014
2122,2022-05-14,F1,Rennes,Marseille,H,0.419507,0.280408,0.300084,1.3519,1.1026
2122,2022-05-14,F1,St Etienne,Reims,A,0.369446,0.312208,0.318346,1.0847,0.9857
2122,2022-05-14,F1,Strasbourg,Clermont,H,0.41635,0.270537,0.313113,1.4209,1.1994
2122,2022-05-14,F1,Troyes,Lens,A,0.204051,0.255773,0.540177,0.9076,1.6343
2122,2022-05-21,F1,Angers,Montpellier,H,0.317074,0.274536,0.40839,1.1842,1.3782
2122,2022-05-21,F1,Brest,Bordeaux,A,0.386179,0.267147,0.346674,1.396,1.3101
2122,2022-05-21,F1,Clermont,Lyon,A,0.222113,0.231785,0.546102,1.1364,1.8927
2122,2022-05-21,F1,Lens,Monaco,D,0.320998,0.242649,0.436353,1.4382,1.7068
2122,2022-05-21,F1,Lille,Rennes,D,0.489738,0.298155,0.212107,1.2995,0.7557
2122,2022-05-21,F1,Lorient,Troyes,D,0.558148,0.24031,0.201541,1.7865,0.9831
2122,2022-05-21,F1,Marseille,Strasbourg,H,0.503373,0.248616,0.248012,1.7026,1.1292
2122,2022-05-21,F1,Nantes,St Etienne,D,0.418513,0.285141,0.296346,1.3177,1.0659
2122,2022-05-21,F1,Paris SG,Metz,H,0.791524,0.141351,0.067125,2.62,0.6521
2122,2022-05-21,F1,Reims,Nice,A,0.361195,0.309661,0.329144,1.0829,1.0204
2223,2022-08-05,F1,Lyon,Ajaccio,H,0.624894,0.206963,0.168142,2.1316,1.0196
2223,2022-08-06,F1,Clermont,Paris SG,A,0.070877,0.133756,0.795367,0.7467,2.793
2223,2022-08-06,F1,Strasbourg,Monaco,A,0.334096,0.263161,0.402743,1.2997,1.45
2223,2022-08-07,F1,Angers,Nantes,D,0.32921,0.287337,0.383452,1.1298,1.2411
2223,2022-08-07,F1,Lens,Brest,H,0.566001,0.226926,0.207073,1.9326,1.091
2223,2022-08-07,F1,Lille,Auxerre,H,0.544508,0.262142,0.19335,1.5675,0.8265
2223,2022-08-07,F1,Marseille,Reims,H,0.524252,0.274725,0.201023,1.4654,0.8018
2223,2022-08-07,F1,Montpellier,Troyes,H,0.475863,0.27386,0.250277,1.4523,0.98
2223,2022-08-07,F1,Rennes,Lorient,A,0.734056,0.168282,0.097662,2.4107,0.7702
2223,2022-08-07,F1,Toulouse,Nice,D,0.190653,0.268395,0.540952,0.7885,1.5154
2223,2022-08-12,F1,Nantes,Lille,D,0.333094,0.294084,0.372822,1.1011,1.1813
2223,2022-08-13,F1,Monaco,Rennes,D,0.412573,0.256212,0.331216,1.5269,1.3452
2223,2022-08-13,F1,Paris SG,Montpellier,H,0.802079,0.126844,0.071076,2.9447,0.8108
2223,2022-08-14,F1,Ajaccio,Lens,D,0.331101,0.264693,0.404206,1.2806,1.4399
2223,2022-08-14,F1,Auxerre,Angers,D,0.455077,0.279227,0.265696,1.3944,1.0016
2223,2022-08-14,F1,Brest,Marseille,D,0.270897,0.256206,0.472897,1.1553,1.6013
2223,2022-08-14,F1,Nice,Strasbourg,D,0.418291,0.285839,0.295869,1.3053,1.054
2223,2022-08-14,F1,Reims,Clermont,A,0.556961,0.264325,0.178714,1.5453,0.7574
2223,2022-08-14,F1,Troyes,Toulouse,A,0.513709,0.283707,0.202584,1.3975,0.7717
2223,2022-08-19,F1,Lyon,Troyes,H,0.660878,0.205321,0.133801,2.0637,0.8124
2223,2022-08-20,F1,Marseille,Nantes,H,0.524083,0.253724,0.222193,1.6465,0.9866
2223,2022-08-20,F1,Monaco,Lens,A,0.525863,0.235722,0.238415,1.8397,1.1735
2223,2022-08-21,F1,Angers,Brest,A,0.399025,0.276006,0.324969,1.3443,1.1879
2223,2022-08-21,F1,Clermont,Nice,H,0.223912,0.268835,0.507253,0.913,1.5087
2223,2022-08-21,F1,Lille,Paris SG,A,0.238844,0.256399,0.504757,1.0365,1.6173
2223,2022-08-21,F1,Montpellier,Auxerre,A,0.430591,0.262344,0.307065,1.5001,1.23
2223,2022-08-21,F1,Rennes,Ajaccio,H,0.638015,0.21244,0.149545,2.0195,0.8687
2223,2022-08-21,F1,Strasbourg,Reims,D,0.45766,0.292071,0.250269,1.3087,0.8932
2223,2022-08-21,F1,Toulouse,Lorient,D,0.332755,0.282932,0.384314,1.1641,1.2711
2223,2022-08-26,F1,Ajaccio,Lille,A,0.288337,0.290176,0.421487,1.0112,1.2812
2223,2022-08-27,F1,Auxerre,Strasbourg,H,0.345524,0.276442,0.378034,1.2349,1.3036
2223,2022-08-27,F1,Lens,Rennes,H,0.333102,0.255707,0.411191,1.3545,1.5291
2223,2022-08-28,F1,Brest,Montpellier,A,0.422891,0.253501,0.323607,1.5684,1.3451
2223,2022-08-28,F1,Lorient,Clermont,H,0.471903,0.261938,0.266159,1.5482,1.1017
2223,2022-08-28,F1,Nantes,Toulouse,H,0.648585,0.218684,0.132731,1.91,0.7349
2223,2022-08-28,F1,Nice,Marseille,A,0.353271,0.289263,0.357466,1.1717,1.1802
2223,2022-08-28,F1,Paris SG,Monaco,D,0.627039,0.202167,0.170794,2.2046,1.0734
2223,2022-08-28,F1,Reims,Lyon,D,0.286901,0.272504,0.440595,1.1039,1.4297
2223,2022-08-28,F1,Troyes,Angers,H,0.381514,0.309717,0.308769,1.111,0.9697
2223,2022-08-31,F1,Angers,Reims,A,0.340817,0.316762,0.342421,1.0056,1.0086
2223,2022-08-31,F1,Lens,Lorient,H,0.640721,0.20638,0.152899,2.1029,0.9281
2223,2022-08-31,F1,Lille,Nice,A,0.450711,0.297645,0.251644,1.2675,0.8736
2223,2022-08-31,F1,Lyon,Auxerre,H,0.624894,0.206963,0.168142,2.1316,1.0196
2223,2022-08-31,F1,Marseille,Clermont,H,0.714649,0.181383,0.103969,2.2558,0.7401
2223,2022-08-31,F1,Monaco,Troyes,A,0.651591,0.217154,0.131255,1.9226,0.7337
2223,2022-08-31,F1,Montpellier,Ajaccio,H,0.430591,0.262344,0.307065,1.5001,1.23
2223,2022-08-31,F1,Rennes,Brest,H,0.668091,0.194502,0.137408,2.2154,0.9055
2223,2022-08-31,F1,Strasbourg,Nantes,D,0.452413,0.269021,0.278566,1.4704,1.0991
2223,2022-08-31,F1,Toulouse,Paris SG,A,0.057615,0.125057,0.817328,0.6449,2.8054
2223,2022-09-03,F1,Auxerre,Marseille,A,0.282873,0.269703,0.447424,1.1085,1.4596
2223,2022-09-03,F1,Lyon,Angers,H,0.655889,0.200743,0.143368,2.1502,0.9038
2223,2022-09-03,F1,Nantes,Paris SG,A,0.173635,0.214929,0.611436,0.9955,2.0386
2223,2022-09-04,F1,Ajaccio,Lorient,A,0.521296,0.253324,0.22538,1.6502,1.0018
2223,2022-09-04,F1,Brest,Strasbourg,D,0.334631,0.265076,0.400293,1.2871,1.43
2223,2022-09-04,F1,Clermont,Toulouse,H,0.464137,0.275212,0.260651,1.4327,1.0069
2223,2022-09-04,F1,Montpellier,Lille,A,0.291374,0.275862,0.432764,1.0973,1.3947
2223,2022-09-04,F1,Nice,Monaco,A,0.331898,0.278268,0.389834,1.1908,1.3125
2223,2022-09-04,F1,Reims,Lens,D,0.342172,0.291857,0.365971,1.1333,1.1816
2223,2022-09-04,F1,Troyes,Rennes,D,0.194352,0.258632,0.547016,0.8468,1.5981
2223,2022-09-07,F1,Lorient,Lyon,H,0.19176,0.214051,0.594189,1.106,2.0798
2223,2022-09-09,F1,Lens,Troyes,H,0.576727,0.245886,0.177386,1.7055,0.834
2223,2022-09-10,F1,Marseille,Lille,H,0.424727,0.286982,0.288291,1.3062,1.0273
2223,2022-09-10,F1,Paris SG,Brest,H,0.810994,0.122936,0.066071,2.9676,0.7788
2223,2022-09-11,F1,Ajaccio,Nice,A,0.335193,0.291893,0.372913,1.1178,1.1943
2223,2022-09-11,F1,Angers,Montpellier,H,0.385746,0.274211,0.340043,1.3339,1.2368
2223,2022-09-11,F1,Lorient,Nantes,H,0.286906,0.26822,0.444874,1.1301,1.4688
2223,2022-09-11,F1,Monaco,Lyon,H,0.460492,0.2369,0.302608,1.792,1.4199
2223,2022-09-11,F1,Rennes,Auxerre,H,0.638015,0.21244,0.149545,2.0195,0.8687
2223,2022-09-11,F1,Strasbourg,Clermont,D,0.647908,0.211094,0.140997,2.0146,0.8245
2223,2022-09-11,F1,Toulouse,Reims,H,0.230236,0.300103,0.469661,0.8002,1.2687
2223,2022-09-16,F1,Auxerre,Lorient,A,0.521296,0.253324,0.22538,1.6502,1.0018
2223,2022-09-17,F1,Lille,Toulouse,H,0.704129,0.200482,0.095388,1.9888,0.583
2223,2022-09-17,F1,Montpellier,Strasbourg,H,0.350359,0.263258,0.386383,1.3401,1.419
2223,2022-09-18,F1,Brest,Ajaccio,A,0.413242,0.266403,0.320355,1.4408,1.2396
2223,2022-09-18,F1,Clermont,Troyes,A,0.33984,0.298294,0.361866,1.0932,1.1372
2223,2022-09-18,F1,Lyon,Paris SG,A,0.268118,0.223482,0.508401,1.4096,1.9952
2223,2022-09-18,F1,Marseille,Rennes,D,0.377917,0.266947,0.355136,1.373,1.3236
2223,2022-09-18,F1,Nantes,Lens,D,0.382655,0.265403,0.351943,1.3945,1.3276
2223,2022-09-18,F1,Nice,Angers,A,0.524419,0.273622,0.20196,1.4739,0.8099
2223,2022-09-18,F1,Reims,Monaco,A,0.275252,0.285711,0.439037,0.997,1.332
2223,2022-09-30,F1,Angers,Marseille,A,0.247739,0.271728,0.480533,0.9826,1.4723
2223,2022-10-01,F1,Paris SG,Nice,H,0.6903,0.191309,0.118391,2.1874,0.7898
2223,2022-10-01,F1,Strasbourg,Rennes,A,0.310717,0.264423,0.42486,1.2262,1.4745
2223,2022-10-02,F1,Ajaccio,Clermont,A,0.56393,0.242849,0.19322,1.7462,0.923
2223,2022-10-02,F1,Auxerre,Brest,D,0.446417,0.262744,0.29084,1.5165,1.1777
2223,2022-10-02,F1,Lens,Lyon,H,0.37406,0.241469,0.384471,1.5896,1.614
2223,2022-10-02,F1,Lorient,Lille,H,0.216572,0.266622,0.516806,0.8965,1.5294
2223,2022-10-02,F1,Monaco,Nantes,H,0.564108,0.235275,0.200617,1.831,1.0027
2223,2022-10-02,F1,Toulouse,Montpellier,H,0.254736,0.262005,0.48326,1.0615,1.5557
2223,2022-10-02,F1,Troyes,Reims,D,0.317509,0.330414,0.352076,0.9038,0.9681
2223,2022-10-07,F1,Lyon,Toulouse,D,0.789198,0.138847,0.071955,2.7046,0.7193
2223,2022-10-08,F1,Marseille,Ajaccio,A,0.577416,0.238324,0.18426,1.7858,0.906
2223,2022-10-08,F1,Reims,Paris SG,D,0.158806,0.232665,0.608529,0.809,1.8144
2223,2022-10-09,F1,Angers,Strasbourg,A,0.30527,0.283029,0.411701,1.0947,1.3149
2223,2022-10-09,F1,Brest,Lorient,A,0.515029,0.246356,0.238615,1.7199,1.099
2223,2022-10-09,F1,Clermont,Auxerre,H,0.293996,0.271818,0.434186,1.1292,1.4273
2223,2022-10-09,F1,Lille,Lens,H,0.458283,0.27204,0.269678,1.4521,1.0532
2223,2022-10-09,F1,Montpellier,Monaco,A,0.260697,0.241543,0.49776,1.2225,1.767
2223,2022-10-09,F1,Nice,Troyes,H,0.530093,0.281652,0.188255,1.4146,0.728
2223,2022-10-09,F1,Rennes,Nantes,H,0.584959,0.231142,0.183899,1.862,0.946
2223,2022-10-14,F1,Strasbourg,Lille,A,0.359323,0.292227,0.34845,1.1666,1.1445
2223,2022-10-15,F1,Lens,Montpellier,H,0.552211,0.228798,0.218991,1.9177,1.1359
2223,2022-10-15,F1,Lorient,Reims,D,0.303245,0.299079,0.397676,1.0058,1.1936
2223,2022-10-16,F1,Auxerre,Nice,D,0.335193,0.291893,0.372913,1.1178,1.1943
2223,2022-10-16,F1,Monaco,Clermont,D,0.75372,0.158082,0.088198,2.5086,0.7522
2223,2022-10-16,F1,Nantes,Brest,H,0.501491,0.252732,0.245777,1.6514,1.0858
2223,2022-10-16,F1,Paris SG,Marseille,H,0.645103,0.201492,0.153405,2.1691,0.9652
2223,2022-10-16,F1,Rennes,Lyon,H,0.484713,0.236111,0.279176,1.8223,1.3396
2223,2022-10-16,F1,Toulouse,Angers,H,0.282473,0.29252,0.425007,0.9837,1.2708
2223,2022-10-16,F1,Troyes,Ajaccio,D,0.351305,0.30117,0.347525,1.1014,1.0939
2223,2022-10-21,F1,Ajaccio,Paris SG,A,0.139456,0.195321,0.665223,0.9141,2.2111
2223,2022-10-22,F1,Marseille,Lens,A,0.486169,0.251681,0.26215,1.6543,1.1546
2223,2022-10-22,F1,Montpellier,Lyon,A,0.270742,0.230669,0.498589,1.3537,1.8966
2223,2022-10-23,F1,Angers,Rennes,A,0.208702,0.251707,0.539591,0.9422,1.665
2223,2022-10-23,F1,Clermont,Brest,A,0.311556,0.262971,0.425473,1.2387,1.4876
2223,2022-10-23,F1,Lille,Monaco,H,0.381055,0.281091,0.337854,1.2774,1.1873
2223,2022-10-23,F1,Nice,Nantes,D,0.44375,0.284243,0.272006,1.3472,0.9949
2223,2022-10-23,F1,Reims,Auxerre,H,0.424781,0.30033,0.27489,1.2234,0.9272
2223,2022-10-23,F1,Toulouse,Strasbourg,D,0.192904,0.252381,0.554716,0.8711,1.6539
2223,2022-10-23,F1,Troyes,Lorient,D,0.440692,0.288556,0.270752,1.3148,0.9699
2223,2022-10-28,F1,Lens,Toulouse,H,0.711387,0.183363,0.10525,2.2352,0.7384
2223,2022-10-29,F1,Paris SG,Troyes,H,0.803736,0.136372,0.059892,2.6189,0.5953
2223,2022-10-29,F1,Strasbourg,Marseille,D,0.357197,0.273833,0.36897,1.2788,1.3039
2223,2022-10-30,F1,Auxerre,Ajaccio,H,0.422064,0.275617,0.302319,1.3824,1.1299
2223,2022-10-30,F1,Brest,Reims,D,0.374017,0.294278,0.331705,1.1823,1.097
2223,2022-10-30,F1,Lorient,Nice,A,0.257597,0.276344,0.466059,0.9911,1.4257
2223,2022-10-30,F1,Lyon,Lille,H,0.462152,0.259765,0.278083,1.5592,1.1561
2223,2022-10-30,F1,Monaco,Angers,H,0.647593,0.211951,0.140456,2.0032,0.8163
2223,2022-10-30,F1,Nantes,Clermont,D,0.617309,0.22431,0.158381,1.9015,0.851
2223,2022-10-30,F1,Rennes,Montpellier,H,0.656061,0.19781,0.146129,2.1983,0.9427
2223,2022-11-04,F1,Troyes,Auxerre,D,0.351305,0.30117,0.347525,1.1014,1.0939
2223,2022-11-05,F1,Ajaccio,Strasbourg,H,0.345524,0.276442,0.378034,1.2349,1.3036
2223,2022-11-05,F1,Angers,Lens,A,0.291107,0.269453,0.43944,1.1352,1.4525
2223,2022-11-06,F1,Clermont,Montpellier,D,0.298229,0.258644,0.443128,1.2292,1.5489
2223,2022-11-06,F1,Lille,Rennes,D,0.356967,0.284991,0.358042,1.2052,1.2074
2223,2022-11-06,F1,Lorient,Paris SG,A,0.088491,0.150701,0.760809,0.8105,2.6394
2223,2022-11-06,F1,Marseille,Lyon,H,0.422499,0.248972,0.328529,1.6114,1.3971
2223,2022-11-06,F1,Nice,Brest,H,0.521688,0.258322,0.21999,1.603,0.9523
2223,2022-11-06,F1,Reims,Nantes,H,0.377517,0.305186,0.317298,1.1279,1.0097
2223,2022-11-06,F1,Toulouse,Monaco,A,0.13071,0.204904,0.664386,0.7947,2.0595
2223,2022-11-11,F1,Lyon,Nice,D,0.520945,0.24607,0.232985,1.7236,1.0777
2223,2022-11-12,F1,Lens,Clermont,H,0.681841,0.191049,0.12711,2.2253,0.855
2223,2022-11-12,F1,Rennes,Toulouse,H,0.792236,0.142786,0.064978,2.5623,0.6128
2223,2022-11-13,F1,Brest,Troyes,H,0.458558,0.279608,0.261834,1.3949,0.9876
2223,2022-11-13,F1,Lille,Angers,H,0.572687,0.259309,0.168004,1.5811,0.7326
2223,2022-11-13,F1,Monaco,Marseille,A,0.462903,0.256227,0.28087,1.5924,1.1895
2223,2022-11-13,F1,Montpellier,Reims,D,0.389707,0.290673,0.319619,1.231,1.0885
2223,2022-11-13,F1,Nantes,Ajaccio,D,0.474967,0.267207,0.257826,1.5053,1.0418
2223,2022-11-13,F1,Paris SG,Auxerre,H,0.783471,0.140845,0.075684,2.7051,0.7472
2223,2022-11-13,F1,Strasbourg,Lorient,D,0.606858,0.225472,0.16767,1.9038,0.8949
2223,2022-12-28,F1,Ajaccio,Angers,H,0.455077,0.279227,0.265696,1.3944,1.0016
2223,2022-12-28,F1,Auxerre,Monaco,A,0.260226,0.254794,0.484981,1.1266,1.6232
2223,2022-12-28,F1,Brest,Lyon,A,0.256505,0.229856,0.513639,1.3001,1.9114
2223,2022-12-28,F1,Clermont,Lille,A,0.186478,0.25602,0.557501,0.826,1.6184
2223,2022-12-28,F1,Paris SG,Strasbourg,H,0.714225,0.173426,0.112349,2.4165,0.862
2223,2022-12-28,F1,Troyes,Nantes,D,0.306536,0.29872,0.394744,1.0155,1.1912
2223,2022-12-29,F1,Lorient,Montpellier,A,0.340279,0.260731,0.39899,1.3342,1.4637
2223,2022-12-29,F1,Marseille,Toulouse,H,0.740514,0.173427,0.086058,2.2658,0.6391
2223,2022-12-29,F1,Nice,Lens,D,0.406684,0.276438,0.316878,1.3536,1.1643
2223,2022-12-29,F1,Reims,Rennes,H,0.255787,0.285348,0.458865,0.9406,1.3545
2223,2023-01-01,F1,Angers,Lorient,A,0.471271,0.272093,0.256635,1.4628,1.0105
2223,2023-01-01,F1,Lens,Paris SG,H,0.208057,0.217939,0.574005,1.1649,2.0483
2223,2023-01-01,F1,Lyon,Clermont,A,0.763872,0.147787,0.088341,2.6926,0.8328
2223,2023-01-01,F1,Monaco,Brest,H,0.648246,0.200379,0.151375,2.1786,0.9598
2223,2023-01-01,F1,Nantes,Auxerre,H,0.474967,0.267207,0.257826,1.5053,1.0418
2223,2023-01-01,F1,Toulouse,Ajaccio,H,0.252046,0.275924,0.47203,0.9752,1.4336
2223,2023-01-02,F1,Lille,Reims,D,0.492832,0.299586,0.207581,1.2863,0.7314
2223,2023-01-02,F1,Montpellier,Marseille,A,0.284785,0.256201,0.459014,1.2029,1.5889
2223,2023-01-02,F1,Rennes,Nice,H,0.537626,0.255069,0.207305,1.6329,0.9183
2223,2023-01-02,F1,Strasbourg,Troyes,A,0.544281,0.264883,0.190836,1.544,0.8042
2223,2023-01-11,F1,Ajaccio,Reims,A,0.381619,0.30525,0.313131,1.1344,0.9999
2223,2023-01-11,F1,Auxerre,Toulouse,A,0.597687,0.239343,0.16297,1.754,0.7971
2223,2023-01-11,F1,Brest,Lille,D,0.277843,0.276434,0.445723,1.0539,1.4055
2223,2023-01-11,F1,Clermont,Rennes,H,0.14279,0.205671,0.65154,0.8682,2.0851
2223,2023-01-11,F1,Lorient,Monaco,D,0.186284,0.224752,0.588964,0.9989,1.9377
2223,2023-01-11,F1,Nantes,Lyon,D,0.320012,0.250558,0.429429,1.3584,1.6064
2223,2023-01-11,F1,Nice,Montpellier,H,0.50894,0.259422,0.231638,1.5906,0.9915
2223,2023-01-11,F1,Paris SG,Angers,H,0.804138,0.132548,0.063314,2.7287,0.6623
2223,2023-01-11,F1,Strasbourg,Lens,D,0.412593,0.261866,0.325541,1.4774,1.2863
2223,2023-01-11,F1,Troyes,Marseille,A,0.230595,0.280169,0.489236,0.8832,1.4131
2223,2023-01-14,F1,Lens,Auxerre,H,0.537377,0.242431,0.220191,1.7617,1.0467
2223,2023-01-14,F1,Lyon,Strasbourg,A,0.539879,0.230268,0.229853,1.9042,1.1763
2223,2023-01-14,F1,Marseille,Lorient,H,0.676463,0.19776,0.125777,2.1317,0.8033
2223,2023-01-15,F1,Angers,Clermont,A,0.512959,0.264352,0.222689,1.5479,0.931
2223,2023-01-15,F1,Lille,Troyes,H,0.576538,0.266605,0.156857,1.5175,0.6585
2223,2023-01-15,F1,Monaco,Ajaccio,H,0.618246,0.217789,0.163966,1.9859,0.9208
2223,2023-01-15,F1,Montpellier,Nantes,A,0.377305,0.265478,0.357217,1.3831,1.3394
2223,2023-01-15,F1,Reims,Nice,D,0.341919,0.320976,0.337105,0.9892,0.9801
2223,2023-01-15,F1,Rennes,Paris SG,H,0.298241,0.24483,0.456929,1.3354,1.7
2223,2023-01-15,F1,Toulouse,Brest,D,0.266917,0.267629,0.465454,1.0698,1.4942
2223,2023-01-27,F1,Lorient,Rennes,H,0.17026,0.22003,0.60971,0.9423,1.9704
2223,2023-01-28,F1,Marseille,Monaco,D,0.403708,0.262723,0.33357,1.4553,1.3016
2223,2023-01-28,F1,Troyes,Lens,D,0.270813,0.278664,0.450523,1.0203,1.394
2223,2023-01-29,F1,Ajaccio,Lyon,A,0.270418,0.243231,0.48635,1.2474,1.7423
2223,2023-01-29,F1,Auxerre,Montpellier,A,0.432624,0.26212,0.305255,1.5048,1.2262
2223,2023-01-29,F1,Brest,Angers,H,0.448003,0.270565,0.281432,1.4533,1.0988
2223,2023-01-29,F1,Clermont,Nantes,D,0.249785,0.262478,0.487737,1.0411,1.5543
2223,2023-01-29,F1,Nice,Lille,H,0.354098,0.308641,0.337261,1.0688,1.036
2223,2023-01-29,F1,Paris SG,Reims,D,0.727259,0.17982,0.092921,2.2198,0.6612
2223,2023-01-29,F1,Strasbourg,Toulouse,A,0.677854,0.204483,0.117663,2.0235,0.712
2223,2023-02-01,F1,Angers,Ajaccio,A,0.37691,0.28798,0.33511,1.2254,1.1398
2223,2023-02-01,F1,Lens,Nice,A,0.438627,0.272884,0.288489,1.4245,1.1064
2223,2023-02-01,F1,Lille,Clermont,D,0.67853,0.207367,0.114102,1.98,0.6751
2223,2023-02-01,F1,Lyon,Brest,D,0.655137,0.190157,0.154706,2.3385,1.0627
2223,2023-02-01,F1,Monaco,Auxerre,H,0.618246,0.217789,0.163966,1.9859,0.9208
2223,2023-02-01,F1,Montpellier,Paris SG,A,0.135463,0.181159,0.683378,0.992,2.4069
2223,2023-02-01,F1,Nantes,Marseille,A,0.329807,0.274924,0.395268,1.2071,1.3458
2223,2023-02-01,F1,Reims,Lorient,H,0.517626,0.275252,0.207122,1.4603,0.8221
2223,2023-02-01,F1,Rennes,Strasbourg,H,0.557992,0.237943,0.204065,1.804,1.0022
2223,2023-02-01,F1,Toulouse,Troyes,H,0.295004,0.308198,0.396798,0.9441,1.1423
2223,2023-02-04,F1,Paris SG,Toulouse,H,0.898161,0.07522,0.026619,3.4322,0.5271
2223,2023-02-04,F1,Rennes,Lille,A,0.481212,0.27118,0.247608,1.4772,0.9851
2223,2023-02-04,F1,Troyes,Lyon,A,0.21818,0.249622,0.532197,0.9939,1.6868
2223,2023-02-05,F1,Ajaccio,Nantes,A,0.371157,0.278709,0.350134,1.2746,1.2304
2223,2023-02-05,F1,Auxerre,Reims,D,0.381619,0.30525,0.313131,1.1344,0.9999
2223,2023-02-05,F1,Brest,Lens,D,0.319012,0.253106,0.427882,1.3347,1.5796
2223,2023-02-05,F1,Clermont,Monaco,A,0.15683,0.211271,0.6319,0.9202,2.0504
2223,2023-02-05,F1,Lorient,Angers,D,0.368019,0.283583,0.348398,1.2363,1.1956
2223,2023-02-05,F1,Marseille,Nice,A,0.479061,0.275231,0.245709,1.444,0.9577
2223,2023-02-05,F1,Strasbourg,Montpellier,H,0.519763,0.244892,0.235346,1.736,1.0953
2223,2023-02-10,F1,Nice,Ajaccio,H,0.494558,0.274149,0.231293,1.4612,0.9136
2223,2023-02-11,F1,Clermont,Marseille,A,0.177024,0.232107,0.590869,0.9054,1.8438
2223,2023-02-11,F1,Monaco,Paris SG,H,0.276332,0.237903,0.485766,1.3132,1.8019
2223,2023-02-12,F1,Angers,Auxerre,D,0.37691,0.28798,0.33511,1.2254,1.1398
2223,2023-02-12,F1,Lille,Strasbourg,H,0.468275,0.280018,0.251707,1.4002,0.9535
2223,2023-02-12,F1,Lyon,Lens,H,0.527874,0.225075,0.247052,1.9747,1.2993
2223,2023-02-12,F1,Montpellier,Brest,H,0.455473,0.249948,0.29458,1.6457,1.282
2223,2023-02-12,F1,Nantes,Lorient,H,0.575624,0.237463,0.186912,1.797,0.9237
2223,2023-02-12,F1,Reims,Troyes,H,0.460462,0.313911,0.225627,1.1844,0.7388
2223,2023-02-12,F1,Toulouse,Rennes,H,0.118845,0.198801,0.682354,0.7498,2.0943
2223,2023-02-17,F1,Auxerre,Lyon,H,0.270418,0.243231,0.48635,1.2474,1.7423
2223,2023-02-18,F1,Nice,Reims,D,0.446898,0.308907,0.244195,1.1991,0.8085
2223,2023-02-18,F1,Strasbourg,Angers,H,0.537495,0.257667,0.204838,1.6087,0.8947
2223,2023-02-19,F1,Brest,Monaco,A,0.247278,0.240719,0.512002,1.1742,1.7807
2223,2023-02-19,F1,Lens,Nantes,H,0.482178,0.254497,0.263325,1.6243,1.1398
2223,2023-02-19,F1,Lorient,Ajaccio,H,0.33417,0.273746,0.392085,1.2257,1.3488
2223,2023-02-19,F1,Paris SG,Lille,H,0.634799,0.215869,0.149331,1.9787,0.8472
2223,2023-02-19,F1,Rennes,Clermont,H,0.76949,0.151261,0.079249,2.551,0.7096
2223,2023-02-19,F1,Toulouse,Marseille,A,0.148718,0.227404,0.623878,0.782,1.852
2223,2023-02-19,F1,Troyes,Montpellier,A,0.35947,0.286831,0.353699,1.199,1.1871
2223,2023-02-24,F1,Lille,Brest,H,0.573079,0.244789,0.182132,1.7196,0.8614
2223,2023-02-25,F1,Angers,Lyon,A,0.234671,0.242925,0.522404,1.1058,1.7575
2223,2023-02-25,F1,Montpellier,Lens,D,0.334727,0.251957,0.413316,1.3897,1.5674
2223,2023-02-26,F1,Ajaccio,Troyes,H,0.464282,0.288417,0.247301,1.3383,0.9003
2223,2023-02-26,F1,Clermont,Strasbourg,D,0.227584,0.253662,0.518754,1.0087,1.6466
2223,2023-02-26,F1,Lorient,Auxerre,A,0.33417,0.273746,0.392085,1.2257,1.3488
2223,2023-02-26,F1,Marseille,Paris SG,A,0.25001,0.241342,0.508648,1.1809,1.773
2223,2023-02-26,F1,Monaco,Nice,A,0.517199,0.257958,0.224843,1.6058,0.9733
2223,2023-02-26,F1,Nantes,Rennes,A,0.284743,0.262881,0.452376,1.1574,1.5219
2223,2023-02-26,F1,Reims,Toulouse,H,0.586684,0.261594,0.151723,1.5522,0.6541
2223,2023-03-03,F1,Nice,Auxerre,D,0.494558,0.274149,0.231293,1.4612,0.9136
2223,2023-03-04,F1,Lens,Lille,D,0.38419,0.280284,0.335526,1.2886,1.1869
2223,2023-03-04,F1,Paris SG,Nantes,H,0.737831,0.163473,0.098696,2.4941,0.8137
2223,2023-03-05,F1,Lyon,Lorient,D,0.726073,0.164605,0.109323,2.5446,0.904
2223,2023-03-05,F1,Montpellier,Angers,H,0.465576,0.265379,0.269045,1.5132,1.0903
2223,2023-03-05,F1,Reims,Ajaccio,H,0.424781,0.30033,0.27489,1.2234,0.9272
2223,2023-03-05,F1,Rennes,Marseille,A,0.485025,0.255204,0.259771,1.6193,1.1222
2223,2023-03-05,F1,Strasbourg,Brest,A,0.533256,0.243605,0.22314,1.7496,1.052
2223,2023-03-05,F1,Toulouse,Clermont,A,0.37199,0.285495,0.342515,1.2318,1.171
2223,2023-03-05,F1,Troyes,Monaco,D,0.210784,0.261858,0.527357,0.8976,1.5715
2223,2023-03-10,F1,Lille,Lyon,D,0.398929,0.266725,0.334346,1.4144,1.2744
2223,2023-03-11,F1,Auxerre,Rennes,D,0.240271,0.252992,0.506737,1.0628,1.6506
2223,2023-03-11,F1,Brest,Paris SG,A,0.126995,0.177579,0.695426,0.9528,2.4256
2223,2023-03-12,F1,Ajaccio,Montpellier,A,0.432624,0.26212,0.305255,1.5048,1.2262
2223,2023-03-12,F1,Angers,Toulouse,A,0.547106,0.263546,0.189348,1.5548,0.804
2223,2023-03-12,F1,Clermont,Lens,A,0.212126,0.236958,0.550917,1.046,1.8189
2223,2023-03-12,F1,Lorient,Troyes,H,0.380139,0.295391,0.32447,1.1866,1.0747
2223,2023-03-12,F1,Marseille,Strasbourg,D,0.497125,0.258459,0.244416,1.5952,1.0453
2223,2023-03-12,F1,Monaco,Reims,A,0.563147,0.254537,0.182316,1.6296,0.8149
2223,2023-03-12,F1,Nantes,Nice,D,0.383008,0.291074,0.325918,1.2172,1.1012
2223,2023-03-17,F1,Lyon,Nantes,D,0.568701,0.224268,0.207032,1.9654,1.1103
2223,2023-03-18,F1,Lens,Angers,H,0.569943,0.239651,0.190406,1.777,0.9279
2223,2023-03-18,F1,Toulouse,Lille,A,0.157954,0.25307,0.588976,0.7133,1.6256
2223,2023-03-19,F1,Ajaccio,Monaco,A,0.260226,0.254794,0.484981,1.1266,1.6232
2223,2023-03-19,F1,Montpellier,Clermont,H,0.578114,0.229032,0.192854,1.895,1.0047
2223,2023-03-19,F1,Nice,Lorient,D,0.592066,0.24083,0.167104,1.7443,0.8101
2223,2023-03-19,F1,Paris SG,Rennes,A,0.597528,0.21371,0.188762,2.0798,1.0915
2223,2023-03-19,F1,Reims,Marseille,A,0.295259,0.300138,0.404603,0.981,1.1978
2223,2023-03-19,F1,Strasbourg,Auxerre,H,0.505662,0.258854,0.235484,1.5948,1.0093
2223,2023-03-19,F1,Troyes,Brest,D,0.372032,0.289301,0.338667,1.2083,1.1401
2223,2023-03-31,F1,Marseille,Montpellier,D,0.594093,0.223774,0.182132,1.9439,0.9832
2223,2023-04-01,F1,Auxerre,Troyes,H,0.464282,0.288417,0.247301,1.3383,0.9003
2223,2023-04-01,F1,Rennes,Lens,A,0.548359,0.232698,0.218943,1.8708,1.1071
2223,2023-04-02,F1,Angers,Nice,D,0.296809,0.298857,0.404334,0.9909,1.2047
2223,2023-04-02,F1,Brest,Toulouse,H,0.59505,0.233019,0.171931,1.8281,0.8744
2223,2023-04-02,F1,Clermont,Ajaccio,H,0.293996,0.271818,0.434186,1.1292,1.4273
2223,2023-04-02,F1,Lille,Lorient,H,0.640764,0.22315,0.136086,1.8711,0.7328
2223,2023-04-02,F1,Monaco,Strasbourg,H,0.536559,0.241327,0.222114,1.774,1.0623
2223,2023-04-02,F1,Nantes,Reims,A,0.429522,0.299261,0.271217,1.2353,0.9219
2223,2023-04-02,F1,Paris SG,Lyon,A,0.6542,0.18512,0.16068,2.441,1.1522
2223,2023-04-07,F1,Lens,Strasbourg,H,0.454163,0.257301,0.288536,1.5737,1.2076
2223,2023-04-08,F1,Angers,Lille,H,0.253909,0.293854,0.452237,0.8963,1.2924
2223,2023-04-08,F1,Nice,Paris SG,A,0.197884,0.2391,0.563015,0.9663,1.7879
2223,2023-04-09,F1,Ajaccio,Auxerre,A,0.422064,0.275617,0.302319,1.3824,1.1299
2223,2023-04-09,F1,Lorient,Marseille,D,0.207814,0.243926,0.54826,0.9828,1.7424
2223,2023-04-09,F1,Lyon,Rennes,H,0.410145,0.244152,0.345703,1.6389,1.4895
2223,2023-04-09,F1,Montpellier,Toulouse,A,0.613536,0.224668,0.161796,1.9034,0.8677
2223,2023-04-09,F1,Nantes,Monaco,D,0.306885,0.262723,0.430392,1.2268,1.4966
2223,2023-04-09,F1,Reims,Brest,D,0.44915,0.285816,0.265034,1.3421,0.9664
2223,2023-04-09,F1,Troyes,Clermont,A,0.480664,0.282488,0.236848,1.3913,0.8936
2223,2023-04-14,F1,Toulouse,Lyon,A,0.133074,0.193737,0.673189,0.88,2.2106
2223,2023-04-15,F1,Paris SG,Lens,H,0.709222,0.170606,0.120172,2.5059,0.9522
2223,2023-04-15,F1,Rennes,Reims,H,0.581968,0.250346,0.167686,1.6572,0.7688
2223,2023-04-16,F1,Auxerre,Nantes,H,0.371157,0.278709,0.350134,1.2746,1.2304
2223,2023-04-16,F1,Brest,Nice,H,0.325361,0.279833,0.394806,1.165,1.3102
2223,2023-04-16,F1,Clermont,Angers,H,0.327003,0.284851,0.388146,1.139,1.2652
2223,2023-04-16,F1,Lille,Montpellier,H,0.560926,0.246825,0.192249,1.7063,0.8969
2223,2023-04-16,F1,Marseille,Troyes,H,0.611504,0.240074,0.148422,1.7289,0.7219
2223,2023-04-16,F1,Monaco,Lorient,H,0.716785,0.174951,0.108263,2.3706,0.8164
2223,2023-04-16,F1,Strasbourg,Ajaccio,H,0.505662,0.258854,0.235484,1.5948,1.0093
2223,2023-04-21,F1,Angers,Paris SG,A,0.11851,0.18814,0.69335,0.8103,2.2303
2223,2023-04-22,F1,Auxerre,Lille,D,0.288337,0.290176,0.421487,1.0112,1.2812
2223,2023-04-22,F1,Lens,Monaco,H,0.358023,0.253771,0.388206,1.4357,1.5037
2223,2023-04-23,F1,Ajaccio,Brest,D,0.446417,0.262744,0.29084,1.5165,1.1777
2223,2023-04-23,F1,Lorient,Toulouse,A,0.509717,0.263432,0.226851,1.5551,0.9515
2223,2023-04-23,F1,Lyon,Marseille,A,0.463109,0.244562,0.292328,1.7093,1.3171
2223,2023-04-23,F1,Montpellier,Rennes,H,0.24004,0.239397,0.520563,1.1534,1.7968
2223,2023-04-23,F1,Nantes,Troyes,D,0.51477,0.275561,0.209669,1.4574,0.8301
2223,2023-04-23,F1,Nice,Clermont,A,0.631703,0.226729,0.141568,1.8458,0.7463
2223,2023-04-23,F1,Reims,Strasbourg,A,0.353955,0.303816,0.342229,1.0928,1.0697
2223,2023-04-28,F1,Strasbourg,Lyon,A,0.348861,0.250679,0.40046,1.4391,1.5564
2223,2023-04-29,F1,Lille,Ajaccio,H,0.544508,0.262142,0.19335,1.5675,0.8265
2223,2023-04-30,F1,Clermont,Reims,H,0.267607,0.295947,0.436446,0.9266,1.2631
2223,2023-04-30,F1,Marseille,Auxerre,H,0.577416,0.238324,0.18426,1.7858,0.906
2223,2023-04-30,F1,Monaco,Montpellier,A,0.63568,0.203473,0.160847,2.1618,0.9993
2223,2023-04-30,F1,Paris SG,Lorient,A,0.859832,0.096932,0.043236,3.2292,0.6625
2223,2023-04-30,F1,Rennes,Angers,H,0.665992,0.20609,0.127918,2.037,0.7701
2223,2023-04-30,F1,Troyes,Nice,A,0.276348,0.30994,0.413712,0.8906,1.1563
2223,2023-05-02,F1,Toulouse,Lens,A,0.178589,0.23385,0.587561,0.9034,1.827
2223,2023-05-03,F1,Brest,Nantes,H,0.361009,0.268089,0.370902,1.3284,1.3498
2223,2023-05-06,F1,Lens,Marseille,H,0.382263,0.263038,0.354699,1.4126,1.3521
2223,2023-05-06,F1,Nice,Rennes,H,0.309415,0.279941,0.410645,1.1234,1.3347
2223,2023-05-06,F1,Reims,Lille,H,0.297708,0.321787,0.380505,0.8948,1.0514
2223,2023-05-07,F1,Ajaccio,Toulouse,D,0.597687,0.239343,0.16297,1.754,0.7971
2223,2023-05-07,F1,Angers,Monaco,A,0.226485,0.254629,0.518886,0.9987,1.6373
2223,2023-05-07,F1,Auxerre,Clermont,D,0.56393,0.242849,0.19322,1.7462,0.923
2223,2023-05-07,F1,Lorient,Brest,H,0.354094,0.263835,0.382071,1.3446,1.4058
2223,2023-05-07,F1,Lyon,Montpellier,H,0.641954,0.193341,0.164705,2.3204,1.1064
2223,2023-05-07,F1,Nantes,Strasbourg,A,0.396102,0.275269,0.328629,1.3447,1.2019
2223,2023-05-07,F1,Troyes,Paris SG,A,0.110927,0.192596,0.696478,0.7284,2.1406
2223,2023-05-12,F1,Lens,Reims,H,0.487236,0.275675,0.237089,1.4456,0.9263
2223,2023-05-13,F1,Paris SG,Ajaccio,H,0.783471,0.140845,0.075684,2.7051,0.7472
2223,2023-05-13,F1,Strasbourg,Nice,H,0.410983,0.286661,0.302357,1.2896,1.0669
2223,2023-05-14,F1,Brest,Auxerre,H,0.413242,0.266403,0.320355,1.4408,1.2396
2223,2023-05-14,F1,Clermont,Lyon,H,0.160557,0.200607,0.638837,1.0189,2.2009
2223,2023-05-14,F1,Marseille,Angers,H,0.607044,0.233992,0.158965,1.8013,0.8032
2223,2023-05-14,F1,Monaco,Lille,D,0.460576,0.27224,0.267184,1.4526,1.0441
2223,2023-05-14,F1,Montpellier,Lorient,D,0.533811,0.239874,0.226315,1.7907,1.0905
2223,2023-05-14,F1,Rennes,Troyes,H,0.669052,0.211242,0.119706,1.9551,0.6922
2223,2023-05-14,F1,Toulouse,Nantes,D,0.212643,0.263022,0.524335,0.8991,1.5612
2223,2023-05-19,F1,Lyon,Monaco,H,0.438385,0.239283,0.322331,1.7372,1.4647
2223,2023-05-20,F1,Lille,Marseille,H,0.401666,0.289579,0.308755,1.2569,1.0677
2223,2023-05-20,F1,Nantes,Montpellier,A,0.487889,0.253374,0.258737,1.6387,1.1305
2223,2023-05-21,F1,Ajaccio,Rennes,A,0.240271,0.252992,0.506737,1.0628,1.6506
2223,2023-05-21,F1,Auxerre,Paris SG,A,0.139456,0.195321,0.665223,0.9141,2.2111
2223,2023-05-21,F1,Brest,Clermont,H,0.559219,0.236486,0.204295,1.82,1.0125
2223,2023-05-21,F1,Lorient,Lens,A,0.247461,0.246264,0.506275,1.1354,1.7189
2223,2023-05-21,F1,Nice,Toulouse,D,0.66019,0.220938,0.118872,1.854,0.6445
2223,2023-05-21,F1,Reims,Angers,D,0.453918,0.303818,0.242263,1.234,0.8219
2223,2023-05-21,F1,Troyes,Strasbourg,D,0.284143,0.293413,0.422444,0.9839,1.262
2223,2023-05-27,F1,Angers,Troyes,H,0.41849,0.305483,0.276027,1.1864,0.9081
2223,2023-05-27,F1,Clermont,Lorient,H,0.383415,0.271699,0.344887,1.3479,1.2655
2223,2023-05-27,F1,Lens,Ajaccio,H,0.537377,0.242431,0.220191,1.7617,1.0467
2223,2023-05-27,F1,Lille,Nantes,H,0.493696,0.27617,0.230134,1.4452,0.9
2223,2023-05-27,F1,Lyon,Reims,H,0.569789,0.24221,0.188,1.7492,0.9023
2223,2023-05-27,F1,Marseille,Brest,A,0.606786,0.22123,0.171983,1.959,0.9443
2223,2023-05-27,F1,Montpellier,Nice,A,0.340324,0.277943,0.381733,1.213,1.3001
2223,2023-05-27,F1,Rennes,Monaco,H,0.46298,0.250708,0.286312,1.6458,1.248
2223,2023-05-27,F1,Strasbourg,Paris SG,D,0.193738,0.22239,0.583873,1.0546,1.9751
2223,2023-05-27,F1,Toulouse,Auxerre,D,0.252046,0.275924,0.47203,0.9752,1.4336
2223,2023-06-03,F1,Ajaccio,Marseille,H,0.282873,0.269703,0.447424,1.1085,1.4596
2223,2023-06-03,F1,Auxerre,Lens,A,0.331101,0.264693,0.404206,1.2806,1.4399
2223,2023-06-03,F1,Brest,Rennes,A,0.227456,0.238106,0.534438,1.1078,1.8108
2223,2023-06-03,F1,Lorient,Strasbourg,H,0.263132,0.261366,0.475503,1.0949,1.5561
2223,2023-06-03,F1,Monaco,Toulouse,A,0.778091,0.14954,0.072369,2.5197,0.6496
2223,2023-06-03,F1,Nantes,Angers,H,0.507193,0.267651,0.225156,1.5185,0.9235
2223,2023-06-03,F1,Nice,Lyon,H,0.346808,0.264964,0.388228,1.3185,1.4088
2223,2023-06-03,F1,Paris SG,Clermont,A,0.884574,0.082188,0.033238,3.4171,0.6103
2223,2023-06-03,F1,Reims,Montpellier,A,0.436776,0.285377,0.277847,1.3317,1.0062
2223,2023-06-03,F1,Troyes,Lille,D,0.236428,0.303621,0.459951,0.8057,1.2404
2324,2023-08-11,F1,Nice,Lille,D,0.345546,0.312782,0.341672,1.0666,1.059
2324,2023-08-12,F1,Marseille,Reims,H,0.520898,0.276756,0.202346,1.4907,0.8305
2324,2023-08-12,F1,Paris SG,Lorient,D,0.769556,0.146015,0.084429,2.758,0.8436
2324,2023-08-13,F1,Brest,Lens,H,0.220844,0.26322,0.515936,0.9672,1.605
2324,2023-08-13,F1,Clermont,Monaco,A,0.272006,0.253789,0.474205,1.2197,1.676
2324,2023-08-13,F1,Montpellier,Le Havre,D,0.485256,0.246985,0.267759,1.7538,1.2539
2324,2023-08-13,F1,Nantes,Toulouse,A,0.410505,0.282524,0.306972,1.3597,1.142
2324,2023-08-13,F1,Rennes,Metz,H,0.712606,0.188996,0.098399,2.1859,0.689
2324,2023-08-13,F1,Strasbourg,Lyon,H,0.31919,0.251164,0.429646,1.3981,1.6518
2324,2023-08-18,F1,Metz,Marseille,D,0.184401,0.254607,0.560992,0.8584,1.6765
2324,2023-08-19,F1,Lyon,Montpellier,A,0.578908,0.2089,0.212193,2.2393,1.3121
2324,2023-08-19,F1,Toulouse,Paris SG,D,0.147019,0.193724,0.659257,1.0207,2.3196
2324,2023-08-20,F1,Le Havre,Brest,A,0.402504,0.282191,0.315306,1.3498,1.1661
2324,2023-08-20,F1,Lens,Rennes,D,0.405516,0.277121,0.317363,1.3914,1.2032
2324,2023-08-20,F1,Lille,Nantes,H,0.568936,0.256026,0.175038,1.6578,0.8098
2324,2023-08-20,F1,Lorient,Nice,D,0.279896,0.2958,0.424304,0.9961,1.2888
2324,2023-08-20,F1,Monaco,Strasbourg,H,0.516804,0.234208,0.248989,1.9123,1.2769
2324,2023-08-20,F1,Reims,Clermont,H,0.445214,0.30404,0.250746,1.2605,0.8762
2324,2023-08-25,F1,Nantes,Monaco,D,0.284608,0.257841,0.457551,1.2349,1.622
2324,2023-08-26,F1,Marseille,Brest,H,0.588357,0.237234,0.174409,1.8384,0.9013
2324,2023-08-26,F1,Paris SG,Lens,H,0.523177,0.241187,0.235636,1.8299,1.1653
2324,2023-08-27,F1,Clermont,Metz,A,0.464405,0.28865,0.246944,1.3772,0.9323
2324,2023-08-27,F1,Lorient,Lille,H,0.242554,0.269125,0.488321,1.0167,1.544
2324,2023-08-27,F1,Montpellier,Reims,A,0.418737,0.275676,0.305587,1.4223,1.1801
2324,2023-08-27,F1,Nice,Lyon,D,0.364083,0.283011,0.352906,1.2744,1.2508
2324,2023-08-27,F1,Rennes,Le Havre,D,0.645253,0.214518,0.140229,2.0272,0.8373
2324,2023-08-27,F1,Strasbourg,Toulouse,H,0.489203,0.256217,0.25458,1.662,1.1389
2324,2023-09-01,F1,Nantes,Marseille,D,0.246132,0.274619,0.47925,0.9995,1.4932
2324,2023-09-02,F1,Brest,Rennes,D,0.215826,0.251773,0.5324,1.011,1.7151
2324,2023-09-02,F1,Monaco,Lens,H,0.341484,0.258604,0.399912,1.4009,1.5325
2324,2023-09-03,F1,Le Havre,Lorient,H,0.424078,0.276022,0.2999,1.4271,1.1618
2324,2023-09-03,F1,Lille,Montpellier,H,0.55386,0.234875,0.211265,1.8959,1.0982
2324,2023-09-03,F1,Lyon,Paris SG,A,0.288377,0.229894,0.481729,1.4805,1.9513
2324,2023-09-03,F1,Metz,Reims,D,0.27606,0.314877,0.409063,0.9007,1.1585
2324,2023-09-03,F1,Nice,Strasbourg,H,0.456008,0.287257,0.256735,1.38,0.9698
2324,2023-09-03,F1,Toulouse,Clermont,D,0.421325,0.279786,0.298889,1.395,1.136
2324,2023-09-15,F1,Paris SG,Nice,A,0.604378,0.230994,0.164628,1.8916,0.885
2324,2023-09-16,F1,Lens,Metz,A,0.693646,0.202739,0.103615,2.0456,0.6591
2324,2023-09-16,F1,Rennes,Lille,D,0.46422,0.272336,0.263444,1.5007,1.0709
2324,2023-09-17,F1,Clermont,Nantes,A,0.386266,0.296962,0.316772,1.2267,1.0855
2324,2023-09-17,F1,Lorient,Monaco,D,0.276199,0.243698,0.480103,1.3116,1.7859
2324,2023-09-17,F1,Lyon,Le Havre,D,0.605967,0.219573,0.17446,2.0388,1.0097
2324,2023-09-17,F1,Marseille,Toulouse,D,0.604998,0.227638,0.167364,1.9327,0.9191
2324,2023-09-17,F1,Reims,Brest,A,0.431082,0.300003,0.268915,1.2704,0.9457
2324,2023-09-17,F1,Strasbourg,Montpellier,D,0.445022,0.245015,0.309963,1.7362,1.4208
2324,2023-09-22,F1,Monaco,Nice,A,0.429141,0.274185,0.296674,1.4481,1.1639
2324,2023-09-23,F1,Brest,Lyon,H,0.264107,0.249784,0.48611,1.2192,1.7248
2324,2023-09-23,F1,Nantes,Lorient,H,0.418484,0.283033,0.298484,1.3675,1.1157
2324,2023-09-24,F1,Le Havre,Clermont,H,0.418819,0.287118,0.294063,1.3393,1.0804
2324,2023-09-24,F1,Lens,Toulouse,H,0.639225,0.217911,0.142864,1.9947,0.8343
2324,2023-09-24,F1,Metz,Strasbourg,A,0.271464,0.278156,0.45038,1.0637,1.4417
2324,2023-09-24,F1,Montpellier,Rennes,D,0.255351,0.236445,0.508204,1.2862,1.8835
2324,2023-09-24,F1,Paris SG,Marseille,H,0.573182,0.224382,0.202436,2.0159,1.129
2324,2023-09-26,F1,Lille,Reims,A,0.505461,0.288524,0.206014,1.3999,0.7954
2324,2023-09-29,F1,Strasbourg,Lens,A,0.267254,0.268049,0.464697,1.1091,1.537
2324,2023-09-30,F1,Clermont,Paris SG,D,0.142132,0.20191,0.655958,0.9275,2.1893
2324,2023-09-30,F1,Monaco,Marseille,H,0.385658,0.254275,0.360066,1.5432,1.4848
2324,2023-10-01,F1,Le Havre,Lille,A,0.251333,0.278053,0.470615,0.9991,1.4601
2324,2023-10-01,F1,Lorient,Montpellier,A,0.360991,0.251855,0.387154,1.5085,1.5687
2324,2023-10-01,F1,Nice,Brest,D,0.503644,0.282794,0.213562,1.441,0.8457
2324,2023-10-01,F1,Reims,Lyon,H,0.294894,0.27998,0.425126,1.1235,1.3986
2324,2023-10-01,F1,Rennes,Nantes,H,0.637135,0.221829,0.141036,1.9469,0.8023
2324,2023-10-01,F1,Toulouse,Metz,H,0.487994,0.272481,0.239525,1.5157,0.9877
2324,2023-10-06,F1,Strasbourg,Nantes,A,0.474217,0.271171,0.254612,1.5181,1.0477
2324,2023-10-07,F1,Metz,Nice,A,0.221769,0.299563,0.478668,0.8055,1.3141
2324,2023-10-07,F1,Reims,Monaco,A,0.324056,0.278313,0.397631,1.213,1.3697
2324,2023-10-08,F1,Brest,Toulouse,D,0.423822,0.273117,0.303061,1.4494,1.1892
2324,2023-10-08,F1,Lens,Lille,D,0.449587,0.283025,0.267388,1.4044,1.0245
2324,2023-10-08,F1,Lyon,Lorient,D,0.62593,0.208994,0.165076,2.1559,1.0276
2324,2023-10-08,F1,Marseille,Le Havre,H,0.593019,0.236777,0.170204,1.8381,0.8824
2324,2023-10-08,F1,Rennes,Paris SG,A,0.343021,0.250651,0.406328,1.4721,1.618
2324,2023-10-20,F1,Le Havre,Lens,D,0.215816,0.263295,0.520889,0.9469,1.6048
2324,2023-10-21,F1,Nice,Marseille,H,0.344823,0.303332,0.351844,1.1137,1.1277
2324,2023-10-21,F1,Paris SG,Strasbourg,H,0.702134,0.175566,0.1223,2.498,0.9709
2324,2023-10-22,F1,Lille,Brest,H,0.571823,0.248914,0.179264,1.7264,0.8632
2324,2023-10-22,F1,Lorient,Rennes,H,0.201621,0.241811,0.556568,1.0073,1.8133
2324,2023-10-22,F1,Lyon,Clermont,A,0.615587,0.219466,0.164947,2.0232,0.9556
2324,2023-10-22,F1,Monaco,Metz,H,0.656018,0.204163,0.139819,2.1528,0.8971
2324,2023-10-22,F1,Nantes,Montpellier,H,0.367062,0.263927,0.369011,1.4204,1.4247
2324,2023-10-22,F1,Toulouse,Reims,D,0.352001,0.301135,0.346864,1.14,1.1297
2324,2023-10-27,F1,Clermont,Nice,A,0.274296,0.307667,0.418037,0.9264,1.2095
2324,2023-10-28,F1,Lens,Nantes,H,0.618627,0.234931,0.146442,1.822,0.7675
2324,2023-10-28,F1,Reims,Lorient,H,0.452517,0.292131,0.255352,1.3432,0.9422
2324,2023-10-29,F1,Brest,Paris SG,A,0.154552,0.203307,0.642141,1.001,2.2065
2324,2023-10-29,F1,Lille,Monaco,H,0.460653,0.255397,0.283951,1.6484,1.2503
2324,2023-10-29,F1,Metz,Le Havre,D,0.322991,0.295066,0.381943,1.1106,1.2309
2324,2023-10-29,F1,Montpellier,Toulouse,H,0.494795,0.239363,0.265842,1.8439,1.306
2324,2023-10-29,F1,Rennes,Strasbourg,D,0.591981,0.228392,0.179627,1.9416,0.9807
2324,2023-11-03,F1,Paris SG,Montpellier,H,0.737817,0.151713,0.11047,2.8646,1.0772
2324,2023-11-04,F1,Lorient,Lens,D,0.20699,0.25343,0.53958,0.9636,1.697
2324,2023-11-04,F1,Marseille,Lille,D,0.41377,0.283048,0.303181,1.3607,1.1286
2324,2023-11-05,F1,Lyon,Metz,D,0.680587,0.19629,0.123123,2.1983,0.8309
2324,2023-11-05,F1,Monaco,Brest,H,0.572655,0.225833,0.201512,1.9969,1.1135
2324,2023-11-05,F1,Nantes,Reims,A,0.346028,0.316654,0.337318,1.0488,1.0319
2324,2023-11-05,F1,Nice,Rennes,H,0.305331,0.297106,0.397562,1.0567,1.2437
2324,2023-11-05,F1,Strasbourg,Clermont,D,0.490307,0.266391,0.243302,1.5687,1.0348
2324,2023-11-05,F1,Toulouse,Le Havre,A,0.409926,0.276134,0.313939,1.4057,1.2003
2324,2023-11-10,F1,Montpellier,Nice,D,0.345711,0.277405,0.376884,1.272,1.3386
2324,2023-11-11,F1,Le Havre,Monaco,D,0.286546,0.251431,0.462022,1.2888,1.6889
2324,2023-11-11,F1,Reims,Paris SG,A,0.185197,0.243028,0.571775,0.9223,1.7892
2324,2023-11-12,F1,Clermont,Lorient,H,0.405633,0.282759,0.311608,1.3506,1.1529
2324,2023-11-12,F1,Lens,Marseille,H,0.450552,0.275023,0.274426,1.4664,1.0909
2324,2023-11-12,F1,Lille,Toulouse,D,0.588248,0.239292,0.17246,1.8149,0.8802
2324,2023-11-12,F1,Metz,Nantes,H,0.320676,0.302339,0.376985,1.0666,1.1795
2324,2023-11-12,F1,Rennes,Lyon,A,0.492074,0.243731,0.264195,1.793,1.2648
2324,2023-11-24,F1,Paris SG,Monaco,H,0.645554,0.187138,0.167308,2.4906,1.2264
2324,2023-11-25,F1,Clermont,Lens,A,0.204872,0.264643,0.530485,0.8962,1.5925
2324,2023-11-25,F1,Strasbourg,Marseille,D,0.304314,0.268726,0.42696,1.2218,1.4892
2324,2023-11-26,F1,Lorient,Metz,A,0.477488,0.276018,0.246494,1.4809,0.9934
2324,2023-11-26,F1,Lyon,Lille,A,0.416992,0.2646,0.318408,1.5093,1.2915
2324,2023-11-26,F1,Montpellier,Brest,A,0.479359,0.246588,0.274053,1.754,1.2807
2324,2023-11-26,F1,Nantes,Le Havre,D,0.402503,0.290494,0.307002,1.2932,1.0964
2324,2023-11-26,F1,Nice,Toulouse,H,0.519051,0.273727,0.207222,1.5149,0.8624
2324,2023-11-26,F1,Rennes,Reims,H,0.571255,0.257292,0.171453,1.6441,0.788
2324,2023-11-29,F1,Montpellier,Clermont,D,0.497205,0.248844,0.253951,1.7404,1.1867
2324,2023-12-01,F1,Reims,Strasbourg,H,0.383651,0.297916,0.318433,1.2166,1.0844
2324,2023-12-02,F1,Lens,Lyon,H,0.476868,0.253794,0.269338,1.678,1.21
2324,2023-12-02,F1,Nantes,Nice,H,0.284899,0.311338,0.403763,0.9379,1.1705
2324,2023-12-03,F1,Brest,Clermont,H,0.42662,0.284475,0.288904,1.368,1.0806
2324,2023-12-03,F1,Le Havre,Paris SG,A,0.150538,0.202509,0.646953,0.98,2.2062
2324,2023-12-03,F1,Lille,Metz,H,0.646155,0.226983,0.126862,1.8612,0.6954
2324,2023-12-03,F1,Marseille,Rennes,H,0.368387,0.273724,0.357888,1.3481,1.3254
2324,2023-12-03,F1,Monaco,Montpellier,H,0.547001,0.213549,0.239451,2.193,1.4166
2324,2023-12-03,F1,Toulouse,Lorient,D,0.426322,0.268949,0.304729,1.4865,1.2215
2324,2023-12-06,F1,Marseille,Lyon,H,0.437112,0.254918,0.307969,1.6258,1.333
2324,2023-12-07,F1,Brest,Strasbourg,D,0.358698,0.274694,0.366608,1.3203,1.3373
2324,2023-12-08,F1,Montpellier,Lens,D,0.26087,0.246548,0.492581,1.2305,1.7626
2324,2023-12-09,F1,Paris SG,Nantes,H,0.742203,0.164463,0.093334,2.5048,0.7943
2324,2023-12-09,F1,Rennes,Monaco,A,0.530638,0.232294,0.237068,1.9359,1.2387
2324,2023-12-10,F1,Clermont,Lille,D,0.23895,0.280373,0.480677,0.9455,1.449
2324,2023-12-10,F1,Lorient,Marseille,A,0.238405,0.258687,0.502908,1.0616,1.6442
2324,2023-12-10,F1,Lyon,Toulouse,H,0.617848,0.210913,0.171239,2.1436,1.0517
2324,2023-12-10,F1,Metz,Brest,A,0.317875,0.29282,0.389305,1.1107,1.2573
2324,2023-12-10,F1,Nice,Reims,H,0.44228,0.319984,0.237736,1.1685,0.7793
2324,2023-12-10,F1,Strasbourg,Le Havre,H,0.47951,0.264324,0.256167,1.5807,1.0934
2324,2023-12-15,F1,Monaco,Lyon,A,0.406435,0.236508,0.357057,1.766,1.6469
2324,2023-12-16,F1,Le Havre,Nice,H,0.287804,0.30387,0.408326,0.9788,1.2188
2324,2023-12-16,F1,Lens,Reims,H,0.553608,0.270258,0.176134,1.5386,0.7539
2324,2023-12-17,F1,Lille,Paris SG,D,0.287273,0.256516,0.456211,1.2534,1.6332
2324,2023-12-17,F1,Lorient,Strasbourg,A,0.342385,0.27007,0.387546,1.3154,1.4139
2324,2023-12-17,F1,Marseille,Clermont,H,0.601755,0.237002,0.161243,1.8241,0.8351
2324,2023-12-17,F1,Metz,Montpellier,A,0.284643,0.260008,0.455349,1.2198,1.5995
2324,2023-12-17,F1,Nantes,Brest,A,0.397315,0.289239,0.313446,1.2934,1.1198
2324,2023-12-17,F1,Toulouse,Rennes,D,0.208441,0.243096,0.548463,1.031,1.803
2324,2023-12-20,F1,Brest,Lorient,H,0.432077,0.273452,0.294471,1.4577,1.162
2324,2023-12-20,F1,Clermont,Rennes,A,0.199903,0.252713,0.547384,0.9368,1.7017
2324,2023-12-20,F1,Lyon,Nantes,H,0.598736,0.2264,0.174865,1.958,0.9675
2324,2023-12-20,F1,Montpellier,Marseille,D,0.299351,0.248549,0.452099,1.3555,1.7078
2324,2023-12-20,F1,Nice,Lens,H,0.307614,0.307459,0.384927,1.0109,1.1639
2324,2023-12-20,F1,Paris SG,Metz,H,0.809474,0.12997,0.060557,2.8122,0.6822
2324,2023-12-20,F1,Reims,Le Havre,H,0.435827,0.300881,0.263293,1.2702,0.9258
2324,2023-12-20,F1,Strasbourg,Lille,H,0.307332,0.278039,0.414629,1.1702,1.3985
2324,2023-12-20,F1,Toulouse,Monaco,A,0.285019,0.243963,0.471018,1.3424,1.7758
2324,2024-01-12,F1,Marseille,Strasbourg,D,0.537854,0.247318,0.214829,1.7605,1.0335
2324,2024-01-13,F1,Monaco,Reims,A,0.505197,0.261421,0.233381,1.6193,1.026
2324,2024-01-13,F1,Rennes,Nice,H,0.499265,0.278759,0.221976,1.4703,0.8939
2324,2024-01-14,F1,Brest,Montpellier,H,0.378743,0.255877,0.36538,1.5141,1.4837
2324,2024-01-14,F1,Le Havre,Lyon,H,0.258048,0.250116,0.491837,1.1937,1.7246
2324,2024-01-14,F1,Lens,Paris SG,A,0.332869,0.258599,0.408532,1.3776,1.5479
2324,2024-01-14,F1,Lille,Lorient,H,0.595715,0.237594,0.166691,1.8253,0.86
2324,2024-01-14,F1,Metz,Toulouse,A,0.32876,0.287494,0.383746,1.1677,1.2821
2324,2024-01-14,F1,Nantes,Clermont,A,0.413102,0.29438,0.292518,1.2833,1.0376
2324,2024-01-26,F1,Lyon,Rennes,A,0.367708,0.255176,0.377116,1.4953,1.5167
2324,2024-01-27,F1,Marseille,Monaco,D,0.474247,0.246099,0.279653,1.7553,1.3054
2324,2024-01-27,F1,Nice,Metz,H,0.577087,0.266943,0.15597,1.5536,0.6814
2324,2024-01-28,F1,Clermont,Strasbourg,D,0.335058,0.280953,0.383988,1.2233,1.3269
2324,2024-01-28,F1,Lorient,Le Havre,D,0.399882,0.278313,0.321804,1.3735,1.2072
2324,2024-01-28,F1,Montpellier,Lille,D,0.303303,0.257536,0.439161,1.2983,1.6037
2324,2024-01-28,F1,Paris SG,Brest,D,0.746939,0.158704,0.094357,2.6085,0.8467
2324,2024-01-28,F1,Reims,Nantes,D,0.43062,0.308413,0.260966,1.2199,0.8871
2324,2024-01-28,F1,Toulouse,Lens,A,0.213779,0.254549,0.531672,0.9863,1.6873
2324,2024-02-02,F1,Strasbourg,Paris SG,A,0.194358,0.216165,0.589477,1.1478,2.113
2324,2024-02-03,F1,Nantes,Lens,A,0.214999,0.270494,0.514507,0.9073,1.5412
2324,2024-02-03,F1,Rennes,Montpellier,H,0.626133,0.204549,0.169318,2.2266,1.088
2324,2024-02-04,F1,Brest,Nice,D,0.293814,0.302693,0.403494,0.9998,1.219
2324,2024-02-04,F1,Lille,Clermont,H,0.58491,0.249098,0.165992,1.713,0.7998
2324,2024-02-04,F1,Lyon,Marseille,H,0.415929,0.256888,0.327183,1.5758,1.3752
2324,2024-02-04,F1,Metz,Lorient,A,0.336419,0.28937,0.374211,1.1744,1.2527
2324,2024-02-04,F1,Monaco,Le Havre,D,0.578023,0.225448,0.196529,1.9966,1.0902
2324,2024-02-04,F1,Reims,Toulouse,A,0.445013,0.292198,0.262789,1.3355,0.9643
2324,2024-02-09,F1,Marseille,Metz,D,0.663798,0.214128,0.122074,1.982,0.7261
2324,2024-02-10,F1,Lens,Strasbourg,H,0.574312,0.240343,0.185345,1.817,0.9382
2324,2024-02-10,F1,Paris SG,Lille,H,0.570573,0.231092,0.198335,1.9307,1.0603
2324,2024-02-11,F1,Clermont,Brest,D,0.384746,0.288472,0.326782,1.2775,1.1572
2324,2024-02-11,F1,Le Havre,Rennes,A,0.210796,0.251708,0.537496,0.9898,1.7148
2324,2024-02-11,F1,Lorient,Reims,H,0.34312,0.302639,0.35424,1.1139,1.1362
2324,2024-02-11,F1,Montpellier,Lyon,A,0.313298,0.232267,0.454434,1.5512,1.8942
2324,2024-02-11,F1,Nice,Monaco,A,0.396704,0.277253,0.326043,1.3759,1.2249
2324,2024-02-11,F1,Toulouse,Nantes,A,0.406076,0.282945,0.310979,1.35,1.1501
2324,2024-02-16,F1,Lyon,Nice,H,0.456807,0.274238,0.268955,1.4787,1.078
2324,2024-02-17,F1,Lille,Le Havre,H,0.576383,0.248577,0.17504,1.7262,0.8451
2324,2024-02-17,F1,Nantes,Paris SG,A,0.151412,0.209336,0.639252,0.939,2.1188
2324,2024-02-18,F1,Brest,Marseille,H,0.253222,0.267244,0.479535,1.0655,1.5551
2324,2024-02-18,F1,Monaco,Toulouse,A,0.589425,0.217105,0.193471,2.0993,1.1355
2324,2024-02-18,F1,Montpellier,Metz,H,0.568438,0.234459,0.197104,1.891,1.0318
2324,2024-02-18,F1,Reims,Lens,D,0.248093,0.298613,0.453294,0.8912,1.3015
2324,2024-02-18,F1,Rennes,Clermont,H,0.653203,0.214131,0.132665,2.0118,0.7924
2324,2024-02-18,F1,Strasbourg,Lorient,A,0.497612,0.255648,0.24674,1.6716,1.1127
2324,2024-02-23,F1,Metz,Lyon,A,0.190008,0.236746,0.573246,0.9823,1.8595
2324,2024-02-24,F1,Lorient,Nantes,A,0.39622,0.285154,0.318627,1.319,1.1567
2324,2024-02-24,F1,Strasbourg,Brest,A,0.474108,0.263877,0.262015,1.581,1.1168
2324,2024-02-25,F1,Le Havre,Reims,A,0.350509,0.309139,0.340352,1.0945,1.0745
2324,2024-02-25,F1,Lens,Monaco,A,0.514427,0.24274,0.242833,1.8117,1.185
2324,2024-02-25,F1,Marseille,Montpellier,H,0.56979,0.224396,0.205814,2.0189,1.1466
2324,2024-02-25,F1,Nice,Clermont,D,0.516768,0.284698,0.198534,1.4298,0.7836
2324,2024-02-25,F1,Paris SG,Rennes,D,0.523994,0.234191,0.241815,1.9128,1.2452
2324,2024-02-25,F1,Toulouse,Lille,H,0.250048,0.26962,0.480331,1.0406,1.5352
2324,2024-03-01,F1,Monaco,Paris SG,D,0.258391,0.219687,0.521922,1.4498,2.1068
2324,2024-03-02,F1,Clermont,Marseille,A,0.235178,0.269627,0.495195,0.9872,1.543
2324,2024-03-02,F1,Reims,Lille,A,0.283034,0.309703,0.407263,0.9403,1.1842
2324,2024-03-03,F1,Brest,Le Havre,H,0.415615,0.280944,0.303441,1.3785,1.1418
2324,2024-03-03,F1,Lyon,Lens,A,0.370662,0.263662,0.365676,1.4305,1.4194
2324,2024-03-03,F1,Montpellier,Strasbourg,D,0.421764,0.247158,0.331078,1.6797,1.4686
2324,2024-03-03,F1,Nantes,Metz,A,0.476588,0.287445,0.235967,1.3944,0.9022
2324,2024-03-03,F1,Rennes,Lorient,A,0.665018,0.202965,0.132017,2.1437,0.8521
2324,2024-03-03,F1,Toulouse,Nice,H,0.287801,0.295443,0.416756,1.0195,1.2814
2324,2024-03-08,F1,Nice,Montpellier,A,0.484054,0.264442,0.251505,1.5825,1.0759
2324,2024-03-09,F1,Lens,Brest,H,0.622434,0.228065,0.149501,1.8974,0.8181
2324,2024-03-09,F1,Lorient,Lyon,A,0.247946,0.241613,0.510441,1.2148,1.8237
2324,2024-03-10,F1,Le Havre,Toulouse,H,0.415882,0.275571,0.308547,1.419,1.1891
2324,2024-03-10,F1,Lille,Rennes,D,0.358002,0.282368,0.359631,1.266,1.2694
2324,2024-03-10,F1,Marseille,Nantes,H,0.585526,0.24405,0.170424,1.7653,0.8455
2324,2024-03-10,F1,Metz,Clermont,H,0.333806,0.301151,0.365043,1.1021,1.165
2324,2024-03-10,F1,Paris SG,Reims,D,0.676928,0.202219,0.120853,2.1152,0.7802
2324,2024-03-10,F1,Strasbourg,Monaco,A,0.352084,0.249205,0.398711,1.5095,1.6176
2324,2024-03-15,F1,Toulouse,Lyon,A,0.256098,0.242302,0.5016,1.2433,1.8133
2324,2024-03-16,F1,Lens,Nice,A,0.48338,0.290638,0.225981,1.376,0.8551
2324,2024-03-16,F1,Nantes,Strasbourg,A,0.347629,0.283108,0.369263,1.2386,1.2841
2324,2024-03-17,F1,Brest,Lille,D,0.256942,0.277522,0.465535,1.0205,1.4604
2324,2024-03-17,F1,Clermont,Le Havre,H,0.38999,0.289875,0.320134,1.2773,1.1329
2324,2024-03-17,F1,Monaco,Lorient,D,0.597899,0.215442,0.186659,2.1113,1.1094
2324,2024-03-17,F1,Montpellier,Paris SG,A,0.183107,0.193845,0.623048,1.2735,2.4231
2324,2024-03-17,F1,Reims,Metz,H,0.505854,0.292926,0.201221,1.3696,0.7619
2324,2024-03-17,F1,Rennes,Marseille,H,0.465118,0.264648,0.270234,1.5669,1.1404
2324,2024-03-29,F1,Lille,Lens,H,0.359823,0.291583,0.348594,1.2111,1.188
2324,2024-03-30,F1,Lyon,Reims,D,0.532204,0.258021,0.209775,1.6535,0.9503
2324,2024-03-30,F1,Metz,Monaco,A,0.212808,0.24159,0.545602,1.0605,1.821
2324,2024-03-31,F1,Clermont,Toulouse,A,0.397616,0.282039,0.320345,1.3429,1.18
2324,2024-03-31,F1,Le Havre,Montpellier,A,0.370971,0.257536,0.371493,1.4823,1.4835
2324,2024-03-31,F1,Lorient,Brest,A,0.39437,0.277017,0.328613,1.3737,1.233
2324,2024-03-31,F1,Marseille,Paris SG,A,0.29483,0.249215,0.455954,1.3347,1.7052
2324,2024-03-31,F1,Nice,Nantes,A,0.501494,0.290666,0.20784,1.3837,0.7934
2324,2024-03-31,F1,Strasbourg,Rennes,H,0.262694,0.257654,0.479652,1.1593,1.6424
2324,2024-04-05,F1,Lille,Marseille,H,0.401601,0.284207,0.314192,1.3342,1.151
2324,2024-04-06,F1,Lens,Le Havre,D,0.626728,0.227427,0.145845,1.8972,0.801
2324,2024-04-06,F1,Paris SG,Clermont,D,0.757246,0.156326,0.086428,2.5882,0.7845
2324,2024-04-07,F1,Brest,Metz,H,0.492104,0.276351,0.231545,1.4864,0.9396
2324,2024-04-07,F1,Monaco,Rennes,H,0.337616,0.249804,0.412581,1.4643,1.6376
2324,2024-04-07,F1,Montpellier,Lorient,H,0.503842,0.238778,0.25738,1.8545,1.276
2324,2024-04-07,F1,Nantes,Lyon,A,0.256691,0.256667,0.486643,1.1438,1.6563
2324,2024-04-07,F1,Reims,Nice,D,0.315873,0.332412,0.351715,0.9213,0.9884
2324,2024-04-07,F1,Toulouse,Strasbourg,D,0.351902,0.268991,0.379108,1.3463,1.4059
2324,2024-04-12,F1,Metz,Lens,H,0.159168,0.24643,0.594402,0.7792,1.7303
2324,2024-04-13,F1,Rennes,Toulouse,A,0.657803,0.205175,0.137022,2.1315,0.8721
2324,2024-04-13,F1,Strasbourg,Reims,H,0.414699,0.294928,0.290373,1.282,1.0291
2324,2024-04-14,F1,Clermont,Montpellier,D,0.353413,0.262129,0.384458,1.4029,1.4722
2324,2024-04-14,F1,Le Havre,Nantes,A,0.403862,0.290364,0.305774,1.2961,1.0939
2324,2024-04-14,F1,Lyon,Brest,H,0.600917,0.220138,0.178945,2.0391,1.0313
2324,2024-04-19,F1,Nice,Lorient,H,0.526408,0.272706,0.200886,1.5236,0.8426
2324,2024-04-20,F1,Lens,Clermont,H,0.634545,0.227318,0.138137,1.8827,0.758
2324,2024-04-20,F1,Nantes,Rennes,A,0.210237,0.258729,0.531034,0.9484,1.6469
2324,2024-04-21,F1,Brest,Monaco,A,0.293134,0.250802,0.456064,1.3164,1.6892
2324,2024-04-21,F1,Le Havre,Metz,A,0.483837,0.279806,0.236357,1.4552,0.9394
2324,2024-04-21,F1,Lille,Strasbourg,H,0.52244,0.258091,0.219469,1.6533,0.9898
2324,2024-04-21,F1,Paris SG,Lyon,H,0.605337,0.202409,0.192254,2.3068,1.2523
2324,2024-04-21,F1,Reims,Montpellier,A,0.406513,0.276834,0.316654,1.3951,1.2031
2324,2024-04-21,F1,Toulouse,Marseille,D,0.245973,0.259344,0.494683,1.0865,1.6348
2324,2024-04-24,F1,Lorient,Paris SG,A,0.14146,0.19151,0.667031,0.9973,2.3329
2324,2024-04-24,F1,Marseille,Nice,D,0.449763,0.293242,0.256995,1.3332,0.942
2324,2024-04-24,F1,Monaco,Lille,H,0.387663,0.262191,0.350147,1.478,1.3944
2324,2024-04-26,F1,Montpellier,Nantes,D,0.480324,0.253409,0.266268,1.6843,1.2015
2324,2024-04-27,F1,Paris SG,Le Havre,D,0.750693,0.15758,0.091727,2.6081,0.829
2324,2024-04-28,F1,Clermont,Reims,H,0.334831,0.31475,0.350419,1.0359,1.0662
2324,2024-04-28,F1,Lorient,Toulouse,A,0.407593,0.270712,0.321695,1.4441,1.2574
2324,2024-04-28,F1,Lyon,Monaco,H,0.477983,0.230003,0.292014,1.9469,1.4938
2324,2024-04-28,F1,Marseille,Lens,H,0.370379,0.282614,0.347006,1.2897,1.2404
2324,2024-04-28,F1,Metz,Lille,A,0.188761,0.266403,0.544835,0.8221,1.5744
2324,2024-04-28,F1,Rennes,Brest,A,0.640895,0.215266,0.143839,2.0275,0.8552
2324,2024-04-28,F1,Strasbourg,Nice,A,0.345982,0.297781,0.356236,1.1465,1.1673
2324,2024-05-03,F1,Lens,Lorient,H,0.646369,0.215817,0.137814,2.0061,0.8151
2324,2024-05-03,F1,Toulouse,Montpellier,A,0.371234,0.250688,0.378078,1.544,1.5598
2324,2024-05-04,F1,Brest,Nantes,D,0.411495,0.287883,0.300623,1.3239,1.094
2324,2024-05-04,F1,Le Havre,Strasbourg,H,0.351451,0.276327,0.372222,1.2926,1.3371
2324,2024-05-04,F1,Metz,Rennes,A,0.153915,0.23347,0.612615,0.8145,1.849
2324,2024-05-04,F1,Monaco,Clermont,H,0.588445,0.225683,0.185872,1.9814,1.0317
2324,2024-05-06,F1,Lille,Lyon,A,0.424593,0.263888,0.311519,1.5268,1.2767
2324,2024-05-10,F1,Brest,Reims,D,0.357361,0.307134,0.335505,1.118,1.0746
2324,2024-05-10,F1,Nice,Le Havre,H,0.508166,0.282987,0.208847,1.4408,0.828
2324,2024-05-12,F1,Clermont,Lyon,A,0.244775,0.251866,0.503359,1.1297,1.7114
2324,2024-05-12,F1,Marseille,Lorient,H,0.612596,0.225805,0.161598,1.9437,0.898
2324,2024-05-12,F1,Montpellier,Monaco,A,0.347564,0.2313,0.421135,1.6747,1.855
2324,2024-05-12,F1,Nantes,Lille,A,0.249641,0.285211,0.465148,0.9573,1.4023
2324,2024-05-12,F1,Paris SG,Toulouse,A,0.763251,0.148596,0.088153,2.7422,0.8634
2324,2024-05-12,F1,Rennes,Lens,D,0.41945,0.275802,0.304748,1.4224,1.177
2324,2024-05-12,F1,Strasbourg,Metz,H,0.557291,0.252001,0.190707,1.7044,0.8997
2324,2024-05-15,F1,Nice,Paris SG,A,0.241319,0.263137,0.495544,1.0462,1.6001
2324,2024-05-15,F1,Reims,Marseille,H,0.280873,0.299338,0.419789,0.9818,1.261
2324,2024-05-19,F1,Le Havre,Marseille,A,0.247578,0.267639,0.484782,1.0431,1.5549
2324,2024-05-19,F1,Lens,Montpellier,D,0.608058,0.216171,0.175771,2.0837,1.0408
2324,2024-05-19,F1,Lille,Nice,D,0.436313,0.303974,0.259713,1.252,0.9022
2324,2024-05-19,F1,Lorient,Clermont,H,0.411271,0.282222,0.306506,1.363,1.1425
2324,2024-05-19,F1,Lyon,Strasbourg,H,0.547047,0.230591,0.222362,1.9527,1.1827
2324,2024-05-19,F1,Metz,Paris SG,A,0.104232,0.177024,0.718745,0.8064,2.3788
2324,2024-05-19,F1,Monaco,Nantes,H,0.571337,0.232096,0.196567,1.9175,1.0446
2324,2024-05-19,F1,Reims,Rennes,H,0.244553,0.287154,0.468292,0.9316,1.3907
2324,2024-05-19,F1,Toulouse,Brest,A,0.404391,0.274952,0.320657,1.4059,1.226
2425,2024-08-16,F1,Le Havre,Paris SG,A,0.137395,0.216205,0.6464,0.8435,2.0496
2425,2024-08-17,F1,Brest,Marseille,A,0.34295,0.283383,0.373667,1.2646,1.3301
2425,2024-08-17,F1,Monaco,St Etienne,H,0.731767,0.163626,0.104606,2.6528,0.9438
2425,2024-08-17,F1,Reims,Lille,A,0.264373,0.299962,0.435665,0.9642,1.3112
2425,2024-08-18,F1,Angers,Lens,A,0.144965,0.238071,0.616964,0.7755,1.833
2425,2024-08-18,F1,Auxerre,Nice,H,0.182095,0.300447,0.517458,0.6939,1.3543
2425,2024-08-18,F1,Montpellier,Strasbourg,D,0.433445,0.262583,0.303972,1.5946,1.3037
2425,2024-08-18,F1,Rennes,Lyon,H,0.488956,0.238837,0.272207,1.8948,1.3772
2425,2024-08-18,F1,Toulouse,Nantes,D,0.485913,0.281266,0.232821,1.4845,0.9527
2425,2024-08-23,F1,Paris SG,Montpellier,H,0.732312,0.159429,0.108259,2.7536,1.016
2425,2024-08-24,F1,Lille,Angers,H,0.709153,0.194511,0.096337,2.158,0.6754
2425,2024-08-24,F1,Lyon,Monaco,A,0.359318,0.23521,0.405472,1.7113,1.8244
2425,2024-08-24,F1,St Etienne,Le Havre,A,0.313322,0.300055,0.386624,1.0949,1.2445
2425,2024-08-25,F1,Lens,Brest,H,0.473512,0.282984,0.243504,1.464,0.9811
2425,2024-08-25,F1,Marseille,Reims,D,0.51494,0.272354,0.212706,1.5663,0.922
2425,2024-08-25,F1,Nantes,Auxerre,H,0.435069,0.308013,0.256918,1.2603,0.9066
2425,2024-08-25,F1,Nice,Toulouse,D,0.480684,0.296537,0.222779,1.3698,0.8491
2425,2024-08-25,F1,Strasbourg,Rennes,H,0.272578,0.26184,0.465582,1.2053,1.6369
2425,2024-08-30,F1,Lyon,Strasbourg,H,0.517652,0.241166,0.241182,1.8778,1.229
2425,2024-08-31,F1,Brest,St Etienne,H,0.610148,0.229633,0.160219,1.9471,0.9027
2425,2024-08-31,F1,Montpellier,Nantes,A,0.510092,0.263209,0.226699,1.6475,1.0254
2425,2024-08-31,F1,Toulouse,Marseille,A,0.286813,0.273899,0.439288,1.1737,1.5049
2425,2024-09-01,F1,Angers,Nice,A,0.168832,0.277542,0.553625,0.7231,1.5159
2425,2024-09-01,F1,Le Havre,Auxerre,H,0.470339,0.307777,0.221884,1.2908,0.8019
2425,2024-09-01,F1,Lille,Paris SG,A,0.282726,0.259047,0.458226,1.2598,1.6563
2425,2024-09-01,F1,Monaco,Lens,D,0.41723,0.265407,0.317363,1.5462,1.3232
2425,2024-09-01,F1,Reims,Rennes,H,0.278686,0.280699,0.440615,1.1075,1.4526
2425,2024-09-13,F1,St Etienne,Lille,H,0.166251,0.238781,0.594968,0.8848,1.8587
2425,2024-09-14,F1,Auxerre,Monaco,A,0.153152,0.218877,0.62797,0.925,2.0564
2425,2024-09-14,F1,Marseille,Nice,H,0.401705,0.310266,0.28803,1.2067,0.9809
2425,2024-09-14,F1,Paris SG,Brest,H,0.654378,0.201048,0.144574,2.2612,0.9863
2425,2024-09-15,F1,Lens,Lyon,D,0.479751,0.258384,0.261865,1.6806,1.1901
2425,2024-09-15,F1,Nantes,Reims,A,0.298882,0.313801,0.387317,0.9916,1.166
2425,2024-09-15,F1,Rennes,Montpellier,H,0.560683,0.229383,0.209934,2.01,1.1695
2425,2024-09-15,F1,Strasbourg,Angers,D,0.572604,0.246734,0.180662,1.7936,0.9144
2425,2024-09-15,F1,Toulouse,Le Havre,H,0.433415,0.299302,0.267283,1.3131,0.9757
2425,2024-09-20,F1,Nice,St Etienne,H,0.615011,0.246118,0.138871,1.7471,0.708
2425,2024-09-21,F1,Lille,Strasbourg,D,0.554377,0.256046,0.189577,1.7093,0.9071
2425,2024-09-21,F1,Reims,Paris SG,D,0.168067,0.226985,0.604949,0.9622,1.99
2425,2024-09-21,F1,Rennes,Lens,D,0.396019,0.280941,0.32304,1.3882,1.2318
2425,2024-09-22,F1,Angers,Nantes,D,0.317639,0.302363,0.379999,1.0929,1.2195
2425,2024-09-22,F1,Brest,Toulouse,H,0.465781,0.274432,0.259787,1.5266,1.0826
2425,2024-09-22,F1,Lyon,Marseille,A,0.373001,0.257113,0.369886,1.5341,1.5269
2425,2024-09-22,F1,Monaco,Le Havre,H,0.606131,0.231716,0.162153,1.9275,0.9016
2425,2024-09-22,F1,Montpellier,Auxerre,H,0.569523,0.246531,0.183946,1.7985,0.9314
2425,2024-09-27,F1,Auxerre,Brest,H,0.21139,0.279122,0.509488,0.8847,1.5093
2425,2024-09-27,F1,Paris SG,Rennes,H,0.592578,0.213452,0.19397,2.2008,1.2065
2425,2024-09-28,F1,Le Havre,Lille,A,0.224719,0.299031,0.476251,0.8453,1.3505
2425,2024-09-28,F1,Lens,Nice,D,0.40823,0.322557,0.269213,1.1482,0.8803
2425,2024-09-28,F1,Monaco,Montpellier,H,0.589277,0.21131,0.199413,2.2387,1.2562
2425,2024-09-29,F1,Angers,Reims,A,0.238469,0.288183,0.473348,0.9386,1.4248
2425,2024-09-29,F1,Nantes,St Etienne,D,0.436704,0.286396,0.2769,1.4055,1.07
2425,2024-09-29,F1,Strasbourg,Marseille,H,0.279864,0.272482,0.447653,1.1606,1.5259
2425,2024-09-29,F1,Toulouse,Lyon,A,0.335653,0.257341,0.407006,1.4377,1.601
2425,2024-10-04,F1,Marseille,Angers,D,0.704577,0.191652,0.103771,2.2285,0.747
2425,2024-10-05,F1,Lille,Toulouse,H,0.546078,0.258823,0.195099,1.6857,0.9173
2425,2024-10-05,F1,Rennes,Monaco,A,0.414784,0.245974,0.339242,1.7256,1.5468
2425,2024-10-05,F1,St Etienne,Auxerre,H,0.414243,0.290086,0.295671,1.3512,1.1037
2425,2024-10-06,F1,Brest,Le Havre,H,0.489744,0.290745,0.219512,1.4148,0.8624
2425,2024-10-06,F1,Lyon,Nantes,H,0.593038,0.232243,0.174719,1.9402,0.9666
2425,2024-10-06,F1,Nice,Paris SG,D,0.243635,0.274946,0.481419,1.0237,1.5331
2425,2024-10-06,F1,Reims,Montpellier,H,0.397198,0.281553,0.321249,1.3857,1.2232
2425,2024-10-06,F1,Strasbourg,Lens,D,0.261434,0.282768,0.455798,1.0416,1.4519
2425,2024-10-18,F1,Monaco,Lille,D,0.415143,0.26371,0.321147,1.5577,1.3466
2425,2024-10-19,F1,Brest,Rennes,D,0.33695,0.274121,0.388929,1.3133,1.4269
2425,2024-10-19,F1,Paris SG,Strasbourg,H,0.730733,0.16639,0.102877,2.5941,0.9052
2425,2024-10-19,F1,St Etienne,Lens,A,0.168548,0.242237,0.589215,0.8783,1.8263
2425,2024-10-20,F1,Auxerre,Reims,H,0.253053,0.306785,0.440162,0.9006,1.2729
2425,2024-10-20,F1,Le Havre,Lyon,A,0.283138,0.276663,0.440199,1.1452,1.4837
2425,2024-10-20,F1,Montpellier,Marseille,A,0.299357,0.260738,0.439905,1.3027,1.6198
2425,2024-10-20,F1,Nantes,Nice,D,0.218812,0.315685,0.465503,0.7639,1.2406
2425,2024-10-20,F1,Toulouse,Angers,D,0.580442,0.24422,0.175337,1.8138,0.9018
2425,2024-10-25,F1,Rennes,Le Havre,H,0.576694,0.252347,0.17096,1.7306,0.8394
2425,2024-10-26,F1,Angers,St Etienne,H,0.364966,0.280812,0.354222,1.3305,1.3075
2425,2024-10-26,F1,Lens,Lille,A,0.388041,0.301098,0.310861,1.2404,1.0833
2425,2024-10-26,F1,Reims,Brest,A,0.336791,0.302059,0.36115,1.1379,1.1875
2425,2024-10-27,F1,Lyon,Auxerre,D,0.651856,0.210516,0.137628,2.118,0.878
2425,2024-10-27,F1,Marseille,Paris SG,A,0.264459,0.244441,0.4911,1.301,1.8321
2425,2024-10-27,F1,Montpellier,Toulouse,A,0.424838,0.263696,0.311466,1.5726,1.3184
2425,2024-10-27,F1,Nice,Monaco,H,0.360126,0.288945,0.350929,1.2658,1.2464
2425,2024-10-27,F1,Strasbourg,Nantes,H,0.478247,0.282854,0.238899,1.4679,0.966
2425,2024-11-01,F1,Lille,Lyon,D,0.485008,0.255682,0.259309,1.7104,1.199
2425,2024-11-01,F1,Monaco,Angers,A,0.75659,0.155881,0.087529,2.6626,0.8333
2425,2024-11-02,F1,Brest,Nice,A,0.343031,0.319905,0.337063,1.0583,1.0466
2425,2024-11-02,F1,Paris SG,Lens,H,0.559723,0.238115,0.202161,1.9018,1.0701
2425,2024-11-02,F1,St Etienne,Strasbourg,H,0.286117,0.269769,0.444114,1.198,1.5449
2425,2024-11-03,F1,Auxerre,Rennes,H,0.162418,0.239485,0.598097,0.8611,1.8462
2425,2024-11-03,F1,Le Havre,Montpellier,H,0.34352,0.291409,0.365071,1.2148,1.2599
2425,2024-11-03,F1,Nantes,Marseille,A,0.208938,0.271191,0.519871,0.9129,1.5766
2425,2024-11-03,F1,Toulouse,Reims,H,0.391129,0.296357,0.312514,1.2749,1.113
2425,2024-11-08,F1,Marseille,Auxerre,A,0.666111,0.21636,0.117529,1.9909,0.7168
2425,2024-11-09,F1,Angers,Paris SG,A,0.070614,0.138112,0.791274,0.7796,2.8312
2425,2024-11-09,F1,Lens,Nantes,H,0.612204,0.247656,0.14014,1.7353,0.7082
2425,2024-11-09,F1,Strasbourg,Monaco,A,0.264377,0.245205,0.490418,1.2947,1.8232
2425,2024-11-10,F1,Le Havre,Reims,A,0.333377,0.325011,0.341612,1.0156,1.0314
2425,2024-11-10,F1,Lyon,St Etienne,H,0.661995,0.193847,0.144157,2.362,1.0363
2425,2024-11-10,F1,Montpellier,Brest,H,0.357826,0.270515,0.371659,1.3899,1.4205
2425,2024-11-10,F1,Nice,Lille,D,0.341059,0.326004,0.332937,1.0258,1.0102
2425,2024-11-10,F1,Rennes,Toulouse,A,0.555785,0.241259,0.202956,1.8674,1.0537
2425,2024-11-22,F1,Monaco,Brest,H,0.510686,0.244544,0.24477,1.8384,1.2195
2425,2024-11-22,F1,Paris SG,Toulouse,H,0.722792,0.170134,0.107074,2.5584,0.9154
2425,2024-11-23,F1,Lens,Marseille,A,0.416528,0.287546,0.295926,1.3721,1.1187
2425,2024-11-23,F1,Reims,Lyon,D,0.332565,0.27353,0.393905,1.3063,1.4405
2425,2024-11-23,F1,St Etienne,Montpellier,H,0.27295,0.252621,0.474429,1.2716,1.7339
2425,2024-11-24,F1,Auxerre,Angers,H,0.411403,0.300063,0.288534,1.2814,1.0314
2425,2024-11-24,F1,Lille,Rennes,H,0.417239,0.277146,0.305615,1.4501,1.209
2425,2024-11-24,F1,Nantes,Le Havre,A,0.337073,0.325339,0.337588,1.0213,1.0223
2425,2024-11-24,F1,Nice,Strasbourg,H,0.488446,0.294303,0.217251,1.3889,0.8396
2425,2024-11-29,F1,Reims,Lens,A,0.26638,0.302736,0.430884,0.9571,1.2884
2425,2024-11-30,F1,Brest,Strasbourg,H,0.474117,0.272623,0.25326,1.548,1.0706
2425,2024-11-30,F1,Paris SG,Nantes,D,0.784735,0.145651,0.069613,2.6803,0.712
2425,2024-11-30,F1,Rennes,St Etienne,H,0.701179,0.184211,0.11461,2.3818,0.8786
2425,2024-12-01,F1,Le Havre,Angers,A,0.504803,0.287312,0.207885,1.4449,0.8357
2425,2024-12-01,F1,Lyon,Nice,H,0.374414,0.290476,0.335111,1.2838,1.2015
2425,2024-12-01,F1,Marseille,Monaco,H,0.398419,0.25479,0.346791,1.6086,1.4895
2425,2024-12-01,F1,Montpellier,Lille,D,0.277005,0.268325,0.45467,1.1777,1.5685
2425,2024-12-01,F1,Toulouse,Auxerre,H,0.543037,0.265873,0.19109,1.6204,0.8653
2425,2024-12-06,F1,Auxerre,Paris SG,D,0.083283,0.161875,0.754842,0.7481,2.5293
2425,2024-12-06,F1,Lille,Brest,H,0.478644,0.280068,0.241287,1.49,0.9884
2425,2024-12-07,F1,Angers,Lyon,A,0.18148,0.223697,0.594823,1.0585,2.0495
2425,2024-12-07,F1,Monaco,Toulouse,H,0.584315,0.222496,0.193189,2.08,1.1319
2425,2024-12-07,F1,Nice,Le Havre,H,0.497644,0.313405,0.188951,1.2694,0.6764
2425,2024-12-08,F1,Lens,Montpellier,H,0.546442,0.2493,0.204258,1.7828,1.0106
2425,2024-12-08,F1,Nantes,Rennes,H,0.20173,0.25847,0.539799,0.948,1.6913
2425,2024-12-08,F1,St Etienne,Marseille,A,0.179797,0.234693,0.585511,0.9787,1.9194
2425,2024-12-08,F1,Strasbourg,Reims,D,0.383754,0.296671,0.319575,1.2607,1.1285
2425,2024-12-13,F1,Toulouse,St Etienne,H,0.549587,0.246913,0.2035,1.8072,1.0213
2425,2024-12-14,F1,Auxerre,Lens,D,0.159364,0.26162,0.579016,0.7441,1.6376
2425,2024-12-14,F1,Marseille,Lille,D,0.378625,0.288642,0.332733,1.3037,1.2072
2425,2024-12-14,F1,Reims,Monaco,D,0.271841,0.263797,0.464362,1.1897,1.6179
2425,2024-12-15,F1,Brest,Nantes,H,0.543722,0.268181,0.188097,1.5994,0.842
2425,2024-12-15,F1,Le Havre,Strasbourg,A,0.352154,0.306608,0.341237,1.1445,1.1225
2425,2024-12-15,F1,Montpellier,Nice,D,0.306223,0.297653,0.396123,1.0901,1.2745
2425,2024-12-15,F1,Paris SG,Lyon,H,0.669081,0.180615,0.150305,2.5958,1.1965
2425,2024-12-15,F1,Rennes,Angers,H,0.726209,0.177033,0.096758,2.3905,0.7758
2425,2024-12-18,F1,Monaco,Paris SG,A,0.288387,0.226681,0.484932,1.5544,2.0437
2425,2025-01-03,F1,Nice,Rennes,H,0.362589,0.304116,0.333295,1.1784,1.1191
2425,2025-01-04,F1,Lille,Nantes,D,0.617976,0.243887,0.138137,1.7661,0.7134
2425,2025-01-04,F1,Lyon,Montpellier,H,0.51056,0.231544,0.257896,1.9933,1.3794
2425,2025-01-04,F1,St Etienne,Reims,H,0.272606,0.285292,0.442103,1.063,1.4195
2425,2025-01-05,F1,Angers,Brest,H,0.195742,0.258453,0.545805,0.922,1.6895
2425,2025-01-05,F1,Lens,Toulouse,A,0.540532,0.262086,0.197382,1.6563,0.9106
2425,2025-01-05,F1,Marseille,Le Havre,H,0.555988,0.266051,0.177961,1.6133,0.8083
2425,2025-01-05,F1,Strasbourg,Auxerre,H,0.535397,0.268103,0.1965,1.6024,0.8774
2425,2025-01-10,F1,Auxerre,Lille,D,0.15732,0.257987,0.584693,0.7496,1.6666
2425,2025-01-10,F1,Nantes,Monaco,D,0.192922,0.239118,0.56796,1.0183,1.8838
2425,2025-01-11,F1,Brest,Lyon,H,0.398852,0.261488,0.33966,1.549,1.415
2425,2025-01-11,F1,Reims,Nice,A,0.288611,0.331507,0.379883,0.8925,1.0655
2425,2025-01-11,F1,Rennes,Marseille,A,0.423492,0.266417,0.310092,1.5469,1.2946
2425,2025-01-12,F1,Le Havre,Lens,A,0.226688,0.302145,0.471166,0.839,1.327
2425,2025-01-12,F1,Montpellier,Angers,A,0.607866,0.224875,0.167259,2.0131,0.9707
2425,2025-01-12,F1,Paris SG,St Etienne,H,0.844343,0.105815,0.049842,3.263,0.7633
2425,2025-01-12,F1,Toulouse,Strasbourg,A,0.413225,0.278123,0.308652,1.4367,1.2113
2425,2025-01-17,F1,Lille,Nice,H,0.412801,0.319759,0.26744,1.1686,0.8868
2425,2025-01-17,F1,Montpellier,Monaco,H,0.282954,0.235041,0.482005,1.4532,1.9353
2425,2025-01-18,F1,Lens,Paris SG,A,0.279378,0.260533,0.460089,1.2379,1.6441
2425,2025-01-18,F1,Lyon,Toulouse,D,0.508596,0.243292,0.248112,1.852,1.2428
2425,2025-01-18,F1,Rennes,Brest,A,0.484901,0.261876,0.253224,1.6505,1.1353
2425,2025-01-19,F1,Angers,Auxerre,H,0.369224,0.303676,0.3271,1.193,1.1077
2425,2025-01-19,F1,Marseille,Strasbourg,D,0.544024,0.251051,0.204925,1.7651,1.0034
2425,2025-01-19,F1,Reims,Le Havre,D,0.422331,0.317284,0.260385,1.1931,0.8779
2425,2025-01-19,F1,St Etienne,Nantes,D,0.358964,0.292981,0.348055,1.2378,1.2151
2425,2025-01-24,F1,Auxerre,St Etienne,D,0.379611,0.293028,0.327361,1.2767,1.1681
2425,2025-01-25,F1,Monaco,Rennes,H,0.440701,0.243861,0.315437,1.7893,1.4918
2425,2025-01-25,F1,Paris SG,Reims,D,0.697787,0.189303,0.11291,2.3019,0.8318
2425,2025-01-25,F1,Strasbourg,Lille,H,0.259188,0.280002,0.46081,1.0493,1.4777
2425,2025-01-26,F1,Le Havre,Brest,A,0.289783,0.307655,0.402563,0.9976,1.2231
2425,2025-01-26,F1,Lens,Angers,H,0.703368,0.19841,0.098222,2.1203,0.6704
2425,2025-01-26,F1,Nantes,Lyon,D,0.244906,0.259611,0.495483,1.1181,1.6773
2425,2025-01-26,F1,Nice,Marseille,H,0.36646,0.31331,0.320231,1.1347,1.0432
2425,2025-01-26,F1,Toulouse,Montpellier,A,0.404315,0.2654,0.330285,1.525,1.3595
2425,2025-01-31,F1,Montpellier,Lens,A,0.279415,0.27092,0.449664,1.169,1.5412
2425,2025-02-01,F1,Brest,Paris SG,A,0.210914,0.234004,0.555082,1.1409,1.9548
2425,2025-02-01,F1,Lille,St Etienne,H,0.685614,0.201159,0.113227,2.15,0.7649
2425,2025-02-01,F1,Monaco,Auxerre,H,0.718725,0.179745,0.10153,2.3787,0.7996
2425,2025-02-02,F1,Angers,Le Havre,D,0.276147,0.306543,0.41731,0.9668,1.2491
2425,2025-02-02,F1,Marseille,Lyon,H,0.470197,0.249149,0.280655,1.7663,1.3262
2425,2025-02-02,F1,Reims,Nantes,A,0.472738,0.29897,0.228293,1.3488,0.8572
2425,2025-02-02,F1,Rennes,Strasbourg,H,0.564511,0.238525,0.196963,1.8935,1.042
2425,2025-02-02,F1,Toulouse,Nice,D,0.292669,0.312529,0.394802,0.9822,1.1842
2425,2025-02-07,F1,Nantes,Brest,A,0.254901,0.2919,0.453199,0.974,1.3827
2425,2025-02-07,F1,Paris SG,Monaco,H,0.595227,0.203132,0.201641,2.3641,1.3438
2425,2025-02-08,F1,Lille,Le Havre,A,0.563609,0.271345,0.165046,1.5622,0.7307
2425,2025-02-08,F1,Nice,Lens,H,0.34257,0.328286,0.329145,1.0183,0.9926
2425,2025-02-08,F1,St Etienne,Rennes,A,0.171617,0.221647,0.606736,1.0163,2.059
2425,2025-02-09,F1,Angers,Marseille,A,0.154233,0.230569,0.615199,0.8641,1.9265
2425,2025-02-09,F1,Auxerre,Toulouse,D,0.259154,0.289155,0.45169,1.001,1.4008
2425,2025-02-09,F1,Lyon,Reims,H,0.490195,0.260506,0.249299,1.6663,1.1293
2425,2025-02-09,F1,Strasbourg,Montpellier,H,0.396136,0.265678,0.338186,1.5081,1.3785
2425,2025-02-14,F1,Brest,Auxerre,D,0.599684,0.248376,0.15194,1.7459,0.7648
2425,2025-02-15,F1,Marseille,St Etienne,H,0.679383,0.198351,0.122266,2.2203,0.846
2425,2025-02-15,F1,Monaco,Nantes,H,0.663347,0.204316,0.132337,2.1791,0.8803
2425,2025-02-15,F1,Toulouse,Paris SG,A,0.163492,0.208456,0.628052,1.0589,2.2117
2425,2025-02-16,F1,Le Havre,Nice,A,0.24843,0.334786,0.416783,0.7824,1.0974
2425,2025-02-16,F1,Lens,Strasbourg,A,0.548791,0.25935,0.191859,1.6795,0.9004
2425,2025-02-16,F1,Montpellier,Lyon,A,0.351028,0.244364,0.404608,1.5956,1.7232
2425,2025-02-16,F1,Reims,Angers,A,0.563861,0.261767,0.174372,1.6481,0.8114
2425,2025-02-16,F1,Rennes,Lille,A,0.394069,0.279093,0.326839,1.3985,1.2536
2425,2025-02-21,F1,Rennes,Reims,H,0.53475,0.259738,0.205512,1.6802,0.9574
2425,2025-02-22,F1,Auxerre,Marseille,H,0.169714,0.253247,0.57704,0.8292,1.7211
2425,2025-02-22,F1,Lille,Monaco,H,0.415177,0.263707,0.321116,1.5577,1.3466
2425,2025-02-22,F1,St Etienne,Angers,D,0.446525,0.273975,0.279499,1.5124,1.1502
2425,2025-02-23,F1,Le Havre,Toulouse,A,0.344959,0.306875,0.348166,1.1287,1.1351
2425,2025-02-23,F1,Lyon,Paris SG,A,0.22441,0.212835,0.562756,1.384,2.244
2425,2025-02-23,F1,Nantes,Lens,H,0.195693,0.28039,0.523917,0.8192,1.5001
2425,2025-02-23,F1,Nice,Montpellier,H,0.48576,0.282552,0.231688,1.4743,0.9424
2425,2025-02-23,F1,Strasbourg,Brest,D,0.334384,0.284303,0.381313,1.2384,1.3382
2425,2025-02-28,F1,Monaco,Reims,H,0.562726,0.240518,0.196757,1.8715,1.0285
2425,2025-03-01,F1,Lens,Le Havre,A,0.558022,0.274953,0.167025,1.535,0.7253
2425,2025-03-01,F1,Paris SG,Lille,H,0.558434,0.23701,0.204555,1.9159,1.0891
2425,2025-03-01,F1,St Etienne,Nice,A,0.194232,0.279102,0.526666,0.819,1.5103
2425,2025-03-02,F1,Angers,Toulouse,A,0.243147,0.271103,0.48575,1.0432,1.568
2425,2025-03-02,F1,Auxerre,Strasbourg,A,0.26558,0.290317,0.444102,1.015,1.3852
2425,2025-03-02,F1,Lyon,Brest,H,0.436297,0.258393,0.30531,1.6369,1.3391
2425,2025-03-02,F1,Marseille,Nantes,H,0.611349,0.239699,0.148952,1.8238,0.7892
2425,2025-03-02,F1,Montpellier,Rennes,A,0.291602,0.250745,0.457653,1.3528,1.7376
2425,2025-03-07,F1,Toulouse,Monaco,D,0.27166,0.246987,0.481353,1.3093,1.7981
2425,2025-03-08,F1,Lille,Montpellier,H,0.552057,0.246144,0.201799,1.8144,1.0181
2425,2025-03-08,F1,Marseille,Lens,A,0.380505,0.2906,0.328895,1.2941,1.1861
2425,2025-03-08,F1,Rennes,Paris SG,A,0.275144,0.238058,0.486799,1.3956,1.9026
2425,2025-03-09,F1,Brest,Angers,H,0.638041,0.224715,0.137244,1.9543,0.7971
2425,2025-03-09,F1,Le Havre,St Etienne,D,0.475417,0.286361,0.238221,1.4396,0.9465
2425,2025-03-09,F1,Nantes,Strasbourg,A,0.314874,0.296613,0.388513,1.1174,1.269
2425,2025-03-09,F1,Nice,Lyon,A,0.423349,0.28633,0.29032,1.3898,1.1098
2425,2025-03-09,F1,Reims,Auxerre,A,0.527199,0.283913,0.188887,1.4724,0.7786
2425,2025-03-14,F1,Nice,Auxerre,D,0.600934,0.266937,0.132128,1.5665,0.5998
2425,2025-03-15,F1,Angers,Monaco,A,0.13661,0.196214,0.667176,0.964,2.3018
2425,2025-03-15,F1,Lens,Rennes,H,0.412556,0.279549,0.307895,1.4249,1.2001
2425,2025-03-15,F1,Nantes,Lille,H,0.193605,0.27705,0.529345,0.8253,1.5268
2425,2025-03-16,F1,Brest,Reims,D,0.448369,0.292564,0.259067,1.3736,0.9837
2425,2025-03-16,F1,Lyon,Le Havre,H,0.535536,0.256062,0.208402,1.7162,0.99
2425,2025-03-16,F1,Montpellier,St Etienne,A,0.575906,0.228701,0.195393,2.0057,1.0993
2425,2025-03-16,F1,Paris SG,Marseille,H,0.59421,0.218787,0.187003,2.1192,1.1247
2425,2025-03-16,F1,Strasbourg,Toulouse,H,0.397238,0.279467,0.323295,1.4011,1.242
2425,2025-03-28,F1,Strasbourg,Lyon,H,0.327732,0.256544,0.415723,1.4217,1.6234
2425,2025-03-29,F1,Monaco,Nice,H,0.440826,0.282133,0.277041,1.4418,1.0942
2425,2025-03-29,F1,Reims,Marseille,H,0.285036,0.291441,0.423523,1.0665,1.3541
2425,2025-03-29,F1,St Etienne,Paris SG,A,0.084816,0.146031,0.769153,0.8829,2.8208
2425,2025-03-30,F1,Angers,Rennes,A,0.146527,0.216729,0.636744,0.8974,2.0666
2425,2025-03-30,F1,Auxerre,Montpellier,H,0.253905,0.271838,0.474257,1.0774,1.5547
2425,2025-03-30,F1,Le Havre,Nantes,H,0.417947,0.318308,0.263745,1.1825,0.8829
2425,2025-03-30,F1,Lille,Lens,H,0.3941,0.300579,0.305321,1.2531,1.0723
2425,2025-03-30,F1,Toulouse,Brest,A,0.341722,0.284825,0.373453,1.2523,1.3198
2425,2025-04-04,F1,Nice,Nantes,A,0.549262,0.288239,0.162499,1.4351,0.6604
2425,2025-04-05,F1,Brest,Monaco,H,0.331219,0.259134,0.409647,1.4107,1.5893
2425,2025-04-05,F1,Lyon,Lille,H,0.345848,0.267141,0.387011,1.3869,1.4786
2425,2025-04-05,F1,Paris SG,Angers,H,0.860454,0.098526,0.04102,3.275,0.674
2425,2025-04-06,F1,Lens,St Etienne,H,0.679768,0.204929,0.115303,2.1126,0.7592
2425,2025-04-06,F1,Marseille,Toulouse,H,0.535478,0.253639,0.210884,1.7408,1.0147
2425,2025-04-06,F1,Montpellier,Le Havre,A,0.455211,0.281988,0.262801,1.4573,1.0502
2425,2025-04-06,F1,Reims,Strasbourg,A,0.404792,0.294877,0.300331,1.3055,1.0899
2425,2025-04-06,F1,Rennes,Auxerre,A,0.687891,0.201498,0.11061,2.1357,0.7444
2425,2025-04-11,F1,Lens,Reims,A,0.519185,0.281631,0.199185,1.4903,0.8274
2425,2025-04-12,F1,Monaco,Marseille,H,0.446135,0.250873,0.302992,1.723,1.3906
2425,2025-04-12,F1,Strasbourg,Nice,D,0.286358,0.311441,0.402201,0.9713,1.2007
2425,2025-04-12,F1,Toulouse,Lille,A,0.265677,0.281685,0.452638,1.0611,1.4573
2425,2025-04-13,F1,Angers,Montpellier,H,0.236599,0.253708,0.509693,1.1228,1.7403
2425,2025-04-13,F1,Auxerre,Lyon,A,0.199073,0.244431,0.556496,1.0156,1.8309
2425,2025-04-13,F1,Le Havre,Rennes,A,0.235793,0.279707,0.484499,0.971,1.4961
2425,2025-04-13,F1,St Etienne,Brest,D,0.226088,0.25952,0.514393,1.0442,1.6833
2425,2025-04-18,F1,Rennes,Nantes,H,0.632847,0.225456,0.141697,1.9565,0.8195
2425,2025-04-19,F1,Marseille,Montpellier,H,0.540205,0.241324,0.218471,1.8737,1.1261
2425,2025-04-19,F1,Monaco,Strasbourg,D,0.593313,0.219589,0.187098,2.109,1.1193
2425,2025-04-19,F1,Paris SG,Le Havre,H,0.733669,0.175787,0.090544,2.3709,0.7292
2425,2025-04-20,F1,Brest,Lens,A,0.320378,0.29589,0.383732,1.1349,1.2656
2425,2025-04-20,F1,Lille,Auxerre,H,0.670922,0.219916,0.109162,1.9279,0.648
2425,2025-04-20,F1,Nice,Angers,H,0.638929,0.241374,0.119697,1.7535,0.6251
2425,2025-04-20,F1,Reims,Toulouse,H,0.397043,0.295852,0.307105,1.2875,1.1021
2425,2025-04-20,F1,St Etienne,Lyon,H,0.212069,0.22694,0.560991,1.1987,2.0419
2425,2025-04-22,F1,Nantes,Paris SG,D,0.110275,0.187307,0.702418,0.8236,2.3171
2425,2025-04-25,F1,Paris SG,Nice,A,0.575256,0.248384,0.17636,1.7734,0.885
2425,2025-04-26,F1,Le Havre,Monaco,D,0.228252,0.261224,0.510524,1.043,1.6663
2425,2025-04-26,F1,Lyon,Rennes,H,0.366058,0.248801,0.385141,1.5931,1.638
2425,2025-04-26,F1,Strasbourg,St Etienne,H,0.541433,0.249071,0.209496,1.7871,1.0356
2425,2025-04-27,F1,Angers,Lille,A,0.142834,0.234402,0.622763,0.7812,1.8655
2425,2025-04-27,F1,Lens,Auxerre,A,0.665102,0.223863,0.111035,1.8943,0.6433
2425,2025-04-27,F1,Marseille,Brest,H,0.466401,0.273053,0.260546,1.5386,1.0932
2425,2025-04-27,F1,Montpellier,Reims,D,0.410413,0.28044,0.309147,1.415,1.1979
2425,2025-04-27,F1,Nantes,Toulouse,D,0.307866,0.296227,0.395907,1.102,1.2833
2425,2025-05-02,F1,Nice,Reims,H,0.461084,0.316578,0.222338,1.2325,0.7715
2425,2025-05-03,F1,St Etienne,Monaco,A,0.161252,0.202161,0.636587,1.0917,2.2933
2425,2025-05-03,F1,Strasbourg,Paris SG,H,0.15798,0.205185,0.636835,1.0471,2.2426
2425,2025-05-03,F1,Toulouse,Rennes,H,0.279637,0.263421,0.456942,1.2189,1.6144
2425,2025-05-04,F1,Auxerre,Le Havre,A,0.289564,0.323304,0.387132,0.9276,1.1159
2425,2025-05-04,F1,Brest,Montpellier,H,0.467964,0.26139,0.270647,1.6432,1.2016
2425,2025-05-04,F1,Lille,Marseille,D,0.421222,0.285038,0.29374,1.3964,1.127
2425,2025-05-04,F1,Lyon,Lens,A,0.348193,0.269246,0.38256,1.3767,1.4529
2425,2025-05-04,F1,Nantes,Angers,A,0.467997,0.289618,0.242385,1.4107,0.9448
2425,2025-05-10,F1,Angers,Strasbourg,H,0.249589,0.272606,0.477805,1.0578,1.5506
2425,2025-05-10,F1,Auxerre,Nantes,D,0.331116,0.316974,0.35191,1.0487,1.0895
2425,2025-05-10,F1,Brest,Lille,H,0.318347,0.293539,0.388114,1.1433,1.288
2425,2025-05-10,F1,Le Havre,Marseille,A,0.242318,0.291665,0.466017,0.935,1.3946
2425,2025-05-10,F1,Monaco,Lyon,H,0.514762,0.222829,0.262409,2.1104,1.4794
2425,2025-05-10,F1,Montpellier,Paris SG,A,0.167869,0.197431,0.6347,1.1752,2.3804
2425,2025-05-10,F1,Reims,St Etienne,A,0.534872,0.263762,0.201367,1.6421,0.919
2425,2025-05-10,F1,Rennes,Nice,H,0.418048,0.299367,0.282585,1.2945,1.0187
2425,2025-05-10,F1,Toulouse,Lens,D,0.267907,0.284403,0.447689,1.0533,1.4319
2425,2025-05-17,F1,Lens,Monaco,H,0.410461,0.26597,0.323569,1.5306,1.3367
2425,2025-05-17,F1,Lille,Reims,H,0.524587,0.278319,0.197093,1.5168,0.8335
2425,2025-05-17,F1,Lyon,Angers,H,0.690939,0.187259,0.121802,2.3707,0.915
2425,2025-05-17,F1,Marseille,Rennes,H,0.402001,0.268206,0.329793,1.4975,1.3373
2425,2025-05-17,F1,Nantes,Montpellier,H,0.304338,0.280193,0.415469,1.1861,1.4243
2425,2025-05-17,F1,Nice,Brest,H,0.41855,0.313365,0.268085,1.2107,0.9149
2425,2025-05-17,F1,Paris SG,Auxerre,H,0.828946,0.120527,0.050527,2.9258,0.6467
2425,2025-05-17,F1,St Etienne,Toulouse,A,0.279,0.268762,0.452237,1.1815,1.5623
2425,2025-05-17,F1,Strasbourg,Le Havre,A,0.426048,0.300276,0.273676,1.2985,0.9894
2526,2025-08-15,F1,Rennes,Marseille,H,0.366852,0.248529,0.384619,1.5839,1.6255
2526,2025-08-16,F1,Lens,Lyon,A,0.401983,0.271369,0.326648,1.4585,1.2934
2526,2025-08-16,F1,Monaco,Le Havre,H,0.707485,0.17421,0.118305,2.5379,0.9725
2526,2025-08-16,F1,Nice,Toulouse,A,0.515096,0.270609,0.214294,1.5684,0.9264
2526,2025-08-17,F1,Angers,Paris FC,H,0.300144,0.295469,0.404387,1.0753,1.2893
2526,2025-08-17,F1,Auxerre,Lorient,H,0.490705,0.253223,0.256072,1.7239,1.1913
2526,2025-08-17,F1,Brest,Lille,D,0.295645,0.27572,0.428635,1.1772,1.4639
2526,2025-08-17,F1,Metz,Strasbourg,A,0.243542,0.270023,0.486434,1.0395,1.5643
2526,2025-08-17,F1,Nantes,Paris SG,A,0.113597,0.182929,0.703474,0.8682,2.3784
2526,2025-08-22,F1,Paris SG,Angers,H,0.834369,0.116208,0.049424,2.9824,0.6536
2526,2025-08-23,F1,Lyon,Metz,H,0.66899,0.196422,0.134588,2.275,0.9366
2526,2025-08-23,F1,Marseille,Paris FC,H,0.617153,0.213494,0.169352,2.1414,1.0473
2526,2025-08-23,F1,Nice,Auxerre,H,0.562599,0.249428,0.187973,1.7583,0.924
2526,2025-08-24,F1,Le Havre,Lens,A,0.223193,0.267397,0.50941,0.9776,1.5957
2526,2025-08-24,F1,Lille,Monaco,H,0.402338,0.271624,0.326039,1.457,1.29
2526,2025-08-24,F1,Lorient,Rennes,H,0.25472,0.243876,0.501404,1.2534,1.8282
2526,2025-08-24,F1,Strasbourg,Nantes,H,0.526006,0.264864,0.20913,1.6197,0.9349
2526,2025-08-24,F1,Toulouse,Brest,H,0.4121,0.271508,0.316392,1.4738,1.2645
2526,2025-08-29,F1,Lens,Brest,H,0.476893,0.27231,0.250797,1.5392,1.0525
2526,2025-08-30,F1,Lorient,Lille,A,0.208828,0.254574,0.536598,0.9892,1.7169
2526,2025-08-30,F1,Nantes,Auxerre,H,0.33947,0.290766,0.369764,1.1981,1.2612
2526,2025-08-30,F1,Toulouse,Paris SG,A,0.175205,0.215949,0.608846,1.0649,2.1208
2526,2025-08-31,F1,Angers,Rennes,D,0.204599,0.25859,0.536811,0.9489,1.6771
2526,2025-08-31,F1,Le Havre,Nice,H,0.188599,0.242606,0.568795,0.965,1.8281
2526,2025-08-31,F1,Lyon,Marseille,H,0.395824,0.236482,0.367694,1.7753,1.7069
2526,2025-08-31,F1,Monaco,Strasbourg,H,0.531952,0.237549,0.230498,1.9049,1.1958
2526,2025-08-31,F1,Paris FC,Metz,H,0.4923,0.270821,0.236879,1.5603,1.0108
2526,2025-09-12,F1,Marseille,Lorient,H,0.677755,0.184876,0.13737,2.456,1.0442
2526,2025-09-13,F1,Auxerre,Monaco,A,0.259258,0.245639,0.495103,1.2584,1.8061
2526,2025-09-13,F1,Nice,Nantes,H,0.605914,0.245073,0.149012,1.7589,0.7553
2526,2025-09-14,F1,Brest,Paris FC,A,0.480925,0.256024,0.263051,1.6901,1.1984
2526,2025-09-14,F1,Lille,Toulouse,H,0.506789,0.276982,0.216229,1.5136,0.9029
2526,2025-09-14,F1,Metz,Angers,D,0.403637,0.303814,0.292549,1.2364,1.0131
2526,2025-09-14,F1,Paris SG,Lens,H,0.620069,0.219245,0.160686,2.0521,0.9567
2526,2025-09-14,F1,Rennes,Lyon,H,0.40754,0.24412,0.34834,1.7172,1.5767
2526,2025-09-14,F1,Strasbourg,Le Havre,H,0.582739,0.230712,0.186549,1.957,1.0276
2526,2025-09-19,F1,Lyon,Angers,H,0.67066,0.201395,0.127945,2.1854,0.8571
2526,2025-09-20,F1,Brest,Nice,H,0.294219,0.270276,0.435505,1.2079,1.5169
2526,2025-09-20,F1,Lens,Lille,H,0.347214,0.311902,0.340883,1.0962,1.0837
2526,2025-09-20,F1,Nantes,Rennes,D,0.256379,0.270182,0.473439,1.0843,1.5549
2526,2025-09-21,F1,Auxerre,Toulouse,H,0.368479,0.283406,0.348115,1.3073,1.2641
2526,2025-09-21,F1,Le Havre,Lorient,D,0.394466,0.259011,0.346523,1.5488,1.4399
2526,2025-09-21,F1,Monaco,Metz,H,0.704985,0.183576,0.111439,2.3584,0.8463
2526,2025-09-21,F1,Paris FC,Strasbourg,A,0.323723,0.275057,0.40122,1.2602,1.4283
2526,2025-09-22,F1,Marseille,Paris SG,H,0.273985,0.223372,0.502643,1.5131,2.084
2526,2025-09-26,F1,Strasbourg,Marseille,A,0.326718,0.254872,0.41841,1.4191,1.6295
2526,2025-09-27,F1,Lorient,Monaco,H,0.200239,0.218512,0.581248,1.1891,2.1243
2526,2025-09-27,F1,Paris SG,Auxerre,H,0.755236,0.151768,0.092996,2.764,0.9136
2526,2025-09-27,F1,Toulouse,Nantes,D,0.491156,0.281824,0.227021,1.4701,0.9192
2526,2025-09-28,F1,Angers,Brest,A,0.252105,0.273274,0.474621,1.0516,1.5296
2526,2025-09-28,F1,Lille,Lyon,A,0.451565,0.261482,0.286954,1.6126,1.2444
2526,2025-09-28,F1,Metz,Le Havre,D,0.387362,0.277575,0.335063,1.385,1.2722
2526,2025-09-28,F1,Nice,Paris FC,D,0.585212,0.243431,0.171358,1.8032,0.8757
2526,2025-09-28,F1,Rennes,Lens,D,0.392317,0.284835,0.322848,1.3416,1.1948
2526,2025-10-03,F1,Paris FC,Lorient,H,0.461878,0.260304,0.277818,1.6339,1.2217
2526,2025-10-04,F1,Auxerre,Lens,A,0.297935,0.29201,0.410055,1.0881,1.3201
2526,2025-10-04,F1,Brest,Nantes,D,0.509134,0.261597,0.229269,1.6487,1.0336
2526,2025-10-04,F1,Metz,Marseille,A,0.174447,0.224174,0.601379,1.0043,2.0175
2526,2025-10-05,F1,Le Havre,Rennes,D,0.233243,0.239805,0.526951,1.1917,1.8787
2526,2025-10-05,F1,Lille,Paris SG,D,0.269317,0.254845,0.475838,1.2297,1.6982
2526,2025-10-05,F1,Lyon,Toulouse,A,0.508081,0.246019,0.2459,1.8066,1.2013
2526,2025-10-05,F1,Monaco,Nice,D,0.421324,0.265398,0.313277,1.5388,1.2986
2526,2025-10-05,F1,Strasbourg,Angers,H,0.586713,0.248486,0.164801,1.747,0.8183
2526,2025-10-17,F1,Paris SG,Strasbourg,D,0.694384,0.178732,0.126883,2.5076,1.0092
2526,2025-10-18,F1,Angers,Monaco,D,0.160158,0.228106,0.611736,0.9003,1.9488
2526,2025-10-18,F1,Marseille,Le Havre,H,0.700732,0.176489,0.122779,2.5239,0.9928
2526,2025-10-18,F1,Nice,Lyon,H,0.45876,0.2561,0.28514,1.6709,1.2768
2526,2025-10-19,F1,Lens,Paris FC,H,0.526426,0.270002,0.203572,1.5739,0.8871
2526,2025-10-19,F1,Lorient,Brest,D,0.312763,0.253373,0.433865,1.389,1.6674
2526,2025-10-19,F1,Nantes,Lille,A,0.211726,0.283705,0.504568,0.8557,1.4602
2526,2025-10-19,F1,Rennes,Auxerre,D,0.52199,0.246154,0.231856,1.807,1.141
2526,2025-10-19,F1,Toulouse,Metz,H,0.547786,0.261001,0.191213,1.6507,0.8792
2526,2025-10-24,F1,Paris FC,Nantes,A,0.436246,0.286816,0.276938,1.3896,1.0569
2526,2025-10-25,F1,Brest,Paris SG,A,0.171483,0.196704,0.631813,1.1943,2.3845
2526,2025-10-25,F1,Lens,Marseille,H,0.364329,0.276775,0.358896,1.3452,1.3335
2526,2025-10-25,F1,Monaco,Toulouse,H,0.550205,0.239758,0.210037,1.8729,1.0854
2526,2025-10-26,F1,Angers,Lorient,H,0.344222,0.286813,0.368965,1.2333,1.2854
2526,2025-10-26,F1,Auxerre,Le Havre,A,0.515559,0.249404,0.235037,1.7715,1.1326
2526,2025-10-26,F1,Lille,Metz,H,0.652251,0.224618,0.123131,1.9061,0.704
2526,2025-10-26,F1,Lyon,Strasbourg,H,0.488083,0.242474,0.269443,1.8375,1.3235
2526,2025-10-26,F1,Rennes,Nice,A,0.351833,0.27583,0.372337,1.3243,1.3688
2526,2025-10-29,F1,Le Havre,Brest,H,0.288601,0.251883,0.459516,1.3206,1.7135
2526,2025-10-29,F1,Lorient,Paris SG,D,0.103775,0.154531,0.741694,1.0036,2.7965
2526,2025-10-29,F1,Marseille,Angers,D,0.699176,0.190745,0.110078,2.253,0.7906
2526,2025-10-29,F1,Metz,Lens,H,0.207105,0.280964,0.511931,0.8507,1.4829
2526,2025-10-29,F1,Nantes,Monaco,A,0.205931,0.245665,0.548404,1.0287,1.8068
2526,2025-10-29,F1,Nice,Lille,H,0.396268,0.298828,0.304904,1.2559,1.0698
2526,2025-10-29,F1,Paris FC,Lyon,D,0.276624,0.246384,0.476993,1.3201,1.7867
2526,2025-10-29,F1,Strasbourg,Auxerre,H,0.475856,0.263141,0.261003,1.6191,1.1438
2526,2025-10-29,F1,Toulouse,Rennes,D,0.349824,0.274389,0.375787,1.33,1.3865
2526,2025-11-01,F1,Auxerre,Marseille,A,0.26689,0.246148,0.486962,1.2847,1.7961
2526,2025-11-01,F1,Monaco,Paris FC,A,0.624524,0.211684,0.163792,2.1533,1.026
2526,2025-11-01,F1,Paris SG,Nice,H,0.581618,0.225543,0.192839,2.0258,1.096
2526,2025-11-02,F1,Brest,Lyon,D,0.340529,0.242861,0.416611,1.5661,1.7473
2526,2025-11-02,F1,Lens,Lorient,H,0.58348,0.243421,0.173099,1.8052,0.8844
2526,2025-11-02,F1,Lille,Angers,H,0.651778,0.230835,0.117387,1.831,0.6442
2526,2025-11-02,F1,Nantes,Metz,A,0.44091,0.293832,0.265258,1.3457,0.986
2526,2025-11-02,F1,Rennes,Strasbourg,H,0.45465,0.258957,0.286394,1.6394,1.2604
2526,2025-11-02,F1,Toulouse,Le Havre,D,0.545671,0.248584,0.205746,1.7763,1.0103
2526,2025-11-07,F1,Paris FC,Rennes,A,0.293262,0.262597,0.444142,1.2572,1.594
2526,2025-11-08,F1,Le Havre,Nantes,D,0.374966,0.283819,0.341216,1.3172,1.2456
2526,2025-11-08,F1,Marseille,Brest,H,0.562938,0.22188,0.215182,2.0942,1.2426
2526,2025-11-08,F1,Monaco,Lens,A,0.463009,0.26877,0.268222,1.5588,1.1335
2526,2025-11-09,F1,Angers,Auxerre,H,0.279836,0.289971,0.430193,1.0485,1.3603
2526,2025-11-09,F1,Lorient,Toulouse,D,0.306559,0.271686,0.421755,1.2353,1.4868
2526,2025-11-09,F1,Lyon,Paris SG,A,0.239797,0.211457,0.548746,1.4677,2.2594
2526,2025-11-09,F1,Metz,Nice,H,0.17561,0.25473,0.56966,0.8398,1.6989
2526,2025-11-09,F1,Strasbourg,Lille,H,0.315814,0.288226,0.39596,1.1564,1.3242
2526,2025-11-21,F1,Nice,Marseille,A,0.418136,0.264567,0.317297,1.5412,1.3164
2526,2025-11-22,F1,Lens,Strasbourg,H,0.442349,0.287361,0.270289,1.3924,1.034
2526,2025-11-22,F1,Paris SG,Le Havre,H,0.842845,0.104347,0.052808,3.3409,0.8208
2526,2025-11-22,F1,Rennes,Monaco,H,0.357514,0.249458,0.393028,1.5515,1.6345
2526,2025-11-23,F1,Auxerre,Lyon,D,0.300934,0.248165,0.450901,1.3928,1.7422
2526,2025-11-23,F1,Brest,Metz,H,0.568384,0.24061,0.191006,1.8512,0.9885
2526,2025-11-23,F1,Lille,Paris FC,H,0.57609,0.250137,0.173774,1.7403,0.8535
2526,2025-11-23,F1,Nantes,Lorient,D,0.411028,0.279623,0.309349,1.4092,1.1917
2526,2025-11-23,F1,Toulouse,Angers,A,0.550713,0.268007,0.181281,1.5857,0.8045
2526,2025-11-28,F1,Metz,Rennes,A,0.216158,0.251818,0.532024,1.037,1.7459
2526,2025-11-29,F1,Marseille,Toulouse,D,0.542539,0.240922,0.216539,1.8625,1.108
2526,2025-11-29,F1,Monaco,Paris SG,H,0.282181,0.226078,0.491741,1.5215,2.0414
2526,2025-11-29,F1,Paris FC,Auxerre,D,0.384117,0.276208,0.339675,1.3891,1.2929
2526,2025-11-30,F1,Angers,Lens,A,0.196241,0.288762,0.514997,0.7785,1.4244
2526,2025-11-30,F1,Le Havre,Lille,A,0.191057,0.249025,0.559918,0.9405,1.7643
2526,2025-11-30,F1,Lorient,Nice,H,0.206477,0.248347,0.545175,1.015,1.779
2526,2025-11-30,F1,Lyon,Nantes,H,0.609179,0.22259,0.168231,2.0261,0.9793
2526,2025-11-30,F1,Strasbourg,Brest,A,0.445195,0.259488,0.295316,1.6238,1.2861
2526,2025-12-05,F1,Brest,Monaco,H,0.29469,0.242922,0.462388,1.4151,1.8113
2526,2025-12-05,F1,Lille,Marseille,H,0.411634,0.26975,0.318616,1.4874,1.2829
2526,2025-12-06,F1,Nantes,Lens,A,0.242662,0.29991,0.457428,0.8895,1.3206
2526,2025-12-06,F1,Paris SG,Rennes,H,0.667931,0.184556,0.147513,2.5015,1.1264
2526,2025-12-06,F1,Toulouse,Strasbourg,H,0.379953,0.282873,0.337174,1.3332,1.2423
2526,2025-12-07,F1,Auxerre,Metz,H,0.520155,0.261993,0.217852,1.6463,0.9856
2526,2025-12-07,F1,Le Havre,Paris FC,D,0.343886,0.269627,0.386487,1.3504,1.4442
2526,2025-12-07,F1,Lorient,Lyon,H,0.236807,0.226111,0.537082,1.3161,2.0492
2526,2025-12-07,F1,Nice,Angers,A,0.661633,0.223334,0.115033,1.8972,0.661
2526,2025-12-12,F1,Angers,Nantes,H,0.32738,0.313268,0.359352,1.0489,1.112
2526,2025-12-13,F1,Metz,Paris SG,A,0.087014,0.154155,0.75883,0.8303,2.6706
2526,2025-12-13,F1,Paris FC,Toulouse,A,0.343587,0.285684,0.370729,1.2391,1.2964
2526,2025-12-13,F1,Rennes,Brest,H,0.491114,0.244891,0.263995,1.8123,1.283
2526,2025-12-14,F1,Auxerre,Lille,A,0.262312,0.280294,0.457394,1.0469,1.4597
2526,2025-12-14,F1,Lens,Nice,H,0.347245,0.306473,0.346283,1.1248,1.1229
2526,2025-12-14,F1,Lyon,Le Havre,H,0.669285,0.186979,0.143736,2.4481,1.0763
2526,2025-12-14,F1,Marseille,Monaco,H,0.42377,0.239816,0.336414,1.7929,1.5831
2526,2025-12-14,F1,Strasbourg,Lorient,D,0.558442,0.236707,0.204851,1.9044,1.0808
2526,2026-01-02,F1,Toulouse,Lens,A,0.326274,0.304469,0.369257,1.091,1.1776
2526,2026-01-03,F1,Lille,Rennes,A,0.462469,0.271422,0.266109,1.5357,1.1102
2526,2026-01-03,F1,Monaco,Lyon,A,0.486975,0.229346,0.28368,1.9953,1.4959
2526,2026-01-03,F1,Nice,Strasbourg,D,0.498806,0.267127,0.234067,1.5952,1.0207
2526,2026-01-04,F1,Brest,Auxerre,H,0.455909,0.258176,0.285915,1.6481,1.2644
2526,2026-01-04,F1,Le Havre,Angers,H,0.436932,0.282668,0.2804,1.4208,1.0902
2526,2026-01-04,F1,Lorient,Metz,D,0.456296,0.268429,0.275275,1.5556,1.1593
2526,2026-01-04,F1,Marseille,Nantes,A,0.640472,0.213467,0.14606,2.0889,0.9033
2526,2026-01-04,F1,Paris SG,Paris FC,H,0.774868,0.14305,0.082082,2.8346,0.8659
2526,2026-01-16,F1,Monaco,Lorient,A,0.68483,0.182699,0.13247,2.4696,1.0229
2526,2026-01-16,F1,Paris SG,Lille,H,0.579384,0.22965,0.190966,1.9743,1.0577
2526,2026-01-17,F1,Angers,Marseille,A,0.165364,0.229852,0.604784,0.9191,1.938
2526,2026-01-17,F1,Lens,Auxerre,H,0.504023,0.274333,0.221644,1.5347,0.936
2526,2026-01-17,F1,Toulouse,Nice,H,0.289607,0.289854,0.420539,1.077,1.3491
2526,2026-01-18,F1,Lyon,Brest,H,0.526426,0.22757,0.246004,2.0313,1.3472
2526,2026-01-18,F1,Nantes,Paris FC,A,0.361381,0.293344,0.345275,1.2287,1.1953
2526,2026-01-18,F1,Rennes,Le Havre,D,0.630928,0.208737,0.160335,2.1841,1.025
2526,2026-01-18,F1,Strasbourg,Metz,H,0.584138,0.242155,0.173707,1.8186,0.8942
2526,2026-01-23,F1,Auxerre,Paris SG,A,0.147863,0.192522,0.659615,1.0621,2.3776
2526,2026-01-24,F1,Le Havre,Monaco,D,0.181375,0.212082,0.606543,1.1306,2.183
2526,2026-01-24,F1,Marseille,Lens,H,0.45542,0.268955,0.275625,1.5502,1.1571
2526,2026-01-24,F1,Rennes,Lorient,A,0.606758,0.215883,0.177358,2.1254,1.0781
2526,2026-01-25,F1,Brest,Toulouse,A,0.410424,0.271652,0.317924,1.47,1.2678
2526,2026-01-25,F1,Lille,Strasbourg,A,0.490817,0.273195,0.235988,1.5395,0.9948
2526,2026-01-25,F1,Metz,Lyon,A,0.199887,0.231849,0.568264,1.0889,1.9569
2526,2026-01-25,F1,Nantes,Nice,A,0.209894,0.277195,0.512911,0.8781,1.513
2526,2026-01-25,F1,Paris FC,Angers,D,0.497361,0.27848,0.224159,1.4988,0.925
2526,2026-01-30,F1,Lens,Le Havre,H,0.605846,0.236524,0.15763,1.855,0.8409
2526,2026-01-31,F1,Lorient,Nantes,H,0.400283,0.280553,0.319164,1.3854,1.2122
2526,2026-01-31,F1,Monaco,Rennes,H,0.500025,0.237589,0.262386,1.9002,1.3346
2526,2026-01-31,F1,Paris FC,Marseille,D,0.244445,0.242929,0.512626,1.2176,1.842
2526,2026-02-01,F1,Angers,Metz,H,0.375365,0.306313,0.318322,1.1778,1.0635
2526,2026-02-01,F1,Lyon,Lille,H,0.37962,0.267619,0.352761,1.4467,1.3871
2526,2026-02-01,F1,Nice,Brest,D,0.535726,0.250076,0.214198,1.7634,1.039
2526,2026-02-01,F1,Strasbourg,Paris SG,A,0.19303,0.215381,0.591589,1.1733,2.157
2526,2026-02-01,F1,Toulouse,Auxerre,D,0.441975,0.277051,0.280974,1.4696,1.1245
2526,2026-02-06,F1,Metz,Lille,D,0.177853,0.26151,0.560637,0.8184,1.6396
2526,2026-02-07,F1,Brest,Lorient,H,0.539759,0.234635,0.225605,1.9385,1.1947
2526,2026-02-07,F1,Lens,Rennes,H,0.413977,0.282953,0.303069,1.389,1.154
2526,2026-02-07,F1,Nantes,Lyon,A,0.240647,0.252,0.507353,1.1385,1.7428
2526,2026-02-08,F1,Angers,Toulouse,H,0.248224,0.29352,0.458256,0.9353,1.3639
2526,2026-02-08,F1,Auxerre,Paris FC,D,0.434844,0.271841,0.293315,1.5031,1.1949
2526,2026-02-08,F1,Le Havre,Strasbourg,H,0.263212,0.256663,0.480126,1.1946,1.6833
2526,2026-02-08,F1,Nice,Monaco,D,0.408672,0.266481,0.324848,1.5097,1.3237
2526,2026-02-08,F1,Paris SG,Marseille,H,0.615938,0.196703,0.18736,2.4227,1.3016
2526,2026-02-13,F1,Monaco,Nantes,H,0.647264,0.21148,0.141256,2.1004,0.8849
2526,2026-02-13,F1,Rennes,Paris SG,H,0.221656,0.218018,0.560326,1.3095,2.1517
2526,2026-02-14,F1,Lille,Brest,D,0.52728,0.256216,0.216504,1.7019,1.0126
2526,2026-02-14,F1,Marseille,Strasbourg,D,0.523928,0.238489,0.237583,1.8944,1.2207
2526,2026-02-14,F1,Paris FC,Lens,A,0.276274,0.291285,0.432442,1.0313,1.3539
2526,2026-02-15,F1,Le Havre,Toulouse,H,0.283819,0.270403,0.445778,1.1745,1.5279
2526,2026-02-15,F1,Lorient,Angers,H,0.463236,0.276534,0.260229,1.4943,1.0609
2526,2026-02-15,F1,Lyon,Nice,H,0.37905,0.262866,0.358084,1.4844,1.4373
2526,2026-02-15,F1,Metz,Auxerre,A,0.295981,0.280982,0.423037,1.1458,1.4161
2526,2026-02-20,F1,Brest,Marseille,H,0.303136,0.242974,0.453889,1.4446,1.8014
2526,2026-02-21,F1,Lens,Monaco,A,0.355649,0.277983,0.366368,1.3178,1.3409
2526,2026-02-21,F1,Paris SG,Metz,H,0.836662,0.112195,0.051143,3.1047,0.7142
2526,2026-02-21,F1,Toulouse,Paris FC,D,0.465406,0.275176,0.259418,1.5071,1.0658
2526,2026-02-22,F1,Angers,Lille,A,0.168758,0.268538,0.562704,0.7489,1.575
2526,2026-02-22,F1,Auxerre,Rennes,A,0.317438,0.263262,0.4193,1.3264,1.5543
2526,2026-02-22,F1,Nantes,Le Havre,H,0.434397,0.278672,0.286931,1.4481,1.1331
2526,2026-02-22,F1,Nice,Lorient,D,0.643564,0.214345,0.142091,2.0681,0.8731
2526,2026-02-22,F1,Strasbourg,Lyon,H,0.364523,0.252821,0.382656,1.5386,1.5806
2526,2026-02-27,F1,Strasbourg,Lens,D,0.353502,0.295111,0.351387,1.202,1.1977
2526,2026-02-28,F1,Le Havre,Paris SG,A,0.091673,0.14561,0.762717,0.9542,2.8738
2526,2026-02-28,F1,Monaco,Angers,H,0.70527,0.188471,0.10626,2.2655,0.7744
2526,2026-02-28,F1,Rennes,Toulouse,H,0.473986,0.263786,0.262228,1.6118,1.144
2526,2026-03-01,F1,Lille,Nantes,H,0.596474,0.252203,0.151323,1.6976,0.7361
2526,2026-03-01,F1,Lorient,Auxerre,D,0.345271,0.265514,0.389215,1.3849,1.4829
2526,2026-03-01,F1,Marseille,Lyon,H,0.478119,0.229672,0.29221,1.9843,1.5271
2526,2026-03-01,F1,Metz,Brest,A,0.266665,0.265424,0.467911,1.1492,1.5923
2526,2026-03-01,F1,Paris FC,Nice,H,0.240152,0.271675,0.488173,1.0181,1.5511
2526,2026-03-06,F1,Paris SG,Monaco,A,0.604958,0.200701,0.194341,2.3733,1.3088
2526,2026-03-07,F1,Auxerre,Strasbourg,D,0.348529,0.274007,0.377464,1.3297,1.3927
2526,2026-03-07,F1,Nantes,Angers,A,0.44629,0.302769,0.250941,1.2927,0.9023
2526,2026-03-07,F1,Toulouse,Marseille,A,0.299524,0.26107,0.439406,1.2881,1.6021
2526,2026-03-08,F1,Brest,Le Havre,H,0.565063,0.229314,0.205623,1.992,1.1359
2526,2026-03-08,F1,Lens,Metz,H,0.603904,0.248672,0.147424,1.7239,0.7317
2526,2026-03-08,F1,Lille,Lorient,D,0.634034,0.221148,0.144818,1.9959,0.8509
2526,2026-03-08,F1,Lyon,Paris FC,D,0.58348,0.221639,0.194881,2.0771,1.1355
2526,2026-03-08,F1,Nice,Rennes,A,0.469936,0.265725,0.264339,1.5913,1.1392
2526,2026-03-13,F1,Marseille,Auxerre,H,0.59278,0.219996,0.187224,2.0881,1.105
2526,2026-03-14,F1,Angers,Nice,A,0.166637,0.261514,0.571849,0.7685,1.6319
2526,2026-03-14,F1,Lorient,Lens,H,0.242464,0.271356,0.48618,1.0282,1.5528
2526,2026-03-14,F1,Monaco,Brest,H,0.571052,0.220561,0.208386,2.1058,1.2172
2526,2026-03-15,F1,Le Havre,Lyon,D,0.215509,0.221029,0.563463,1.2513,2.1058
2526,2026-03-15,F1,Metz,Toulouse,A,0.262404,0.284979,0.452617,1.0221,1.4199
2526,2026-03-15,F1,Rennes,Lille,A,0.352466,0.280883,0.366651,1.2907,1.321
2526,2026-03-15,F1,Strasbourg,Paris FC,D,0.500039,0.260089,0.239872,1.6604,1.084
2526,2026-03-20,F1,Lens,Angers,H,0.604374,0.255419,0.140206,1.656,0.6696
2526,2026-03-21,F1,Auxerre,Brest,H,0.379353,0.264687,0.35596,1.4699,1.4176
2526,2026-03-21,F1,Nice,Paris SG,A,0.272863,0.250534,0.476604,1.2742,1.7425
2526,2026-03-21,F1,Toulouse,Lorient,H,0.521727,0.253583,0.22469,1.7285,1.0626
2526,2026-03-22,F1,Lyon,Monaco,A,0.385834,0.237711,0.376455,1.7391,1.7163
2526,2026-03-22,F1,Marseille,Lille,A,0.413416,0.269597,0.316987,1.4914,1.2794
2526,2026-03-22,F1,Nantes,Strasbourg,A,0.28438,0.285347,0.430273,1.0869,1.3932
2526,2026-03-22,F1,Paris FC,Le Havre,H,0.486587,0.257518,0.255895,1.679,1.1616
2526,2026-03-22,F1,Rennes,Metz,D,0.631016,0.219184,0.1498,2.0297,0.892
2526,2026-04-03,F1,Paris SG,Toulouse,H,0.707704,0.17755,0.114746,2.4655,0.916
2526,2026-04-04,F1,Brest,Rennes,A,0.357236,0.256123,0.386641,1.4915,1.5589
2526,2026-04-04,F1,Lille,Lens,H,0.426924,0.304848,0.268228,1.2598,0.9429
2526,2026-04-04,F1,Strasbourg,Nice,H,0.31488,0.282831,0.402289,1.1866,1.3721
2526,2026-04-05,F1,Angers,Lyon,D,0.189194,0.237816,0.572989,0.9964,1.8798
2526,2026-04-05,F1,Le Havre,Auxerre,D,0.320527,0.265778,0.413695,1.3167,1.5238
2526,2026-04-05,F1,Lorient,Paris FC,D,0.369257,0.268195,0.362549,1.4203,1.4054
2526,2026-04-05,F1,Metz,Nantes,D,0.346137,0.302142,0.351721,1.1463,1.1576
2526,2026-04-05,F1,Monaco,Marseille,H,0.442803,0.238228,0.318969,1.8404,1.5422
2526,2026-04-10,F1,Marseille,Metz,H,0.698635,0.18585,0.115515,2.3454,0.8639
2526,2026-04-10,F1,Paris FC,Monaco,H,0.237273,0.242109,0.520619,1.1927,1.8522
2526,2026-04-11,F1,Auxerre,Nantes,D,0.462988,0.280068,0.256944,1.4662,1.0306
2526,2026-04-11,F1,Rennes,Angers,H,0.632864,0.224823,0.142313,1.9498,0.8163
2526,2026-04-12,F1,Lyon,Lorient,H,0.64501,0.194801,0.160189,2.3823,1.1321
2526,2026-04-12,F1,Nice,Le Havre,D,0.66547,0.206278,0.128252,2.1253,0.8301
2526,2026-04-12,F1,Toulouse,Lille,A,0.29066,0.295546,0.413794,1.0497,1.302
2526,2026-04-17,F1,Lens,Toulouse,H,0.458863,0.292864,0.248273,1.369,0.9385
2526,2026-04-18,F1,Angers,Le Havre,D,0.366405,0.288796,0.344799,1.2674,1.2221
2526,2026-04-18,F1,Lille,Nice,D,0.39046,0.299339,0.310201,1.2437,1.0803
2526,2026-04-18,F1,Lorient,Marseille,H,0.206832,0.219932,0.573235,1.2139,2.1126
2526,2026-04-19,F1,Metz,Paris FC,A,0.317453,0.285807,0.39674,1.1751,1.3421
2526,2026-04-19,F1,Monaco,Auxerre,D,0.600405,0.218384,0.181211,2.0996,1.0825
2526,2026-04-19,F1,Nantes,Brest,D,0.310288,0.278473,0.411239,1.2016,1.4182
2526,2026-04-19,F1,Paris SG,Lyon,A,0.661087,0.179836,0.159077,2.6267,1.2625
2526,2026-04-19,F1,Strasbourg,Rennes,A,0.379687,0.265337,0.354976,1.4653,1.4101
2526,2026-04-22,F1,Paris SG,Nantes,H,0.789483,0.140328,0.070188,2.7651,0.7468
2526,2026-04-24,F1,Brest,Lens,D,0.333968,0.284598,0.381434,1.2236,1.324
2526,2026-04-25,F1,Angers,Paris SG,A,0.083255,0.158529,0.758216,0.7598,2.5654
2526,2026-04-25,F1,Lyon,Auxerre,H,0.558161,0.22716,0.214679,2.0254,1.1981
2526,2026-04-25,F1,Toulouse,Monaco,D,0.291518,0.261143,0.447339,1.2618,1.611
2526,2026-04-26,F1,Le Havre,Metz,D,0.429415,0.273949,0.296636,1.479,1.1913
2526,2026-04-26,F1,Lorient,Strasbourg,A,0.28563,0.259152,0.455217,1.2564,1.6381
2526,2026-04-26,F1,Marseille,Nice,D,0.413442,0.264968,0.32159,1.5303,1.3257
2526,2026-04-26,F1,Paris FC,Lille,A,0.241955,0.277717,0.480328,0.9922,1.4969
2526,2026-04-26,F1,Rennes,Nantes,H,0.572029,0.244191,0.183779,1.8077,0.9327
2526,2026-05-02,F1,Metz,Monaco,A,0.168886,0.222471,0.608642,0.9838,2.0287
2526,2026-05-02,F1,Nantes,Marseille,H,0.212226,0.246832,0.540941,1.0501,1.7968
2526,2026-05-02,F1,Nice,Lens,D,0.434022,0.298831,0.267147,1.3054,0.9675
2526,2026-05-02,F1,Paris SG,Lorient,D,0.826301,0.112906,0.060793,3.2511,0.8633
2526,2026-05-03,F1,Auxerre,Angers,H,0.524594,0.269151,0.206256,1.5814,0.9019
2526,2026-05-03,F1,Lille,Le Havre,D,0.655813,0.213211,0.130976,2.0511,0.809
2526,2026-05-03,F1,Lyon,Rennes,H,0.454427,0.240199,0.305374,1.833,1.4771
2526,2026-05-03,F1,Paris FC,Brest,H,0.352904,0.266879,0.380217,1.3932,1.4538
2526,2026-05-03,F1,Strasbourg,Toulouse,A,0.430257,0.278517,0.291226,1.4442,1.1468
2526,2026-05-08,F1,Lens,Nantes,H,0.548161,0.274014,0.177825,1.5353,0.7651
2526,2026-05-10,F1,Angers,Strasbourg,D,0.230412,0.277728,0.49186,0.9513,1.5027
2526,2026-05-10,F1,Auxerre,Nice,H,0.260693,0.274465,0.464842,1.0742,1.5124
2526,2026-05-10,F1,Le Havre,Marseille,A,0.1875,0.213732,0.598768,1.1541,2.171
2526,2026-05-10,F1,Metz,Lorient,A,0.364056,0.276345,0.359599,1.3477,1.3381
2526,2026-05-10,F1,Monaco,Lille,A,0.421152,0.270008,0.30884,1.4997,1.2533
2526,2026-05-10,F1,Paris SG,Brest,H,0.733215,0.15778,0.109006,2.7721,1.0273
2526,2026-05-10,F1,Rennes,Paris FC,H,0.546629,0.241602,0.21177,1.8532,1.0814
2526,2026-05-10,F1,Toulouse,Lyon,H,0.334872,0.260538,0.404591,1.3965,1.554
2526,2026-05-13,F1,Brest,Strasbourg,A,0.38989,0.264197,0.345912,1.4952,1.3968
2526,2026-05-13,F1,Lens,Paris SG,A,0.231149,0.250035,0.518816,1.1122,1.7652
