date,time,season,league_code,league,home_team,away_team,result,context_summary,context_notes,h2h_home_form,h2h_away_form,home_auto_importance,away_auto_importance,home_motivation,away_motivation,home_lineup_strength,away_lineup_strength,home_key_absences,away_key_absences,home_injury_count,away_injury_count,home_win_probability,draw_probability,away_win_probability,home_bookmaker_odds,draw_bookmaker_odds,away_bookmaker_odds,home_fair_odds,draw_fair_odds,away_fair_odds,home_value_odds,draw_value_odds,away_value_odds,over_25_probability,over_25_bookmaker_odds,over_25_fair_odds,over_25_value_odds,expected_home_goals,expected_away_goals,expected_total_goals,btts_probability,over_15_probability,over_35_probability,home_expected_sot,away_expected_sot,total_expected_sot,total_expected_corners,total_expected_cards,builder_leg_keys,builder_suggestion,builder_confidence,builder_leg_results,builder_legs_won,builder_legs_total,builder_result,actual_total_sot,actual_total_corners,actual_total_cards,predicted_result,suggested_bet,suggested_edge,bet_rule,bet_rule_bets,bet_rule_roi
2025-08-15,20:00,2526,E0,Premier League,Liverpool,Bournemouth,H,Away travel 0.1,"Example row only. Replace these values with real pre-match context before using for live predictions. | Weather: rain 0.0mm, gusts 40.7km/h, snow 0.0cm",L W W W W,W L L L L,1.0,0.0,0.5,0.5,1.0,1.0,0.0,0.0,0.0,0.0,0.7249,0.164,0.1111,1.28,6.56,9.07,1.38,6.1,9.0,1.48,8.77,16.36,0.6336,1.35,1.58,1.87,1.6,1.3,2.9,0.5806,0.7854,0.3304,4.1,5.0,9.1,8.1,5.0,over_15_goals|btts_yes|away_4_sot|total_3_cards,Over 1.5 goals + BTTS yes + Bournemouth 4+ SOT + 3+ cards,strong,Over 1.5 goals:won | BTTS yes:won | Bournemouth 4+ SOT:lost | 3+ cards:won,3,4,partial,13.0,13.0,3.0,H,,,,,
2025-08-15,19:45,2526,F1,Ligue 1,Rennes,Marseille,H,No external context supplied,,L L W L L,W W L W W,0.0,0.0,0.5,0.5,1.0,1.0,0.0,0.0,0.0,0.0,0.3744,0.2203,0.4052,3.64,3.58,2.11,2.67,4.54,2.47,3.08,5.87,2.82,0.5341,1.79,1.87,2.3,1.75,2.0,3.75,0.7144,0.8883,0.5162,3.5,6.4,9.9,9.2,3.8,over_15_goals|btts_yes|away_4_sot,Over 1.5 goals + BTTS yes + Marseille 4+ SOT,strong,Over 1.5 goals:lost | BTTS yes:lost | Marseille 4+ SOT:lost,0,3,lost,7.0,13.0,7.0,A,,,,,
2025-08-15,18:00,2526,SP1,La Liga,Girona,Vallecano,A,No external context supplied,,D W W D L,D L L D W,0.0,0.0,0.5,0.5,1.0,1.0,0.0,0.0,0.0,0.0,0.3815,0.2863,0.3322,2.3,3.3,3.45,2.62,3.49,3.01,3.02,4.23,3.54,0.4278,2.14,2.34,3.05,1.1,1.45,2.55,0.5106,0.7228,0.2532,3.2,5.9,9.1,11.2,3.4,over_15_goals|away_4_sot|total_8_corners,Over 1.5 goals + Vallecano 4+ SOT + 8+ corners,strong,Over 1.5 goals:won | Vallecano 4+ SOT:won | 8+ corners:lost,2,3,partial,7.0,6.0,3.0,H,,,,,
2025-08-15,20:30,2526,SP1,La Liga,Villarreal,Oviedo,H,No external context supplied,,No recent H2H,No recent H2H,0.0,0.0,0.5,0.5,1.0,1.0,0.0,0.0,0.0,0.0,0.8517,0.1216,0.0268,1.41,4.76,8.8,1.17,8.23,37.35,1.25,13.97,0.0,0.6426,1.84,1.56,1.84,1.0,0.6,1.6,0.2852,0.4751,0.0788,2.7,2.5,5.2,4.9,1.6,,No builder lean,none,,,0,,14.0,11.0,5.0,H,,,,,
2025-08-16,12:30,2526,E0,Premier League,Aston Villa,Newcastle,D,No external context supplied,"Weather: rain 0.0mm, gusts 35.6km/h, snow 0.0cm",W L L L W,L W W W L,0.0,0.0,0.5,0.5,1.0,1.0,0.0,0.0,0.0,0.0,0.4822,0.2428,0.2751,2.24,3.72,3.13,2.07,4.12,3.64,2.31,5.19,4.44,0.5572,1.61,1.79,2.19,1.35,1.35,2.7,0.5487,0.7513,0.2859,3.2,5.1,8.3,10.7,4.6,over_15_goals|btts_yes|away_4_sot|total_8_corners|total_3_cards,Over 1.5 goals + BTTS yes + Newcastle 4+ SOT + 8+ corners,strong,Over 1.5 goals:lost | BTTS yes:lost | Newcastle 4+ SOT:lost | 8+ corners:won | 3+ cards:won,2,5,partial,6.0,9.0,4.0,H,,,,,
2025-08-16,15:00,2526,E0,Premier League,Brighton,Fulham,D,No external context supplied,"Weather: rain 0.0mm, gusts 46.1km/h, snow 0.0cm",L D L L W,W D W W L,0.0,0.0,0.5,0.5,1.0,1.0,0.0,0.0,0.0,0.0,0.3964,0.2936,0.31,1.94,3.73,3.98,2.52,3.41,3.23,2.89,4.1,3.85,0.55,1.71,1.82,2.22,1.8,1.6,3.4,0.6662,0.8532,0.4416,5.7,4.3,10.0,9.0,3.4,over_15_goals|btts_yes|home_4_sot,Over 1.5 goals + BTTS yes + Brighton 4+ SOT,strong,Over 1.5 goals:won | BTTS yes:won | Brighton 4+ SOT:won,3,3,won,6.0,7.0,6.0,H,,,,,
2025-08-16,15:00,2526,E0,Premier League,Sunderland,West Ham,H,No external context supplied,"Weather: rain 0.0mm, gusts 26.3km/h, snow 0.0cm",No recent H2H,No recent H2H,0.0,0.0,0.5,0.5,1.0,1.0,0.0,0.0,0.0,0.0,0.2111,0.1342,0.6547,3.27,3.43,2.29,4.74,7.45,1.53,6.21,11.87,1.65,0.5353,1.88,1.87,2.3,0.7,0.7,1.4,0.2534,0.4082,0.0537,2.5,2.1,4.6,4.5,2.2,,No builder lean,none,,,0,,9.0,12.0,1.0,A,A,0.1673,Premier League A all 8%+,62,0.6148
2025-08-16,15:00,2526,E0,Premier League,Tottenham,Burnley,H,No external context supplied,"Weather: rain 0.1mm, gusts 34.6km/h, snow 0.0cm",W L W W W,L W L L L,0.0,0.0,0.5,0.5,1.0,1.0,0.0,0.0,0.0,0.0,0.6647,0.2211,0.1141,1.4,4.71,8.79,1.5,4.52,8.76,1.63,5.84,15.59,0.5478,1.66,1.83,2.23,1.25,1.9,3.15,0.6068,0.8222,0.3863,5.6,6.2,11.8,10.7,4.0,over_15_goals|btts_yes|home_4_sot|total_8_corners,Over 1.5 goals + BTTS yes + Tottenham 4+ SOT + 8+ corners,strong,Over 1.5 goals:won | BTTS yes:lost | Tottenham 4+ SOT:won | 8+ corners:won,3,4,partial,10.0,11.0,0.0,H,,,,,
2025-08-16,17:30,2526,E0,Premier League,Wolves,Man City,A,No external context supplied,"Weather: rain 0.0mm, gusts 33.8km/h, snow 0.0cm",L W L L L,W L W W W,0.0,1.0,0.5,0.5,1.0,1.0,0.0,0.0,0.0,0.0,0.132,0.1979,0.6701,6.72,4.92,1.46,7.57,5.05,1.49,12.19,6.76,1.61,0.6399,1.61,1.56,1.85,1.1,1.55,2.65,0.5255,0.7421,0.2749,2.8,4.6,7.4,9.5,2.4,over_15_goals|away_4_sot|total_8_corners,Over 1.5 goals + Man City 4+ SOT + 8+ corners,strong,Over 1.5 goals:won | Man City 4+ SOT:won | 8+ corners:won,3,3,won,7.0,10.0,3.0,A,,,,,
2025-08-16,16:00,2526,F1,Ligue 1,Lens,Lyon,A,No external context supplied,,L W W D W,W L L D L,0.0,0.0,0.5,0.5,1.0,1.0,0.0,0.0,0.0,0.0,0.3829,0.2683,0.3489,2.35,3.63,3.02,2.61,3.73,2.87,3.0,4.58,3.35,0.5221,1.66,1.92,2.37,1.4,1.55,2.95,0.5935,0.7933,0.3416,4.5,4.9,9.4,10.1,5.2,over_15_goals|btts_yes|home_4_sot|total_8_corners|total_3_cards,Over 1.5 goals + BTTS yes + Lens 4+ SOT + 8+ corners,strong,Over 1.5 goals:lost | BTTS yes:lost | Lens 4+ SOT:won | 8+ corners:won | 3+ cards:won,3,5,partial,8.0,21.0,5.0,H,,,,,
2025-08-16,18:00,2526,F1,Ligue 1,Monaco,Le Havre,H,No external context supplied,,D D W D,D D L D,0.0,0.0,0.5,0.5,1.0,1.0,0.0,0.0,0.0,0.0,0.6522,0.244,0.1038,1.34,5.61,8.59,1.53,4.1,9.63,1.66,5.15,18.59,0.6656,1.51,1.5,1.77,1.8,1.35,3.15,0.6183,0.8222,0.3863,5.4,3.3,8.7,8.8,2.4,over_15_goals|btts_yes|home_4_sot,Over 1.5 goals + BTTS yes + Monaco 4+ SOT,strong,Over 1.5 goals:won | BTTS yes:won | Monaco 4+ SOT:lost,2,3,partial,7.0,9.0,1.0,H,,,,,
2025-08-16,20:05,2526,F1,Ligue 1,Nice,Toulouse,A,No external context supplied,,D W L D D,D L W D D,0.0,0.0,0.5,0.5,1.0,1.0,0.0,0.0,0.0,0.0,0.4517,0.2957,0.2526,2.12,3.45,3.69,2.21,3.38,3.96,2.49,4.07,4.94,0.5061,1.98,1.98,2.46,1.7,1.3,3.0,0.5946,0.8009,0.3528,4.8,5.0,9.8,8.8,3.6,over_15_goals|btts_yes|home_4_sot,Over 1.5 goals + BTTS yes + Nice 4+ SOT,strong,Over 1.5 goals:lost | BTTS yes:lost | Nice 4+ SOT:lost,0,3,lost,4.0,13.0,5.0,H,,,,,
2025-08-16,20:30,2526,SP1,La Liga,Alaves,Levante,H,No external context supplied,,W D D W L,L D D L W,0.0,0.0,0.5,0.5,1.0,1.0,0.0,0.0,0.0,0.0,0.4179,0.3171,0.2651,2.18,3.18,3.84,2.39,3.15,3.77,2.72,3.74,4.65,0.4695,2.58,2.13,2.71,1.35,1.35,2.7,0.5487,0.7513,0.2859,5.0,4.0,9.0,11.0,5.8,over_15_goals|btts_yes|home_4_sot|total_8_corners|total_3_cards,Over 1.5 goals + BTTS yes + Alaves 4+ SOT + 8+ corners,strong,Over 1.5 goals:won | BTTS yes:won | Alaves 4+ SOT:won | 8+ corners:won | 3+ cards:lost,4,5,partial,7.0,11.0,1.0,H,,,,,
2025-08-16,18:30,2526,SP1,La Liga,Mallorca,Barcelona,A,No external context supplied,,L D L L L,W D W W W,0.0,1.0,0.5,0.5,1.0,1.0,0.0,0.0,0.0,0.0,0.1382,0.2362,0.6256,6.68,5.03,1.45,7.23,4.23,1.6,11.33,5.37,1.74,0.5608,1.6,1.78,2.17,0.95,1.7,2.65,0.5012,0.7421,0.2749,2.4,7.1,9.5,12.0,4.2,over_15_goals|away_4_sot|total_8_corners|total_3_cards,Over 1.5 goals + Barcelona 4+ SOT + 8+ corners + 3+ cards,strong,Over 1.5 goals:won | Barcelona 4+ SOT:won | 8+ corners:won | 3+ cards:won,4,4,won,9.0,9.0,9.0,A,,,,,
2025-08-16,20:30,2526,SP1,La Liga,Valencia,Sociedad,D,No external context supplied,,W L L L W,L W W W L,0.0,0.0,0.5,0.5,1.0,1.0,0.0,0.0,0.0,0.0,0.3129,0.2984,0.3886,2.65,2.89,3.23,3.2,3.35,2.57,3.8,4.03,2.95,0.2857,2.76,3.5,5.38,1.45,0.9,2.35,0.4542,0.6805,0.2109,4.1,3.8,7.9,10.5,3.6,total_8_corners,8+ corners,lean,8+ corners:won,1,1,won,5.0,15.0,3.0,A,,,,,
2025-08-17,14:00,2526,E0,Premier League,Chelsea,Crystal Palace,D,No external context supplied,"Weather: rain 0.0mm, gusts 30.6km/h, snow 0.0cm",W W W D D,L L L D D,0.0,0.0,0.5,0.5,1.0,1.0,0.0,0.0,0.0,0.0,0.4526,0.2654,0.282,1.66,4.12,5.25,2.21,3.77,3.55,2.48,4.64,4.31,0.5782,1.63,1.73,2.09,1.45,1.1,2.55,0.5106,0.7228,0.2532,3.9,4.6,8.5,10.4,3.0,over_15_goals|away_4_sot|total_8_corners,Over 1.5 goals + Crystal Palace 4+ SOT + 8+ corners,strong,Over 1.5 goals:lost | Crystal Palace 4+ SOT:won | 8+ corners:won,2,3,partial,7.0,13.0,5.0,H,,,,,
2025-08-17,16:30,2526,E0,Premier League,Man United,Arsenal,A,No external context supplied,"Weather: rain 0.0mm, gusts 37.1km/h, snow 0.0cm",L L L L D,W W W W D,0.0,0.0,0.5,0.5,1.0,1.0,0.0,0.0,0.0,0.0,0.2738,0.2766,0.4496,3.74,3.72,2.01,3.65,3.62,2.22,4.47,4.41,2.5,0.5363,1.8,1.86,2.29,1.0,1.55,2.55,0.498,0.7228,0.2532,4.5,4.4,8.9,10.3,3.8,over_15_goals|home_4_sot|total_8_corners,Over 1.5 goals + Man United 4+ SOT + 8+ corners,strong,Over 1.5 goals:lost | Man United 4+ SOT:won | 8+ corners:lost,1,3,partial,10.0,7.0,5.0,A,,,,,
2025-08-17,14:00,2526,E0,Premier League,Nott'm Forest,Brentford,H,No external context supplied,"Weather: rain 0.0mm, gusts 35.3km/h, snow 0.0cm",L D L W L,W D W L W,0.0,0.0,0.5,0.5,1.0,1.0,0.0,0.0,0.0,0.0,0.3534,0.29,0.3566,2.25,3.38,3.4,2.83,3.45,2.8,3.3,4.17,3.26,0.4784,1.92,2.09,2.64,1.3,1.55,2.85,0.5731,0.7773,0.3192,4.7,4.6,9.3,10.4,6.6,over_15_goals|btts_yes|home_4_sot|total_8_corners|total_3_cards,Over 1.5 goals + BTTS yes + Nott'm Forest 4+ SOT + 8+ corners,strong,Over 1.5 goals:won | BTTS yes:won | Nott'm Forest 4+ SOT:won | 8+ corners:won | 3+ cards:won,5,5,won,8.0,10.0,3.0,A,,,,,
2025-08-17,16:15,2526,F1,Ligue 1,Angers,Paris FC,H,No external context supplied,,No recent H2H,No recent H2H,0.0,0.0,0.5,0.5,1.0,1.0,0.0,0.0,0.0,0.0,0.3171,0.3218,0.361,2.75,3.17,2.83,3.15,3.11,2.77,3.74,3.68,3.21,0.3565,2.16,2.8,3.9,0.3,0.75,1.05,0.1368,0.2826,0.0222,1.2,2.3,3.5,4.9,2.0,,No builder lean,none,,,0,,9.0,10.0,5.0,A,,,,,
2025-08-17,16:15,2526,F1,Ligue 1,Auxerre,Lorient,H,No external context supplied,,L W,W L,0.0,0.0,0.5,0.5,1.0,1.0,0.0,0.0,0.0,0.0,0.349,0.2937,0.3573,2.4,3.46,3.06,2.87,3.41,2.8,3.34,4.1,3.25,0.5109,1.9,1.96,2.43,1.75,1.15,2.9,0.5646,0.7854,0.3304,4.3,5.9,10.2,9.5,4.8,over_15_goals|btts_yes|home_4_sot|total_8_corners|total_3_cards,Over 1.5 goals + BTTS yes + Auxerre 4+ SOT + 8+ corners,strong,Over 1.5 goals:lost | BTTS yes:lost | Auxerre 4+ SOT:lost | 8+ corners:won | 3+ cards:won,2,5,partial,6.0,9.0,5.0,A,,,,,
2025-08-17,14:00,2526,F1,Ligue 1,Brest,Lille,D,No external context supplied,,L L D L W,W W D W L,0.0,0.0,0.5,0.5,1.0,1.0,0.0,0.0,0.0,0.0,0.3642,0.3398,0.296,3.36,3.48,2.23,2.75,2.94,3.38,3.18,3.45,4.06,0.4277,1.87,2.34,3.05,1.25,1.6,2.85,0.5694,0.7773,0.3192,3.7,5.0,8.7,9.8,4.8,over_15_goals|btts_yes|away_4_sot|total_8_corners|total_3_cards,Over 1.5 goals + BTTS yes + Lille 4+ SOT + 8+ corners,strong,Over 1.5 goals:won | BTTS yes:won | Lille 4+ SOT:won | 8+ corners:lost | 3+ cards:won,4,5,partial,11.0,4.0,3.0,H,,,,,
2025-08-17,16:15,2526,F1,Ligue 1,Metz,Strasbourg,A,No external context supplied,,L L L L L,W W W W W,0.0,0.0,0.5,0.5,1.0,1.0,0.0,0.0,0.0,0.0,0.2897,0.303,0.4073,3.23,3.48,2.29,3.45,3.3,2.45,4.17,3.95,2.8,0.4791,1.86,2.09,2.64,1.3,1.95,3.25,0.624,0.8352,0.4086,3.3,4.5,7.8,8.1,4.6,over_15_goals|btts_yes|away_4_sot|total_3_cards,Over 1.5 goals + BTTS yes + Strasbourg 4+ SOT + 3+ cards,strong,Over 1.5 goals:lost | BTTS yes:lost | Strasbourg 4+ SOT:won | 3+ cards:won,2,4,partial,4.0,6.0,4.0,A,,,,,
2025-08-17,19:45,2526,F1,Ligue 1,Nantes,Paris SG,A,No external context supplied,,L L L D D,W W W D D,0.0,1.0,0.5,0.5,1.0,1.0,0.0,0.0,0.0,0.0,0.1701,0.1945,0.6355,8.26,5.72,1.35,5.88,5.14,1.57,8.33,6.92,1.71,0.6357,1.44,1.57,1.87,1.15,1.8,2.95,0.5704,0.7933,0.3416,2.9,5.2,8.1,9.4,3.4,over_15_goals|btts_yes|away_4_sot,Over 1.5 goals + BTTS yes + Paris SG 4+ SOT,strong,Over 1.5 goals:lost | BTTS yes:lost | Paris SG 4+ SOT:won,1,3,partial,4.0,9.0,2.0,A,,,,,
2025-08-17,18:30,2526,SP1,La Liga,Ath Bilbao,Sevilla,H,No external context supplied,,L W W D W,W L L D L,0.0,0.0,0.5,0.5,1.0,1.0,0.0,0.0,0.0,0.0,0.5638,0.2415,0.1947,1.6,4.05,6.12,1.77,4.14,5.14,1.95,5.22,6.91,0.4695,2.07,2.13,2.71,1.3,0.75,2.05,0.3838,0.6074,0.152,3.4,3.8,7.2,8.5,4.4,total_3_cards,3+ cards,lean,3+ cards:lost,0,1,lost,9.0,11.0,2.0,H,,,,,
2025-08-17,16:00,2526,SP1,La Liga,Celta,Getafe,A,No external context supplied,,L D L W W,W D W L L,0.0,0.0,0.5,0.5,1.0,1.0,0.0,0.0,0.0,0.0,0.4712,0.3194,0.2094,1.76,3.43,5.71,2.12,3.13,4.78,2.37,3.71,6.27,0.4546,2.36,2.2,2.82,1.7,1.25,2.95,0.5832,0.7933,0.3416,5.3,3.4,8.7,9.3,5.4,over_15_goals|btts_yes|home_4_sot|total_3_cards,Over 1.5 goals + BTTS yes + Celta 4+ SOT + 3+ cards,strong,Over 1.5 goals:won | BTTS yes:lost | Celta 4+ SOT:lost | 3+ cards:won,2,4,partial,6.0,12.0,5.0,H,,,,,
2025-08-17,20:30,2526,SP1,La Liga,Espanol,Ath Madrid,H,No external context supplied,,L D D D D,W D D D D,0.0,0.0,0.5,0.5,1.0,1.0,0.0,0.0,0.0,0.0,0.1753,0.2154,0.6092,6.57,3.86,1.6,5.7,4.64,1.64,7.98,6.04,1.79,0.5102,2.14,1.96,2.44,1.05,1.65,2.7,0.5252,0.7513,0.2859,3.5,6.2,9.7,9.2,3.4,over_15_goals|away_4_sot,Over 1.5 goals + Ath Madrid 4+ SOT,lean,Over 1.5 goals:won | Ath Madrid 4+ SOT:won,2,2,won,9.0,4.0,6.0,A,,,,,
2025-08-18,20:00,2526,E0,Premier League,Leeds,Everton,H,No external context supplied,"Weather: rain 0.1mm, gusts 32.0km/h, snow 0.0cm",L D L D L,W D W D W,0.0,0.0,0.5,0.5,1.0,1.0,0.0,0.0,0.0,0.0,0.2851,0.292,0.4229,2.37,3.52,3.06,3.51,3.42,2.36,4.25,4.13,2.68,0.5418,2.07,1.85,2.26,1.05,2.05,3.1,0.5664,0.8153,0.3752,4.3,5.8,10.1,10.8,4.6,over_15_goals|btts_yes|home_4_sot|total_8_corners|total_3_cards,Over 1.5 goals + BTTS yes + Leeds 4+ SOT + 8+ corners,strong,Over 1.5 goals:lost | BTTS yes:lost | Leeds 4+ SOT:lost | 8+ corners:won | 3+ cards:lost,1,5,partial,4.0,9.0,2.0,A,,,,,
2025-08-18,20:00,2526,SP1,La Liga,Elche,Betis,D,No external context supplied,,D L W L L,D W L W W,0.0,0.0,0.5,0.5,1.0,1.0,0.0,0.0,0.0,0.0,0.2398,0.2667,0.4935,3.45,3.43,2.21,4.17,3.75,2.03,5.27,4.61,2.25,0.4546,2.08,2.2,2.82,1.25,1.45,2.7,0.5461,0.7513,0.2859,5.1,5.2,10.3,12.2,3.4,over_15_goals|btts_yes|home_4_sot|total_8_corners,Over 1.5 goals + BTTS yes + Elche 4+ SOT + 8+ corners,strong,Over 1.5 goals:won | BTTS yes:won | Elche 4+ SOT:lost | 8+ corners:lost,2,4,partial,6.0,4.0,1.0,A,,,,,
2025-08-19,20:00,2526,SP1,La Liga,Real Madrid,Osasuna,H,No external context supplied,,W W W W D,L L L L D,1.0,0.0,0.5,0.5,1.0,1.0,0.0,0.0,0.0,0.0,0.7626,0.1296,0.1078,1.23,6.99,12.34,1.31,7.71,9.28,1.4,12.56,17.3,0.5371,1.49,1.86,2.29,1.45,1.3,2.75,0.5568,0.7603,0.297,6.4,4.0,10.4,13.0,2.6,over_15_goals|btts_yes|home_4_sot|total_8_corners,Over 1.5 goals + BTTS yes + Real Madrid 4+ SOT + 8+ corners,strong,Over 1.5 goals:lost | BTTS yes:lost | Real Madrid 4+ SOT:won | 8+ corners:lost,1,4,partial,5.0,7.0,3.0,H,,,,,
2025-08-22,19:30,2526,D1,Bundesliga,Bayern Munich,RB Leipzig,H,No external context supplied,,L D W W D,W D L L D,0.0,0.0,0.5,0.5,1.0,1.0,0.0,0.0,0.0,0.0,0.6243,0.2213,0.1544,1.23,7.43,10.85,1.6,4.52,6.48,1.74,5.84,9.58,0.6417,1.24,1.56,1.85,2.1,1.3,3.4,0.6384,0.8532,0.4416,6.5,4.0,10.5,10.8,3.4,over_15_goals|btts_yes|home_4_sot|total_8_corners,Over 1.5 goals + BTTS yes + Bayern Munich 4+ SOT + 8+ corners,strong,Over 1.5 goals:won | BTTS yes:lost | Bayern Munich 4+ SOT:won | 8+ corners:won,3,4,partial,11.0,10.0,5.0,H,,,,,
2025-08-22,20:00,2526,E0,Premier League,West Ham,Chelsea,A,No external context supplied,"Weather: rain 0.0mm, gusts 28.8km/h, snow 0.0cm",D W L L L,D L W W W,0.0,0.0,0.5,0.5,1.0,1.0,0.0,0.0,0.0,0.0,0.2741,0.2222,0.5037,4.94,3.95,1.74,3.65,4.5,1.99,4.46,5.81,2.2,0.5206,1.72,1.92,2.38,0.95,1.35,2.3,0.4543,0.6691,0.2007,3.6,3.9,7.5,10.0,4.4,total_8_corners|total_3_cards,8+ corners + 3+ cards,lean,8+ corners:won | 3+ cards:lost,1,2,partial,11.0,12.0,1.0,A,,,,,
2025-08-22,19:45,2526,F1,Ligue 1,Paris SG,Angers,H,No external context supplied,,W W W W W,L L L L L,1.0,0.0,0.5,0.5,1.0,1.0,0.0,0.0,0.0,0.0,0.8117,0.1234,0.0649,1.09,12.5,27.0,1.23,8.11,15.41,1.31,13.63,67.13,0.6512,1.24,1.54,1.81,1.8,0.9,2.7,0.4953,0.7513,0.2859,6.0,2.3,8.3,10.3,4.2,over_15_goals|home_4_sot|total_8_corners|total_3_cards,Over 1.5 goals + Paris SG 4+ SOT + 8+ corners + 3+ cards,strong,Over 1.5 goals:lost | Paris SG 4+ SOT:won | 8+ corners:won | 3+ cards:lost,2,4,partial,4.0,12.0,0.0,H,,,,,
2025-08-22,20:30,2526,SP1,La Liga,Betis,Alaves,H,No external context supplied,,W D D D L,L D D D W,0.0,0.0,0.5,0.5,1.0,1.0,0.0,0.0,0.0,0.0,0.4849,0.2914,0.2237,1.92,3.45,4.6,2.06,3.43,4.47,2.3,4.14,5.76,0.4982,2.23,2.01,2.51,1.15,1.15,2.3,0.467,0.6691,0.2007,3.8,4.5,8.3,11.3,3.6,away_4_sot|total_8_corners,Alaves 4+ SOT + 8+ corners,lean,Alaves 4+ SOT:won | 8+ corners:lost,1,2,partial,10.0,7.0,5.0,H,,,,,
2025-08-23,14:30,2526,D1,Bundesliga,Ein Frankfurt,Werder Bremen,H,No external context supplied,,W D D W L,L D D L W,0.0,0.0,0.5,0.5,1.0,1.0,0.0,0.0,0.0,0.0,0.5917,0.2482,0.1601,1.7,4.26,4.68,1.69,4.03,6.24,1.85,5.05,9.08,0.6363,1.55,1.57,1.86,1.3,1.35,2.65,0.5389,0.7421,0.2749,4.8,3.6,8.4,9.6,3.8,over_15_goals|home_4_sot|total_8_corners,Over 1.5 goals + Ein Frankfurt 4+ SOT + 8+ corners,strong,Over 1.5 goals:won | Ein Frankfurt 4+ SOT:won | 8+ corners:won,3,3,won,10.0,8.0,4.0,H,,,,,
2025-08-23,14:30,2526,D1,Bundesliga,Freiburg,Augsburg,A,No external context supplied,,W W L W D,L L W L D,0.0,0.0,0.5,0.5,1.0,1.0,0.0,0.0,0.0,0.0,0.4089,0.3087,0.2824,1.87,3.71,4.33,2.45,3.24,3.54,2.79,3.87,4.3,0.5221,1.89,1.92,2.37,1.55,1.25,2.8,0.5621,0.7689,0.3081,4.7,3.6,8.3,8.7,2.6,over_15_goals|btts_yes|home_4_sot,Over 1.5 goals + BTTS yes + Freiburg 4+ SOT,strong,Over 1.5 goals:won | BTTS yes:won | Freiburg 4+ SOT:won,3,3,won,9.0,10.0,9.0,H,,,,,
2025-08-23,14:30,2526,D1,Bundesliga,Heidenheim,Wolfsburg,A,No external context supplied,,L D L W,W D W L,0.0,0.0,0.5,0.5,1.0,1.0,0.0,0.0,0.0,0.0,0.2646,0.2901,0.4453,3.19,3.59,2.26,3.78,3.45,2.25,4.66,4.17,2.53,0.5097,1.68,1.96,2.44,1.3,1.1,2.4,0.4853,0.6916,0.2213,4.2,4.3,8.5,9.4,3.6,home_4_sot,Heidenheim 4+ SOT,lean,Heidenheim 4+ SOT:lost,0,1,lost,7.0,7.0,5.0,A,,,,,
2025-08-23,14:30,2526,D1,Bundesliga,Leverkusen,Hoffenheim,A,No external context supplied,,W W W W W,L L L L L,0.0,0.0,0.5,0.5,1.0,1.0,0.0,0.0,0.0,0.0,0.5335,0.2449,0.2216,1.56,4.74,5.46,1.87,4.08,4.51,2.07,5.13,5.83,0.4858,1.46,2.06,2.59,1.95,1.5,3.45,0.6663,0.8587,0.4525,5.6,4.8,10.4,8.7,4.2,over_15_goals|btts_yes|home_4_sot|total_3_cards,Over 1.5 goals + BTTS yes + Leverkusen 4+ SOT + 3+ cards,strong,Over 1.5 goals:won | BTTS yes:won | Leverkusen 4+ SOT:lost | 3+ cards:won,3,4,partial,7.0,10.0,4.0,H,,,,,
2025-08-23,17:30,2526,D1,Bundesliga,St Pauli,Dortmund,D,No external context supplied,,L L,W W,0.0,0.0,0.5,0.5,1.0,1.0,0.0,0.0,0.0,0.0,0.2231,0.2308,0.5462,4.82,3.79,1.77,4.48,4.33,1.83,5.78,5.53,2.02,0.5105,1.75,1.96,2.44,1.15,1.9,3.05,0.5812,0.8082,0.364,3.4,5.5,8.9,7.7,5.0,over_15_goals|btts_yes|away_4_sot|total_3_cards,Over 1.5 goals + BTTS yes + Dortmund 4+ SOT + 3+ cards,strong,Over 1.5 goals:won | BTTS yes:won | Dortmund 4+ SOT:won | 3+ cards:won,4,4,won,14.0,7.0,7.0,A,,,,,
2025-08-23,14:30,2526,D1,Bundesliga,Union Berlin,Stuttgart,H,No external context supplied,,W L L L D,L W W W D,0.0,0.0,0.5,0.5,1.0,1.0,0.0,0.0,0.0,0.0,0.218,0.2604,0.5216,3.56,3.69,2.07,4.59,3.84,1.92,5.95,4.75,2.12,0.572,1.66,1.75,2.12,1.55,1.8,3.35,0.6575,0.8474,0.4307,3.1,5.9,9.0,9.2,2.4,over_15_goals|btts_yes|away_4_sot,Over 1.5 goals + BTTS yes + Stuttgart 4+ SOT,strong,Over 1.5 goals:won | BTTS yes:won | Stuttgart 4+ SOT:won,3,3,won,8.0,16.0,8.0,A,,,,,
2025-08-23,17:30,2526,E0,Premier League,Arsenal,Leeds,H,No external context supplied,"Weather: rain 0.0mm, gusts 22.7km/h, snow 0.0cm",W W W W W,L L L L L,0.0,0.0,0.5,0.5,1.0,1.0,0.0,0.0,0.0,0.0,0.6154,0.2188,0.1659,1.28,6.21,9.68,1.63,4.57,6.03,1.77,5.93,8.63,0.5808,1.55,1.72,2.08,2.3,1.05,3.35,0.5849,0.8474,0.4307,5.4,3.5,8.9,10.3,4.8,over_15_goals|btts_yes|home_4_sot|total_8_corners|total_3_cards,Over 1.5 goals + BTTS yes + Arsenal 4+ SOT + 8+ corners,strong,Over 1.5 goals:won | BTTS yes:lost | Arsenal 4+ SOT:won | 8+ corners:lost | 3+ cards:lost,2,5,partial,6.0,4.0,2.0,H,,,,,
2025-08-23,15:00,2526,E0,Premier League,Bournemouth,Wolves,H,No external context supplied,"Weather: rain 0.0mm, gusts 31.3km/h, snow 0.0cm",W L W W L,L W L L W,0.0,0.0,0.5,0.5,1.0,1.0,0.0,0.0,0.0,0.0,0.5096,0.2587,0.2317,1.79,3.98,4.4,1.96,3.86,4.32,2.18,4.79,5.5,0.5341,1.72,1.87,2.3,1.35,1.4,2.75,0.5581,0.7603,0.297,4.3,3.8,8.1,9.0,3.8,over_15_goals|btts_yes|home_4_sot,Over 1.5 goals + BTTS yes + Bournemouth 4+ SOT,strong,Over 1.5 goals:lost | BTTS yes:lost | Bournemouth 4+ SOT:won,1,3,partial,5.0,11.0,8.0,H,,,,,
2025-08-23,15:00,2526,E0,Premier League,Brentford,Aston Villa,H,No external context supplied,"Weather: rain 0.0mm, gusts 26.6km/h, snow 0.0cm",D L D L L,D W D W W,0.0,0.0,0.5,0.5,1.0,1.0,0.0,0.0,0.0,0.0,0.3663,0.2972,0.3364,3.26,3.49,2.27,2.73,3.36,2.97,3.16,4.04,3.49,0.54,1.77,1.85,2.27,1.15,1.6,2.75,0.5454,0.7603,0.297,4.8,4.4,9.2,9.5,4.8,over_15_goals|btts_yes|home_4_sot|total_8_corners|total_3_cards,Over 1.5 goals + BTTS yes + Brentford 4+ SOT + 8+ corners,strong,Over 1.5 goals:lost | BTTS yes:lost | Brentford 4+ SOT:lost | 8+ corners:won | 3+ cards:won,2,5,partial,4.0,11.0,3.0,H,,,,,
2025-08-23,15:00,2526,E0,Premier League,Burnley,Sunderland,H,No external context supplied,"Weather: rain 0.2mm, gusts 21.6km/h, snow 0.0cm",No recent H2H,No recent H2H,0.0,0.0,0.5,0.5,1.0,1.0,0.0,0.0,0.0,0.0,0.4112,0.3253,0.2636,2.21,3.26,3.63,2.43,3.07,3.79,2.77,3.63,4.68,0.0303,2.26,33.0,0.0,0.6,2.4,3.0,0.4103,0.8009,0.3528,4.2,6.7,10.9,11.6,2.2,over_15_goals|home_4_sot|total_8_corners,Over 1.5 goals + Burnley 4+ SOT + 8+ corners,strong,Over 1.5 goals:won | Burnley 4+ SOT:lost | 8+ corners:lost,1,3,partial,3.0,7.0,1.0,H,,,,,
2025-08-23,12:30,2526,E0,Premier League,Man City,Tottenham,A,No external context supplied,"Weather: rain 0.0mm, gusts 16.6km/h, snow 0.0cm",L D W L W,W D L W L,1.0,0.0,0.5,0.5,1.0,1.0,0.0,0.0,0.0,0.0,0.5623,0.1987,0.239,1.49,5.0,6.01,1.78,5.03,4.18,1.95,6.73,5.29,0.5645,1.46,1.77,2.15,2.15,0.8,2.95,0.4865,0.7933,0.3416,5.2,2.1,7.3,9.6,2.6,over_15_goals|home_4_sot|total_8_corners,Over 1.5 goals + Man City 4+ SOT + 8+ corners,strong,Over 1.5 goals:won | Man City 4+ SOT:won | 8+ corners:won,3,3,won,9.0,9.0,5.0,H,,,,,
2025-08-23,20:05,2526,F1,Ligue 1,Lyon,Metz,H,No external context supplied,,L D L D W,W D W D L,0.0,0.0,0.5,0.5,1.0,1.0,0.0,0.0,0.0,0.0,0.6113,0.2695,0.1191,1.4,5.19,7.54,1.64,3.71,8.4,1.78,4.55,14.47,0.5871,1.5,1.7,2.05,2.1,1.4,3.5,0.6611,0.8641,0.4634,5.0,3.0,8.0,10.4,4.2,over_15_goals|btts_yes|home_4_sot|total_8_corners|total_3_cards,Over 1.5 goals + BTTS yes + Lyon 4+ SOT + 8+ corners,strong,Over 1.5 goals:won | BTTS yes:lost | Lyon 4+ SOT:won | 8+ corners:lost | 3+ cards:lost,2,5,partial,10.0,7.0,2.0,H,,,,,
2025-08-23,16:00,2526,F1,Ligue 1,Marseille,Paris FC,H,No external context supplied,,No recent H2H,No recent H2H,0.0,0.0,0.5,0.5,1.0,1.0,0.0,0.0,0.0,0.0,0.7131,0.1918,0.0951,1.39,5.14,8.08,1.4,5.21,10.52,1.51,7.05,22.19,0.6456,1.64,1.55,1.83,1.6,0.9,2.5,0.4736,0.7127,0.2424,4.0,5.2,9.2,9.8,3.2,away_4_sot|total_8_corners,Paris FC 4+ SOT + 8+ corners,lean,Paris FC 4+ SOT:won | 8+ corners:lost,1,2,partial,11.0,7.0,1.0,H,,,,,
2025-08-23,18:00,2526,F1,Ligue 1,Nice,Auxerre,H,No external context supplied,,D D L D,D D W D,0.0,0.0,0.5,0.5,1.0,1.0,0.0,0.0,0.0,0.0,0.4103,0.2754,0.3142,1.68,4.12,4.98,2.44,3.63,3.18,2.78,4.44,3.78,0.566,1.72,1.77,2.15,1.5,1.25,2.75,0.5543,0.7603,0.297,4.6,4.0,8.6,9.5,4.0,over_15_goals|btts_yes|home_4_sot|total_8_corners,Over 1.5 goals + BTTS yes + Nice 4+ SOT + 8+ corners,strong,Over 1.5 goals:won | BTTS yes:won | Nice 4+ SOT:won | 8+ corners:won,4,4,won,14.0,9.0,6.0,H,,,,,
2025-08-23,17:30,2526,I1,Serie A,Genoa,Lecce,D,No external context supplied,,W L W D W,L W L D L,0.0,0.0,0.5,0.5,1.0,1.0,0.0,0.0,0.0,0.0,0.3539,0.3428,0.3033,1.93,3.43,4.47,2.83,2.92,3.3,3.29,3.42,3.95,0.4056,2.36,2.47,3.27,1.15,1.0,2.15,0.432,0.6331,0.1709,3.6,4.4,8.0,10.9,3.0,away_4_sot|total_8_corners,Lecce 4+ SOT + 8+ corners,lean,Lecce 4+ SOT:lost | 8+ corners:won,1,2,partial,2.0,10.0,5.0,H,,,,,
2025-08-23,19:45,2526,I1,Serie A,Milan,Cremonese,A,No external context supplied,,D D,D D,0.0,0.0,0.5,0.5,1.0,1.0,0.0,0.0,0.0,0.0,0.7308,0.1458,0.1234,1.36,5.42,8.57,1.37,6.86,8.1,1.47,10.44,13.62,0.6257,1.61,1.6,1.9,1.8,1.2,3.0,0.5833,0.8009,0.3528,5.4,3.5,8.9,9.9,3.0,over_15_goals|btts_yes|home_4_sot|total_8_corners,Over 1.5 goals + BTTS yes + Milan 4+ SOT + 8+ corners,strong,Over 1.5 goals:won | BTTS yes:won | Milan 4+ SOT:won | 8+ corners:won,4,4,won,9.0,11.0,5.0,H,,,,,
2025-08-23,19:45,2526,I1,Serie A,Roma,Bologna,H,No external context supplied,,D L L L D,D W W W D,0.0,0.0,0.5,0.5,1.0,1.0,0.0,0.0,0.0,0.0,0.5408,0.2311,0.2282,2.13,3.32,3.79,1.85,4.33,4.38,2.04,5.52,5.61,0.4546,2.11,2.2,2.82,1.3,0.9,2.2,0.4317,0.6454,0.1806,4.6,3.2,7.8,9.3,4.2,home_4_sot|total_3_cards,Roma 4+ SOT + 3+ cards,lean,Roma 4+ SOT:won | 3+ cards:lost,1,2,partial,6.0,6.0,2.0,H,,,,,
2025-08-23,17:30,2526,I1,Serie A,Sassuolo,Napoli,A,No external context supplied,,L L L L L,W W W W W,0.0,0.0,0.5,0.5,1.0,1.0,0.0,0.0,0.0,0.0,0.1608,0.2709,0.5683,6.35,3.93,1.6,6.22,3.69,1.76,9.02,4.53,1.93,0.5152,1.92,1.94,2.41,0.7,1.7,2.4,0.4114,0.6916,0.2213,1.9,4.5,6.4,8.6,3.4,away_4_sot,Napoli 4+ SOT,lean,Napoli 4+ SOT:won,1,1,won,6.0,3.0,6.0,A,,,,,
2025-08-23,18:30,2526,SP1,La Liga,Ath Madrid,Elche,D,No external context supplied,,W W W W L,L L L L W,0.0,0.0,0.5,0.5,1.0,1.0,0.0,0.0,0.0,0.0,0.6807,0.1912,0.1281,1.24,6.28,12.89,1.47,5.23,7.8,1.59,7.08,12.8,0.5206,1.76,1.92,2.38,1.55,1.0,2.55,0.498,0.7228,0.2532,6.1,3.7,9.8,10.0,2.6,over_15_goals|home_4_sot|total_8_corners,Over 1.5 goals + Ath Madrid 4+ SOT + 8+ corners,strong,Over 1.5 goals:won | Ath Madrid 4+ SOT:won | 8+ corners:won,3,3,won,8.0,12.0,3.0,H,,,,,
2025-08-23,20:30,2526,SP1,La Liga,Levante,Barcelona,A,No external context supplied,,L L D L L,W W D W W,0.0,1.0,0.5,0.5,1.0,1.0,0.0,0.0,0.0,0.0,0.1404,0.1799,0.6797,9.49,6.51,1.27,7.12,5.56,1.47,11.06,7.7,1.59,0.572,1.35,1.75,2.12,1.6,2.15,3.75,0.7051,0.8883,0.5162,3.4,7.0,10.4,10.2,4.8,over_15_goals|btts_yes|away_4_sot|total_8_corners|total_3_cards,Over 1.5 goals + BTTS yes + Barcelona 4+ SOT + 8+ corners,strong,Over 1.5 goals:won | BTTS yes:won | Barcelona 4+ SOT:won | 8+ corners:won | 3+ cards:won,5,5,won,15.0,11.0,4.0,A,,,,,
2025-08-23,16:00,2526,SP1,La Liga,Mallorca,Celta,D,No external context supplied,,W W D L L,L L D W W,0.0,0.0,0.5,0.5,1.0,1.0,0.0,0.0,0.0,0.0,0.3166,0.2596,0.4239,3.06,3.1,2.6,3.16,3.85,2.36,3.75,4.77,2.67,0.6016,2.34,1.66,1.99,1.2,1.45,2.65,0.5349,0.7421,0.2749,3.1,6.4,9.5,12.5,5.8,over_15_goals|away_4_sot|total_8_corners|total_3_cards,Over 1.5 goals + Celta 4+ SOT + 8+ corners + 3+ cards,strong,Over 1.5 goals:won | Celta 4+ SOT:lost | 8+ corners:lost | 3+ cards:won,2,4,partial,6.0,7.0,6.0,A,,,,,
2025-08-24,16:30,2526,D1,Bundesliga,M'gladbach,Hamburg,D,No external context supplied,,W L,L W,0.0,0.0,0.5,0.5,1.0,1.0,0.0,0.0,0.0,0.0,0.5156,0.2785,0.2059,1.86,4.06,3.96,1.94,3.59,4.86,2.15,4.38,6.41,0.5155,1.5,1.94,2.41,1.75,1.65,3.4,0.6675,0.8532,0.4416,5.0,6.7,11.7,12.2,3.2,over_15_goals|btts_yes|home_4_sot|total_8_corners,Over 1.5 goals + BTTS yes + M'gladbach 4+ SOT + 8+ corners,strong,Over 1.5 goals:lost | BTTS yes:lost | M'gladbach 4+ SOT:won | 8+ corners:won,2,4,partial,6.0,13.0,3.0,H,,,,,
2025-08-24,14:30,2526,D1,Bundesliga,Mainz,FC Koln,A,No external context supplied,,L W D D D,W L D D D,0.0,0.0,0.5,0.5,1.0,1.0,0.0,0.0,0.0,0.0,0.4484,0.3101,0.2414,1.93,3.7,4.07,2.23,3.22,4.14,2.51,3.84,5.22,0.4954,1.8,2.02,2.53,1.85,1.5,3.35,0.6547,0.8474,0.4307,5.0,5.3,10.3,10.9,3.6,over_15_goals|btts_yes|home_4_sot|total_8_corners,Over 1.5 goals + BTTS yes + Mainz 4+ SOT + 8+ corners,strong,Over 1.5 goals:lost | BTTS yes:lost | Mainz 4+ SOT:lost | 8+ corners:won,1,4,partial,4.0,11.0,4.0,H,,,,,
2025-08-24,14:00,2526,E0,Premier League,Crystal Palace,Nott'm Forest,D,No external context supplied,"Weather: rain 0.0mm, gusts 25.9km/h, snow 0.0cm",D D D L D,D D D W D,0.0,0.0,0.5,0.5,1.0,1.0,0.0,0.0,0.0,0.0,0.3902,0.2854,0.3244,2.41,3.25,3.22,2.56,3.5,3.08,2.94,4.25,3.64,0.4843,2.05,2.06,2.6,1.3,1.45,2.75,0.5568,0.7603,0.297,5.1,3.4,8.5,11.2,5.0,over_15_goals|btts_yes|home_4_sot|total_8_corners|total_3_cards,Over 1.5 goals + BTTS yes + Crystal Palace 4+ SOT + 8+ corners,strong,Over 1.5 goals:won | BTTS yes:won | Crystal Palace 4+ SOT:won | 8+ corners:lost | 3+ cards:won,4,5,partial,5.0,4.0,6.0,H,,,,,
2025-08-24,14:00,2526,E0,Premier League,Everton,Brighton,H,No external context supplied,"Weather: rain 0.0mm, gusts 28.4km/h, snow 0.0cm",W D D L W,L D D W L,0.0,0.0,0.5,0.5,1.0,1.0,0.0,0.0,0.0,0.0,0.3061,0.2727,0.4212,3.16,3.36,2.38,3.27,3.67,2.37,3.9,4.49,2.69,0.4954,2.01,2.02,2.53,1.4,1.4,2.8,0.5676,0.7689,0.3081,3.9,5.0,8.9,9.1,3.8,over_15_goals|btts_yes|away_4_sot,Over 1.5 goals + BTTS yes + Brighton 4+ SOT,strong,Over 1.5 goals:won | BTTS yes:lost | Brighton 4+ SOT:won,2,3,partial,7.0,4.0,7.0,A,,,,,
2025-08-24,16:30,2526,E0,Premier League,Fulham,Man United,D,No external context supplied,"Weather: rain 0.0mm, gusts 23.8km/h, snow 0.0cm",L L W L L,W W L W W,0.0,0.0,0.5,0.5,1.0,1.0,0.0,0.0,0.0,0.0,0.2271,0.2914,0.4816,3.3,3.54,2.23,4.4,3.43,2.08,5.65,4.14,2.32,0.4954,1.77,2.02,2.53,1.35,1.2,2.55,0.5176,0.7228,0.2532,3.8,5.3,9.1,8.7,4.8,over_15_goals|away_4_sot|total_3_cards,Over 1.5 goals + Man United 4+ SOT + 3+ cards,strong,Over 1.5 goals:won | Man United 4+ SOT:lost | 3+ cards:lost,1,3,partial,7.0,15.0,2.0,A,,,,,
2025-08-24,16:15,2526,F1,Ligue 1,Le Havre,Lens,A,No external context supplied,,D D L W,D D W L,0.0,0.0,0.5,0.5,1.0,1.0,0.0,0.0,0.0,0.0,0.2499,0.2668,0.4833,3.99,3.66,1.95,4.0,3.75,2.07,5.0,4.61,2.31,0.5869,1.82,1.7,2.05,1.4,1.75,3.15,0.6225,0.8222,0.3863,4.6,4.0,8.6,9.7,4.4,over_15_goals|btts_yes|home_4_sot|total_8_corners|total_3_cards,Over 1.5 goals + BTTS yes + Le Havre 4+ SOT + 8+ corners,strong,Over 1.5 goals:won | BTTS yes:won | Le Havre 4+ SOT:won | 8+ corners:lost | 3+ cards:won,4,5,partial,9.0,7.0,4.0,A,,,,,
2025-08-24,19:45,2526,F1,Ligue 1,Lille,Monaco,H,No external context supplied,,D W L D W,D L W D L,0.0,0.0,0.5,0.5,1.0,1.0,0.0,0.0,0.0,0.0,0.2549,0.2864,0.4587,3.11,3.64,2.29,3.92,3.49,2.18,4.88,4.23,2.45,0.5155,1.67,1.94,2.41,1.25,1.45,2.7,0.5461,0.7513,0.2859,3.6,4.5,8.1,8.9,3.2,over_15_goals|btts_yes|away_4_sot,Over 1.5 goals + BTTS yes + Monaco 4+ SOT,strong,Over 1.5 goals:lost | BTTS yes:lost | Monaco 4+ SOT:lost,0,3,lost,2.0,11.0,3.0,A,,,,,
2025-08-24,14:00,2526,F1,Ligue 1,Lorient,Rennes,H,No external context supplied,,L W W W W,W L L L L,0.0,0.0,0.5,0.5,1.0,1.0,0.0,0.0,0.0,0.0,0.386,0.2744,0.3396,2.84,3.3,2.64,2.59,3.64,2.94,2.98,4.46,3.45,0.5221,1.94,1.92,2.37,1.2,1.85,3.05,0.5889,0.8082,0.364,5.5,4.4,9.9,9.7,4.4,over_15_goals|btts_yes|home_4_sot|total_8_corners|total_3_cards,Over 1.5 goals + BTTS yes + Lorient 4+ SOT + 8+ corners,strong,Over 1.5 goals:won | BTTS yes:lost | Lorient 4+ SOT:won | 8+ corners:lost | 3+ cards:won,3,5,partial,8.0,5.0,10.0,H,,,,,
2025-08-24,16:15,2526,F1,Ligue 1,Strasbourg,Nantes,H,No external context supplied,,W L W W W,L W L L L,0.0,0.0,0.5,0.5,1.0,1.0,0.0,0.0,0.0,0.0,0.4498,0.2899,0.2603,1.78,3.65,4.98,2.22,3.45,3.84,2.5,4.17,4.75,0.53,1.88,1.89,2.33,1.4,1.15,2.55,0.5148,0.7228,0.2532,3.2,3.1,6.3,8.8,3.8,over_15_goals,Over 1.5 goals,lean,Over 1.5 goals:lost,0,1,lost,6.0,13.0,4.0,H,,,,,
2025-08-24,16:15,2526,F1,Ligue 1,Toulouse,Brest,H,No external context supplied,,L D L L L,W D W W W,0.0,0.0,0.5,0.5,1.0,1.0,0.0,0.0,0.0,0.0,0.4511,0.2755,0.2733,2.11,3.57,3.57,2.22,3.63,3.66,2.49,4.43,4.48,0.4383,1.89,2.28,2.96,1.75,1.65,3.4,0.6675,0.8532,0.4416,4.8,3.9,8.7,8.6,5.4,over_15_goals|btts_yes|home_4_sot|total_3_cards,Over 1.5 goals + BTTS yes + Toulouse 4+ SOT + 3+ cards,strong,Over 1.5 goals:won | BTTS yes:lost | Toulouse 4+ SOT:lost | 3+ cards:lost,1,4,partial,5.0,12.0,1.0,H,,,,,
2025-08-24,19:45,2526,I1,Serie A,Atalanta,Pisa,D,No external context supplied,,No recent H2H,No recent H2H,0.0,0.0,0.5,0.5,1.0,1.0,0.0,0.0,0.0,0.0,0.7862,0.1322,0.0817,1.42,4.94,7.54,1.27,7.57,12.24,1.36,12.17,31.56,0.6537,1.61,1.53,1.81,0.75,0.55,1.3,0.2232,0.3732,0.0431,2.5,2.9,5.4,5.8,1.0,over_25_goals,Over 2.5 goals,lean,Over 2.5 goals:lost,0,1,lost,8.0,14.0,2.0,H,,,,,
2025-08-24,17:30,2526,I1,Serie A,Cagliari,Fiorentina,D,No external context supplied,,D L L L L,D W W W W,0.0,0.0,0.5,0.5,1.0,1.0,0.0,0.0,0.0,0.0,0.2675,0.2573,0.4752,3.38,3.32,2.29,3.74,3.89,2.1,4.6,4.82,2.35,0.5082,2.03,1.97,2.45,1.15,1.5,2.65,0.5309,0.7421,0.2749,3.4,4.2,7.6,8.7,4.8,over_15_goals|away_4_sot|total_3_cards,Over 1.5 goals + Fiorentina 4+ SOT + 3+ cards,strong,Over 1.5 goals:won | Fiorentina 4+ SOT:lost | 3+ cards:won,2,3,partial,7.0,5.0,6.0,A,,,,,
2025-08-24,17:30,2526,I1,Serie A,Como,Lazio,H,No external context supplied,,L D,W D,0.0,0.0,0.5,0.5,1.0,1.0,0.0,0.0,0.0,0.0,0.3449,0.303,0.352,2.49,3.37,3.0,2.9,3.3,2.84,3.39,3.95,3.31,0.4939,1.98,2.02,2.54,1.4,0.95,2.35,0.462,0.6805,0.2109,3.7,4.4,8.1,8.5,6.0,away_4_sot|total_3_cards,Lazio 4+ SOT + 3+ cards,lean,Lazio 4+ SOT:lost | 3+ cards:won,1,2,partial,7.0,6.0,5.0,A,,,,,
2025-08-24,19:45,2526,I1,Serie A,Juventus,Parma,H,No external context supplied,,W W W D L,L L L D W,1.0,0.0,0.5,0.5,1.0,1.0,0.0,0.0,0.0,0.0,0.689,0.2342,0.0769,1.43,4.8,7.58,1.45,4.27,13.0,1.57,5.43,37.18,0.4784,1.72,2.09,2.64,1.15,1.0,2.15,0.432,0.6331,0.1709,4.5,4.1,8.6,8.7,5.4,home_4_sot|total_3_cards,Juventus 4+ SOT + 3+ cards,lean,Juventus 4+ SOT:won | 3+ cards:won,2,2,won,10.0,12.0,5.0,H,,,,,
2025-08-24,16:00,2526,SP1,La Liga,Osasuna,Valencia,H,No external context supplied,,L W L D D,W L W D D,0.0,0.0,0.5,0.5,1.0,1.0,0.0,0.0,0.0,0.0,0.379,0.3423,0.2787,2.43,3.16,3.27,2.64,2.92,3.59,3.04,3.42,4.37,0.4954,2.34,2.02,2.53,1.2,1.2,2.4,0.4883,0.6916,0.2213,3.5,4.1,7.6,10.5,4.0,total_8_corners,8+ corners,lean,8+ corners:lost,0,1,lost,5.0,7.0,5.0,H,,,,,
2025-08-24,20:30,2526,SP1,La Liga,Oviedo,Real Madrid,A,No external context supplied,,No recent H2H,No recent H2H,0.0,1.0,0.5,0.5,1.0,1.0,0.0,0.0,0.0,0.0,0.1867,0.2762,0.5371,10.02,5.5,1.32,5.36,3.62,1.86,7.32,4.42,2.05,0.5353,1.7,1.87,2.3,0.45,1.85,2.3,0.3054,0.6691,0.2007,3.3,8.7,12.0,12.3,5.0,away_4_sot|total_8_corners|total_3_cards,Real Madrid 4+ SOT + 8+ corners + 3+ cards,strong,Real Madrid 4+ SOT:won | 8+ corners:won | 3+ cards:won,3,3,won,13.0,10.0,3.0,A,,,,,
2025-08-24,18:30,2526,SP1,La Liga,Sociedad,Espanol,D,No external context supplied,,W W W W W,L L L L L,0.0,0.0,0.5,0.5,1.0,1.0,0.0,0.0,0.0,0.0,0.5189,0.327,0.1541,1.83,3.49,4.91,1.93,3.06,6.49,2.13,3.61,9.6,0.5158,2.26,1.94,2.41,1.05,1.35,2.4,0.4815,0.6916,0.2213,3.9,4.5,8.4,10.6,4.0,away_4_sot|total_8_corners,Espanol 4+ SOT + 8+ corners,lean,Espanol 4+ SOT:lost | 8+ corners:lost,0,2,lost,10.0,7.0,4.0,H,,,,,
2025-08-24,18:30,2526,SP1,La Liga,Villarreal,Girona,H,No external context supplied,,W L W D W,L W L D L,0.0,0.0,0.5,0.5,1.0,1.0,0.0,0.0,0.0,0.0,0.5279,0.2736,0.1985,1.53,4.69,5.77,1.89,3.66,5.04,2.09,4.47,6.73,0.4184,1.64,2.39,3.14,2.0,1.0,3.0,0.5466,0.8009,0.3528,6.6,3.8,10.4,9.4,2.4,over_15_goals|btts_yes|home_4_sot,Over 1.5 goals + BTTS yes + Villarreal 4+ SOT,strong,Over 1.5 goals:won | BTTS yes:lost | Villarreal 4+ SOT:won,2,3,partial,9.0,9.0,3.0,H,,,,,
2025-08-25,20:00,2526,E0,Premier League,Newcastle,Liverpool,A,No external context supplied,"Weather: rain 0.0mm, gusts 38.9km/h, snow 0.0cm",L L L D L,W W W D W,0.0,1.0,0.5,0.5,1.0,1.0,0.0,0.0,0.0,0.0,0.3156,0.219,0.4654,3.29,3.92,2.11,3.17,4.57,2.15,3.77,5.92,2.41,0.5925,1.53,1.69,2.03,1.75,1.45,3.2,0.6324,0.8288,0.3975,5.9,4.3,10.2,9.9,3.4,over_15_goals|btts_yes|home_4_sot|total_8_corners,Over 1.5 goals + BTTS yes + Newcastle 4+ SOT + 8+ corners,strong,Over 1.5 goals:won | BTTS yes:won | Newcastle 4+ SOT:lost | 8+ corners:won,3,4,partial,7.0,8.0,7.0,A,,,,,
2025-08-25,19:45,2526,I1,Serie A,Inter,Torino,H,No external context supplied,,W W W W W,L L L L L,1.0,0.0,0.5,0.5,1.0,1.0,0.0,0.0,0.0,0.0,0.6891,0.2039,0.1069,1.44,4.83,7.32,1.45,4.9,9.35,1.56,6.5,17.57,0.55,1.68,1.82,2.22,1.35,0.7,2.05,0.3729,0.6074,0.152,4.2,3.4,7.6,7.2,3.2,home_4_sot,Inter 4+ SOT,lean,Inter 4+ SOT:won,1,1,won,13.0,11.0,0.0,H,,,,,
2025-08-25,17:30,2526,I1,Serie A,Udinese,Verona,D,No external context supplied,,D D L D L,D D W D W,0.0,0.0,0.5,0.5,1.0,1.0,0.0,0.0,0.0,0.0,0.4984,0.2747,0.2269,1.98,3.46,4.17,2.01,3.64,4.41,2.23,4.45,5.65,0.5102,2.14,1.96,2.44,0.7,1.2,1.9,0.3518,0.5663,0.1253,3.6,3.3,6.9,9.7,6.0,total_8_corners|total_3_cards,8+ corners + 3+ cards,lean,8+ corners:lost | 3+ cards:won,1,2,partial,7.0,6.0,5.0,H,,,,,
2025-08-25,18:30,2526,SP1,La Liga,Ath Bilbao,Vallecano,H,No external context supplied,,D W W W W,D L L L L,0.0,0.0,0.5,0.5,1.0,1.0,0.0,0.0,0.0,0.0,0.411,0.391,0.198,1.71,3.68,5.56,2.43,2.56,5.05,2.77,2.93,6.75,0.4755,2.18,2.1,2.66,1.3,0.9,2.2,0.4317,0.6454,0.1806,2.9,4.0,6.9,10.8,2.6,total_8_corners,8+ corners,lean,8+ corners:won,1,1,won,5.0,9.0,4.0,H,,,,,
2025-08-25,20:30,2526,SP1,La Liga,Sevilla,Getafe,A,No external context supplied,,L L W W D,W W L L D,0.0,0.0,0.5,0.5,1.0,1.0,0.0,0.0,0.0,0.0,0.4199,0.2881,0.292,2.24,3.12,3.75,2.38,3.47,3.42,2.7,4.2,4.13,0.4143,2.55,2.41,3.18,1.25,1.45,2.7,0.5461,0.7513,0.2859,4.6,3.5,8.1,8.4,6.0,over_15_goals|btts_yes|home_4_sot|total_3_cards,Over 1.5 goals + BTTS yes + Sevilla 4+ SOT + 3+ cards,strong,Over 1.5 goals:won | BTTS yes:won | Sevilla 4+ SOT:lost | 3+ cards:won,3,4,partial,9.0,8.0,4.0,H,,,,,
2025-08-27,20:00,2526,SP1,La Liga,Celta,Betis,D,No external context supplied,,W W L D W,L L W D L,0.0,0.0,0.5,0.5,1.0,1.0,0.0,0.0,0.0,0.0,0.445,0.2691,0.2859,2.21,3.6,3.3,2.25,3.72,3.5,2.53,4.56,4.24,0.4864,1.85,2.06,2.59,1.5,1.75,3.25,0.6419,0.8352,0.4086,4.8,3.8,8.6,9.7,4.2,over_15_goals|btts_yes|home_4_sot|total_8_corners|total_3_cards,Over 1.5 goals + BTTS yes + Celta 4+ SOT + 8+ corners,strong,Over 1.5 goals:won | BTTS yes:won | Celta 4+ SOT:won | 8+ corners:won | 3+ cards:won,5,5,won,7.0,14.0,3.0,H,,,,,
2025-08-29,19:30,2526,D1,Bundesliga,Hamburg,St Pauli,A,No external context supplied,,No recent H2H,No recent H2H,0.0,0.0,0.5,0.5,1.0,1.0,0.0,0.0,0.0,0.0,0.5014,0.2776,0.221,2.45,3.29,3.12,1.99,3.6,4.52,2.22,4.39,5.85,0.5158,2.02,1.94,2.41,1.25,1.5,2.75,0.5543,0.7603,0.297,5.2,3.8,9.0,9.0,6.0,over_15_goals|btts_yes|home_4_sot|total_3_cards,Over 1.5 goals + BTTS yes + Hamburg 4+ SOT + 3+ cards,strong,Over 1.5 goals:won | BTTS yes:lost | Hamburg 4+ SOT:lost | 3+ cards:won,2,4,partial,8.0,7.0,8.0,H,,,,,
2025-08-29,19:45,2526,F1,Ligue 1,Lens,Brest,H,No external context supplied,,D L W W W,D W L L L,0.0,0.0,0.5,0.5,1.0,1.0,0.0,0.0,0.0,0.0,0.4774,0.2192,0.3034,1.88,3.83,4.24,2.09,4.56,3.3,2.34,5.91,3.95,0.4954,1.8,2.02,2.53,1.85,1.45,3.3,0.6451,0.8414,0.4197,3.9,4.0,7.9,9.3,4.4,over_15_goals|btts_yes|total_3_cards,Over 1.5 goals + BTTS yes + 3+ cards,strong,Over 1.5 goals:won | BTTS yes:won | 3+ cards:won,3,3,won,12.0,16.0,6.0,H,,,,,
2025-08-29,17:30,2526,I1,Serie A,Cremonese,Sassuolo,H,No external context supplied,,D L,D W,0.0,0.0,0.5,0.5,1.0,1.0,0.0,0.0,0.0,0.0,0.3634,0.2588,0.3778,2.66,3.25,2.9,2.75,3.86,2.65,3.19,4.79,3.05,0.4858,2.04,2.06,2.59,1.65,1.3,2.95,0.5878,0.7933,0.3416,3.2,4.2,7.4,8.6,4.6,over_15_goals|btts_yes|away_4_sot|total_3_cards,Over 1.5 goals + BTTS yes + Sassuolo 4+ SOT + 3+ cards,strong,Over 1.5 goals:won | BTTS yes:won | Sassuolo 4+ SOT:won | 3+ cards:won,4,4,won,12.0,9.0,4.0,A,,,,,
2025-08-29,19:45,2526,I1,Serie A,Lecce,Milan,A,No external context supplied,,L D L L L,W D W W W,0.0,0.0,0.5,0.5,1.0,1.0,0.0,0.0,0.0,0.0,0.192,0.2241,0.5839,6.32,3.93,1.62,5.21,4.46,1.71,7.04,5.74,1.87,0.536,1.96,1.87,2.29,0.9,1.4,2.3,0.4471,0.6691,0.2007,3.0,4.2,7.2,10.0,4.6,away_4_sot|total_8_corners|total_3_cards,Milan 4+ SOT + 8+ corners + 3+ cards,strong,Milan 4+ SOT:won | 8+ corners:won | 3+ cards:lost,2,3,partial,8.0,9.0,1.0,A,,,,,
2025-08-29,18:30,2526,SP1,La Liga,Elche,Levante,H,No external context supplied,,D W D L,D L D W,0.0,0.0,0.5,0.5,1.0,1.0,0.0,0.0,0.0,0.0,0.4982,0.2876,0.2141,2.23,3.26,3.66,2.01,3.48,4.67,2.23,4.21,6.09,0.4299,2.24,2.33,3.03,1.75,1.45,3.2,0.6324,0.8288,0.3975,5.8,4.5,10.3,11.4,5.0,over_15_goals|btts_yes|home_4_sot|total_8_corners|total_3_cards,Over 1.5 goals + BTTS yes + Elche 4+ SOT + 8+ corners,strong,Over 1.5 goals:won | BTTS yes:lost | Elche 4+ SOT:won | 8+ corners:lost | 3+ cards:won,3,5,partial,6.0,6.0,3.0,H,,,,,
2025-08-29,20:30,2526,SP1,La Liga,Valencia,Getafe,H,No external context supplied,,L L W D W,W W L D L,0.0,0.0,0.5,0.5,1.0,1.0,0.0,0.0,0.0,0.0,0.4156,0.2727,0.3117,2.29,3.06,3.78,2.41,3.67,3.21,2.74,4.49,3.82,0.391,2.83,2.56,3.44,1.3,0.85,2.15,0.4165,0.6331,0.1709,2.7,3.5,6.2,9.0,4.8,total_3_cards,3+ cards,lean,3+ cards:lost,0,1,lost,5.0,14.0,2.0,H,,,,,
2025-08-30,17:30,2526,D1,Bundesliga,Augsburg,Bayern Munich,A,No external context supplied,,L L L L L,W W W W W,0.0,0.0,0.5,0.5,1.0,1.0,0.0,0.0,0.0,0.0,0.1447,0.1743,0.681,9.88,6.53,1.27,6.91,5.74,1.47,10.56,8.04,1.58,0.6298,1.32,1.59,1.89,0.95,2.4,3.35,0.5576,0.8474,0.4307,3.9,6.5,10.4,9.4,3.4,over_15_goals|btts_yes|away_4_sot,Over 1.5 goals + BTTS yes + Bayern Munich 4+ SOT,strong,Over 1.5 goals:won | BTTS yes:won | Bayern Munich 4+ SOT:won,3,3,won,13.0,12.0,7.0,A,,,,,
2025-08-30,14:30,2526,D1,Bundesliga,Hoffenheim,Ein Frankfurt,A,No external context supplied,,W L L L D,L W W W D,0.0,0.0,0.5,0.5,1.0,1.0,0.0,0.0,0.0,0.0,0.4326,0.2895,0.2779,2.95,3.84,2.3,2.31,3.45,3.6,2.61,4.17,4.39,0.6456,1.47,1.55,1.83,1.2,2.15,3.35,0.6174,0.8474,0.4307,3.9,5.1,9.0,8.8,3.8,over_15_goals|btts_yes|away_4_sot,Over 1.5 goals + BTTS yes + Ein Frankfurt 4+ SOT,strong,Over 1.5 goals:won | BTTS yes:won | Ein Frankfurt 4+ SOT:won,3,3,won,11.0,9.0,5.0,H,,,,,
2025-08-30,14:30,2526,D1,Bundesliga,RB Leipzig,Heidenheim,H,No external context supplied,,W W W D,L L L D,0.0,0.0,0.5,0.5,1.0,1.0,0.0,0.0,0.0,0.0,0.6088,0.226,0.1652,1.45,5.17,6.4,1.64,4.43,6.05,1.79,5.68,8.68,0.5327,1.5,1.88,2.31,1.5,1.55,3.05,0.612,0.8082,0.364,3.8,5.4,9.2,10.0,4.0,over_15_goals|btts_yes|away_4_sot|total_8_corners,Over 1.5 goals + BTTS yes + Heidenheim 4+ SOT + 8+ corners,strong,Over 1.5 goals:won | BTTS yes:lost | Heidenheim 4+ SOT:lost | 8+ corners:lost,1,4,partial,8.0,7.0,7.0,H,,,,,
2025-08-30,14:30,2526,D1,Bundesliga,Stuttgart,M'gladbach,H,No external context supplied,,W L W W L,L W L L W,0.0,0.0,0.5,0.5,1.0,1.0,0.0,0.0,0.0,0.0,0.5115,0.2416,0.2469,1.62,4.59,4.97,1.96,4.14,4.05,2.17,5.22,5.08,0.5672,1.4,1.76,2.14,2.0,1.6,3.6,0.6901,0.8743,0.4848,7.1,3.7,10.8,13.0,2.4,over_15_goals|btts_yes|home_4_sot|total_8_corners,Over 1.5 goals + BTTS yes + Stuttgart 4+ SOT + 8+ corners,strong,Over 1.5 goals:lost | BTTS yes:lost | Stuttgart 4+ SOT:won | 8+ corners:won,2,4,partial,11.0,16.0,3.0,H,,,,,
2025-08-30,14:30,2526,D1,Bundesliga,Werder Bremen,Leverkusen,D,No external context supplied,,L L L D W,W W W D L,0.0,0.0,0.5,0.5,1.0,1.0,0.0,0.0,0.0,0.0,0.2216,0.3011,0.4773,3.82,3.87,1.94,4.51,3.32,2.1,5.83,3.98,2.34,0.5838,1.54,1.71,2.07,1.6,1.5,3.1,0.62,0.8153,0.3752,4.8,5.1,9.9,9.4,3.8,over_15_goals|btts_yes|home_4_sot,Over 1.5 goals + BTTS yes + Werder Bremen 4+ SOT,strong,Over 1.5 goals:won | BTTS yes:won | Werder Bremen 4+ SOT:won,3,3,won,9.0,10.0,9.0,A,,,,,
2025-08-30,12:30,2526,E0,Premier League,Chelsea,Fulham,H,No external context supplied,"Weather: rain 2.0mm, gusts 54.4km/h, snow 0.0cm",D W W L W,D L L W L,0.0,0.0,0.5,0.5,1.0,1.0,0.0,0.0,0.0,0.0,0.4774,0.2623,0.2603,1.57,4.37,5.75,2.09,3.81,3.84,2.34,4.71,4.76,0.5554,1.67,1.8,2.2,1.55,0.95,2.5,0.4831,0.7127,0.2424,4.3,3.9,8.2,10.2,3.8,home_4_sot|total_8_corners,Chelsea 4+ SOT + 8+ corners,lean,Chelsea 4+ SOT:won | 8+ corners:won,2,2,won,9.0,10.0,4.0,H,,,,,
2025-08-30,17:30,2526,E0,Premier League,Leeds,Newcastle,D,No external context supplied,"Weather: rain 2.4mm, gusts 52.2km/h, snow 0.0cm",W D L D D,L D W D D,0.0,0.0,0.5,0.5,1.0,1.0,0.0,0.0,0.0,0.0,0.3019,0.3297,0.3685,3.47,3.54,2.16,3.31,3.03,2.71,3.97,3.58,3.14,0.5211,1.76,1.92,2.37,1.05,2.35,3.4,0.5881,0.8532,0.4416,3.3,5.0,8.3,10.9,5.2,over_15_goals|btts_yes|away_4_sot|total_8_corners|total_3_cards,Over 1.5 goals + BTTS yes + Newcastle 4+ SOT + 8+ corners,strong,Over 1.5 goals:lost | BTTS yes:lost | Newcastle 4+ SOT:lost | 8+ corners:won | 3+ cards:lost,1,5,partial,3.0,10.0,2.0,A,,,,,
2025-08-30,15:00,2526,E0,Premier League,Man United,Burnley,H,No external context supplied,"Weather: rain 3.0mm, gusts 58.0km/h, snow 0.0cm",W W D W D,L L D L D,0.0,0.0,0.5,0.5,1.0,1.0,0.0,0.0,0.0,0.0,0.6709,0.2015,0.1276,1.36,5.39,8.45,1.49,4.96,7.84,1.61,6.6,12.88,0.5652,1.65,1.77,2.15,1.2,1.35,2.55,0.5176,0.7228,0.2532,5.9,3.2,9.1,10.3,3.6,over_15_goals|home_4_sot|total_8_corners,Over 1.5 goals + Man United 4+ SOT + 8+ corners,strong,Over 1.5 goals:won | Man United 4+ SOT:won | 8+ corners:won,3,3,won,9.0,8.0,6.0,H,,,,,
2025-08-30,15:00,2526,E0,Premier League,Sunderland,Brentford,H,No external context supplied,"Weather: rain 5.1mm, gusts 57.6km/h, snow 0.0cm",No recent H2H,No recent H2H,0.0,0.0,0.5,0.5,1.0,1.0,0.0,0.0,0.0,0.0,0.2618,0.2515,0.4867,3.03,3.24,2.53,3.82,3.98,2.05,4.72,4.96,2.29,0.5061,2.04,1.98,2.46,1.4,1.35,2.75,0.5581,0.7603,0.297,3.9,3.8,7.7,9.85,2.9,over_15_goals|btts_yes|total_8_corners,Over 1.5 goals + BTTS yes + 8+ corners,strong,Over 1.5 goals:won | BTTS yes:won | 8+ corners:lost,2,3,partial,7.0,7.0,5.0,A,,,,,
2025-08-30,15:00,2526,E0,Premier League,Tottenham,Bournemouth,A,No external context supplied,"Weather: rain 3.6mm, gusts 56.9km/h, snow 0.0cm",L W W L D,W L L W D,0.0,0.0,0.5,0.5,1.0,1.0,0.0,0.0,0.0,0.0,0.5018,0.2579,0.2403,1.76,4.14,4.39,1.99,3.88,4.16,2.21,4.81,5.26,0.5633,1.54,1.78,2.16,1.3,1.65,2.95,0.5878,0.7933,0.3416,3.4,5.3,8.7,10.0,4.6,over_15_goals|btts_yes|away_4_sot|total_8_corners|total_3_cards,Over 1.5 goals + BTTS yes + Bournemouth 4+ SOT + 8+ corners,strong,Over 1.5 goals:lost | BTTS yes:lost | Bournemouth 4+ SOT:won | 8+ corners:won | 3+ cards:won,3,5,partial,7.0,8.0,6.0,H,,,,,
2025-08-30,15:00,2526,E0,Premier League,Wolves,Everton,A,No external context supplied,"Weather: rain 1.1mm, gusts 59.8km/h, snow 0.0cm",D W W L D,D L L W D,0.0,0.0,0.5,0.5,1.0,1.0,0.0,0.0,0.0,0.0,0.2948,0.2589,0.4463,2.74,3.23,2.79,3.39,3.86,2.24,4.09,4.79,2.52,0.4858,2.17,2.06,2.59,1.05,1.4,2.45,0.4898,0.7023,0.2318,3.7,4.9,8.6,10.0,4.6,away_4_sot|total_8_corners|total_3_cards,Everton 4+ SOT + 8+ corners + 3+ cards,strong,Everton 4+ SOT:won | 8+ corners:lost | 3+ cards:lost,1,3,partial,8.0,4.0,1.0,A,,,,,
2025-08-30,16:00,2526,F1,Ligue 1,Lorient,Lille,A,No external context supplied,,L W L W L,W L W L W,0.0,0.0,0.5,0.5,1.0,1.0,0.0,0.0,0.0,0.0,0.2935,0.2808,0.4257,3.44,3.62,2.14,3.41,3.56,2.35,4.11,4.33,2.66,0.5341,1.85,1.87,2.3,1.15,1.7,2.85,0.5585,0.7773,0.3192,4.6,3.3,7.9,9.2,4.4,over_15_goals|btts_yes|home_4_sot|total_3_cards,Over 1.5 goals + BTTS yes + Lorient 4+ SOT + 3+ cards,strong,Over 1.5 goals:won | BTTS yes:won | Lorient 4+ SOT:lost | 3+ cards:won,3,4,partial,13.0,11.0,6.0,A,,,,,
2025-08-30,18:00,2526,F1,Ligue 1,Nantes,Auxerre,H,No external context supplied,,W L W D,L W L D,0.0,0.0,0.5,0.5,1.0,1.0,0.0,0.0,0.0,0.0,0.3627,0.2939,0.3434,2.33,3.27,3.34,2.76,3.4,2.91,3.2,4.1,3.41,0.5099,2.14,1.96,2.44,1.25,1.2,2.45,0.4986,0.7023,0.2318,3.8,3.0,6.8,9.5,4.6,total_8_corners|total_3_cards,8+ corners + 3+ cards,lean,8+ corners:won | 3+ cards:won,2,2,won,7.0,12.0,4.0,H,,,,,
2025-08-30,20:05,2526,F1,Ligue 1,Toulouse,Paris SG,A,No external context supplied,,L D W L L,W D L W W,0.0,1.0,0.5,0.5,1.0,1.0,0.0,0.0,0.0,0.0,0.1802,0.297,0.5228,8.47,5.48,1.36,5.55,3.37,1.91,7.68,4.05,2.11,0.5979,1.56,1.67,2.01,1.2,1.75,2.95,0.5774,0.7933,0.3416,3.1,4.8,7.9,9.7,2.8,over_15_goals|btts_yes|away_4_sot|total_8_corners,Over 1.5 goals + BTTS yes + Paris SG 4+ SOT + 8+ corners,strong,Over 1.5 goals:won | BTTS yes:won | Paris SG 4+ SOT:won | 8+ corners:won,4,4,won,14.0,12.0,1.0,A,,,,,
2025-08-30,17:30,2526,I1,Serie A,Bologna,Como,H,No external context supplied,,D W,D L,0.0,0.0,0.5,0.5,1.0,1.0,0.0,0.0,0.0,0.0,0.4874,0.2656,0.247,2.53,3.13,3.14,2.05,3.76,4.05,2.29,4.64,5.08,0.4368,2.23,2.29,2.97,0.7,1.5,2.2,0.3911,0.6454,0.1806,3.3,4.4,7.7,8.3,4.4,away_4_sot|total_3_cards,Como 4+ SOT + 3+ cards,lean,Como 4+ SOT:lost | 3+ cards:won,1,2,partial,4.0,11.0,7.0,H,,,,,
2025-08-30,19:45,2526,I1,Serie A,Napoli,Cagliari,H,No external context supplied,,D W D W W,D L D L L,0.0,0.0,0.5,0.5,1.0,1.0,0.0,0.0,0.0,0.0,0.6843,0.2138,0.102,1.32,5.39,10.32,1.46,4.68,9.81,1.58,6.11,19.25,0.5082,1.78,1.97,2.45,1.45,0.85,2.3,0.4383,0.6691,0.2007,4.1,2.7,6.8,8.1,3.2,,No builder lean,none,,,0,,7.0,13.0,3.0,H,,,,,
2025-08-30,17:30,2526,I1,Serie A,Parma,Atalanta,D,No external context supplied,,L L L L W,W W W W L,0.0,0.0,0.5,0.5,1.0,1.0,0.0,0.0,0.0,0.0,0.2781,0.2427,0.4792,3.99,3.57,1.98,3.6,4.12,2.09,4.38,5.19,2.33,0.5199,1.86,1.92,2.38,0.95,1.35,2.3,0.4543,0.6691,0.2007,4.8,4.8,9.6,9.9,3.2,home_4_sot|total_8_corners,Parma 4+ SOT + 8+ corners,lean,Parma 4+ SOT:lost | 8+ corners:lost,0,2,lost,6.0,3.0,4.0,A,,,,,
2025-08-30,19:45,2526,I1,Serie A,Pisa,Roma,A,No external context supplied,,No recent H2H,No recent H2H,0.0,0.0,0.5,0.5,1.0,1.0,0.0,0.0,0.0,0.0,0.179,0.191,0.6299,5.15,3.76,1.74,5.59,5.23,1.59,7.75,7.09,1.72,0.494,1.97,2.02,2.54,0.75,1.15,1.9,0.3606,0.5663,0.1253,2.7,5.3,8.0,11.1,1.4,away_4_sot|total_8_corners,Roma 4+ SOT + 8+ corners,lean,Roma 4+ SOT:won | 8+ corners:won,2,2,won,8.0,8.0,3.0,A,,,,,
2025-08-30,16:00,2526,SP1,La Liga,Alaves,Ath Madrid,D,No external context supplied,,L L W L D,W W L W D,0.0,0.0,0.5,0.5,1.0,1.0,0.0,0.0,0.0,0.0,0.1594,0.2793,0.5613,4.77,3.61,1.82,6.27,3.58,1.78,9.14,4.36,1.96,0.457,2.12,2.19,2.8,0.8,1.35,2.15,0.4079,0.6331,0.1709,4.1,5.4,9.5,10.3,3.4,away_4_sot|total_8_corners,Ath Madrid 4+ SOT + 8+ corners,lean,Ath Madrid 4+ SOT:won | 8+ corners:lost,1,2,partial,8.0,7.0,5.0,A,,,,,
2025-08-30,18:30,2526,SP1,La Liga,Girona,Sevilla,A,No external context supplied,,W W W W L,L L L L W,0.0,0.0,0.5,0.5,1.0,1.0,0.0,0.0,0.0,0.0,0.3364,0.2833,0.3803,2.49,3.27,3.07,2.97,3.53,2.63,3.49,4.29,3.03,0.482,2.02,2.07,2.62,1.35,1.65,3.0,0.5985,0.8009,0.3528,4.0,5.5,9.5,8.6,4.4,over_15_goals|btts_yes|away_4_sot|total_3_cards,Over 1.5 goals + BTTS yes + Sevilla 4+ SOT + 3+ cards,strong,Over 1.5 goals:won | BTTS yes:lost | Sevilla 4+ SOT:won | 3+ cards:lost,2,4,partial,9.0,14.0,2.0,A,,,,,
2025-08-30,18:00,2526,SP1,La Liga,Oviedo,Sociedad,H,No external context supplied,,No recent H2H,No recent H2H,0.0,0.0,0.5,0.5,1.0,1.0,0.0,0.0,0.0,0.0,0.2559,0.2943,0.4498,3.56,3.12,2.32,3.91,3.4,2.22,4.86,4.09,2.5,0.5215,2.44,1.92,2.37,0.85,1.65,2.5,0.4626,0.7127,0.2424,3.75,7.5,11.25,11.55,4.6,away_4_sot|total_8_corners|total_3_cards,Sociedad 4+ SOT + 8+ corners + 3+ cards,strong,Sociedad 4+ SOT:won | 8+ corners:won | 3+ cards:won,3,3,won,7.0,11.0,3.0,A,,,,,
2025-08-30,20:30,2526,SP1,La Liga,Real Madrid,Mallorca,H,No external context supplied,,L W W D W,W L L D L,1.0,0.0,0.5,0.5,1.0,1.0,0.0,0.0,0.0,0.0,0.6967,0.2191,0.0842,1.21,7.16,12.71,1.44,4.56,11.88,1.55,5.91,29.26,0.5067,1.53,1.97,2.46,1.5,0.7,2.2,0.3911,0.6454,0.1806,7.7,1.7,9.4,12.8,4.2,over_25_goals|home_4_sot|total_8_corners|total_3_cards,Over 2.5 goals + Real Madrid 4+ SOT + 8+ corners + 3+ cards,strong,Over 2.5 goals:won | Real Madrid 4+ SOT:won | 8+ corners:won | 3+ cards:lost,3,4,partial,12.0,9.0,2.0,H,,,,,
2025-08-31,16:30,2526,D1,Bundesliga,Dortmund,Union Berlin,H,No external context supplied,,W W W L W,L L L W L,0.0,0.0,0.5,0.5,1.0,1.0,0.0,0.0,0.0,0.0,0.7195,0.1786,0.1019,1.4,5.3,7.28,1.39,5.6,9.82,1.49,7.78,19.28,0.5542,1.49,1.8,2.2,2.15,1.5,3.65,0.6864,0.8791,0.4954,5.5,3.9,9.4,8.8,4.2,over_15_goals|btts_yes|home_4_sot|total_3_cards,Over 1.5 goals + BTTS yes + Dortmund 4+ SOT + 3+ cards,strong,Over 1.5 goals:won | BTTS yes:lost | Dortmund 4+ SOT:won | 3+ cards:lost,2,4,partial,9.0,10.0,0.0,H,,,,,
2025-08-31,18:30,2526,D1,Bundesliga,FC Koln,Freiburg,H,No external context supplied,,W L L L D,L W W W D,0.0,0.0,0.5,0.5,1.0,1.0,0.0,0.0,0.0,0.0,0.4113,0.2942,0.2945,2.66,3.38,2.77,2.43,3.4,3.4,2.77,4.1,4.09,0.4858,1.97,2.06,2.59,1.5,1.7,3.2,0.6349,0.8288,0.3975,4.6,3.4,8.0,10.0,4.2,over_15_goals|btts_yes|home_4_sot|total_8_corners|total_3_cards,Over 1.5 goals + BTTS yes + FC Koln 4+ SOT + 8+ corners,strong,Over 1.5 goals:won | BTTS yes:won | FC Koln 4+ SOT:won | 8+ corners:won | 3+ cards:won,5,5,won,8.0,8.0,3.0,H,,,,,
2025-08-31,14:30,2526,D1,Bundesliga,Wolfsburg,Mainz,D,No external context supplied,,W D L W D,L D W L D,0.0,0.0,0.5,0.5,1.0,1.0,0.0,0.0,0.0,0.0,0.391,0.2696,0.3394,2.08,3.68,3.54,2.56,3.71,2.95,2.93,4.55,3.46,0.566,1.72,1.77,2.15,1.4,1.45,2.85,0.5767,0.7773,0.3192,3.9,4.1,8.0,9.7,3.2,over_15_goals|btts_yes|total_8_corners,Over 1.5 goals + BTTS yes + 8+ corners,strong,Over 1.5 goals:won | BTTS yes:won | 8+ corners:won,3,3,won,6.0,13.0,10.0,H,,,,,
2025-08-31,19:00,2526,E0,Premier League,Aston Villa,Crystal Palace,A,No external context supplied,"Weather: rain 1.9mm, gusts 62.3km/h, snow 0.0cm",W W L D L,L L W D W,0.0,0.0,0.5,0.5,1.0,1.0,0.0,0.0,0.0,0.0,0.4332,0.2756,0.2911,1.9,3.69,4.21,2.31,3.63,3.43,2.61,4.43,4.15,0.4383,1.95,2.28,2.96,1.55,1.0,2.55,0.498,0.7228,0.2532,2.7,5.3,8.0,9.7,4.6,over_15_goals|away_4_sot|total_8_corners|total_3_cards,Over 1.5 goals + Crystal Palace 4+ SOT + 8+ corners + 3+ cards,strong,Over 1.5 goals:won | Crystal Palace 4+ SOT:won | 8+ corners:won | 3+ cards:won,4,4,won,8.0,11.0,5.0,H,,,,,
2025-08-31,14:00,2526,E0,Premier League,Brighton,Man City,H,No external context supplied,"Weather: rain 2.1mm, gusts 54.7km/h, snow 0.0cm",D L L W D,D W W L D,0.0,1.0,0.5,0.5,1.0,1.0,0.0,0.0,0.0,0.0,0.2731,0.3081,0.4189,3.92,3.89,1.91,3.66,3.25,2.39,4.48,3.87,2.71,0.5554,1.57,1.8,2.2,1.25,1.8,3.05,0.5956,0.8082,0.364,4.3,3.8,8.1,8.7,3.0,over_15_goals|btts_yes|home_4_sot,Over 1.5 goals + BTTS yes + Brighton 4+ SOT,strong,Over 1.5 goals:won | BTTS yes:won | Brighton 4+ SOT:won,3,3,won,10.0,5.0,4.0,A,,,,,
2025-08-31,16:30,2526,E0,Premier League,Liverpool,Arsenal,H,No external context supplied,"Weather: rain 0.8mm, gusts 62.3km/h, snow 0.0cm",D D L D D,D D W D D,1.0,0.0,0.5,0.5,1.0,1.0,0.0,0.0,0.0,0.0,0.3391,0.4094,0.2515,2.27,3.47,3.28,2.95,2.44,3.98,3.46,2.78,4.96,0.5218,1.73,1.92,2.37,1.6,1.9,3.5,0.6787,0.8641,0.4634,4.7,5.7,10.4,8.7,3.6,over_15_goals|btts_yes|home_4_sot,Over 1.5 goals + BTTS yes + Liverpool 4+ SOT,strong,Over 1.5 goals:lost | BTTS yes:lost | Liverpool 4+ SOT:lost,0,3,lost,4.0,11.0,4.0,D,,,,,
2025-08-31,14:00,2526,E0,Premier League,Nott'm Forest,West Ham,A,No external context supplied,"Weather: rain 1.4mm, gusts 56.9km/h, snow 0.0cm",L L W W W,W W L L L,0.0,0.0,0.5,0.5,1.0,1.0,0.0,0.0,0.0,0.0,0.5777,0.2472,0.1751,1.69,3.98,5.13,1.73,4.04,5.71,1.9,5.07,7.99,0.4982,1.94,2.01,2.51,1.6,1.35,2.95,0.5912,0.7933,0.3416,4.3,4.3,8.6,10.4,4.2,over_15_goals|btts_yes|home_4_sot|total_8_corners|total_3_cards,Over 1.5 goals + BTTS yes + Nott'm Forest 4+ SOT + 8+ corners,strong,Over 1.5 goals:won | BTTS yes:lost | Nott'm Forest 4+ SOT:lost | 8+ corners:won | 3+ cards:lost,2,5,partial,11.0,16.0,0.0,H,,,,,
2025-08-31,14:00,2526,F1,Ligue 1,Angers,Rennes,D,No external context supplied,,L L L L L,W W W W W,0.0,0.0,0.5,0.5,1.0,1.0,0.0,0.0,0.0,0.0,0.2914,0.2724,0.4362,3.47,3.53,2.16,3.43,3.67,2.29,4.14,4.5,2.59,0.4843,2.0,2.06,2.6,1.2,1.45,2.65,0.5349,0.7421,0.2749,3.7,4.0,7.7,10.1,5.2,over_15_goals|total_8_corners|total_3_cards,Over 1.5 goals + 8+ corners + 3+ cards,strong,Over 1.5 goals:won | 8+ corners:won | 3+ cards:won,3,3,won,14.0,8.0,4.0,A,,,,,
2025-08-31,16:15,2526,F1,Ligue 1,Le Havre,Nice,H,No external context supplied,,W L L L,L W W W,0.0,0.0,0.5,0.5,1.0,1.0,0.0,0.0,0.0,0.0,0.3777,0.3367,0.2856,3.64,3.59,2.08,2.65,2.97,3.5,3.05,3.49,4.24,0.5014,1.85,1.99,2.49,1.4,2.0,3.4,0.6514,0.8532,0.4416,4.2,4.1,8.3,8.6,2.8,over_15_goals|btts_yes|home_4_sot,Over 1.5 goals + BTTS yes + Le Havre 4+ SOT,strong,Over 1.5 goals:won | BTTS yes:won | Le Havre 4+ SOT:won,3,3,won,11.0,5.0,5.0,H,,,,,
2025-08-31,19:45,2526,F1,Ligue 1,Lyon,Marseille,H,No external context supplied,,L L W L L,W W L W W,0.0,0.0,0.5,0.5,1.0,1.0,0.0,0.0,0.0,0.0,0.3074,0.2487,0.4439,2.74,3.75,2.49,3.25,4.02,2.25,3.89,5.03,2.54,0.5422,1.53,1.84,2.26,1.8,1.95,3.75,0.7159,0.8883,0.5162,4.0,4.8,8.8,11.0,4.2,over_15_goals|btts_yes|away_4_sot|total_8_corners|total_3_cards,Over 1.5 goals + BTTS yes + Marseille 4+ SOT + 8+ corners,strong,Over 1.5 goals:lost | BTTS yes:lost | Marseille 4+ SOT:lost | 8+ corners:won | 3+ cards:won,2,5,partial,7.0,13.0,6.0,A,,,,,
2025-08-31,16:15,2526,F1,Ligue 1,Monaco,Strasbourg,H,No external context supplied,,W W W W D,L L L L D,0.0,0.0,0.5,0.5,1.0,1.0,0.0,0.0,0.0,0.0,0.5567,0.2586,0.1846,1.56,4.56,5.64,1.8,3.87,5.42,1.97,4.79,7.43,0.5554,1.61,1.8,2.2,1.3,1.4,2.7,0.5481,0.7513,0.2859,3.2,3.2,6.4,9.0,3.6,over_15_goals|btts_yes,Over 1.5 goals + BTTS yes,lean,Over 1.5 goals:won | BTTS yes:won,2,2,won,8.0,11.0,5.0,H,,,,,
2025-08-31,16:15,2526,F1,Ligue 1,Paris FC,Metz,H,No external context supplied,,No recent H2H,No recent H2H,0.0,0.0,0.5,0.5,1.0,1.0,0.0,0.0,0.0,0.0,0.5583,0.2797,0.162,1.84,3.76,4.43,1.79,3.58,6.17,1.97,4.35,8.93,0.5553,1.92,1.8,2.2,1.65,2.1,3.75,0.709,0.8883,0.5162,5.85,3.25,9.1,8.35,2.9,over_15_goals|btts_yes|home_4_sot,Over 1.5 goals + BTTS yes + Paris FC 4+ SOT,strong,Over 1.5 goals:won | BTTS yes:won | Paris FC 4+ SOT:won,3,3,won,11.0,20.0,4.0,H,,,,,
2025-08-31,17:30,2526,I1,Serie A,Genoa,Juventus,A,No external context supplied,,W D D L L,L D D W W,0.0,1.0,0.5,0.5,1.0,1.0,0.0,0.0,0.0,0.0,0.167,0.2575,0.5755,4.51,3.48,1.9,5.99,3.88,1.74,8.55,4.82,1.9,0.4695,2.28,2.13,2.71,0.8,1.35,2.15,0.4079,0.6331,0.1709,3.3,5.3,8.6,11.2,4.2,away_4_sot|total_8_corners,Juventus 4+ SOT + 8+ corners,lean,Juventus 4+ SOT:lost | 8+ corners:lost,0,2,lost,4.0,7.0,3.0,A,,,,,
2025-08-31,19:45,2526,I1,Serie A,Inter,Udinese,A,No external context supplied,,W W W W W,L L L L L,1.0,0.0,0.5,0.5,1.0,1.0,0.0,0.0,0.0,0.0,0.692,0.2073,0.1007,1.32,5.63,9.47,1.45,4.82,9.93,1.56,6.36,19.72,0.5619,1.61,1.78,2.16,1.85,0.75,2.6,0.4447,0.7326,0.264,5.3,3.3,8.6,8.8,4.6,over_15_goals|home_4_sot|total_3_cards,Over 1.5 goals + Inter 4+ SOT + 3+ cards,strong,Over 1.5 goals:won | Inter 4+ SOT:won | 3+ cards:won,3,3,won,9.0,15.0,4.0,H,,,,,
2025-08-31,19:45,2526,I1,Serie A,Lazio,Verona,H,No external context supplied,,D D W W W,D D L L L,0.0,0.0,0.5,0.5,1.0,1.0,0.0,0.0,0.0,0.0,0.5708,0.2543,0.1749,1.48,4.47,7.12,1.75,3.93,5.72,1.92,4.89,8.01,0.5402,1.84,1.85,2.27,1.0,0.8,1.8,0.3481,0.5372,0.1087,4.0,2.8,6.8,9.1,7.0,total_3_cards,3+ cards,lean,3+ cards:lost,0,1,lost,10.0,9.0,0.0,H,,,,,
2025-08-31,17:30,2526,I1,Serie A,Torino,Fiorentina,D,No external context supplied,,D L D L D,D W D W D,0.0,0.0,0.5,0.5,1.0,1.0,0.0,0.0,0.0,0.0,0.2253,0.2201,0.5547,3.21,3.16,2.47,4.44,4.54,1.8,5.71,5.88,1.98,0.4546,2.24,2.2,2.82,0.85,1.55,2.4,0.4511,0.6916,0.2213,3.9,5.1,9.0,7.7,4.0,away_4_sot,Fiorentina 4+ SOT,lean,Fiorentina 4+ SOT:won,1,1,won,8.0,10.0,4.0,A,A,0.1171,Serie A A mid 8%+,21,0.3548
2025-08-31,18:00,2526,SP1,La Liga,Betis,Ath Bilbao,A,No external context supplied,,W L W D D,L W L D D,0.0,0.0,0.5,0.5,1.0,1.0,0.0,0.0,0.0,0.0,0.4926,0.2889,0.2185,3.07,3.15,2.56,2.03,3.46,4.58,2.26,4.19,5.94,0.4546,2.17,2.2,2.82,1.25,1.25,2.5,0.5091,0.7127,0.2424,3.6,3.9,7.5,8.4,1.8,,No builder lean,none,,,0,,8.0,14.0,7.0,H,,,,,
2025-08-31,16:00,2526,SP1,La Liga,Celta,Villarreal,D,No external context supplied,,L L W L W,W W L W L,0.0,0.0,0.5,0.5,1.0,1.0,0.0,0.0,0.0,0.0,0.3215,0.2349,0.4436,2.76,3.64,2.52,3.11,4.26,2.25,3.68,5.41,2.54,0.5358,1.67,1.87,2.29,1.4,2.05,3.45,0.6564,0.8587,0.4525,5.2,4.6,9.8,10.3,3.2,over_15_goals|btts_yes|home_4_sot|total_8_corners,Over 1.5 goals + BTTS yes + Celta 4+ SOT + 8+ corners,strong,Over 1.5 goals:won | BTTS yes:won | Celta 4+ SOT:lost | 8+ corners:lost,2,4,partial,5.0,6.0,2.0,A,,,,,
2025-08-31,18:30,2526,SP1,La Liga,Espanol,Osasuna,H,No external context supplied,,D L D D L,D W D D W,0.0,0.0,0.5,0.5,1.0,1.0,0.0,0.0,0.0,0.0,0.4248,0.2895,0.2857,2.43,3.21,3.23,2.35,3.45,3.5,2.67,4.18,4.24,0.4858,2.22,2.06,2.59,1.05,1.45,2.5,0.4976,0.7127,0.2424,4.0,3.7,7.7,9.0,4.2,total_3_cards,3+ cards,lean,3+ cards:won,1,1,won,7.0,5.0,5.0,H,,,,,
2025-08-31,20:30,2526,SP1,La Liga,Vallecano,Barcelona,D,No external context supplied,,W D L L L,L D W W W,0.0,1.0,0.5,0.5,1.0,1.0,0.0,0.0,0.0,0.0,0.169,0.3269,0.5042,6.92,5.34,1.41,5.92,3.06,1.98,8.4,3.61,2.2,0.6173,1.41,1.62,1.93,1.15,1.85,3.0,0.5759,0.8009,0.3528,3.3,5.3,8.6,10.4,3.4,over_15_goals|btts_yes|away_4_sot|total_8_corners,Over 1.5 goals + BTTS yes + Barcelona 4+ SOT + 8+ corners,strong,Over 1.5 goals:won | BTTS yes:won | Barcelona 4+ SOT:lost | 8+ corners:won,3,4,partial,9.0,13.0,5.0,A,,,,,
2025-09-12,19:30,2526,D1,Bundesliga,Leverkusen,Ein Frankfurt,H,No external context supplied,,W W W W W,L L L L L,0.0,0.0,0.5,0.5,1.0,1.0,0.0,0.0,0.0,0.0,0.5811,0.2152,0.2037,2.16,3.83,3.29,1.72,4.65,4.91,1.88,6.05,6.5,0.6076,1.44,1.65,1.97,1.25,1.8,3.05,0.5956,0.8082,0.364,3.8,4.9,8.7,8.8,4.2,over_15_goals|btts_yes|away_4_sot|total_3_cards,Over 1.5 goals + BTTS yes + Ein Frankfurt 4+ SOT + 3+ cards,strong,Over 1.5 goals:won | BTTS yes:won | Ein Frankfurt 4+ SOT:lost | 3+ cards:won,3,4,partial,10.0,12.0,12.0,H,H,0.0941,Bundesliga H all 8%+,82,0.3841
2025-09-12,19:45,2526,F1,Ligue 1,Marseille,Lorient,H,No external context supplied,,W W D W W,L L D L L,0.0,0.0,0.5,0.5,1.0,1.0,0.0,0.0,0.0,0.0,0.7126,0.1937,0.0937,1.39,5.55,7.44,1.4,5.16,10.67,1.51,6.96,22.88,0.5845,1.47,1.71,2.06,2.45,1.4,3.85,0.6884,0.8968,0.5367,4.9,4.6,9.5,10.4,6.2,over_15_goals|btts_yes|home_4_sot|total_8_corners|total_3_cards,Over 1.5 goals + BTTS yes + Marseille 4+ SOT + 8+ corners,strong,Over 1.5 goals:won | BTTS yes:lost | Marseille 4+ SOT:won | 8+ corners:won | 3+ cards:won,4,5,partial,9.0,10.0,7.0,H,,,,,
2025-09-12,20:00,2526,SP1,La Liga,Sevilla,Elche,D,No external context supplied,,W D W W D,L D L L D,0.0,0.0,0.5,0.5,1.0,1.0,0.0,0.0,0.0,0.0,0.504,0.2705,0.2254,1.88,3.48,4.76,1.98,3.7,4.44,2.2,4.53,5.7,0.3591,2.18,2.78,3.86,1.0,1.6,2.6,0.5045,0.7326,0.264,4.2,4.3,8.5,10.4,4.0,over_15_goals|home_4_sot|total_8_corners,Over 1.5 goals + Sevilla 4+ SOT + 8+ corners,strong,Over 1.5 goals:won | Sevilla 4+ SOT:lost | 8+ corners:lost,1,3,partial,5.0,4.0,7.0,H,,,,,
2025-09-13,17:30,2526,D1,Bundesliga,Bayern Munich,Hamburg,H,No external context supplied,,W W,L L,0.0,0.0,0.5,0.5,1.0,1.0,0.0,0.0,0.0,0.0,0.76,0.1419,0.098,1.07,14.97,29.41,1.32,7.05,10.2,1.41,10.88,20.81,0.691,1.2,1.45,1.69,2.35,1.05,3.4,0.5881,0.8532,0.4416,6.4,3.9,10.3,9.8,4.6,over_15_goals|btts_yes|home_4_sot|total_8_corners|total_3_cards,Over 1.5 goals + BTTS yes + Bayern Munich 4+ SOT + 8+ corners,strong,Over 1.5 goals:won | BTTS yes:lost | Bayern Munich 4+ SOT:won | 8+ corners:won | 3+ cards:won,4,5,partial,14.0,8.0,4.0,H,,,,,
2025-09-13,14:30,2526,D1,Bundesliga,Freiburg,Stuttgart,H,No external context supplied,,W L L W L,L W W L W,0.0,0.0,0.5,0.5,1.0,1.0,0.0,0.0,0.0,0.0,0.283,0.3224,0.3946,2.92,3.64,2.41,3.53,3.1,2.53,4.29,3.67,2.9,0.5353,1.58,1.87,2.3,1.35,2.05,3.4,0.6454,0.8532,0.4416,2.9,5.9,8.8,10.7,3.6,over_15_goals|btts_yes|away_4_sot|total_8_corners,Over 1.5 goals + BTTS yes + Stuttgart 4+ SOT + 8+ corners,strong,Over 1.5 goals:won | BTTS yes:won | Stuttgart 4+ SOT:lost | 8+ corners:won,3,4,partial,8.0,8.0,4.0,A,,,,,
2025-09-13,14:30,2526,D1,Bundesliga,Heidenheim,Dortmund,A,No external context supplied,,D D L L,D D W W,0.0,0.0,0.5,0.5,1.0,1.0,0.0,0.0,0.0,0.0,0.2251,0.2051,0.5698,5.53,4.66,1.56,4.44,4.88,1.76,5.71,6.45,1.92,0.5897,1.49,1.7,2.04,1.0,2.45,3.45,0.5776,0.8587,0.4525,4.4,5.0,9.4,8.1,3.8,over_15_goals|btts_yes|home_4_sot,Over 1.5 goals + BTTS yes + Heidenheim 4+ SOT,strong,Over 1.5 goals:won | BTTS yes:lost | Heidenheim 4+ SOT:lost,1,3,partial,9.0,9.0,7.0,A,,,,,
2025-09-13,14:30,2526,D1,Bundesliga,Mainz,RB Leipzig,A,No external context supplied,,W W D L W,L L D W L,0.0,0.0,0.5,0.5,1.0,1.0,0.0,0.0,0.0,0.0,0.5015,0.272,0.2266,2.6,3.7,2.64,1.99,3.68,4.41,2.22,4.5,5.66,0.5353,1.63,1.87,2.3,1.65,1.55,3.2,0.6365,0.8288,0.3975,5.4,3.8,9.2,10.9,4.0,over_15_goals|btts_yes|home_4_sot|total_8_corners,Over 1.5 goals + BTTS yes + Mainz 4+ SOT + 8+ corners,strong,Over 1.5 goals:lost | BTTS yes:lost | Mainz 4+ SOT:lost | 8+ corners:won,1,4,partial,5.0,8.0,1.0,H,H,0.0931,Bundesliga H all 8%+,82,0.3841
2025-09-13,14:30,2526,D1,Bundesliga,Union Berlin,Hoffenheim,A,No external context supplied,,L L W W W,W W L L L,0.0,0.0,0.5,0.5,1.0,1.0,0.0,0.0,0.0,0.0,0.2756,0.272,0.4524,2.66,3.51,2.68,3.63,3.68,2.21,4.43,4.51,2.49,0.4927,1.86,2.03,2.55,1.9,1.65,3.55,0.6871,0.8693,0.4741,4.2,5.3,9.5,8.9,3.2,over_15_goals|btts_yes|home_4_sot,Over 1.5 goals + BTTS yes + Union Berlin 4+ SOT,strong,Over 1.5 goals:won | BTTS yes:won | Union Berlin 4+ SOT:won,3,3,won,15.0,11.0,4.0,A,,,,,
2025-09-13,14:30,2526,D1,Bundesliga,Wolfsburg,FC Koln,D,No external context supplied,,W L W W D,L W L L D,0.0,0.0,0.5,0.5,1.0,1.0,0.0,0.0,0.0,0.0,0.4478,0.2871,0.2651,2.01,3.61,3.85,2.23,3.48,3.77,2.51,4.22,4.65,0.5554,1.78,1.8,2.2,1.25,1.45,2.7,0.5461,0.7513,0.2859,3.8,4.9,8.7,11.3,4.0,over_15_goals|btts_yes|away_4_sot|total_8_corners,Over 1.5 goals + BTTS yes + FC Koln 4+ SOT + 8+ corners,strong,Over 1.5 goals:won | BTTS yes:won | FC Koln 4+ SOT:won | 8+ corners:won,4,4,won,14.0,11.0,5.0,H,,,,,
2025-09-13,12:30,2526,E0,Premier League,Arsenal,Nott'm Forest,H,No external context supplied,"Weather: rain 6.6mm, gusts 46.8km/h, snow 0.0cm",L W W W D,W L L L D,0.0,0.0,0.5,0.5,1.0,1.0,0.0,0.0,0.0,0.0,0.6513,0.1949,0.1539,1.38,5.25,8.14,1.54,5.13,6.5,1.66,6.9,9.63,0.5584,1.69,1.79,2.18,1.65,1.0,2.65,0.5107,0.7421,0.2749,4.3,3.4,7.7,10.8,3.6,over_15_goals|home_4_sot|total_8_corners,Over 1.5 goals + Arsenal 4+ SOT + 8+ corners,strong,Over 1.5 goals:won | Arsenal 4+ SOT:won | 8+ corners:won,3,3,won,6.0,12.0,2.0,H,,,,,
2025-09-13,15:00,2526,E0,Premier League,Bournemouth,Brighton,H,No external context supplied,"Weather: rain 2.3mm, gusts 61.2km/h, snow 0.0cm",L L W L L,W W L W W,0.0,0.0,0.5,0.5,1.0,1.0,0.0,0.0,0.0,0.0,0.2829,0.2712,0.4459,2.4,3.57,2.98,3.53,3.69,2.24,4.29,4.52,2.53,0.5163,1.67,1.94,2.4,1.35,1.5,2.85,0.5755,0.7773,0.3192,3.7,5.2,8.9,7.8,4.6,over_15_goals|btts_yes|away_4_sot|total_3_cards,Over 1.5 goals + BTTS yes + Brighton 4+ SOT + 3+ cards,strong,Over 1.5 goals:won | BTTS yes:won | Brighton 4+ SOT:lost | 3+ cards:won,3,4,partial,7.0,8.0,8.0,A,A,0.087,Premier League A all 8%+,62,0.6148
2025-09-13,20:00,2526,E0,Premier League,Brentford,Chelsea,D,No external context supplied,"Weather: rain 3.7mm, gusts 45.4km/h, snow 0.0cm",W W D L D,L L D W D,0.0,0.0,0.5,0.5,1.0,1.0,0.0,0.0,0.0,0.0,0.1805,0.2257,0.5938,4.63,3.95,1.76,5.54,4.43,1.68,7.66,5.69,1.84,0.4977,1.7,2.01,2.51,1.25,1.6,2.85,0.5694,0.7773,0.3192,3.6,4.4,8.0,10.2,3.6,over_15_goals|btts_yes|away_4_sot|total_8_corners,Over 1.5 goals + BTTS yes + Chelsea 4+ SOT + 8+ corners,strong,Over 1.5 goals:won | BTTS yes:won | Chelsea 4+ SOT:won | 8+ corners:won,4,4,won,10.0,11.0,5.0,A,,,,,
2025-09-13,15:00,2526,E0,Premier League,Crystal Palace,Sunderland,D,No external context supplied,"Weather: rain 1.1mm, gusts 52.9km/h, snow 0.0cm",No recent H2H,No recent H2H,0.0,0.0,0.5,0.5,1.0,1.0,0.0,0.0,0.0,0.0,0.5565,0.2717,0.1718,1.69,3.77,5.51,1.8,3.68,5.82,1.97,4.51,8.21,0.53,2.08,1.89,2.33,1.2,1.43,2.63,0.5321,0.739,0.2713,4.37,2.9,7.27,9.23,3.33,over_15_goals|home_4_sot,Over 1.5 goals + Crystal Palace 4+ SOT,lean,Over 1.5 goals:lost | Crystal Palace 4+ SOT:won,1,2,partial,6.0,8.0,2.0,H,,,,,
2025-09-13,15:00,2526,E0,Premier League,Everton,Aston Villa,D,No external context supplied,"Weather: rain 5.1mm, gusts 51.5km/h, snow 0.0cm",L L D L L,W W D W W,0.0,0.0,0.5,0.5,1.0,1.0,0.0,0.0,0.0,0.0,0.3147,0.2583,0.427,2.46,3.41,3.01,3.18,3.87,2.34,3.78,4.8,2.65,0.5096,2.02,1.96,2.44,1.15,1.05,2.2,0.4442,0.6454,0.1806,3.9,3.6,7.5,8.9,4.8,total_3_cards,3+ cards,lean,3+ cards:won,1,1,won,3.0,13.0,6.0,A,,,,,
2025-09-13,15:00,2526,E0,Premier League,Fulham,Leeds,H,No external context supplied,"Weather: rain 3.0mm, gusts 45.4km/h, snow 0.0cm",L L W W,W W L L,0.0,0.0,0.5,0.5,1.0,1.0,0.0,0.0,0.0,0.0,0.4301,0.2988,0.2711,1.99,3.56,3.99,2.33,3.35,3.69,2.63,4.02,4.52,0.5103,1.98,1.96,2.44,1.6,1.25,2.85,0.5694,0.7773,0.3192,4.3,3.4,7.7,9.9,3.8,over_15_goals|btts_yes|home_4_sot|total_8_corners,Over 1.5 goals + BTTS yes + Fulham 4+ SOT + 8+ corners,strong,Over 1.5 goals:lost | BTTS yes:lost | Fulham 4+ SOT:lost | 8+ corners:lost,0,4,lost,6.0,6.0,3.0,H,,,,,
2025-09-13,15:00,2526,E0,Premier League,Newcastle,Wolves,H,No external context supplied,"Weather: rain 6.0mm, gusts 47.2km/h, snow 0.0cm",W D W W W,L D L L L,0.0,0.0,0.5,0.5,1.0,1.0,0.0,0.0,0.0,0.0,0.6667,0.2147,0.1186,1.43,4.93,7.21,1.5,4.66,8.43,1.62,6.07,14.58,0.5283,1.74,1.89,2.33,1.6,1.15,2.75,0.5454,0.7603,0.297,4.8,3.5,8.3,10.5,4.2,over_15_goals|btts_yes|home_4_sot|total_8_corners|total_3_cards,Over 1.5 goals + BTTS yes + Newcastle 4+ SOT + 8+ corners,strong,Over 1.5 goals:lost | BTTS yes:lost | Newcastle 4+ SOT:won | 8+ corners:won | 3+ cards:won,3,5,partial,7.0,14.0,5.0,H,,,,,
2025-09-13,17:30,2526,E0,Premier League,West Ham,Tottenham,A,No external context supplied,"Weather: rain 3.6mm, gusts 46.8km/h, snow 0.0cm",L W D L D,W L D W D,0.0,0.0,0.5,0.5,1.0,1.0,0.0,0.0,0.0,0.0,0.2676,0.264,0.4683,3.55,3.62,2.1,3.74,3.79,2.14,4.59,4.67,2.39,0.53,1.76,1.89,2.33,1.8,1.45,3.25,0.6389,0.8352,0.4086,5.6,3.9,9.5,11.0,3.8,over_15_goals|btts_yes|home_4_sot|total_8_corners,Over 1.5 goals + BTTS yes + West Ham 4+ SOT + 8+ corners,strong,Over 1.5 goals:won | BTTS yes:lost | West Ham 4+ SOT:won | 8+ corners:won,3,4,partial,9.0,15.0,3.0,A,,,,,
2025-09-13,20:05,2526,F1,Ligue 1,Auxerre,Monaco,A,No external context supplied,,L L L L,W W W W,0.0,0.0,0.5,0.5,1.0,1.0,0.0,0.0,0.0,0.0,0.2409,0.2264,0.5327,5.17,4.55,1.6,4.15,4.42,1.88,5.24,5.67,2.07,0.5574,1.52,1.79,2.19,1.2,1.6,2.8,0.5577,0.7689,0.3081,3.8,4.0,7.8,9.5,4.8,over_15_goals|btts_yes|total_8_corners|total_3_cards,Over 1.5 goals + BTTS yes + 8+ corners + 3+ cards,strong,Over 1.5 goals:won | BTTS yes:won | 8+ corners:won | 3+ cards:won,4,4,won,5.0,13.0,11.0,A,,,,,
2025-09-13,16:00,2526,F1,Ligue 1,Nice,Nantes,H,No external context supplied,,D L L D L,D W W D W,0.0,0.0,0.5,0.5,1.0,1.0,0.0,0.0,0.0,0.0,0.6006,0.2463,0.1532,1.71,3.89,5.1,1.67,4.06,6.53,1.82,5.09,9.69,0.5802,1.86,1.72,2.08,1.35,1.1,2.45,0.4942,0.7023,0.2318,4.1,3.6,7.7,9.3,3.4,,No builder lean,none,,,0,,11.0,11.0,2.0,H,,,,,
2025-09-13,14:00,2526,I1,Serie A,Cagliari,Parma,H,No external context supplied,,D D W W W,D D L L L,0.0,0.0,0.5,0.5,1.0,1.0,0.0,0.0,0.0,0.0,0.4934,0.294,0.2126,2.2,3.24,3.7,2.03,3.4,4.7,2.26,4.1,6.15,0.4199,2.21,2.38,3.13,1.1,1.2,2.3,0.4662,0.6691,0.2007,3.8,3.9,7.7,8.6,4.2,total_3_cards,3+ cards,lean,3+ cards:won,1,1,won,10.0,9.0,4.0,H,,,,,
2025-09-13,19:45,2526,I1,Serie A,Fiorentina,Napoli,A,No external context supplied,,L W D L L,W L D W W,0.0,0.0,0.5,0.5,1.0,1.0,0.0,0.0,0.0,0.0,0.2093,0.2444,0.5463,3.56,3.17,2.29,4.78,4.09,1.83,6.28,5.14,2.01,0.4908,2.32,2.04,2.56,0.85,1.35,2.2,0.4241,0.6454,0.1806,3.2,4.9,8.1,7.7,4.4,away_4_sot|total_3_cards,Napoli 4+ SOT + 3+ cards,lean,Napoli 4+ SOT:won | 3+ cards:lost,1,2,partial,12.0,13.0,0.0,A,A,0.089,Serie A A mid 8%+,21,0.3548
2025-09-13,17:00,2526,I1,Serie A,Juventus,Inter,H,No external context supplied,,W D L D W,L D W D L,1.0,1.0,0.5,0.5,1.0,1.0,0.0,0.0,0.0,0.0,0.4495,0.3053,0.2452,2.84,3.07,2.82,2.22,3.28,4.08,2.5,3.92,5.12,0.3033,2.2,3.3,4.92,1.2,1.25,2.45,0.4986,0.7023,0.2318,4.6,4.6,9.2,10.1,4.2,home_4_sot|total_8_corners|total_3_cards,Juventus 4+ SOT + 8+ corners + 3+ cards,strong,Juventus 4+ SOT:won | 8+ corners:won | 3+ cards:won,3,3,won,8.0,14.0,3.0,H,,,,,
2025-09-13,17:30,2526,SP1,La Liga,Ath Bilbao,Alaves,A,No external context supplied,,D W W D W,D L L D L,0.0,0.0,0.5,0.5,1.0,1.0,0.0,0.0,0.0,0.0,0.6049,0.2784,0.1167,1.61,3.86,6.3,1.65,3.59,8.57,1.8,4.38,14.99,0.4383,2.21,2.28,2.96,0.85,0.75,1.6,0.3021,0.4751,0.0788,3.8,3.5,7.3,10.3,3.4,total_8_corners,8+ corners,lean,8+ corners:won,1,1,won,5.0,12.0,7.0,H,,,,,
2025-09-13,20:00,2526,SP1,La Liga,Ath Madrid,Villarreal,H,No external context supplied,,D W W D D,D L L D D,0.0,0.0,0.5,0.5,1.0,1.0,0.0,0.0,0.0,0.0,0.5846,0.226,0.1894,1.86,3.62,4.51,1.71,4.43,5.28,1.87,5.68,7.17,0.609,1.7,1.64,1.96,1.4,1.6,3.0,0.6013,0.8009,0.3528,6.1,4.7,10.8,9.1,2.2,over_15_goals|btts_yes|home_4_sot,Over 1.5 goals + BTTS yes + Ath Madrid 4+ SOT,strong,Over 1.5 goals:won | BTTS yes:lost | Ath Madrid 4+ SOT:lost,1,3,partial,4.0,11.0,6.0,H,,,,,
2025-09-13,13:00,2526,SP1,La Liga,Getafe,Oviedo,H,No external context supplied,,No recent H2H,No recent H2H,0.0,0.0,0.5,0.5,1.0,1.0,0.0,0.0,0.0,0.0,0.3986,0.258,0.3434,2.0,3.05,4.81,2.51,3.88,2.91,2.87,4.81,3.41,0.4611,2.71,2.17,2.77,1.18,0.92,2.1,0.4164,0.6204,0.1614,5.83,3.23,9.07,10.23,4.87,home_4_sot|total_8_corners|total_3_cards,Getafe 4+ SOT + 8+ corners + 3+ cards,strong,Getafe 4+ SOT:lost | 8+ corners:lost | 3+ cards:won,1,3,partial,4.0,7.0,9.0,H,,,,,
2025-09-13,15:15,2526,SP1,La Liga,Sociedad,Real Madrid,A,No external context supplied,,W L L L L,L W W W W,0.0,1.0,0.5,0.5,1.0,1.0,0.0,0.0,0.0,0.0,0.1982,0.2639,0.5379,5.3,4.43,1.61,5.04,3.79,1.86,6.75,4.68,2.05,0.4546,1.73,2.2,2.82,0.8,1.8,2.6,0.4596,0.7326,0.264,3.6,5.5,9.1,10.8,2.2,over_15_goals|away_4_sot|total_8_corners,Over 1.5 goals + Real Madrid 4+ SOT + 8+ corners,strong,Over 1.5 goals:won | Real Madrid 4+ SOT:won | 8+ corners:won,3,3,won,10.0,16.0,5.0,A,,,,,
2025-09-14,16:30,2526,D1,Bundesliga,M'gladbach,Werder Bremen,A,No external context supplied,,D D D W W,D D D L L,0.0,0.0,0.5,0.5,1.0,1.0,0.0,0.0,0.0,0.0,0.4414,0.2499,0.3086,2.0,4.11,3.44,2.27,4.0,3.24,2.55,5.0,3.87,0.624,1.48,1.6,1.91,1.15,1.8,2.95,0.5704,0.7933,0.3416,5.4,5.9,11.3,12.3,3.8,over_15_goals|btts_yes|home_4_sot|total_8_corners,Over 1.5 goals + BTTS yes + M'gladbach 4+ SOT + 8+ corners,strong,Over 1.5 goals:won | BTTS yes:lost | M'gladbach 4+ SOT:lost | 8+ corners:won,2,4,partial,10.0,13.0,1.0,H,,,,,
2025-09-14,14:30,2526,D1,Bundesliga,St Pauli,Augsburg,H,No external context supplied,,L D,W D,0.0,0.0,0.5,0.5,1.0,1.0,0.0,0.0,0.0,0.0,0.376,0.3198,0.3042,2.23,3.39,3.46,2.66,3.13,3.29,3.07,3.71,3.93,0.4858,2.04,2.06,2.59,1.65,1.25,2.9,0.5765,0.7854,0.3304,5.2,5.0,10.2,8.8,5.6,over_15_goals|btts_yes|home_4_sot|total_3_cards,Over 1.5 goals + BTTS yes + St Pauli 4+ SOT + 3+ cards,strong,Over 1.5 goals:won | BTTS yes:won | St Pauli 4+ SOT:won | 3+ cards:won,4,4,won,12.0,4.0,5.0,H,,,,,
2025-09-14,14:00,2526,E0,Premier League,Burnley,Liverpool,A,No external context supplied,"Weather: rain 4.5mm, gusts 64.4km/h, snow 0.0cm",L L L L L,W W W W W,0.0,1.0,0.5,0.5,1.0,1.0,0.0,0.0,0.0,0.0,0.1462,0.2082,0.6456,9.0,5.44,1.34,6.84,4.8,1.55,10.39,6.32,1.68,0.5584,1.52,1.79,2.18,1.4,2.0,3.4,0.6514,0.8532,0.4416,3.9,5.3,9.2,9.4,4.0,over_15_goals|btts_yes|away_4_sot,Over 1.5 goals + BTTS yes + Liverpool 4+ SOT,strong,Over 1.5 goals:lost | BTTS yes:lost | Liverpool 4+ SOT:won,1,3,partial,4.0,14.0,2.0,A,,,,,
2025-09-14,16:30,2526,E0,Premier League,Man City,Man United,H,No external context supplied,"Weather: rain 8.0mm, gusts 52.2km/h, snow 0.0cm",L W W L D,W L L W D,1.0,0.0,0.5,0.5,1.0,1.0,0.0,0.0,0.0,0.0,0.5281,0.214,0.2579,1.8,4.0,4.33,1.89,4.67,3.88,2.09,6.1,4.81,0.5872,1.55,1.7,2.05,1.85,0.95,2.8,0.5168,0.7689,0.3081,3.5,4.7,8.2,8.1,3.8,over_15_goals|away_4_sot,Over 1.5 goals + Man United 4+ SOT,lean,Over 1.5 goals:won | Man United 4+ SOT:lost,1,2,partial,8.0,6.0,0.0,H,,,,,
2025-09-14,16:15,2526,F1,Ligue 1,Brest,Paris FC,A,No external context supplied,,No recent H2H,No recent H2H,0.0,0.0,0.5,0.5,1.0,1.0,0.0,0.0,0.0,0.0,0.3393,0.2645,0.3961,2.31,3.66,3.05,2.95,3.78,2.52,3.46,4.66,2.89,0.5221,1.74,1.92,2.37,2.03,2.08,4.12,0.7609,0.9166,0.589,3.23,6.33,9.57,11.07,3.47,over_15_goals|btts_yes|away_4_sot|total_8_corners,Over 1.5 goals + BTTS yes + Paris FC 4+ SOT + 8+ corners,strong,Over 1.5 goals:won | BTTS yes:won | Paris FC 4+ SOT:won | 8+ corners:lost,3,4,partial,12.0,7.0,4.0,A,,,,,
2025-09-14,14:00,2526,F1,Ligue 1,Lille,Toulouse,H,No external context supplied,,W D L W W,L D W L L,0.0,0.0,0.5,0.5,1.0,1.0,0.0,0.0,0.0,0.0,0.4876,0.255,0.2574,1.78,4.01,4.43,2.05,3.92,3.89,2.29,4.88,4.82,0.5645,1.78,1.77,2.15,1.9,1.35,3.25,0.63,0.8352,0.4086,4.6,4.0,8.6,10.2,2.8,over_15_goals|btts_yes|home_4_sot|total_8_corners,Over 1.5 goals + BTTS yes + Lille 4+ SOT + 8+ corners,strong,Over 1.5 goals:won | BTTS yes:won | Lille 4+ SOT:won | 8+ corners:won,4,4,won,9.0,13.0,7.0,H,,,,,
2025-09-14,16:15,2526,F1,Ligue 1,Metz,Angers,D,No external context supplied,,L D L L W,W D W W L,0.0,0.0,0.5,0.5,1.0,1.0,0.0,0.0,0.0,0.0,0.3556,0.2889,0.3555,2.35,3.32,3.26,2.81,3.46,2.81,3.27,4.19,3.27,0.5199,2.03,1.92,2.38,1.1,1.45,2.55,0.5106,0.7228,0.2532,3.3,4.5,7.8,10.8,4.4,over_15_goals|away_4_sot|total_8_corners|total_3_cards,Over 1.5 goals + Angers 4+ SOT + 8+ corners + 3+ cards,strong,Over 1.5 goals:won | Angers 4+ SOT:won | 8+ corners:lost | 3+ cards:lost,2,4,partial,9.0,7.0,1.0,H,,,,,
2025-09-14,16:15,2526,F1,Ligue 1,Paris SG,Lens,H,No external context supplied,,W W W W W,L L L L L,1.0,0.0,0.5,0.5,1.0,1.0,0.0,0.0,0.0,0.0,0.6599,0.2432,0.097,1.33,5.97,8.28,1.52,4.11,10.31,1.64,5.18,21.29,0.6257,1.35,1.6,1.9,1.65,1.4,3.05,0.6087,0.8082,0.364,5.4,3.7,9.1,10.5,2.6,over_15_goals|btts_yes|home_4_sot|total_8_corners,Over 1.5 goals + BTTS yes + Paris SG 4+ SOT + 8+ corners,strong,Over 1.5 goals:won | BTTS yes:lost | Paris SG 4+ SOT:won | 8+ corners:lost,2,4,partial,9.0,7.0,3.0,H,,,,,
2025-09-14,19:45,2526,F1,Ligue 1,Rennes,Lyon,H,No external context supplied,,L L W W L,W W L L W,0.0,0.0,0.5,0.5,1.0,1.0,0.0,0.0,0.0,0.0,0.4541,0.2643,0.2817,2.71,3.61,2.58,2.2,3.78,3.55,2.47,4.67,4.32,0.5583,1.75,1.79,2.18,1.2,1.8,3.0,0.5833,0.8009,0.3528,3.7,5.6,9.3,10.7,4.8,over_15_goals|btts_yes|away_4_sot|total_8_corners|total_3_cards,Over 1.5 goals + BTTS yes + Lyon 4+ SOT + 8+ corners,strong,Over 1.5 goals:won | BTTS yes:won | Lyon 4+ SOT:won | 8+ corners:won | 3+ cards:won,5,5,won,10.0,9.0,6.0,H,,,,,
2025-09-14,16:15,2526,F1,Ligue 1,Strasbourg,Le Havre,H,No external context supplied,,W L W L,L W L W,0.0,0.0,0.5,0.5,1.0,1.0,0.0,0.0,0.0,0.0,0.5415,0.2932,0.1652,1.64,4.27,5.15,1.85,3.41,6.05,2.03,4.11,8.68,0.5085,1.76,1.97,2.45,1.75,1.4,3.15,0.6225,0.8222,0.3863,3.7,4.0,7.7,8.4,4.0,over_15_goals|btts_yes,Over 1.5 goals + BTTS yes,lean,Over 1.5 goals:lost | BTTS yes:lost,0,2,lost,8.0,7.0,6.0,H,,,,,
2025-09-14,14:00,2526,I1,Serie A,Atalanta,Lecce,H,No external context supplied,,L W W W D,W L L L D,0.0,0.0,0.5,0.5,1.0,1.0,0.0,0.0,0.0,0.0,0.5101,0.2653,0.2246,1.41,5.07,7.5,1.96,3.77,4.45,2.17,4.64,5.73,0.5097,1.75,1.96,2.44,1.4,0.8,2.2,0.4149,0.6454,0.1806,4.4,3.6,8.0,10.3,3.2,home_4_sot|total_8_corners,Atalanta 4+ SOT + 8+ corners,lean,Atalanta 4+ SOT:won | 8+ corners:won,2,2,won,11.0,10.0,0.0,H,,,,,
2025-09-14,19:45,2526,I1,Serie A,Milan,Bologna,H,No external context supplied,,D W D L W,D L D W L,0.0,0.0,0.5,0.5,1.0,1.0,0.0,0.0,0.0,0.0,0.4873,0.2508,0.2619,1.91,3.52,4.42,2.05,3.99,3.82,2.29,4.98,4.72,0.5032,1.91,1.99,2.48,1.65,0.9,2.55,0.4795,0.7228,0.2532,4.5,3.3,7.8,8.7,4.4,over_15_goals|home_4_sot|total_3_cards,Over 1.5 goals + Milan 4+ SOT + 3+ cards,strong,Over 1.5 goals:lost | Milan 4+ SOT:lost | 3+ cards:won,1,3,partial,3.0,11.0,5.0,H,,,,,
2025-09-14,14:00,2526,I1,Serie A,Pisa,Udinese,A,No external context supplied,,No recent H2H,No recent H2H,0.0,0.0,0.5,0.5,1.0,1.0,0.0,0.0,0.0,0.0,0.2716,0.2445,0.4839,2.85,3.11,2.77,3.68,4.09,2.07,4.51,5.14,2.3,0.5632,2.28,1.78,2.16,1.1,0.9,2.0,0.3959,0.594,0.1429,3.95,4.65,8.6,10.8,4.2,away_4_sot|total_8_corners|total_3_cards,Udinese 4+ SOT + 8+ corners + 3+ cards,strong,Udinese 4+ SOT:lost | 8+ corners:won | 3+ cards:won,2,3,partial,5.0,14.0,3.0,A,A,0.0969,Serie A A mid 8%+,21,0.3548
2025-09-14,11:30,2526,I1,Serie A,Roma,Torino,A,No external context supplied,,W D W W W,L D L L L,0.0,0.0,0.5,0.5,1.0,1.0,0.0,0.0,0.0,0.0,0.6555,0.218,0.1264,1.52,4.24,6.88,1.53,4.59,7.91,1.65,5.95,13.08,0.3563,1.99,2.81,3.9,1.4,0.45,1.85,0.273,0.5519,0.1169,5.3,3.4,8.7,8.1,2.2,home_4_sot,Roma 4+ SOT,lean,Roma 4+ SOT:won,1,1,won,9.0,11.0,5.0,H,,,,,
2025-09-14,17:00,2526,I1,Serie A,Sassuolo,Lazio,H,No external context supplied,,L L L L D,W W W W D,0.0,0.0,0.5,0.5,1.0,1.0,0.0,0.0,0.0,0.0,0.1974,0.2696,0.533,3.69,3.5,2.1,5.07,3.71,1.88,6.78,4.55,2.07,0.5633,1.84,1.78,2.16,1.0,1.85,2.85,0.5327,0.7773,0.3192,3.4,4.5,7.9,8.6,6.2,over_15_goals|away_4_sot|total_3_cards,Over 1.5 goals + Lazio 4+ SOT + 3+ cards,strong,Over 1.5 goals:lost | Lazio 4+ SOT:lost | 3+ cards:won,1,3,partial,6.0,10.0,9.0,A,,,,,
2025-09-14,20:00,2526,SP1,La Liga,Barcelona,Valencia,H,No external context supplied,,W D W W W,L D L L L,1.0,0.0,0.5,0.5,1.0,1.0,0.0,0.0,0.0,0.0,0.6876,0.1766,0.1358,1.23,6.92,11.31,1.45,5.66,7.36,1.57,7.9,11.65,0.6387,1.31,1.57,1.86,1.7,1.3,3.0,0.5946,0.8009,0.3528,5.0,2.7,7.7,10.4,3.2,over_15_goals|btts_yes|home_4_sot|total_8_corners,Over 1.5 goals + BTTS yes + Barcelona 4+ SOT + 8+ corners,strong,Over 1.5 goals:won | BTTS yes:lost | Barcelona 4+ SOT:won | 8+ corners:won,3,4,partial,11.0,9.0,1.0,H,,,,,
2025-09-14,13:00,2526,SP1,La Liga,Celta,Girona,D,No external context supplied,,D L L D D,D W W D D,0.0,0.0,0.5,0.5,1.0,1.0,0.0,0.0,0.0,0.0,0.5911,0.2607,0.1481,1.71,4.22,4.67,1.69,3.84,6.75,1.85,4.75,10.19,0.482,1.71,2.07,2.62,1.85,1.0,2.85,0.5327,0.7773,0.3192,5.6,2.8,8.4,9.6,3.8,over_15_goals|home_4_sot|total_8_corners,Over 1.5 goals + Celta 4+ SOT + 8+ corners,strong,Over 1.5 goals:won | Celta 4+ SOT:won | 8+ corners:won,3,3,won,15.0,13.0,3.0,H,,,,,
2025-09-14,15:15,2526,SP1,La Liga,Levante,Betis,D,No external context supplied,,W W L L L,L L W W W,0.0,0.0,0.5,0.5,1.0,1.0,0.0,0.0,0.0,0.0,0.2542,0.2427,0.5031,3.4,3.48,2.21,3.93,4.12,1.99,4.9,5.19,2.21,0.5221,1.99,1.92,2.37,1.65,1.9,3.55,0.6871,0.8693,0.4741,4.1,4.6,8.7,8.9,4.8,over_15_goals|btts_yes|away_4_sot|total_3_cards,Over 1.5 goals + BTTS yes + Betis 4+ SOT + 3+ cards,strong,Over 1.5 goals:won | BTTS yes:won | Betis 4+ SOT:won | 3+ cards:won,4,4,won,11.0,16.0,5.0,A,,,,,
2025-09-14,17:30,2526,SP1,La Liga,Osasuna,Vallecano,H,No external context supplied,,L W L L D,W L W W D,0.0,0.0,0.5,0.5,1.0,1.0,0.0,0.0,0.0,0.0,0.3653,0.3276,0.3071,2.54,3.18,3.08,2.74,3.05,3.26,3.17,3.6,3.89,0.4546,2.22,2.2,2.82,1.15,1.05,2.2,0.4442,0.6454,0.1806,3.3,4.3,7.6,9.9,4.8,away_4_sot|total_8_corners|total_3_cards,Vallecano 4+ SOT + 8+ corners + 3+ cards,strong,Vallecano 4+ SOT:won | 8+ corners:won | 3+ cards:won,3,3,won,13.0,9.0,5.0,H,,,,,
2025-09-15,19:45,2526,I1,Serie A,Como,Genoa,D,No external context supplied,,D W,D L,0.0,0.0,0.5,0.5,1.0,1.0,0.0,0.0,0.0,0.0,0.5318,0.2782,0.1899,1.67,3.75,5.86,1.88,3.59,5.27,2.08,4.38,7.15,0.4961,2.08,2.02,2.52,1.35,0.75,2.1,0.3908,0.6204,0.1614,4.7,2.9,7.6,8.4,3.8,home_4_sot,Como 4+ SOT,lean,Como 4+ SOT:won,1,1,won,10.0,8.0,6.0,H,,,,,
2025-09-15,17:30,2526,I1,Serie A,Verona,Cremonese,D,No external context supplied,,W D,L D,0.0,0.0,0.5,0.5,1.0,1.0,0.0,0.0,0.0,0.0,0.3226,0.3721,0.3052,2.48,3.13,3.23,3.1,2.69,3.28,3.67,3.1,3.92,0.2558,2.24,3.91,6.42,1.2,1.35,2.55,0.5176,0.7228,0.2532,4.4,4.3,8.7,9.7,4.0,over_15_goals|home_4_sot|total_8_corners,Over 1.5 goals + Verona 4+ SOT + 8+ corners,strong,Over 1.5 goals:lost | Verona 4+ SOT:won | 8+ corners:won,2,3,partial,11.0,11.0,3.0,D,,,,,
2025-09-15,20:00,2526,SP1,La Liga,Espanol,Mallorca,H,No external context supplied,,W D W W L,L D L L W,0.0,0.0,0.5,0.5,1.0,1.0,0.0,0.0,0.0,0.0,0.339,0.2626,0.3984,2.28,3.23,3.51,2.95,3.81,2.51,3.46,4.7,2.87,0.4576,2.24,2.19,2.8,1.2,1.0,2.2,0.4417,0.6454,0.1806,5.0,3.4,8.4,8.4,5.2,home_4_sot|total_3_cards,Espanol 4+ SOT + 3+ cards,lean,Espanol 4+ SOT:lost | 3+ cards:won,1,2,partial,13.0,12.0,5.0,A,,,,,
2025-09-19,19:30,2526,D1,Bundesliga,Stuttgart,St Pauli,H,No external context supplied,,L W,W L,0.0,0.0,0.5,0.5,1.0,1.0,0.0,0.0,0.0,0.0,0.5223,0.261,0.2167,1.78,4.0,4.46,1.91,3.83,4.61,2.12,4.74,6.0,0.5472,1.7,1.83,2.24,1.6,1.35,2.95,0.5912,0.7933,0.3416,5.6,4.3,9.9,9.9,3.2,over_15_goals|btts_yes|home_4_sot|total_8_corners,Over 1.5 goals + BTTS yes + Stuttgart 4+ SOT + 8+ corners,strong,Over 1.5 goals:won | BTTS yes:lost | Stuttgart 4+ SOT:won | 8+ corners:won,3,4,partial,10.0,12.0,2.0,H,,,,,
2025-09-19,19:45,2526,F1,Ligue 1,Lyon,Angers,H,No external context supplied,,W W W W W,L L L L L,0.0,0.0,0.5,0.5,1.0,1.0,0.0,0.0,0.0,0.0,0.6058,0.2853,0.1089,1.47,4.63,6.93,1.65,3.5,9.19,1.8,4.25,16.99,0.5102,1.73,1.96,2.44,1.35,1.0,2.35,0.4682,0.6805,0.2109,5.2,3.3,8.5,11.9,4.0,home_4_sot|total_8_corners,Lyon 4+ SOT + 8+ corners,lean,Lyon 4+ SOT:won | 8+ corners:won,2,2,won,7.0,11.0,4.0,H,,,,,
2025-09-19,19:45,2526,I1,Serie A,Lecce,Cagliari,A,No external context supplied,,D D D W L,D D D L W,0.0,0.0,0.5,0.5,1.0,1.0,0.0,0.0,0.0,0.0,0.4069,0.2918,0.3013,2.91,2.96,2.85,2.46,3.43,3.32,2.8,4.14,3.98,0.4642,2.55,2.15,2.75,1.0,1.3,2.3,0.4598,0.6691,0.2007,3.1,4.5,7.6,10.8,4.0,away_4_sot|total_8_corners,Cagliari 4+ SOT + 8+ corners,lean,Cagliari 4+ SOT:won | 8+ corners:won,2,2,won,11.0,11.0,5.0,H,,,,,
2025-09-19,20:00,2526,SP1,La Liga,Betis,Sociedad,H,No external context supplied,,D D L L W,D D W W L,0.0,0.0,0.5,0.5,1.0,1.0,0.0,0.0,0.0,0.0,0.4954,0.2479,0.2567,1.93,3.73,3.98,2.02,4.03,3.9,2.25,5.05,4.84,0.5542,1.78,1.8,2.2,1.45,1.1,2.55,0.5106,0.7228,0.2532,4.2,4.1,8.3,11.9,3.0,over_15_goals|home_4_sot|total_8_corners,Over 1.5 goals + Betis 4+ SOT + 8+ corners,strong,Over 1.5 goals:won | Betis 4+ SOT:won | 8+ corners:won,3,3,won,11.0,8.0,10.0,H,,,,,
2025-09-20,14:30,2526,D1,Bundesliga,Augsburg,Mainz,A,No external context supplied,,L W L L D,W L W W D,0.0,0.0,0.5,0.5,1.0,1.0,0.0,0.0,0.0,0.0,0.3138,0.3315,0.3548,2.77,3.47,2.61,3.19,3.02,2.82,3.79,3.55,3.28,0.5061,1.88,1.98,2.46,1.3,1.6,2.9,0.5806,0.7854,0.3304,3.5,5.7,9.2,9.7,5.0,over_15_goals|btts_yes|away_4_sot|total_8_corners|total_3_cards,Over 1.5 goals + BTTS yes + Mainz 4+ SOT + 8+ corners,strong,Over 1.5 goals:won | BTTS yes:won | Mainz 4+ SOT:won | 8+ corners:won | 3+ cards:won,5,5,won,9.0,12.0,5.0,A,,,,,
2025-09-20,14:30,2526,D1,Bundesliga,Hamburg,Heidenheim,H,No external context supplied,,No recent H2H,No recent H2H,0.0,0.0,0.5,0.5,1.0,1.0,0.0,0.0,0.0,0.0,0.5077,0.2247,0.2676,2.1,3.53,3.66,1.97,4.45,3.74,2.18,5.72,4.6,0.5574,1.77,1.79,2.19,1.45,1.15,2.6,0.5231,0.7326,0.264,4.4,5.3,9.7,8.5,5.2,over_15_goals|home_4_sot|total_3_cards,Over 1.5 goals + Hamburg 4+ SOT + 3+ cards,strong,Over 1.5 goals:won | Hamburg 4+ SOT:won | 3+ cards:won,3,3,won,17.0,13.0,6.0,H,,,,,
2025-09-20,14:30,2526,D1,Bundesliga,Hoffenheim,Bayern Munich,A,No external context supplied,,D L W L L,D W L W W,0.0,0.0,0.5,0.5,1.0,1.0,0.0,0.0,0.0,0.0,0.1775,0.1987,0.6238,7.87,6.19,1.33,5.63,5.03,1.6,7.84,6.72,1.74,0.5485,1.3,1.82,2.23,1.4,3.0,4.4,0.7159,0.9337,0.6406,4.1,7.1,11.2,9.4,4.0,over_15_goals|btts_yes|away_4_sot,Over 1.5 goals + BTTS yes + Bayern Munich 4+ SOT,strong,Over 1.5 goals:won | BTTS yes:won | Bayern Munich 4+ SOT:won,3,3,won,14.0,10.0,3.0,A,,,,,
2025-09-20,17:30,2526,D1,Bundesliga,RB Leipzig,FC Koln,H,No external context supplied,,W D D W W,L D D L L,0.0,0.0,0.5,0.5,1.0,1.0,0.0,0.0,0.0,0.0,0.4704,0.2595,0.2701,1.68,4.39,4.73,2.13,3.85,3.7,2.38,4.77,4.54,0.5542,1.55,1.8,2.2,1.55,1.75,3.3,0.6509,0.8414,0.4197,4.1,5.8,9.9,11.4,4.0,over_15_goals|btts_yes|away_4_sot|total_8_corners,Over 1.5 goals + BTTS yes + FC Koln 4+ SOT + 8+ corners,strong,Over 1.5 goals:won | BTTS yes:won | FC Koln 4+ SOT:lost | 8+ corners:won,3,4,partial,10.0,14.0,2.0,H,,,,,
2025-09-20,14:30,2526,D1,Bundesliga,Werder Bremen,Freiburg,A,No external context supplied,,L L W L L,W W L W W,0.0,0.0,0.5,0.5,1.0,1.0,0.0,0.0,0.0,0.0,0.3075,0.2488,0.4437,2.38,3.81,2.86,3.25,4.02,2.25,3.88,5.03,2.54,0.5158,1.6,1.94,2.41,2.0,1.4,3.4,0.6514,0.8532,0.4416,5.2,4.1,9.3,10.0,4.4,over_15_goals|btts_yes|home_4_sot|total_8_corners|total_3_cards,Over 1.5 goals + BTTS yes + Werder Bremen 4+ SOT + 8+ corners,strong,Over 1.5 goals:won | BTTS yes:lost | Werder Bremen 4+ SOT:won | 8+ corners:lost | 3+ cards:won,3,5,partial,10.0,2.0,7.0,A,,,,,
2025-09-20,15:00,2526,E0,Premier League,Brighton,Tottenham,D,No external context supplied,"Weather: rain 1.2mm, gusts 74.9km/h, snow 0.0cm",L W L W W,W L W L L,0.0,0.0,0.5,0.5,1.0,1.0,0.0,0.0,0.0,0.0,0.4805,0.2379,0.2816,2.28,3.67,3.1,2.08,4.2,3.55,2.32,5.32,4.32,0.5032,1.64,1.99,2.48,1.8,1.4,3.2,0.6289,0.8288,0.3975,5.1,3.4,8.5,9.3,4.6,over_15_goals|btts_yes|home_4_sot|total_3_cards,Over 1.5 goals + BTTS yes + Brighton 4+ SOT + 3+ cards,strong,Over 1.5 goals:won | BTTS yes:won | Brighton 4+ SOT:won | 3+ cards:won,4,4,won,7.0,12.0,3.0,H,,,,,
2025-09-20,15:00,2526,E0,Premier League,Burnley,Nott'm Forest,D,No external context supplied,"Weather: rain 40.8mm, gusts 58.3km/h, snow 0.0cm",D L,D W,0.0,0.0,0.5,0.5,1.0,1.0,0.0,0.0,0.0,0.0,0.2847,0.2568,0.4586,3.43,3.47,2.2,3.51,3.89,2.18,4.26,4.84,2.45,0.5079,1.94,1.97,2.45,1.45,1.45,2.9,0.5859,0.7854,0.3304,3.4,3.5,6.9,10.0,2.6,over_15_goals|btts_yes|total_8_corners,Over 1.5 goals + BTTS yes + 8+ corners,strong,Over 1.5 goals:won | BTTS yes:won | 8+ corners:won,3,3,won,13.0,9.0,2.0,A,,,,,
2025-09-20,20:00,2526,E0,Premier League,Fulham,Brentford,H,No external context supplied,"Weather: rain 0.0mm, gusts 65.5km/h, snow 0.0cm",L L D W W,W W D L L,0.0,0.0,0.5,0.5,1.0,1.0,0.0,0.0,0.0,0.0,0.4222,0.2807,0.2972,2.05,3.44,3.92,2.37,3.56,3.37,2.69,4.34,4.05,0.5155,1.91,1.94,2.41,1.3,1.7,3.0,0.5946,0.8009,0.3528,3.7,4.1,7.8,9.5,3.2,over_15_goals|btts_yes|total_8_corners,Over 1.5 goals + BTTS yes + 8+ corners,strong,Over 1.5 goals:won | BTTS yes:won | 8+ corners:won,3,3,won,6.0,12.0,5.0,H,,,,,
2025-09-20,12:30,2526,E0,Premier League,Liverpool,Everton,H,No external context supplied,"Weather: rain 46.3mm, gusts 57.2km/h, snow 0.0cm",W W L D W,L L W D L,1.0,0.0,0.5,0.5,1.0,1.0,0.0,0.0,0.0,0.0,0.6596,0.2354,0.105,1.45,4.7,7.25,1.52,4.25,9.53,1.64,5.39,18.19,0.5542,1.59,1.8,2.2,1.5,1.35,2.85,0.5755,0.7773,0.3192,4.2,2.8,7.0,10.2,5.0,over_15_goals|btts_yes|home_4_sot|total_8_corners|total_3_cards,Over 1.5 goals + BTTS yes + Liverpool 4+ SOT + 8+ corners,strong,Over 1.5 goals:won | BTTS yes:won | Liverpool 4+ SOT:lost | 8+ corners:won | 3+ cards:won,4,5,partial,5.0,9.0,5.0,H,,,,,
2025-09-20,17:30,2526,E0,Premier League,Man United,Chelsea,H,No external context supplied,"Weather: rain 43.1mm, gusts 61.2km/h, snow 0.0cm",W W L D L,L L W D W,0.0,0.0,0.5,0.5,1.0,1.0,0.0,0.0,0.0,0.0,0.4249,0.2536,0.3215,2.71,3.74,2.52,2.35,3.94,3.11,2.67,4.91,3.68,0.536,1.57,1.87,2.29,0.85,1.65,2.5,0.4626,0.7127,0.2424,4.5,4.1,8.6,10.0,2.8,over_25_goals|home_4_sot|total_8_corners,Over 2.5 goals + Man United 4+ SOT + 8+ corners,strong,Over 2.5 goals:won | Man United 4+ SOT:won | 8+ corners:won,3,3,won,5.0,10.0,9.0,H,,,,,
2025-09-20,15:00,2526,E0,Premier League,West Ham,Crystal Palace,A,No external context supplied,"Weather: rain 0.0mm, gusts 60.1km/h, snow 0.0cm",L D L W L,W D W L W,0.0,0.0,0.5,0.5,1.0,1.0,0.0,0.0,0.0,0.0,0.3181,0.3158,0.3661,3.09,3.39,2.41,3.14,3.17,2.73,3.73,3.76,3.16,0.5102,1.98,1.96,2.44,1.05,1.65,2.7,0.5252,0.7513,0.2859,3.7,4.7,8.4,10.6,2.8,over_15_goals|away_4_sot|total_8_corners,Over 1.5 goals + Crystal Palace 4+ SOT + 8+ corners,strong,Over 1.5 goals:won | Crystal Palace 4+ SOT:lost | 8+ corners:won,2,3,partial,6.0,16.0,6.0,A,,,,,
2025-09-20,15:00,2526,E0,Premier League,Wolves,Leeds,A,No external context supplied,"Weather: rain 11.8mm, gusts 71.3km/h, snow 0.0cm",W D L L L,L D W W W,0.0,0.0,0.5,0.5,1.0,1.0,0.0,0.0,0.0,0.0,0.3917,0.2392,0.3691,2.78,3.21,2.76,2.55,4.18,2.71,2.93,5.29,3.13,0.5152,2.22,1.94,2.41,1.55,1.25,2.8,0.5621,0.7689,0.3081,3.5,3.3,6.8,9.4,4.2,over_15_goals|btts_yes|total_3_cards,Over 1.5 goals + BTTS yes + 3+ cards,strong,Over 1.5 goals:won | BTTS yes:won | 3+ cards:lost,2,3,partial,10.0,4.0,2.0,H,,,,,
2025-09-20,18:00,2526,F1,Ligue 1,Brest,Nice,H,No external context supplied,,W D D L L,L D D W W,0.0,0.0,0.5,0.5,1.0,1.0,0.0,0.0,0.0,0.0,0.2608,0.2712,0.468,2.75,3.59,2.56,3.83,3.69,2.14,4.74,4.52,2.39,0.6387,1.69,1.57,1.86,1.2,2.25,3.45,0.6252,0.8587,0.4525,4.0,6.0,10.0,9.1,4.6,over_15_goals|btts_yes|away_4_sot|total_3_cards,Over 1.5 goals + BTTS yes + Nice 4+ SOT + 3+ cards,strong,Over 1.5 goals:won | BTTS yes:won | Nice 4+ SOT:won | 3+ cards:won,4,4,won,9.0,9.0,4.0,A,,,,,
2025-09-20,20:05,2526,F1,Ligue 1,Lens,Lille,H,No external context supplied,,D D L L L,D D W W W,0.0,0.0,0.5,0.5,1.0,1.0,0.0,0.0,0.0,0.0,0.4488,0.2491,0.3021,2.4,3.49,3.02,2.23,4.01,3.31,2.51,5.02,3.97,0.5315,1.78,1.88,2.32,1.3,1.85,3.15,0.6131,0.8222,0.3863,4.0,4.9,8.9,11.2,2.8,over_15_goals|btts_yes|away_4_sot|total_8_corners,Over 1.5 goals + BTTS yes + Lille 4+ SOT + 8+ corners,strong,Over 1.5 goals:won | BTTS yes:lost | Lille 4+ SOT:lost | 8+ corners:won,2,4,partial,9.0,14.0,4.0,H,,,,,
2025-09-20,16:00,2526,F1,Ligue 1,Nantes,Rennes,D,No external context supplied,,L L L W L,W W W L W,0.0,0.0,0.5,0.5,1.0,1.0,0.0,0.0,0.0,0.0,0.2731,0.2793,0.4475,3.69,3.47,2.11,3.66,3.58,2.23,4.48,4.36,2.52,0.5229,1.98,1.91,2.36,1.25,1.3,2.55,0.519,0.7228,0.2532,4.5,4.1,8.6,9.9,4.4,over_15_goals|home_4_sot|total_8_corners|total_3_cards,Over 1.5 goals + Nantes 4+ SOT + 8+ corners + 3+ cards,strong,Over 1.5 goals:won | Nantes 4+ SOT:won | 8+ corners:won | 3+ cards:won,4,4,won,8.0,8.0,4.0,A,,,,,
2025-09-20,14:00,2526,I1,Serie A,Bologna,Genoa,H,No external context supplied,,W D L D L,L D W D W,0.0,0.0,0.5,0.5,1.0,1.0,0.0,0.0,0.0,0.0,0.5148,0.2687,0.2165,1.87,3.37,4.93,1.94,3.72,4.62,2.15,4.57,6.01,0.4843,2.39,2.06,2.6,1.0,1.15,2.15,0.432,0.6331,0.1709,3.0,3.4,6.4,9.4,4.4,total_3_cards,3+ cards,lean,3+ cards:won,1,1,won,10.0,10.0,6.0,H,,,,,
2025-09-20,19:45,2526,I1,Serie A,Udinese,Milan,A,No external context supplied,,W W L L L,L L W W W,0.0,0.0,0.5,0.5,1.0,1.0,0.0,0.0,0.0,0.0,0.2056,0.1992,0.5952,4.47,3.63,1.86,4.86,5.02,1.68,6.43,6.7,1.83,0.5643,1.99,1.77,2.15,0.85,1.7,2.55,0.468,0.7228,0.2532,3.0,5.1,8.1,10.7,4.8,over_15_goals|away_4_sot|total_8_corners|total_3_cards,Over 1.5 goals + Milan 4+ SOT + 8+ corners + 3+ cards,strong,Over 1.5 goals:won | Milan 4+ SOT:won | 8+ corners:lost | 3+ cards:lost,2,4,partial,10.0,5.0,2.0,A,,,,,
2025-09-20,17:00,2526,I1,Serie A,Verona,Juventus,D,No external context supplied,,L L D L L,W W D W W,0.0,1.0,0.5,0.5,1.0,1.0,0.0,0.0,0.0,0.0,0.1464,0.2972,0.5564,6.7,3.98,1.57,6.83,3.36,1.8,10.37,4.05,1.97,0.5211,2.18,1.92,2.37,0.7,1.5,2.2,0.3911,0.6454,0.1806,3.5,4.9,8.4,11.0,3.4,away_4_sot|total_8_corners,Juventus 4+ SOT + 8+ corners,lean,Juventus 4+ SOT:won | 8+ corners:won,2,2,won,8.0,8.0,6.0,A,,,,,
2025-09-20,17:30,2526,SP1,La Liga,Alaves,Sevilla,A,No external context supplied,,D W W W D,D L L L D,0.0,0.0,0.5,0.5,1.0,1.0,0.0,0.0,0.0,0.0,0.4408,0.268,0.2913,2.31,3.23,3.44,2.27,3.73,3.43,2.56,4.59,4.15,0.3565,2.38,2.8,3.9,1.35,0.95,2.3,0.4543,0.6691,0.2007,4.1,4.4,8.5,9.6,4.2,away_4_sot|total_8_corners|total_3_cards,Sevilla 4+ SOT + 8+ corners + 3+ cards,strong,Sevilla 4+ SOT:lost | 8+ corners:won | 3+ cards:won,2,3,partial,8.0,8.0,8.0,H,,,,,
2025-09-20,13:00,2526,SP1,La Liga,Girona,Levante,A,No external context supplied,,W D D L,L D D W,0.0,0.0,0.5,0.5,1.0,1.0,0.0,0.0,0.0,0.0,0.6696,0.1966,0.1338,1.91,3.76,4.09,1.49,5.09,7.47,1.61,6.82,11.93,0.5608,1.87,1.78,2.17,1.5,1.85,3.35,0.6547,0.8474,0.4307,5.4,5.2,10.6,10.5,3.8,over_15_goals|btts_yes|home_4_sot|total_8_corners,Over 1.5 goals + BTTS yes + Girona 4+ SOT + 8+ corners,strong,Over 1.5 goals:won | BTTS yes:lost | Girona 4+ SOT:lost | 8+ corners:won,2,4,partial,8.0,9.0,11.0,H,,,,,
2025-09-20,15:15,2526,SP1,La Liga,Real Madrid,Espanol,H,No external context supplied,,W W W W L,L L L L W,1.0,0.0,0.5,0.5,1.0,1.0,0.0,0.0,0.0,0.0,0.7101,0.2061,0.0839,1.22,6.36,15.46,1.41,4.85,11.93,1.51,6.41,29.54,0.6204,1.38,1.61,1.92,1.8,1.1,2.9,0.5569,0.7854,0.3304,6.4,3.1,9.5,9.4,4.2,over_15_goals|btts_yes|home_4_sot,Over 1.5 goals + BTTS yes + Real Madrid 4+ SOT,strong,Over 1.5 goals:won | BTTS yes:lost | Real Madrid 4+ SOT:won,2,3,partial,6.0,8.0,2.0,H,,,,,
2025-09-20,20:00,2526,SP1,La Liga,Valencia,Ath Bilbao,H,No external context supplied,,L D W L L,W D L W W,0.0,0.0,0.5,0.5,1.0,1.0,0.0,0.0,0.0,0.0,0.3486,0.3143,0.337,3.16,3.08,2.55,2.87,3.18,2.97,3.35,3.78,3.48,0.4695,2.35,2.13,2.71,0.95,1.25,2.2,0.4376,0.6454,0.1806,2.5,3.9,6.4,10.4,4.0,total_8_corners,8+ corners,lean,8+ corners:won,1,1,won,10.0,11.0,4.0,H,,,,,
2025-09-20,17:30,2526,SP1,La Liga,Villarreal,Osasuna,H,No external context supplied,,W W D D W,L L D D L,0.0,0.0,0.5,0.5,1.0,1.0,0.0,0.0,0.0,0.0,0.4439,0.2619,0.2942,1.56,4.39,5.87,2.25,3.82,3.4,2.54,4.72,4.1,0.5459,1.75,1.83,2.24,1.6,1.05,2.65,0.5188,0.7421,0.2749,4.9,3.6,8.5,8.7,3.8,over_15_goals|home_4_sot,Over 1.5 goals + Villarreal 4+ SOT,lean,Over 1.5 goals:won | Villarreal 4+ SOT:won,2,2,won,11.0,7.0,7.0,H,,,,,
2025-09-21,18:30,2526,D1,Bundesliga,Dortmund,Wolfsburg,H,No external context supplied,,W W D W W,L L D L L,0.0,0.0,0.5,0.5,1.0,1.0,0.0,0.0,0.0,0.0,0.5907,0.2731,0.1361,1.52,5.13,5.42,1.69,3.66,7.35,1.85,4.48,11.61,0.5808,1.44,1.72,2.08,2.45,1.3,3.75,0.6647,0.8883,0.5162,5.5,4.8,10.3,10.5,4.6,over_15_goals|btts_yes|home_4_sot|total_8_corners|total_3_cards,Over 1.5 goals + BTTS yes + Dortmund 4+ SOT + 8+ corners,strong,Over 1.5 goals:lost | BTTS yes:lost | Dortmund 4+ SOT:won | 8+ corners:won | 3+ cards:lost,2,5,partial,5.0,12.0,1.0,H,,,,,
2025-09-21,14:30,2526,D1,Bundesliga,Ein Frankfurt,Union Berlin,A,No external context supplied,,L W D D L,W L D D W,0.0,0.0,0.5,0.5,1.0,1.0,0.0,0.0,0.0,0.0,0.4388,0.2581,0.3031,1.58,4.47,5.57,2.28,3.87,3.3,2.57,4.81,3.95,0.5554,1.58,1.8,2.2,2.0,1.25,3.25,0.6169,0.8352,0.4086,5.2,3.8,9.0,8.8,4.4,over_15_goals|btts_yes|home_4_sot|total_3_cards,Over 1.5 goals + BTTS yes + Ein Frankfurt 4+ SOT + 3+ cards,strong,Over 1.5 goals:won | BTTS yes:won | Ein Frankfurt 4+ SOT:won | 3+ cards:won,4,4,won,15.0,6.0,5.0,H,,,,,
2025-09-21,16:30,2526,D1,Bundesliga,Leverkusen,M'gladbach,D,No external context supplied,,D W D W W,D L D L L,0.0,0.0,0.5,0.5,1.0,1.0,0.0,0.0,0.0,0.0,0.5477,0.2661,0.1861,1.56,4.77,5.33,1.83,3.76,5.37,2.01,4.63,7.35,0.6201,1.43,1.61,1.92,1.95,1.3,3.25,0.624,0.8352,0.4086,5.7,4.5,10.2,12.6,4.6,over_15_goals|btts_yes|home_4_sot|total_8_corners|total_3_cards,Over 1.5 goals + BTTS yes + Leverkusen 4+ SOT + 8+ corners,strong,Over 1.5 goals:won | BTTS yes:won | Leverkusen 4+ SOT:won | 8+ corners:lost | 3+ cards:won,4,5,partial,16.0,7.0,10.0,H,,,,,
2025-09-21,16:30,2526,E0,Premier League,Arsenal,Man City,D,No external context supplied,"Weather: rain 0.0mm, gusts 53.6km/h, snow 0.0cm",L W D D W,W L D D L,0.0,1.0,0.5,0.5,1.0,1.0,0.0,0.0,0.0,0.0,0.4843,0.2428,0.2729,1.92,3.8,3.99,2.06,4.12,3.66,2.3,5.19,4.49,0.5097,1.77,1.96,2.44,1.35,1.3,2.65,0.5389,0.7421,0.2749,4.2,3.6,7.8,8.4,2.4,over_15_goals|home_4_sot,Over 1.5 goals + Arsenal 4+ SOT,lean,Over 1.5 goals:won | Arsenal 4+ SOT:lost,1,2,partial,6.0,13.0,3.0,H,,,,,
2025-09-21,14:00,2526,E0,Premier League,Bournemouth,Newcastle,D,No external context supplied,"Weather: rain 0.0mm, gusts 40.3km/h, snow 0.0cm",D W D D W,D L D D L,0.0,0.0,0.5,0.5,1.0,1.0,0.0,0.0,0.0,0.0,0.343,0.2713,0.3858,2.47,3.57,2.87,2.92,3.69,2.59,3.41,4.52,2.98,0.5103,1.8,1.96,2.44,1.1,1.05,2.15,0.4337,0.6331,0.1709,4.2,3.2,7.4,10.3,4.0,home_4_sot|total_8_corners,Bournemouth 4+ SOT + 8+ corners,lean,Bournemouth 4+ SOT:lost | 8+ corners:lost,0,2,lost,3.0,7.0,3.0,A,,,,,
2025-09-21,14:00,2526,E0,Premier League,Sunderland,Aston Villa,D,No external context supplied,"Weather: rain 7.1mm, gusts 65.2km/h, snow 0.0cm",No recent H2H,No recent H2H,0.0,0.0,0.5,0.5,1.0,1.0,0.0,0.0,0.0,0.0,0.2324,0.2309,0.5367,3.71,3.37,2.14,4.3,4.33,1.86,5.48,5.53,2.05,0.4954,2.09,2.02,2.53,1.07,0.82,1.9,0.37,0.5663,0.1253,3.23,3.1,6.33,9.35,4.05,,No builder lean,none,,,0,,6.0,11.0,5.0,A,,,,,
2025-09-21,16:15,2526,F1,Ligue 1,Auxerre,Toulouse,H,No external context supplied,,L D L D,W D W D,0.0,0.0,0.5,0.5,1.0,1.0,0.0,0.0,0.0,0.0,0.194,0.2674,0.5386,2.79,3.27,2.72,5.15,3.74,1.86,6.94,4.6,2.05,0.4642,1.98,2.15,2.75,1.35,1.6,2.95,0.5912,0.7933,0.3416,4.3,4.8,9.1,11.3,5.6,over_15_goals|btts_yes|home_4_sot|total_8_corners|total_3_cards,Over 1.5 goals + BTTS yes + Auxerre 4+ SOT + 8+ corners,strong,Over 1.5 goals:lost | BTTS yes:lost | Auxerre 4+ SOT:lost | 8+ corners:lost | 3+ cards:won,1,5,partial,4.0,7.0,9.0,A,,,,,
2025-09-21,16:15,2526,F1,Ligue 1,Le Havre,Lorient,D,No external context supplied,,W D,L D,0.0,0.0,0.5,0.5,1.0,1.0,0.0,0.0,0.0,0.0,0.4867,0.2516,0.2617,2.31,3.49,3.18,2.05,3.97,3.82,2.29,4.96,4.72,0.5061,1.91,1.98,2.46,2.0,1.7,3.7,0.7067,0.8838,0.5058,5.1,4.3,9.4,8.1,5.0,over_15_goals|btts_yes|home_4_sot|total_3_cards,Over 1.5 goals + BTTS yes + Le Havre 4+ SOT + 3+ cards,strong,Over 1.5 goals:won | BTTS yes:won | Le Havre 4+ SOT:lost | 3+ cards:won,3,4,partial,6.0,8.0,9.0,H,,,,,
2025-09-21,16:15,2526,F1,Ligue 1,Monaco,Metz,H,No external context supplied,,W W W W W,L L L L L,0.0,0.0,0.5,0.5,1.0,1.0,0.0,0.0,0.0,0.0,0.5769,0.2225,0.2006,1.27,6.55,9.38,1.73,4.5,4.98,1.9,5.8,6.64,0.5731,1.37,1.74,2.11,1.75,1.05,2.8,0.5371,0.7689,0.3081,4.8,2.7,7.5,10.5,4.4,over_15_goals|home_4_sot|total_8_corners|total_3_cards,Over 1.5 goals + Monaco 4+ SOT + 8+ corners + 3+ cards,strong,Over 1.5 goals:won | Monaco 4+ SOT:won | 8+ corners:won | 3+ cards:lost,3,4,partial,9.0,9.0,1.0,H,,,,,
2025-09-21,14:00,2526,F1,Ligue 1,Paris FC,Strasbourg,A,No external context supplied,,No recent H2H,No recent H2H,0.0,0.0,0.5,0.5,1.0,1.0,0.0,0.0,0.0,0.0,0.3778,0.2719,0.3503,2.45,3.44,3.0,2.65,3.68,2.85,3.05,4.51,3.33,0.326,1.76,3.07,4.42,1.48,1.88,3.35,0.653,0.8474,0.4307,4.2,4.67,8.88,9.9,4.5,over_15_goals|btts_yes|home_4_sot|total_8_corners|total_3_cards,Over 1.5 goals + BTTS yes + Paris FC 4+ SOT + 8+ corners,strong,Over 1.5 goals:won | BTTS yes:won | Paris FC 4+ SOT:won | 8+ corners:lost | 3+ cards:won,4,5,partial,10.0,6.0,6.0,H,,,,,
2025-09-21,14:00,2526,I1,Serie A,Cremonese,Parma,D,No external context supplied,,No recent H2H,No recent H2H,0.0,0.0,0.5,0.5,1.0,1.0,0.0,0.0,0.0,0.0,0.3974,0.257,0.3456,2.6,3.2,2.98,2.52,3.89,2.89,2.88,4.83,3.38,0.4858,2.24,2.06,2.59,1.3,1.15,2.45,0.4971,0.7023,0.2318,4.3,5.4,9.7,8.8,3.6,home_4_sot,Cremonese 4+ SOT,lean,Cremonese 4+ SOT:lost,0,1,lost,4.0,6.0,1.0,H,,,,,
2025-09-21,17:00,2526,I1,Serie A,Fiorentina,Como,A,No external context supplied,,W L,L W,0.0,0.0,0.5,0.5,1.0,1.0,0.0,0.0,0.0,0.0,0.444,0.2707,0.2853,2.64,3.28,2.87,2.25,3.69,3.5,2.54,4.53,4.25,0.3908,2.09,2.56,3.44,0.95,1.3,2.25,0.4461,0.6575,0.1906,4.3,4.6,8.9,8.4,5.0,home_4_sot|total_3_cards,Fiorentina 4+ SOT + 3+ cards,lean,Fiorentina 4+ SOT:lost | 3+ cards:won,1,2,partial,8.0,8.0,7.0,H,,,,,
2025-09-21,19:45,2526,I1,Serie A,Inter,Sassuolo,H,No external context supplied,,L W W L L,W L L W W,1.0,0.0,0.5,0.5,1.0,1.0,0.0,0.0,0.0,0.0,0.565,0.3029,0.1322,1.3,5.67,10.37,1.77,3.3,7.57,1.94,3.95,12.17,0.4954,1.54,2.02,2.53,2.0,1.05,3.05,0.5621,0.8082,0.364,4.9,3.5,8.4,9.2,5.2,over_15_goals|btts_yes|home_4_sot|total_3_cards,Over 1.5 goals + BTTS yes + Inter 4+ SOT + 3+ cards,strong,Over 1.5 goals:won | BTTS yes:won | Inter 4+ SOT:won | 3+ cards:won,4,4,won,11.0,10.0,3.0,H,,,,,
2025-09-21,11:30,2526,I1,Serie A,Lazio,Roma,A,No external context supplied,,W D L L D,L D W W D,0.0,0.0,0.5,0.5,1.0,1.0,0.0,0.0,0.0,0.0,0.4688,0.2546,0.2766,2.96,3.12,2.67,2.13,3.93,3.61,2.39,4.89,4.41,0.3667,2.19,2.73,3.75,0.9,1.1,2.0,0.3959,0.594,0.1429,3.7,4.4,8.1,8.3,4.2,away_4_sot|total_3_cards,Roma 4+ SOT + 3+ cards,lean,Roma 4+ SOT:won | 3+ cards:won,2,2,won,8.0,9.0,6.0,H,,,,,
2025-09-21,14:00,2526,I1,Serie A,Torino,Atalanta,A,No external context supplied,,L W L W D,W L W L D,0.0,0.0,0.5,0.5,1.0,1.0,0.0,0.0,0.0,0.0,0.4143,0.2309,0.3548,3.38,3.36,2.27,2.41,4.33,2.82,2.74,5.53,3.28,0.5044,2.15,1.98,2.47,0.7,1.75,2.45,0.4159,0.7023,0.2318,4.3,5.5,9.8,8.7,2.4,home_4_sot,Torino 4+ SOT,lean,Torino 4+ SOT:won,1,1,won,10.0,1.0,0.0,H,,,,,
2025-09-21,20:00,2526,SP1,La Liga,Barcelona,Getafe,H,No external context supplied,,D D W W D,D D L L D,1.0,0.0,0.5,0.5,1.0,1.0,0.0,0.0,0.0,0.0,0.7022,0.2164,0.0813,1.23,6.19,14.4,1.42,4.62,12.3,1.53,6.01,31.92,0.4896,1.53,2.04,2.57,2.05,0.95,3.0,0.5343,0.8009,0.3528,5.4,2.8,8.2,9.9,2.8,over_15_goals|home_4_sot|total_8_corners,Over 1.5 goals + Barcelona 4+ SOT + 8+ corners,strong,Over 1.5 goals:won | Barcelona 4+ SOT:won | 8+ corners:lost,2,3,partial,9.0,5.0,6.0,H,,,,,
2025-09-21,17:30,2526,SP1,La Liga,Elche,Oviedo,H,No external context supplied,,No recent H2H,No recent H2H,0.0,0.0,0.5,0.5,1.0,1.0,0.0,0.0,0.0,0.0,0.5037,0.2906,0.2057,1.96,3.3,4.51,1.99,3.44,4.86,2.2,4.16,6.42,0.4002,2.55,2.5,3.33,1.48,0.57,2.05,0.3373,0.6074,0.152,5.22,2.83,8.05,8.57,5.95,home_4_sot|total_3_cards,Elche 4+ SOT + 3+ cards,lean,Elche 4+ SOT:won | 3+ cards:won,2,2,won,9.0,6.0,4.0,H,,,,,
2025-09-21,15:15,2526,SP1,La Liga,Mallorca,Ath Madrid,D,No external context supplied,,L L L L L,W W W W W,0.0,0.0,0.5,0.5,1.0,1.0,0.0,0.0,0.0,0.0,0.2399,0.2983,0.4618,5.05,3.69,1.76,4.17,3.35,2.17,5.27,4.03,2.43,0.5199,2.15,1.92,2.38,0.75,1.8,2.55,0.4404,0.7228,0.2532,3.3,5.8,9.1,9.3,4.6,over_15_goals|away_4_sot|total_3_cards,Over 1.5 goals + Ath Madrid 4+ SOT + 3+ cards,strong,Over 1.5 goals:won | Ath Madrid 4+ SOT:won | 3+ cards:lost,2,3,partial,10.0,9.0,2.0,A,,,,,
2025-09-21,13:00,2526,SP1,La Liga,Vallecano,Celta,D,No external context supplied,,L D D W W,W D D L L,0.0,0.0,0.5,0.5,1.0,1.0,0.0,0.0,0.0,0.0,0.3539,0.2832,0.3629,2.33,3.31,3.3,2.83,3.53,2.76,3.29,4.29,3.2,0.5097,2.02,1.96,2.44,1.2,1.2,2.4,0.4883,0.6916,0.2213,4.6,3.7,8.3,10.2,4.2,home_4_sot|total_8_corners|total_3_cards,Vallecano 4+ SOT + 8+ corners + 3+ cards,strong,Vallecano 4+ SOT:won | 8+ corners:won | 3+ cards:lost,2,3,partial,10.0,12.0,2.0,A,,,,,
2025-09-22,22:00,2526,F1,Ligue 1,Marseille,Paris SG,H,No external context supplied,,L L L L L,W W W W W,0.0,1.0,0.5,0.5,1.0,1.0,0.0,0.0,0.0,0.0,0.2594,0.2295,0.5112,3.73,3.98,1.94,3.86,4.36,1.96,4.78,5.57,2.17,0.5927,1.51,1.69,2.03,1.9,1.75,3.65,0.7026,0.8791,0.4954,4.0,4.9,8.9,10.0,3.4,over_15_goals|btts_yes|away_4_sot|total_8_corners,Over 1.5 goals + BTTS yes + Paris SG 4+ SOT + 8+ corners,strong,Over 1.5 goals:lost | BTTS yes:lost | Paris SG 4+ SOT:won | 8+ corners:won,2,4,partial,7.0,8.0,3.0,A,,,,,
2025-09-22,19:45,2526,I1,Serie A,Napoli,Pisa,H,No external context supplied,,No recent H2H,No recent H2H,0.0,0.0,0.5,0.5,1.0,1.0,0.0,0.0,0.0,0.0,0.707,0.1628,0.1302,1.26,6.13,12.94,1.41,6.14,7.68,1.52,8.87,12.47,0.5663,1.78,1.77,2.14,1.35,0.32,1.67,0.2011,0.4963,0.0883,5.03,2.27,7.3,10.5,2.4,home_4_sot|total_8_corners,Napoli 4+ SOT + 8+ corners,lean,Napoli 4+ SOT:won | 8+ corners:won,2,2,won,12.0,8.0,3.0,H,,,,,
2025-09-23,18:00,2526,SP1,La Liga,Ath Bilbao,Girona,D,No external context supplied,,L D W L W,W D L W L,0.0,0.0,0.5,0.5,1.0,1.0,0.0,0.0,0.0,0.0,0.6311,0.2057,0.1632,1.45,4.56,7.8,1.58,4.86,6.13,1.72,6.42,8.84,0.5466,1.81,1.83,2.24,1.65,0.75,2.4,0.4263,0.6916,0.2213,5.1,3.4,8.5,10.8,5.6,home_4_sot|total_8_corners|total_3_cards,Ath Bilbao 4+ SOT + 8+ corners + 3+ cards,strong,Ath Bilbao 4+ SOT:won | 8+ corners:won | 3+ cards:lost,2,3,partial,8.0,9.0,2.0,H,,,,,
2025-09-23,18:00,2526,SP1,La Liga,Espanol,Valencia,D,No external context supplied,,D D D D D,D D D D D,0.0,0.0,0.5,0.5,1.0,1.0,0.0,0.0,0.0,0.0,0.4844,0.2655,0.2501,2.34,3.22,3.39,2.06,3.77,4.0,2.3,4.64,5.0,0.4954,2.21,2.02,2.53,1.3,1.45,2.75,0.5568,0.7603,0.297,3.9,4.2,8.1,9.2,3.8,over_15_goals|btts_yes|away_4_sot,Over 1.5 goals + BTTS yes + Valencia 4+ SOT,strong,Over 1.5 goals:won | BTTS yes:won | Valencia 4+ SOT:lost,2,3,partial,12.0,11.0,5.0,H,,,,,
2025-09-23,20:30,2526,SP1,La Liga,Levante,Real Madrid,A,No external context supplied,,W L W D L,L W L D W,0.0,1.0,0.5,0.5,1.0,1.0,0.0,0.0,0.0,0.0,0.1948,0.2026,0.6026,8.61,5.91,1.33,5.13,4.94,1.66,6.9,6.55,1.81,0.5752,1.43,1.74,2.1,1.4,2.1,3.5,0.6611,0.8641,0.4634,3.1,6.2,9.3,10.3,4.2,over_15_goals|btts_yes|away_4_sot|total_8_corners|total_3_cards,Over 1.5 goals + BTTS yes + Real Madrid 4+ SOT + 8+ corners,strong,Over 1.5 goals:won | BTTS yes:won | Real Madrid 4+ SOT:won | 8+ corners:won | 3+ cards:lost,4,5,partial,12.0,8.0,2.0,A,,,,,
2025-09-23,20:30,2526,SP1,La Liga,Sevilla,Villarreal,A,No external context supplied,,W D L L L,L D W W W,0.0,0.0,0.5,0.5,1.0,1.0,0.0,0.0,0.0,0.0,0.3794,0.3063,0.3144,3.19,3.39,2.35,2.64,3.27,3.18,3.04,3.9,3.78,0.4383,1.94,2.28,2.96,1.3,2.2,3.5,0.6469,0.8641,0.4634,3.3,5.0,8.3,8.9,5.2,over_15_goals|btts_yes|away_4_sot|total_3_cards,Over 1.5 goals + BTTS yes + Villarreal 4+ SOT + 3+ cards,strong,Over 1.5 goals:won | BTTS yes:won | Villarreal 4+ SOT:won | 3+ cards:won,4,4,won,7.0,6.0,5.0,H,,,,,
2025-09-24,20:30,2526,SP1,La Liga,Ath Madrid,Vallecano,H,No external context supplied,,W W W D W,L L L D L,0.0,0.0,0.5,0.5,1.0,1.0,0.0,0.0,0.0,0.0,0.6037,0.2676,0.1287,1.5,4.51,6.63,1.66,3.74,7.77,1.81,4.6,12.7,0.4908,1.83,2.04,2.56,1.35,0.95,2.3,0.4543,0.6691,0.2007,4.7,3.6,8.3,9.2,4.4,home_4_sot|total_3_cards,Ath Madrid 4+ SOT + 3+ cards,lean,Ath Madrid 4+ SOT:won | 3+ cards:won,2,2,won,11.0,14.0,7.0,H,,,,,
2025-09-24,18:00,2526,SP1,La Liga,Getafe,Alaves,D,No external context supplied,,D W L W W,D L W L L,0.0,0.0,0.5,0.5,1.0,1.0,0.0,0.0,0.0,0.0,0.4371,0.2458,0.3171,2.36,2.91,3.77,2.29,4.07,3.15,2.58,5.11,3.74,0.3345,3.21,2.99,4.26,0.8,1.2,2.0,0.3848,0.594,0.1429,3.5,3.6,7.1,9.1,3.8,,No builder lean,none,,,0,,5.0,9.0,5.0,H,,,,,
2025-09-24,20:30,2526,SP1,La Liga,Sociedad,Mallorca,H,No external context supplied,,D W W L L,D L L W W,0.0,0.0,0.5,0.5,1.0,1.0,0.0,0.0,0.0,0.0,0.5283,0.3043,0.1674,1.84,3.53,4.79,1.89,3.29,5.97,2.09,3.93,8.51,0.5199,2.11,1.92,2.38,1.2,1.35,2.55,0.5176,0.7228,0.2532,5.2,4.1,9.3,10.3,5.2,over_15_goals|home_4_sot|total_8_corners|total_3_cards,Over 1.5 goals + Sociedad 4+ SOT + 8+ corners + 3+ cards,strong,Over 1.5 goals:lost | Sociedad 4+ SOT:won | 8+ corners:won | 3+ cards:won,3,4,partial,7.0,13.0,4.0,H,,,,,
2025-09-25,18:30,2526,SP1,La Liga,Osasuna,Elche,D,No external context supplied,,W D D D W,L D D D L,0.0,0.0,0.5,0.5,1.0,1.0,0.0,0.0,0.0,0.0,0.5299,0.3041,0.166,2.05,3.09,4.48,1.89,3.29,6.02,2.08,3.94,8.62,0.4546,2.28,2.2,2.82,0.95,1.1,2.05,0.4091,0.6074,0.152,3.5,4.0,7.5,6.7,4.8,total_3_cards,3+ cards,lean,3+ cards:won,1,1,won,6.0,5.0,4.0,H,,,,,
2025-09-25,20:30,2526,SP1,La Liga,Oviedo,Barcelona,A,No external context supplied,,No recent H2H,No recent H2H,0.0,1.0,0.5,0.5,1.0,1.0,0.0,0.0,0.0,0.0,0.1317,0.1744,0.6939,9.41,6.99,1.26,7.59,5.74,1.44,12.23,8.04,1.55,0.3351,1.4,2.98,4.25,0.6,2.25,2.85,0.4036,0.7773,0.3192,2.8,7.2,10.0,9.2,4.4,over_15_goals|away_4_sot|total_3_cards,Over 1.5 goals + Barcelona 4+ SOT + 3+ cards,strong,Over 1.5 goals:won | Barcelona 4+ SOT:won | 3+ cards:lost,2,3,partial,13.0,15.0,1.0,A,,,,,
2025-09-26,19:30,2526,D1,Bundesliga,Bayern Munich,Werder Bremen,H,No external context supplied,,W W L W W,L L W L L,0.0,0.0,0.5,0.5,1.0,1.0,0.0,0.0,0.0,0.0,0.8514,0.091,0.0577,1.09,12.5,26.0,1.17,10.99,17.34,1.25,24.42,130.56,0.6792,1.17,1.47,1.73,2.5,1.25,3.75,0.6549,0.8883,0.5162,7.2,4.1,11.3,8.8,5.6,over_15_goals|btts_yes|home_4_sot|total_3_cards,Over 1.5 goals + BTTS yes + Bayern Munich 4+ SOT + 3+ cards,strong,Over 1.5 goals:won | BTTS yes:lost | Bayern Munich 4+ SOT:won | 3+ cards:lost,2,4,partial,16.0,13.0,2.0,H,,,,,
2025-09-26,19:45,2526,F1,Ligue 1,Strasbourg,Marseille,A,No external context supplied,,D D D W D,D D D L D,0.0,0.0,0.5,0.5,1.0,1.0,0.0,0.0,0.0,0.0,0.2747,0.2998,0.4255,3.76,3.78,2.01,3.64,3.34,2.35,4.45,4.0,2.66,0.5117,1.73,1.95,2.43,1.3,1.95,3.25,0.624,0.8352,0.4086,4.3,3.4,7.7,9.4,6.0,over_15_goals|btts_yes|home_4_sot|total_3_cards,Over 1.5 goals + BTTS yes + Strasbourg 4+ SOT + 3+ cards,strong,Over 1.5 goals:won | BTTS yes:won | Strasbourg 4+ SOT:lost | 3+ cards:won,3,4,partial,10.0,9.0,6.0,A,,,,,
2025-09-26,20:00,2526,SP1,La Liga,Girona,Espanol,D,No external context supplied,,L D W W D,W D L L D,0.0,0.0,0.5,0.5,1.0,1.0,0.0,0.0,0.0,0.0,0.3652,0.276,0.3588,2.53,3.36,2.98,2.74,3.62,2.79,3.17,4.42,3.24,0.4739,1.96,2.11,2.67,1.1,1.9,3.0,0.5673,0.8009,0.3528,4.6,5.1,9.7,9.7,4.8,over_15_goals|btts_yes|home_4_sot|total_8_corners|total_3_cards,Over 1.5 goals + BTTS yes + Girona 4+ SOT + 8+ corners,strong,Over 1.5 goals:lost | BTTS yes:lost | Girona 4+ SOT:lost | 8+ corners:won | 3+ cards:lost,1,5,partial,8.0,12.0,1.0,H,,,,,
2025-09-27,14:30,2526,D1,Bundesliga,Heidenheim,Augsburg,H,No external context supplied,,L L W L,W W L W,0.0,0.0,0.5,0.5,1.0,1.0,0.0,0.0,0.0,0.0,0.2759,0.367,0.357,2.77,3.65,2.51,3.62,2.72,2.8,4.43,3.15,3.26,0.5269,1.74,1.9,2.34,1.45,1.55,3.0,0.603,0.8009,0.3528,5.1,5.6,10.7,8.8,5.4,over_15_goals|btts_yes|home_4_sot|total_3_cards,Over 1.5 goals + BTTS yes + Heidenheim 4+ SOT + 3+ cards,strong,Over 1.5 goals:won | BTTS yes:won | Heidenheim 4+ SOT:won | 3+ cards:won,4,4,won,7.0,5.0,7.0,D,,,,,
2025-09-27,17:30,2526,D1,Bundesliga,M'gladbach,Ein Frankfurt,A,No external context supplied,,D L D L D,D W D W D,0.0,0.0,0.5,0.5,1.0,1.0,0.0,0.0,0.0,0.0,0.3211,0.3054,0.3734,3.2,3.59,2.26,3.11,3.27,2.68,3.69,3.92,3.09,0.5965,1.48,1.68,2.01,1.2,2.3,3.5,0.6287,0.8641,0.4634,4.7,5.8,10.5,11.2,4.6,over_15_goals|btts_yes|home_4_sot|total_8_corners|total_3_cards,Over 1.5 goals + BTTS yes + M'gladbach 4+ SOT + 8+ corners,strong,Over 1.5 goals:won | BTTS yes:won | M'gladbach 4+ SOT:won | 8+ corners:won | 3+ cards:won,5,5,won,15.0,10.0,3.0,A,,,,,
2025-09-27,14:30,2526,D1,Bundesliga,Mainz,Dortmund,A,No external context supplied,,D D W W L,D D L L W,0.0,0.0,0.5,0.5,1.0,1.0,0.0,0.0,0.0,0.0,0.3243,0.2792,0.3966,3.32,3.79,2.13,3.08,3.58,2.52,3.65,4.36,2.89,0.5663,1.57,1.77,2.14,1.25,2.15,3.4,0.6304,0.8532,0.4416,3.1,4.8,7.9,10.0,5.2,over_15_goals|btts_yes|away_4_sot|total_8_corners|total_3_cards,Over 1.5 goals + BTTS yes + Dortmund 4+ SOT + 8+ corners,strong,Over 1.5 goals:won | BTTS yes:lost | Dortmund 4+ SOT:won | 8+ corners:won | 3+ cards:won,4,5,partial,6.0,12.0,5.0,A,,,,,
2025-09-27,14:30,2526,D1,Bundesliga,St Pauli,Leverkusen,A,No external context supplied,,L D,W D,0.0,0.0,0.5,0.5,1.0,1.0,0.0,0.0,0.0,0.0,0.2344,0.2781,0.4875,3.28,3.55,2.24,4.27,3.6,2.05,5.42,4.38,2.29,0.5633,1.84,1.78,2.16,1.4,1.5,2.9,0.5853,0.7854,0.3304,4.9,5.5,10.4,9.0,6.2,over_15_goals|btts_yes|home_4_sot|total_3_cards,Over 1.5 goals + BTTS yes + St Pauli 4+ SOT + 3+ cards,strong,Over 1.5 goals:won | BTTS yes:won | St Pauli 4+ SOT:won | 3+ cards:won,4,4,won,10.0,14.0,8.0,A,,,,,
2025-09-27,14:30,2526,D1,Bundesliga,Wolfsburg,RB Leipzig,A,No external context supplied,,L W L W L,W L W L W,0.0,0.0,0.5,0.5,1.0,1.0,0.0,0.0,0.0,0.0,0.3956,0.3249,0.2795,2.6,3.75,2.61,2.53,3.08,3.58,2.89,3.64,4.36,0.5102,1.51,1.96,2.44,1.7,1.65,3.35,0.6604,0.8474,0.4307,4.5,4.2,8.7,11.2,3.0,over_15_goals|btts_yes|home_4_sot|total_8_corners,Over 1.5 goals + BTTS yes + Wolfsburg 4+ SOT + 8+ corners,strong,Over 1.5 goals:lost | BTTS yes:lost | Wolfsburg 4+ SOT:won | 8+ corners:won,2,4,partial,10.0,17.0,4.0,H,,,,,
2025-09-27,12:30,2526,E0,Premier League,Brentford,Man United,H,No external context supplied,"Weather: rain 0.1mm, gusts 37.8km/h, snow 0.0cm",L L D L W,W W D W L,0.0,0.0,0.5,0.5,1.0,1.0,0.0,0.0,0.0,0.0,0.2912,0.25,0.4588,3.47,3.79,2.07,3.43,4.0,2.18,4.15,5.0,2.45,0.5365,1.64,1.86,2.29,1.6,1.45,3.05,0.6109,0.8082,0.364,3.3,4.1,7.4,9.7,2.8,over_15_goals|btts_yes|total_8_corners,Over 1.5 goals + BTTS yes + 8+ corners,strong,Over 1.5 goals:won | BTTS yes:won | 8+ corners:lost,2,3,partial,14.0,6.0,4.0,A,,,,,
2025-09-27,15:00,2526,E0,Premier League,Chelsea,Brighton,A,No external context supplied,"Weather: rain 0.0mm, gusts 36.7km/h, snow 0.0cm",L W W W L,W L L L W,0.0,0.0,0.5,0.5,1.0,1.0,0.0,0.0,0.0,0.0,0.4568,0.2233,0.32,1.9,3.86,3.98,2.19,4.48,3.13,2.46,5.77,3.7,0.5678,1.59,1.76,2.14,1.5,1.35,2.85,0.5755,0.7773,0.3192,3.9,4.0,7.9,9.2,5.4,over_15_goals|btts_yes|total_3_cards,Over 1.5 goals + BTTS yes + 3+ cards,strong,Over 1.5 goals:won | BTTS yes:won | 3+ cards:won,3,3,won,6.0,12.0,10.0,H,,,,,
2025-09-27,15:00,2526,E0,Premier League,Crystal Palace,Liverpool,H,No external context supplied,"Weather: rain 0.1mm, gusts 38.9km/h, snow 0.0cm",D L W L D,D W L W D,0.0,1.0,0.5,0.5,1.0,1.0,0.0,0.0,0.0,0.0,0.3224,0.3015,0.3762,3.93,3.73,1.95,3.1,3.32,2.66,3.67,3.98,3.07,0.5449,1.72,1.84,2.25,1.55,1.5,3.05,0.612,0.8082,0.364,3.0,3.5,6.5,10.7,4.6,over_15_goals|btts_yes|total_8_corners|total_3_cards,Over 1.5 goals + BTTS yes + 8+ corners + 3+ cards,strong,Over 1.5 goals:won | BTTS yes:won | 8+ corners:won | 3+ cards:won,4,4,won,11.0,8.0,4.0,A,,,,,
2025-09-27,15:00,2526,E0,Premier League,Leeds,Bournemouth,D,No external context supplied,"Weather: rain 1.2mm, gusts 43.6km/h, snow 0.0cm",W L,L W,0.0,0.0,0.5,0.5,1.0,1.0,0.0,0.0,0.0,0.0,0.2843,0.281,0.4346,2.99,3.32,2.51,3.52,3.56,2.3,4.27,4.33,2.6,0.494,1.96,2.02,2.54,1.05,1.7,2.75,0.5313,0.7603,0.297,2.7,3.7,6.4,8.0,4.0,over_15_goals,Over 1.5 goals,lean,Over 1.5 goals:won,1,1,won,13.0,11.0,4.0,A,,,,,
2025-09-27,15:00,2526,E0,Premier League,Man City,Burnley,H,No external context supplied,"Weather: rain 6.7mm, gusts 44.6km/h, snow 0.0cm",W W W W W,L L L L L,1.0,0.0,0.5,0.5,1.0,1.0,0.0,0.0,0.0,0.0,0.723,0.1804,0.0966,1.17,8.36,14.45,1.38,5.54,10.35,1.49,7.67,21.44,0.5927,1.43,1.69,2.03,1.75,1.0,2.75,0.5223,0.7603,0.297,4.5,3.4,7.9,9.2,2.6,over_15_goals|home_4_sot,Over 1.5 goals + Man City 4+ SOT,lean,Over 1.5 goals:won | Man City 4+ SOT:won,2,2,won,10.0,12.0,4.0,H,,,,,
2025-09-27,17:30,2526,E0,Premier League,Nott'm Forest,Sunderland,A,No external context supplied,"Weather: rain 0.1mm, gusts 42.5km/h, snow 0.0cm",No recent H2H,No recent H2H,0.0,0.0,0.5,0.5,1.0,1.0,0.0,0.0,0.0,0.0,0.6584,0.2001,0.1414,1.78,3.82,4.76,1.52,5.0,7.07,1.64,6.66,10.94,0.5303,1.97,1.89,2.32,0.9,1.4,2.3,0.4471,0.6691,0.2007,3.6,3.8,7.4,9.6,3.0,total_8_corners,8+ corners,lean,8+ corners:won,1,1,won,9.0,11.0,6.0,H,,,,,
2025-09-27,20:00,2526,E0,Premier League,Tottenham,Wolves,D,No external context supplied,"Weather: rain 0.0mm, gusts 37.4km/h, snow 0.0cm",L L L D L,W W W D W,0.0,0.0,0.5,0.5,1.0,1.0,0.0,0.0,0.0,0.0,0.6071,0.2618,0.1311,1.49,4.96,6.08,1.65,3.82,7.63,1.8,4.72,12.33,0.5061,1.68,1.98,2.46,1.65,1.3,2.95,0.5878,0.7933,0.3416,4.0,3.9,7.9,9.8,4.2,over_15_goals|btts_yes|total_8_corners|total_3_cards,Over 1.5 goals + BTTS yes + 8+ corners + 3+ cards,strong,Over 1.5 goals:won | BTTS yes:won | 8+ corners:won | 3+ cards:won,4,4,won,6.0,19.0,5.0,H,,,,,
2025-09-27,16:00,2526,F1,Ligue 1,Lorient,Monaco,H,No external context supplied,,D D L D D,D D W D D,0.0,0.0,0.5,0.5,1.0,1.0,0.0,0.0,0.0,0.0,0.2811,0.2494,0.4695,5.28,4.36,1.62,3.56,4.01,2.13,4.33,5.02,2.38,0.4905,1.51,2.04,2.56,1.35,2.15,3.5,0.6545,0.8641,0.4634,3.1,4.2,7.3,9.6,6.4,over_15_goals|btts_yes|away_4_sot|total_8_corners|total_3_cards,Over 1.5 goals + BTTS yes + Monaco 4+ SOT + 8+ corners,strong,Over 1.5 goals:won | BTTS yes:won | Monaco 4+ SOT:lost | 8+ corners:lost | 3+ cards:won,3,5,partial,10.0,6.0,7.0,A,,,,,
2025-09-27,20:05,2526,F1,Ligue 1,Paris SG,Auxerre,H,No external context supplied,,W W D W,L L D L,1.0,0.0,0.5,0.5,1.0,1.0,0.0,0.0,0.0,0.0,0.6873,0.2068,0.1059,1.16,9.23,14.84,1.45,4.84,9.45,1.57,6.38,17.9,0.6777,1.29,1.48,1.73,1.75,1.2,2.95,0.5774,0.7933,0.3416,4.5,2.9,7.4,9.8,4.0,over_15_goals|btts_yes|home_4_sot|total_8_corners,Over 1.5 goals + BTTS yes + Paris SG 4+ SOT + 8+ corners,strong,Over 1.5 goals:won | BTTS yes:lost | Paris SG 4+ SOT:won | 8+ corners:won,3,4,partial,11.0,10.0,3.0,H,,,,,
2025-09-27,18:00,2526,F1,Ligue 1,Toulouse,Nantes,D,No external context supplied,,D W L D D,D L W D D,0.0,0.0,0.5,0.5,1.0,1.0,0.0,0.0,0.0,0.0,0.5689,0.249,0.1821,1.7,3.8,5.4,1.76,4.02,5.49,1.93,5.02,7.57,0.5221,2.05,1.92,2.37,1.05,1.1,2.15,0.4337,0.6331,0.1709,4.2,3.0,7.2,11.0,4.4,home_4_sot|total_8_corners|total_3_cards,Toulouse 4+ SOT + 8+ corners + 3+ cards,strong,Toulouse 4+ SOT:won | 8+ corners:lost | 3+ cards:won,2,3,partial,9.0,5.0,5.0,H,,,,,
2025-09-27,19:45,2526,I1,Serie A,Cagliari,Inter,A,No external context supplied,,L L D L L,W W D W W,0.0,1.0,0.5,0.5,1.0,1.0,0.0,0.0,0.0,0.0,0.2133,0.2737,0.5131,5.98,4.42,1.55,4.69,3.65,1.95,6.12,4.47,2.16,0.6088,1.76,1.64,1.97,1.2,1.5,2.7,0.5429,0.7513,0.2859,4.1,5.3,9.4,10.4,3.8,over_15_goals|btts_yes|away_4_sot|total_8_corners,Over 1.5 goals + BTTS yes + Inter 4+ SOT + 8+ corners,strong,Over 1.5 goals:won | BTTS yes:lost | Inter 4+ SOT:won | 8+ corners:won,3,4,partial,5.0,8.0,2.0,A,,,,,
2025-09-27,14:00,2526,I1,Serie A,Como,Cremonese,D,No external context supplied,,No recent H2H,No recent H2H,0.0,0.0,0.5,0.5,1.0,1.0,0.0,0.0,0.0,0.0,0.6877,0.2052,0.1071,1.47,4.63,7.03,1.45,4.87,9.33,1.57,6.44,17.51,0.5747,1.85,1.74,2.11,1.4,1.0,2.4,0.4762,0.6916,0.2213,4.8,3.3,8.1,8.5,4.8,home_4_sot|total_3_cards,Como 4+ SOT + 3+ cards,lean,Como 4+ SOT:won | 3+ cards:won,2,2,won,8.0,7.0,9.0,H,,,,,
2025-09-27,17:00,2526,I1,Serie A,Juventus,Atalanta,D,No external context supplied,,W D D D L,L D D D W,0.0,0.0,0.5,0.5,1.0,1.0,0.0,0.0,0.0,0.0,0.4809,0.2616,0.2575,1.88,3.71,4.28,2.08,3.82,3.88,2.32,4.73,4.82,0.5247,1.97,1.91,2.35,1.35,1.55,2.9,0.5835,0.7854,0.3304,4.7,4.3,9.0,9.2,3.4,over_15_goals|btts_yes|home_4_sot,Over 1.5 goals + BTTS yes + Juventus 4+ SOT,strong,Over 1.5 goals:won | BTTS yes:won | Juventus 4+ SOT:won,3,3,won,12.0,19.0,5.0,H,,,,,
2025-09-27,15:15,2526,SP1,La Liga,Ath Madrid,Real Madrid,H,No external context supplied,,D W D D D,D L D D D,0.0,1.0,0.5,0.5,1.0,1.0,0.0,0.0,0.0,0.0,0.3061,0.2993,0.3946,3.02,3.62,2.35,3.27,3.34,2.53,3.9,4.01,2.9,0.5561,1.66,1.8,2.19,1.45,1.65,3.1,0.6184,0.8153,0.3752,4.5,4.9,9.4,10.4,3.8,over_15_goals|btts_yes|home_4_sot|total_8_corners,Over 1.5 goals + BTTS yes + Ath Madrid 4+ SOT + 8+ corners,strong,Over 1.5 goals:won | BTTS yes:won | Ath Madrid 4+ SOT:won | 8+ corners:won,4,4,won,9.0,9.0,9.0,A,,,,,
2025-09-27,13:00,2526,SP1,La Liga,Getafe,Levante,D,No external context supplied,,L L W D W,W W L D L,0.0,0.0,0.5,0.5,1.0,1.0,0.0,0.0,0.0,0.0,0.5183,0.2884,0.1932,2.1,3.22,4.05,1.93,3.47,5.17,2.14,4.19,6.98,0.4858,2.44,2.06,2.59,1.65,1.75,3.4,0.6675,0.8532,0.4416,4.8,3.6,8.4,9.3,4.4,over_15_goals|btts_yes|home_4_sot|total_3_cards,Over 1.5 goals + BTTS yes + Getafe 4+ SOT + 3+ cards,strong,Over 1.5 goals:won | BTTS yes:won | Getafe 4+ SOT:won | 3+ cards:won,4,4,won,7.0,8.0,7.0,H,,,,,
2025-09-27,17:30,2526,SP1,La Liga,Mallorca,Alaves,H,No external context supplied,,W D D L D,L D D W D,0.0,0.0,0.5,0.5,1.0,1.0,0.0,0.0,0.0,0.0,0.514,0.2593,0.2267,2.42,3.03,3.45,1.95,3.86,4.41,2.16,4.78,5.66,0.4278,2.74,2.34,3.05,0.85,1.25,2.1,0.4085,0.6204,0.1614,4.3,4.1,8.4,9.3,3.6,home_4_sot,Mallorca 4+ SOT,lean,Mallorca 4+ SOT:lost,0,1,lost,6.0,12.0,5.0,H,,,,,
2025-09-27,20:00,2526,SP1,La Liga,Villarreal,Ath Bilbao,H,No external context supplied,,W L D L D,L W D W D,0.0,0.0,0.5,0.5,1.0,1.0,0.0,0.0,0.0,0.0,0.4661,0.2546,0.2794,2.11,3.33,3.86,2.15,3.93,3.58,2.4,4.89,4.36,0.4546,1.92,2.2,2.82,1.65,1.0,2.65,0.5107,0.7421,0.2749,3.7,3.5,7.2,9.4,4.8,over_15_goals|total_3_cards,Over 1.5 goals + 3+ cards,lean,Over 1.5 goals:lost | 3+ cards:lost,0,2,lost,9.0,11.0,2.0,H,,,,,
2025-09-28,16:30,2526,D1,Bundesliga,FC Koln,Stuttgart,A,No external context supplied,,L D L L D,W D W W D,0.0,0.0,0.5,0.5,1.0,1.0,0.0,0.0,0.0,0.0,0.3586,0.3297,0.3117,2.91,3.68,2.39,2.79,3.03,3.21,3.24,3.58,3.82,0.5102,1.53,1.96,2.44,1.4,1.8,3.2,0.6289,0.8288,0.3975,4.8,5.3,10.1,12.6,3.6,over_15_goals|btts_yes|home_4_sot|total_8_corners,Over 1.5 goals + BTTS yes + FC Koln 4+ SOT + 8+ corners,strong,Over 1.5 goals:won | BTTS yes:won | FC Koln 4+ SOT:won | 8+ corners:won,4,4,won,11.0,16.0,4.0,H,,,,,
2025-09-28,14:30,2526,D1,Bundesliga,Freiburg,Hoffenheim,D,No external context supplied,,W W W D W,L L L D L,0.0,0.0,0.5,0.5,1.0,1.0,0.0,0.0,0.0,0.0,0.4318,0.2959,0.2723,2.27,3.66,3.13,2.32,3.38,3.67,2.62,4.07,4.5,0.5032,1.58,1.99,2.48,2.25,1.85,4.1,0.7539,0.9155,0.5858,4.8,4.8,9.6,8.4,4.0,over_15_goals|btts_yes|home_4_sot,Over 1.5 goals + BTTS yes + Freiburg 4+ SOT,strong,Over 1.5 goals:won | BTTS yes:won | Freiburg 4+ SOT:lost,2,3,partial,5.0,14.0,4.0,H,,,,,
2025-09-28,18:30,2526,D1,Bundesliga,Union Berlin,Hamburg,D,No external context supplied,,No recent H2H,No recent H2H,0.0,0.0,0.5,0.5,1.0,1.0,0.0,0.0,0.0,0.0,0.368,0.4186,0.2135,1.99,3.7,3.82,2.72,2.39,4.68,3.15,2.71,6.12,0.33,1.78,3.03,4.35,1.7,1.65,3.35,0.6604,0.8474,0.4307,5.4,5.7,11.1,9.9,5.4,over_15_goals|btts_yes|home_4_sot|total_8_corners|total_3_cards,Over 1.5 goals + BTTS yes + Union Berlin 4+ SOT + 8+ corners,strong,Over 1.5 goals:lost | BTTS yes:lost | Union Berlin 4+ SOT:lost | 8+ corners:won | 3+ cards:won,2,5,partial,8.0,8.0,6.0,D,,,,,
2025-09-28,14:00,2526,E0,Premier League,Aston Villa,Fulham,H,No external context supplied,"Weather: rain 3.3mm, gusts 35.6km/h, snow 0.0cm",W W W W W,L L L L L,0.0,0.0,0.5,0.5,1.0,1.0,0.0,0.0,0.0,0.0,0.5788,0.2057,0.2156,2.3,3.15,3.55,1.73,4.86,4.64,1.89,6.42,6.04,0.5311,2.11,1.88,2.32,1.0,1.05,2.05,0.4109,0.6074,0.152,3.1,3.0,6.1,10.5,4.4,total_8_corners|total_3_cards,8+ corners + 3+ cards,lean,8+ corners:won | 3+ cards:won,2,2,won,8.0,10.0,5.0,H,,,,,
2025-09-28,16:30,2526,E0,Premier League,Newcastle,Arsenal,A,No external context supplied,"Weather: rain 9.4mm, gusts 32.8km/h, snow 0.0cm",L W L W L,W L W L W,0.0,0.0,0.5,0.5,1.0,1.0,0.0,0.0,0.0,0.0,0.3629,0.3097,0.3274,3.64,3.4,2.15,2.76,3.23,3.05,3.2,3.85,3.6,0.4917,2.08,2.03,2.55,0.9,1.2,2.1,0.4147,0.6204,0.1614,2.8,3.0,5.8,9.5,3.2,total_8_corners,8+ corners,lean,8+ corners:won,1,1,won,10.0,19.0,3.0,H,,,,,
2025-09-28,16:15,2526,F1,Ligue 1,Angers,Brest,A,No external context supplied,,W L L W L,L W W L W,0.0,0.0,0.5,0.5,1.0,1.0,0.0,0.0,0.0,0.0,0.2835,0.2982,0.4183,3.08,3.43,2.4,3.53,3.35,2.39,4.28,4.03,2.72,0.4441,1.96,2.25,2.91,1.55,1.25,2.8,0.5621,0.7689,0.3081,4.2,5.0,9.2,9.6,3.6,over_15_goals|btts_yes|home_4_sot|total_8_corners,Over 1.5 goals + BTTS yes + Angers 4+ SOT + 8+ corners,strong,Over 1.5 goals:won | BTTS yes:lost | Angers 4+ SOT:lost | 8+ corners:won,2,4,partial,5.0,15.0,2.0,A,,,,,
2025-09-28,16:15,2526,F1,Ligue 1,Lille,Lyon,A,No external context supplied,,D W L D L,D L W D W,0.0,0.0,0.5,0.5,1.0,1.0,0.0,0.0,0.0,0.0,0.5159,0.2054,0.2787,2.26,3.49,3.28,1.94,4.87,3.59,2.15,6.44,4.37,0.5466,1.73,1.83,2.24,1.55,1.4,2.95,0.5935,0.7933,0.3416,4.2,4.4,8.6,11.4,4.2,over_15_goals|btts_yes|home_4_sot|total_8_corners|total_3_cards,Over 1.5 goals + BTTS yes + Lille 4+ SOT + 8+ corners,strong,Over 1.5 goals:lost | BTTS yes:lost | Lille 4+ SOT:lost | 8+ corners:lost | 3+ cards:won,1,5,partial,5.0,7.0,10.0,H,,,,,
2025-09-28,16:15,2526,F1,Ligue 1,Metz,Le Havre,D,No external context supplied,,D W,D L,0.0,0.0,0.5,0.5,1.0,1.0,0.0,0.0,0.0,0.0,0.3467,0.3034,0.3499,2.67,3.46,2.7,2.88,3.3,2.86,3.37,3.95,3.33,0.4843,1.95,2.06,2.6,1.35,1.8,3.15,0.6183,0.8222,0.3863,3.2,5.2,8.4,8.5,3.4,over_15_goals|btts_yes|away_4_sot,Over 1.5 goals + BTTS yes + Le Havre 4+ SOT,strong,Over 1.5 goals:lost | BTTS yes:lost | Le Havre 4+ SOT:lost,0,3,lost,2.0,10.0,4.0,A,,,,,
2025-09-28,14:00,2526,F1,Ligue 1,Nice,Paris FC,D,No external context supplied,,No recent H2H,No recent H2H,0.0,0.0,0.5,0.5,1.0,1.0,0.0,0.0,0.0,0.0,0.58,0.2274,0.1926,1.88,3.99,3.96,1.72,4.4,5.19,1.89,5.64,7.01,0.5971,1.58,1.67,2.01,2.1,1.55,3.65,0.6913,0.8791,0.4954,4.6,5.6,10.2,9.7,4.0,over_15_goals|btts_yes|home_4_sot|total_8_corners,Over 1.5 goals + BTTS yes + Nice 4+ SOT + 8+ corners,strong,Over 1.5 goals:won | BTTS yes:won | Nice 4+ SOT:won | 8+ corners:won,4,4,won,8.0,10.0,2.0,H,,,,,
2025-09-28,19:45,2526,F1,Ligue 1,Rennes,Lens,D,No external context supplied,,L D D D L,W D D D W,0.0,0.0,0.5,0.5,1.0,1.0,0.0,0.0,0.0,0.0,0.4051,0.3034,0.2915,2.54,3.59,2.77,2.47,3.3,3.43,2.82,3.95,4.14,0.482,1.71,2.07,2.62,1.35,1.85,3.2,0.6243,0.8288,0.3975,4.2,5.2,9.4,10.8,4.0,over_15_goals|btts_yes|home_4_sot|total_8_corners,Over 1.5 goals + BTTS yes + Rennes 4+ SOT + 8+ corners,strong,Over 1.5 goals:lost | BTTS yes:lost | Rennes 4+ SOT:lost | 8+ corners:won,1,4,partial,4.0,12.0,7.0,H,,,,,
2025-09-28,17:00,2526,I1,Serie A,Lecce,Bologna,D,No external context supplied,,L D L L D,W D W W D,0.0,0.0,0.5,0.5,1.0,1.0,0.0,0.0,0.0,0.0,0.2984,0.2771,0.4246,4.17,3.19,2.08,3.35,3.61,2.36,4.03,4.4,2.67,0.4858,2.52,2.06,2.59,0.95,1.15,2.1,0.4191,0.6204,0.1614,2.9,4.4,7.3,11.0,4.8,away_4_sot|total_8_corners|total_3_cards,Bologna 4+ SOT + 8+ corners + 3+ cards,strong,Bologna 4+ SOT:won | 8+ corners:won | 3+ cards:won,3,3,won,9.0,12.0,6.0,A,,,,,
2025-09-28,19:45,2526,I1,Serie A,Milan,Napoli,H,No external context supplied,,W D W L L,L D L W W,0.0,0.0,0.5,0.5,1.0,1.0,0.0,0.0,0.0,0.0,0.4178,0.3849,0.1973,2.34,3.3,3.3,2.39,2.6,5.07,2.72,2.99,6.79,0.5261,2.12,1.9,2.35,1.1,1.25,2.35,0.476,0.6805,0.2109,4.0,4.2,8.2,9.4,2.0,away_4_sot,Napoli 4+ SOT,lean,Napoli 4+ SOT:won,1,1,won,10.0,8.0,3.0,H,,,,,
2025-09-28,14:00,2526,I1,Serie A,Pisa,Fiorentina,D,No external context supplied,,No recent H2H,No recent H2H,0.0,0.0,0.5,0.5,1.0,1.0,0.0,0.0,0.0,0.0,0.2384,0.2108,0.5509,3.47,3.33,2.25,4.2,4.74,1.82,5.31,6.22,2.0,0.5696,2.25,1.76,2.13,1.12,1.45,2.58,0.5169,0.7278,0.2586,4.53,4.5,9.03,10.1,3.25,over_15_goals|home_4_sot|total_8_corners,Over 1.5 goals + Pisa 4+ SOT + 8+ corners,strong,Over 1.5 goals:lost | Pisa 4+ SOT:lost | 8+ corners:won,1,3,partial,3.0,10.0,1.0,A,A,0.0868,Serie A A mid 8%+,21,0.3548
2025-09-28,14:00,2526,I1,Serie A,Roma,Verona,H,No external context supplied,,W L W L W,L W L W L,0.0,0.0,0.5,0.5,1.0,1.0,0.0,0.0,0.0,0.0,0.5883,0.268,0.1437,1.47,4.41,7.5,1.7,3.73,6.96,1.86,4.59,10.67,0.3775,2.08,2.65,3.6,1.25,0.5,1.75,0.2807,0.5221,0.1008,4.6,3.7,8.3,8.5,3.0,home_4_sot,Roma 4+ SOT,lean,Roma 4+ SOT:won,1,1,won,8.0,9.0,4.0,H,,,,,
2025-09-28,11:30,2526,I1,Serie A,Sassuolo,Udinese,H,No external context supplied,,D L D D D,D W D D D,0.0,0.0,0.5,0.5,1.0,1.0,0.0,0.0,0.0,0.0,0.3543,0.3004,0.3453,2.37,3.33,3.22,2.82,3.33,2.9,3.29,3.99,3.39,0.485,2.07,2.06,2.6,1.15,1.45,2.6,0.5231,0.7326,0.264,4.5,4.4,8.9,9.0,6.0,over_15_goals|home_4_sot|total_3_cards,Over 1.5 goals + Sassuolo 4+ SOT + 3+ cards,strong,Over 1.5 goals:won | Sassuolo 4+ SOT:won | 3+ cards:won,3,3,won,10.0,6.0,3.0,H,,,,,
2025-09-28,17:30,2526,SP1,La Liga,Barcelona,Sociedad,H,No external context supplied,,L W W L W,W L L W L,1.0,0.0,0.5,0.5,1.0,1.0,0.0,0.0,0.0,0.0,0.5943,0.1997,0.2061,1.29,5.34,12.23,1.68,5.01,4.85,1.84,6.68,6.41,0.6173,1.31,1.62,1.93,2.4,0.95,3.35,0.5576,0.8474,0.4307,5.9,4.3,10.2,10.8,3.6,over_15_goals|btts_yes|home_4_sot|total_8_corners,Over 1.5 goals + BTTS yes + Barcelona 4+ SOT + 8+ corners,strong,Over 1.5 goals:won | BTTS yes:won | Barcelona 4+ SOT:won | 8+ corners:won,4,4,won,14.0,13.0,3.0,H,,,,,
2025-09-28,20:00,2526,SP1,La Liga,Betis,Osasuna,H,No external context supplied,,L W W W D,W L L L D,0.0,0.0,0.5,0.5,1.0,1.0,0.0,0.0,0.0,0.0,0.4401,0.2821,0.2778,1.8,3.85,4.54,2.27,3.55,3.6,2.56,4.31,4.39,0.5158,1.88,1.94,2.41,1.05,1.3,2.35,0.4729,0.6805,0.2109,4.7,4.2,8.9,9.2,5.0,home_4_sot|total_3_cards,Betis 4+ SOT + 3+ cards,lean,Betis 4+ SOT:won | 3+ cards:lost,1,2,partial,7.0,10.0,1.0,H,,,,,
2025-09-28,15:15,2526,SP1,La Liga,Elche,Celta,H,No external context supplied,,L W L L L,W L W W W,0.0,0.0,0.5,0.5,1.0,1.0,0.0,0.0,0.0,0.0,0.3218,0.344,0.3342,2.89,3.2,2.68,3.11,2.91,2.99,3.68,3.4,3.52,0.4858,2.17,2.06,2.59,1.2,1.0,2.2,0.4417,0.6454,0.1806,4.0,3.7,7.7,8.5,3.4,,No builder lean,none,,,0,,10.0,9.0,6.0,D,,,,,
2025-09-28,13:00,2526,SP1,La Liga,Vallecano,Sevilla,A,No external context supplied,,D D L L D,D D W W D,0.0,0.0,0.5,0.5,1.0,1.0,0.0,0.0,0.0,0.0,0.4307,0.3026,0.2667,2.04,3.39,4.02,2.32,3.3,3.75,2.63,3.96,4.61,0.5353,2.1,1.87,2.3,1.55,1.35,2.9,0.5835,0.7854,0.3304,4.4,4.2,8.6,9.7,6.4,over_15_goals|btts_yes|home_4_sot|total_8_corners|total_3_cards,Over 1.5 goals + BTTS yes + Vallecano 4+ SOT + 8+ corners,strong,Over 1.5 goals:lost | BTTS yes:lost | Vallecano 4+ SOT:won | 8+ corners:won | 3+ cards:won,3,5,partial,7.0,16.0,7.0,H,,,,,
2025-09-29,20:00,2526,E0,Premier League,Everton,West Ham,D,No external context supplied,"Weather: rain 0.0mm, gusts 18.0km/h, snow 0.0cm",L W L D D,W L W D D,0.0,0.0,0.5,0.5,1.0,1.0,0.0,0.0,0.0,0.0,0.4958,0.3022,0.202,1.74,3.88,4.9,2.02,3.31,4.95,2.24,3.97,6.58,0.55,1.91,1.82,2.22,1.7,1.15,2.85,0.5585,0.7773,0.3192,3.5,3.8,7.3,11.0,3.8,over_15_goals|btts_yes|total_8_corners,Over 1.5 goals + BTTS yes + 8+ corners,strong,Over 1.5 goals:won | BTTS yes:won | 8+ corners:won,3,3,won,9.0,8.0,7.0,H,,,,,
2025-09-29,19:45,2526,I1,Serie A,Genoa,Lazio,A,No external context supplied,,L W L L L,W L W W W,0.0,0.0,0.5,0.5,1.0,1.0,0.0,0.0,0.0,0.0,0.3291,0.2879,0.383,3.02,3.12,2.63,3.04,3.47,2.61,3.58,4.2,3.0,0.4546,2.29,2.2,2.82,1.0,1.35,2.35,0.4682,0.6805,0.2109,3.8,3.7,7.5,10.1,5.4,total_8_corners|total_3_cards,8+ corners + 3+ cards,lean,8+ corners:lost | 3+ cards:won,1,2,partial,11.0,6.0,6.0,A,,,,,
2025-09-29,17:30,2526,I1,Serie A,Parma,Torino,H,No external context supplied,,D L L D D,D W W D D,0.0,0.0,0.5,0.5,1.0,1.0,0.0,0.0,0.0,0.0,0.3184,0.2992,0.3824,2.34,3.19,3.42,3.14,3.34,2.62,3.73,4.01,3.01,0.494,2.19,2.02,2.54,1.2,0.8,2.0,0.3848,0.594,0.1429,5.1,4.3,9.4,7.7,2.4,home_4_sot,Parma 4+ SOT,lean,Parma 4+ SOT:lost,0,1,lost,6.0,7.0,6.0,A,,,,,
2025-09-30,19:00,2526,SP1,La Liga,Valencia,Oviedo,A,No external context supplied,,No recent H2H,No recent H2H,0.0,0.0,0.5,0.5,1.0,1.0,0.0,0.0,0.0,0.0,0.5386,0.2378,0.2236,1.75,3.79,5.0,1.86,4.21,4.47,2.05,5.32,5.76,0.5712,2.09,1.75,2.12,1.52,0.82,2.33,0.4356,0.6768,0.2075,4.7,4.2,8.9,10.1,5.0,home_4_sot|total_8_corners|total_3_cards,Valencia 4+ SOT + 8+ corners + 3+ cards,strong,Valencia 4+ SOT:won | 8+ corners:won | 3+ cards:won,3,3,won,9.0,9.0,7.0,H,,,,,
2025-10-03,19:30,2526,D1,Bundesliga,Hoffenheim,FC Koln,A,No external context supplied,,W D L W D,L D W L D,0.0,0.0,0.5,0.5,1.0,1.0,0.0,0.0,0.0,0.0,0.5085,0.3129,0.1786,1.93,3.98,3.79,1.97,3.2,5.6,2.18,3.8,7.77,0.5341,1.53,1.87,2.3,1.85,2.1,3.95,0.7396,0.9047,0.5567,4.9,5.0,9.9,11.4,3.8,over_15_goals|btts_yes|home_4_sot|total_8_corners,Over 1.5 goals + BTTS yes + Hoffenheim 4+ SOT + 8+ corners,strong,Over 1.5 goals:lost | BTTS yes:lost | Hoffenheim 4+ SOT:won | 8+ corners:won,2,4,partial,8.0,17.0,4.0,H,,,,,
2025-10-03,20:00,2526,E0,Premier League,Bournemouth,Fulham,H,No external context supplied,"Weather: rain 13.6mm, gusts 77.8km/h, snow 0.0cm",W W L D W,L L W D L,0.0,0.0,0.5,0.5,1.0,1.0,0.0,0.0,0.0,0.0,0.4247,0.3006,0.2747,1.99,3.6,3.93,2.35,3.33,3.64,2.67,3.99,4.45,0.4858,1.93,2.06,2.59,1.45,1.15,2.6,0.5231,0.7326,0.264,4.1,3.0,7.1,9.8,5.2,over_15_goals|total_8_corners|total_3_cards,Over 1.5 goals + 8+ corners + 3+ cards,strong,Over 1.5 goals:won | 8+ corners:lost | 3+ cards:lost,1,3,partial,10.0,7.0,1.0,H,,,,,
2025-10-03,19:45,2526,F1,Ligue 1,Paris FC,Lorient,H,No external context supplied,,No recent H2H,No recent H2H,0.0,0.0,0.5,0.5,1.0,1.0,0.0,0.0,0.0,0.0,0.6008,0.2383,0.1609,1.78,3.98,4.52,1.66,4.2,6.21,1.82,5.31,9.01,0.4952,1.68,2.02,2.53,1.88,1.88,3.77,0.719,0.8898,0.5197,5.0,4.8,9.8,9.0,5.6,over_15_goals|btts_yes|home_4_sot|total_3_cards,Over 1.5 goals + BTTS yes + Paris FC 4+ SOT + 3+ cards,strong,Over 1.5 goals:won | BTTS yes:lost | Paris FC 4+ SOT:lost | 3+ cards:lost,1,4,partial,5.0,6.0,2.0,H,,,,,
2025-10-03,19:45,2526,I1,Serie A,Verona,Sassuolo,A,No external context supplied,,W L W L W,L W L W L,0.0,0.0,0.5,0.5,1.0,1.0,0.0,0.0,0.0,0.0,0.4903,0.2698,0.2399,2.68,3.15,2.92,2.04,3.71,4.17,2.27,4.55,5.27,0.4858,2.22,2.06,2.59,1.2,1.25,2.45,0.4986,0.7023,0.2318,4.7,4.2,8.9,8.1,5.0,home_4_sot|total_3_cards,Verona 4+ SOT + 3+ cards,lean,Verona 4+ SOT:won | 3+ cards:won,2,2,won,12.0,6.0,4.0,H,,,,,
2025-10-03,20:00,2526,SP1,La Liga,Osasuna,Getafe,H,No external context supplied,,L L W D L,W W L D W,0.0,0.0,0.5,0.5,1.0,1.0,0.0,0.0,0.0,0.0,0.4368,0.2812,0.282,2.16,2.94,4.31,2.29,3.56,3.55,2.59,4.32,4.31,0.4576,3.15,2.19,2.8,1.2,0.95,2.15,0.4285,0.6331,0.1709,3.5,3.9,7.4,7.9,5.2,total_3_cards,3+ cards,lean,3+ cards:won,1,1,won,5.0,7.0,5.0,H,,,,,
2025-10-04,14:30,2526,D1,Bundesliga,Augsburg,Wolfsburg,H,No external context supplied,,D W W D W,D L L D L,0.0,0.0,0.5,0.5,1.0,1.0,0.0,0.0,0.0,0.0,0.3517,0.3417,0.3066,2.86,3.58,2.48,2.84,2.93,3.26,3.31,3.43,3.9,0.53,1.7,1.89,2.33,1.3,1.75,3.05,0.6011,0.8082,0.364,4.3,4.9,9.2,10.3,6.2,over_15_goals|btts_yes|home_4_sot|total_8_corners|total_3_cards,Over 1.5 goals + BTTS yes + Augsburg 4+ SOT + 8+ corners,strong,Over 1.5 goals:won | BTTS yes:won | Augsburg 4+ SOT:won | 8+ corners:won | 3+ cards:won,5,5,won,9.0,15.0,3.0,H,,,,,
2025-10-04,14:30,2526,D1,Bundesliga,Dortmund,RB Leipzig,D,No external context supplied,,W L L W L,L W W L W,0.0,0.0,0.5,0.5,1.0,1.0,0.0,0.0,0.0,0.0,0.4472,0.3091,0.2437,1.7,4.67,4.25,2.24,3.24,4.1,2.52,3.86,5.16,0.566,1.36,1.77,2.15,2.3,1.1,3.4,0.6002,0.8532,0.4416,5.0,3.7,8.7,10.6,3.2,over_15_goals|btts_yes|home_4_sot|total_8_corners,Over 1.5 goals + BTTS yes + Dortmund 4+ SOT + 8+ corners,strong,Over 1.5 goals:won | BTTS yes:won | Dortmund 4+ SOT:lost | 8+ corners:won,3,4,partial,6.0,14.0,4.0,H,,,,,
2025-10-04,17:30,2526,D1,Bundesliga,Ein Frankfurt,Bayern Munich,A,No external context supplied,,D W L D L,D L W D W,0.0,0.0,0.5,0.5,1.0,1.0,0.0,0.0,0.0,0.0,0.1678,0.2688,0.5634,6.14,5.53,1.44,5.96,3.72,1.78,8.49,4.57,1.95,0.5099,1.28,1.96,2.44,1.65,2.75,4.4,0.7563,0.9337,0.6406,4.3,8.6,12.9,9.8,5.2,over_15_goals|btts_yes|home_4_sot|total_8_corners|total_3_cards,Over 1.5 goals + BTTS yes + Ein Frankfurt 4+ SOT + 8+ corners,strong,Over 1.5 goals:won | BTTS yes:lost | Ein Frankfurt 4+ SOT:lost | 8+ corners:lost | 3+ cards:won,2,5,partial,4.0,7.0,3.0,A,,,,,
2025-10-04,14:30,2526,D1,Bundesliga,Leverkusen,Union Berlin,H,No external context supplied,,D W W W D,D L L L D,0.0,0.0,0.5,0.5,1.0,1.0,0.0,0.0,0.0,0.0,0.6319,0.2133,0.1549,1.7,4.1,4.88,1.58,4.69,6.46,1.72,6.12,9.54,0.4864,1.75,2.06,2.59,2.05,1.7,3.75,0.7121,0.8883,0.5162,6.3,4.4,10.7,10.4,6.6,over_15_goals|btts_yes|home_4_sot|total_8_corners|total_3_cards,Over 1.5 goals + BTTS yes + Leverkusen 4+ SOT + 8+ corners,strong,Over 1.5 goals:won | BTTS yes:lost | Leverkusen 4+ SOT:lost | 8+ corners:won | 3+ cards:won,3,5,partial,6.0,8.0,4.0,H,,,,,
2025-10-04,14:30,2526,D1,Bundesliga,Werder Bremen,St Pauli,H,No external context supplied,,W D,L D,0.0,0.0,0.5,0.5,1.0,1.0,0.0,0.0,0.0,0.0,0.3906,0.3407,0.2687,2.43,3.67,2.87,2.56,2.93,3.72,2.94,3.44,4.57,0.53,1.74,1.89,2.33,1.45,1.4,2.85,0.5767,0.7773,0.3192,5.1,5.8,10.9,9.0,5.0,over_15_goals|btts_yes|home_4_sot|total_3_cards,Over 1.5 goals + BTTS yes + Werder Bremen 4+ SOT + 3+ cards,strong,Over 1.5 goals:lost | BTTS yes:lost | Werder Bremen 4+ SOT:won | 3+ cards:won,2,4,partial,8.0,5.0,4.0,H,,,,,
2025-10-04,15:00,2526,E0,Premier League,Arsenal,West Ham,H,No external context supplied,"Weather: rain 4.3mm, gusts 83.5km/h, snow 0.0cm",D L W W L,D W L L W,0.0,0.0,0.5,0.5,1.0,1.0,0.0,0.0,0.0,0.0,0.6714,0.207,0.1216,1.21,6.93,13.68,1.49,4.83,8.22,1.61,6.37,13.96,0.5079,1.52,1.97,2.45,1.8,1.05,2.85,0.5426,0.7773,0.3192,4.5,3.3,7.8,12.6,2.8,over_15_goals|btts_yes|home_4_sot|total_8_corners,Over 1.5 goals + BTTS yes + Arsenal 4+ SOT + 8+ corners,strong,Over 1.5 goals:won | BTTS yes:lost | Arsenal 4+ SOT:won | 8+ corners:won,3,4,partial,5.0,11.0,2.0,H,,,,,
2025-10-04,17:30,2526,E0,Premier League,Chelsea,Liverpool,H,No external context supplied,"Weather: rain 4.4mm, gusts 81.4km/h, snow 0.0cm",D D L L W,D D W W L,0.0,1.0,0.5,0.5,1.0,1.0,0.0,0.0,0.0,0.0,0.4411,0.2396,0.3192,2.92,3.89,2.3,2.27,4.17,3.13,2.56,5.27,3.71,0.5971,1.53,1.67,2.01,1.6,1.45,3.05,0.6109,0.8082,0.364,3.6,3.6,7.2,10.5,5.8,over_15_goals|btts_yes|total_8_corners|total_3_cards,Over 1.5 goals + BTTS yes + 8+ corners + 3+ cards,strong,Over 1.5 goals:won | BTTS yes:won | 8+ corners:won | 3+ cards:lost,3,4,partial,8.0,9.0,2.0,H,,,,,
2025-10-04,12:30,2526,E0,Premier League,Leeds,Tottenham,A,No external context supplied,"Weather: rain 4.6mm, gusts 73.4km/h, snow 0.0cm",W L L L L,L W W W W,0.0,0.0,0.5,0.5,1.0,1.0,0.0,0.0,0.0,0.0,0.3582,0.2706,0.3711,2.78,3.56,2.55,2.79,3.7,2.69,3.24,4.53,3.11,0.5221,1.89,1.92,2.37,1.2,1.65,2.85,0.5646,0.7773,0.3192,3.8,3.8,7.6,9.8,4.0,over_15_goals|btts_yes|total_8_corners,Over 1.5 goals + BTTS yes + 8+ corners,strong,Over 1.5 goals:won | BTTS yes:won | 8+ corners:lost,2,3,partial,7.0,5.0,5.0,A,,,,,
2025-10-04,15:00,2526,E0,Premier League,Man United,Sunderland,H,No external context supplied,"Weather: rain 14.8mm, gusts 74.2km/h, snow 0.0cm",No recent H2H,No recent H2H,0.0,0.0,0.5,0.5,1.0,1.0,0.0,0.0,0.0,0.0,0.5855,0.2342,0.1803,1.51,4.7,6.18,1.71,4.27,5.55,1.87,5.43,7.67,0.5802,1.64,1.72,2.08,0.93,1.48,2.42,0.4691,0.6952,0.2248,4.1,3.3,7.4,8.9,3.4,,No builder lean,none,,,0,,9.0,5.0,5.0,H,,,,,
2025-10-04,20:05,2526,F1,Ligue 1,Auxerre,Lens,A,No external context supplied,,L L D W,W W D L,0.0,0.0,0.5,0.5,1.0,1.0,0.0,0.0,0.0,0.0,0.3214,0.2792,0.3993,3.79,3.87,1.95,3.11,3.58,2.5,3.68,4.36,2.86,0.53,1.81,1.89,2.33,1.1,1.45,2.55,0.5106,0.7228,0.2532,3.7,4.7,8.4,10.7,5.2,over_15_goals|away_4_sot|total_8_corners|total_3_cards,Over 1.5 goals + Lens 4+ SOT + 8+ corners + 3+ cards,strong,Over 1.5 goals:won | Lens 4+ SOT:won | 8+ corners:lost | 3+ cards:won,3,4,partial,6.0,4.0,12.0,A,,,,,
2025-10-04,18:00,2526,F1,Ligue 1,Brest,Nantes,D,No external context supplied,,W W D W W,L L D L L,0.0,0.0,0.5,0.5,1.0,1.0,0.0,0.0,0.0,0.0,0.4479,0.2789,0.2731,1.88,3.76,4.23,2.23,3.59,3.66,2.51,4.37,4.48,0.5085,1.87,1.97,2.45,1.2,1.5,2.7,0.5429,0.7513,0.2859,4.7,3.7,8.4,10.8,3.4,over_15_goals|btts_yes|home_4_sot|total_8_corners,Over 1.5 goals + BTTS yes + Brest 4+ SOT + 8+ corners,strong,Over 1.5 goals:lost | BTTS yes:lost | Brest 4+ SOT:won | 8+ corners:won,2,4,partial,5.0,15.0,3.0,H,,,,,
2025-10-04,16:00,2526,F1,Ligue 1,Metz,Marseille,A,No external context supplied,,D D L D D,D D W D D,0.0,0.0,0.5,0.5,1.0,1.0,0.0,0.0,0.0,0.0,0.2277,0.255,0.5173,6.24,4.71,1.5,4.39,3.92,1.93,5.63,4.88,2.14,0.5916,1.59,1.69,2.03,0.95,2.3,3.25,0.5518,0.8352,0.4086,2.8,5.7,8.5,10.0,4.4,over_15_goals|btts_yes|away_4_sot|total_8_corners|total_3_cards,Over 1.5 goals + BTTS yes + Marseille 4+ SOT + 8+ corners,strong,Over 1.5 goals:won | BTTS yes:lost | Marseille 4+ SOT:won | 8+ corners:won | 3+ cards:lost,3,5,partial,10.0,8.0,0.0,A,,,,,
2025-10-04,19:45,2526,I1,Serie A,Atalanta,Como,D,No external context supplied,,L W,W L,0.0,0.0,0.5,0.5,1.0,1.0,0.0,0.0,0.0,0.0,0.4744,0.2143,0.3113,2.27,3.4,3.35,2.11,4.67,3.21,2.36,6.09,3.83,0.5663,1.74,1.77,2.14,1.5,1.15,2.65,0.5309,0.7421,0.2749,3.6,4.8,8.4,8.7,5.2,over_15_goals|away_4_sot|total_3_cards,Over 1.5 goals + Como 4+ SOT + 3+ cards,strong,Over 1.5 goals:won | Como 4+ SOT:won | 3+ cards:won,3,3,won,8.0,11.0,4.0,H,,,,,
2025-10-04,17:00,2526,I1,Serie A,Inter,Cremonese,H,No external context supplied,,W W,L L,1.0,0.0,0.5,0.5,1.0,1.0,0.0,0.0,0.0,0.0,0.5829,0.2266,0.1905,1.21,7.35,12.7,1.72,4.41,5.25,1.88,5.66,7.12,0.5872,1.47,1.7,2.05,1.7,1.15,2.85,0.5585,0.7773,0.3192,5.8,3.2,9.0,10.2,3.6,over_15_goals|btts_yes|home_4_sot|total_8_corners,Over 1.5 goals + BTTS yes + Inter 4+ SOT + 8+ corners,strong,Over 1.5 goals:won | BTTS yes:won | Inter 4+ SOT:won | 8+ corners:won,4,4,won,11.0,14.0,2.0,H,,,,,
2025-10-04,14:00,2526,I1,Serie A,Lazio,Torino,D,No external context supplied,,L W W W D,W L L L D,0.0,0.0,0.5,0.5,1.0,1.0,0.0,0.0,0.0,0.0,0.5843,0.2269,0.1889,1.72,3.53,5.74,1.71,4.41,5.3,1.87,5.65,7.2,0.5201,2.06,1.92,2.38,1.55,0.65,2.2,0.3765,0.6454,0.1806,4.3,4.5,8.8,8.0,4.0,home_4_sot,Lazio 4+ SOT,lean,Lazio 4+ SOT:won,1,1,won,12.0,8.0,6.0,H,,,,,
2025-10-04,14:00,2526,I1,Serie A,Parma,Lecce,A,No external context supplied,,W W D L,L L D W,0.0,0.0,0.5,0.5,1.0,1.0,0.0,0.0,0.0,0.0,0.5349,0.2728,0.1923,1.85,3.68,4.45,1.87,3.67,5.2,2.06,4.49,7.03,0.4383,2.14,2.28,2.96,1.1,1.05,2.15,0.4337,0.6331,0.1709,4.2,3.5,7.7,8.9,3.6,home_4_sot,Parma 4+ SOT,lean,Parma 4+ SOT:lost,0,1,lost,5.0,13.0,3.0,H,,,,,
2025-10-04,17:30,2526,SP1,La Liga,Ath Bilbao,Mallorca,H,No external context supplied,,D D W D D,D D L D D,0.0,0.0,0.5,0.5,1.0,1.0,0.0,0.0,0.0,0.0,0.571,0.2821,0.1469,1.58,3.91,6.72,1.75,3.54,6.81,1.92,4.31,10.32,0.5102,2.17,1.96,2.44,1.25,0.95,2.2,0.4376,0.6454,0.1806,4.7,4.1,8.8,11.2,3.6,home_4_sot|total_8_corners,Ath Bilbao 4+ SOT + 8+ corners,lean,Ath Bilbao 4+ SOT:won | 8+ corners:won,2,2,won,7.0,9.0,13.0,H,,,,,
2025-10-04,15:15,2526,SP1,La Liga,Girona,Valencia,H,No external context supplied,,W W W L D,L L L W D,0.0,0.0,0.5,0.5,1.0,1.0,0.0,0.0,0.0,0.0,0.4783,0.2657,0.256,2.52,3.41,2.91,2.09,3.76,3.91,2.34,4.64,4.85,0.55,1.92,1.82,2.22,1.05,1.65,2.7,0.5252,0.7513,0.2859,5.0,4.5,9.5,11.1,4.4,over_15_goals|home_4_sot|total_8_corners|total_3_cards,Over 1.5 goals + Girona 4+ SOT + 8+ corners + 3+ cards,strong,Over 1.5 goals:won | Girona 4+ SOT:won | 8+ corners:lost | 3+ cards:won,3,4,partial,10.0,7.0,10.0,H,,,,,
2025-10-04,13:00,2526,SP1,La Liga,Oviedo,Levante,A,No external context supplied,,No recent H2H,No recent H2H,0.0,0.0,0.5,0.5,1.0,1.0,0.0,0.0,0.0,0.0,0.2717,0.245,0.4834,2.56,3.34,2.92,3.68,4.08,2.07,4.51,5.13,2.31,0.4694,2.19,2.13,2.71,1.44,1.76,3.19,0.6306,0.8279,0.3959,4.2,4.4,8.6,9.5,6.0,over_15_goals|btts_yes|home_4_sot|total_8_corners|total_3_cards,Over 1.5 goals + BTTS yes + Oviedo 4+ SOT + 8+ corners,strong,Over 1.5 goals:won | BTTS yes:lost | Oviedo 4+ SOT:lost | 8+ corners:won | 3+ cards:won,3,5,partial,7.0,12.0,4.0,A,,,,,
2025-10-04,20:00,2526,SP1,La Liga,Real Madrid,Villarreal,H,No external context supplied,,L W D W W,W L D L L,1.0,0.0,0.5,0.5,1.0,1.0,0.0,0.0,0.0,0.0,0.4768,0.2823,0.2408,1.47,5.38,5.82,2.1,3.54,4.15,2.34,4.3,5.24,0.5082,1.39,1.97,2.45,1.55,1.6,3.15,0.6287,0.8222,0.3863,4.4,4.1,8.5,9.1,4.8,over_15_goals|btts_yes|home_4_sot|total_3_cards,Over 1.5 goals + BTTS yes + Real Madrid 4+ SOT + 3+ cards,strong,Over 1.5 goals:won | BTTS yes:won | Real Madrid 4+ SOT:won | 3+ cards:won,4,4,won,9.0,4.0,8.0,H,,,,,
2025-10-05,16:30,2526,D1,Bundesliga,Hamburg,Mainz,H,No external context supplied,,L D,W D,0.0,0.0,0.5,0.5,1.0,1.0,0.0,0.0,0.0,0.0,0.3403,0.2747,0.3851,2.89,3.53,2.48,2.94,3.64,2.6,3.45,4.45,2.98,0.5963,1.69,1.68,2.01,1.15,1.45,2.6,0.5231,0.7326,0.264,3.8,4.5,8.3,10.5,6.6,over_15_goals|away_4_sot|total_8_corners|total_3_cards,Over 1.5 goals + Mainz 4+ SOT + 8+ corners + 3+ cards,strong,Over 1.5 goals:won | Mainz 4+ SOT:won | 8+ corners:lost | 3+ cards:won,3,4,partial,13.0,5.0,5.0,A,,,,,
2025-10-05,18:30,2526,D1,Bundesliga,M'gladbach,Freiburg,D,No external context supplied,,D D L L L,D D W W W,0.0,0.0,0.5,0.5,1.0,1.0,0.0,0.0,0.0,0.0,0.2762,0.2741,0.4497,2.36,3.57,3.04,3.62,3.65,2.22,4.42,4.46,2.5,0.5519,1.7,1.81,2.21,1.55,2.2,3.75,0.7005,0.8883,0.5162,5.0,4.8,9.8,10.1,4.6,over_15_goals|btts_yes|home_4_sot|total_8_corners|total_3_cards,Over 1.5 goals + BTTS yes + M'gladbach 4+ SOT + 8+ corners,strong,Over 1.5 goals:lost | BTTS yes:lost | M'gladbach 4+ SOT:won | 8+ corners:lost | 3+ cards:won,2,5,partial,6.0,5.0,4.0,A,,,,,
2025-10-05,14:30,2526,D1,Bundesliga,Stuttgart,Heidenheim,H,No external context supplied,,L D W L,W D L W,0.0,0.0,0.5,0.5,1.0,1.0,0.0,0.0,0.0,0.0,0.5826,0.2326,0.1848,1.44,5.16,6.75,1.72,4.3,5.41,1.88,5.48,7.42,0.5927,1.46,1.69,2.03,1.85,1.1,2.95,0.5622,0.7933,0.3416,5.5,4.1,9.6,10.9,4.4,over_15_goals|btts_yes|home_4_sot|total_8_corners|total_3_cards,Over 1.5 goals + BTTS yes + Stuttgart 4+ SOT + 8+ corners,strong,Over 1.5 goals:lost | BTTS yes:lost | Stuttgart 4+ SOT:won | 8+ corners:lost | 3+ cards:lost,1,5,partial,7.0,2.0,2.0,H,,,,,
2025-10-05,14:00,2526,E0,Premier League,Aston Villa,Burnley,H,No external context supplied,"Weather: rain 0.0mm, gusts 65.2km/h, snow 0.0cm",L W D W W,W L D L L,0.0,0.0,0.5,0.5,1.0,1.0,0.0,0.0,0.0,0.0,0.523,0.2899,0.1871,1.6,3.99,6.21,1.91,3.45,5.35,2.11,4.17,7.29,0.4893,1.9,2.04,2.57,1.5,0.9,2.4,0.461,0.6916,0.2213,4.0,2.8,6.8,10.6,3.6,total_8_corners,8+ corners,lean,8+ corners:won,1,1,won,9.0,10.0,4.0,H,,,,,
2025-10-05,16:30,2526,E0,Premier League,Brentford,Man City,A,No external context supplied,"Weather: rain 0.0mm, gusts 60.5km/h, snow 0.0cm",W L L L D,L W W W D,0.0,1.0,0.5,0.5,1.0,1.0,0.0,0.0,0.0,0.0,0.1937,0.2888,0.5175,4.87,4.5,1.64,5.16,3.46,1.93,6.96,4.19,2.14,0.5215,1.56,1.92,2.37,1.2,1.9,3.1,0.5943,0.8153,0.3752,4.0,4.4,8.4,9.2,3.0,over_15_goals|btts_yes|away_4_sot,Over 1.5 goals + BTTS yes + Man City 4+ SOT,strong,Over 1.5 goals:lost | BTTS yes:lost | Man City 4+ SOT:won,1,3,partial,5.0,5.0,5.0,A,,,,,
2025-10-05,14:00,2526,E0,Premier League,Everton,Crystal Palace,H,No external context supplied,"Weather: rain 0.4mm, gusts 85.0km/h, snow 0.0cm",D W D W W,D L D L L,0.0,0.0,0.5,0.5,1.0,1.0,0.0,0.0,0.0,0.0,0.365,0.3078,0.3272,2.59,3.26,2.95,2.74,3.25,3.06,3.17,3.88,3.61,0.4441,2.2,2.25,2.91,1.1,1.25,2.35,0.476,0.6805,0.2109,2.9,3.9,6.8,8.5,5.0,total_3_cards,3+ cards,lean,3+ cards:won,1,1,won,15.0,6.0,5.0,H,,,,,
2025-10-05,14:00,2526,E0,Premier League,Newcastle,Nott'm Forest,H,No external context supplied,"Weather: rain 0.0mm, gusts 72.7km/h, snow 0.0cm",W L W W W,L W L L L,0.0,0.0,0.5,0.5,1.0,1.0,0.0,0.0,0.0,0.0,0.4878,0.2856,0.2266,1.63,4.3,5.27,2.05,3.5,4.41,2.28,4.24,5.66,0.5654,1.69,1.77,2.15,1.1,0.9,2.0,0.3959,0.594,0.1429,3.8,3.6,7.4,11.0,3.6,total_8_corners,8+ corners,lean,8+ corners:won,1,1,won,13.0,9.0,4.0,H,,,,,
2025-10-05,14:00,2526,E0,Premier League,Wolves,Brighton,D,No external context supplied,"Weather: rain 0.1mm, gusts 63.4km/h, snow 0.0cm",L L D D L,W W D D W,0.0,0.0,0.5,0.5,1.0,1.0,0.0,0.0,0.0,0.0,0.2658,0.3185,0.4157,3.82,3.68,1.99,3.76,3.14,2.41,4.63,3.72,2.73,0.5079,1.83,1.97,2.45,1.0,2.0,3.0,0.5466,0.8009,0.3528,3.4,3.9,7.3,9.3,5.6,over_15_goals|btts_yes|total_3_cards,Over 1.5 goals + BTTS yes + 3+ cards,strong,Over 1.5 goals:won | BTTS yes:won | 3+ cards:won,3,3,won,9.0,10.0,6.0,A,,,,,
2025-10-05,16:15,2526,F1,Ligue 1,Le Havre,Rennes,D,No external context supplied,,D L L L,D W W W,0.0,0.0,0.5,0.5,1.0,1.0,0.0,0.0,0.0,0.0,0.3206,0.2134,0.466,3.08,3.33,2.45,3.12,4.69,2.15,3.7,6.12,2.4,0.5348,1.95,1.87,2.3,1.55,1.4,2.95,0.5935,0.7933,0.3416,4.4,3.6,8.0,7.9,4.6,over_15_goals|btts_yes|home_4_sot|total_3_cards,Over 1.5 goals + BTTS yes + Le Havre 4+ SOT + 3+ cards,strong,Over 1.5 goals:won | BTTS yes:won | Le Havre 4+ SOT:lost | 3+ cards:won,3,4,partial,5.0,7.0,3.0,A,,,,,
2025-10-05,19:45,2526,F1,Ligue 1,Lille,Paris SG,D,No external context supplied,,L D L L L,W D W W W,0.0,1.0,0.5,0.5,1.0,1.0,0.0,0.0,0.0,0.0,0.3166,0.2345,0.4489,4.47,3.99,1.78,3.16,4.26,2.23,3.75,5.42,2.51,0.5504,1.66,1.82,2.22,1.45,1.7,3.15,0.6256,0.8222,0.3863,3.7,4.6,8.3,10.5,3.4,over_15_goals|btts_yes|away_4_sot|total_8_corners,Over 1.5 goals + BTTS yes + Paris SG 4+ SOT + 8+ corners,strong,Over 1.5 goals:won | BTTS yes:won | Paris SG 4+ SOT:won | 8+ corners:won,4,4,won,8.0,8.0,2.0,A,,,,,
2025-10-05,14:00,2526,F1,Ligue 1,Lyon,Toulouse,A,No external context supplied,,W W W W D,L L L L D,0.0,0.0,0.5,0.5,1.0,1.0,0.0,0.0,0.0,0.0,0.3888,0.2829,0.3282,1.95,3.81,3.83,2.57,3.53,3.05,2.95,4.29,3.59,0.5297,1.77,1.89,2.33,1.5,1.15,2.65,0.5309,0.7421,0.2749,4.3,3.7,8.0,9.6,5.2,over_15_goals|home_4_sot|total_8_corners|total_3_cards,Over 1.5 goals + Lyon 4+ SOT + 8+ corners + 3+ cards,strong,Over 1.5 goals:won | Lyon 4+ SOT:lost | 8+ corners:won | 3+ cards:won,3,4,partial,7.0,13.0,4.0,H,,,,,
2025-10-05,16:15,2526,F1,Ligue 1,Monaco,Nice,D,No external context supplied,,L L W L W,W W L W L,0.0,0.0,0.5,0.5,1.0,1.0,0.0,0.0,0.0,0.0,0.4629,0.2508,0.2863,1.96,3.77,3.86,2.16,3.99,3.49,2.42,4.98,4.23,0.5542,1.54,1.8,2.2,1.65,1.65,3.3,0.6528,0.8414,0.4197,4.3,4.4,8.7,9.4,5.6,over_15_goals|btts_yes|home_4_sot|total_3_cards,Over 1.5 goals + BTTS yes + Monaco 4+ SOT + 3+ cards,strong,Over 1.5 goals:won | BTTS yes:won | Monaco 4+ SOT:won | 3+ cards:won,4,4,won,8.0,13.0,6.0,H,,,,,
2025-10-05,16:15,2526,F1,Ligue 1,Strasbourg,Angers,H,No external context supplied,,W W W D L,L L L D W,0.0,0.0,0.5,0.5,1.0,1.0,0.0,0.0,0.0,0.0,0.5284,0.2628,0.2088,1.71,3.9,5.12,1.89,3.81,4.79,2.09,4.7,6.3,0.4858,1.97,2.06,2.59,1.4,1.0,2.4,0.4762,0.6916,0.2213,4.4,3.7,8.1,9.9,4.4,home_4_sot|total_8_corners|total_3_cards,Strasbourg 4+ SOT + 8+ corners + 3+ cards,strong,Strasbourg 4+ SOT:won | 8+ corners:lost | 3+ cards:won,2,3,partial,13.0,7.0,4.0,H,,,,,
2025-10-05,14:00,2526,I1,Serie A,Bologna,Pisa,H,No external context supplied,,No recent H2H,No recent H2H,0.0,0.0,0.5,0.5,1.0,1.0,0.0,0.0,0.0,0.0,0.5379,0.2685,0.1937,1.63,3.83,6.17,1.86,3.73,5.16,2.05,4.58,6.96,0.5353,2.18,1.87,2.3,1.1,1.05,2.15,0.4337,0.6331,0.1709,3.7,3.1,6.8,10.4,3.0,total_8_corners,8+ corners,lean,8+ corners:lost,0,1,lost,7.0,4.0,3.0,H,,,,,
2025-10-05,14:00,2526,I1,Serie A,Fiorentina,Roma,A,No external context supplied,,W D D W L,L D D L W,0.0,0.0,0.5,0.5,1.0,1.0,0.0,0.0,0.0,0.0,0.3448,0.2616,0.3936,3.07,3.26,2.5,2.9,3.82,2.54,3.39,4.72,2.91,0.4167,2.02,2.4,3.16,0.8,1.35,2.15,0.4079,0.6331,0.1709,2.5,5.2,7.7,8.9,2.8,away_4_sot,Roma 4+ SOT,lean,Roma 4+ SOT:lost,0,1,lost,6.0,7.0,5.0,A,,,,,
2025-10-05,19:45,2526,I1,Serie A,Juventus,Milan,D,No external context supplied,,L W D D W,W L D D L,0.0,0.0,0.5,0.5,1.0,1.0,0.0,0.0,0.0,0.0,0.3197,0.458,0.2222,2.78,3.21,2.76,3.13,2.18,4.5,3.71,2.45,5.81,0.4858,2.05,2.06,2.59,1.3,1.4,2.7,0.5481,0.7513,0.2859,4.5,3.7,8.2,10.4,3.4,over_15_goals|btts_yes|home_4_sot|total_8_corners,Over 1.5 goals + BTTS yes + Juventus 4+ SOT + 8+ corners,strong,Over 1.5 goals:lost | BTTS yes:lost | Juventus 4+ SOT:lost | 8+ corners:lost,0,4,lost,7.0,6.0,4.0,D,,,,,
2025-10-05,17:00,2526,I1,Serie A,Napoli,Genoa,H,No external context supplied,,W D D W D,L D D L D,0.0,0.0,0.5,0.5,1.0,1.0,0.0,0.0,0.0,0.0,0.5359,0.3125,0.1516,1.5,4.04,8.09,1.87,3.2,6.6,2.06,3.81,9.84,0.4292,2.22,2.33,3.04,1.65,0.85,2.5,0.4626,0.7127,0.2424,5.1,3.3,8.4,8.6,3.8,home_4_sot,Napoli 4+ SOT,lean,Napoli 4+ SOT:won,1,1,won,6.0,12.0,4.0,H,,,,,
2025-10-05,11:30,2526,I1,Serie A,Udinese,Cagliari,D,No external context supplied,,W D D W W,L D D L L,0.0,0.0,0.5,0.5,1.0,1.0,0.0,0.0,0.0,0.0,0.4719,0.2876,0.2406,2.19,3.16,3.83,2.12,3.48,4.16,2.37,4.21,5.25,0.4846,2.26,2.06,2.6,1.1,1.4,2.5,0.5026,0.7127,0.2424,4.3,3.8,8.1,9.2,4.8,home_4_sot|total_3_cards,Udinese 4+ SOT + 3+ cards,lean,Udinese 4+ SOT:won | 3+ cards:won,2,2,won,6.0,9.0,3.0,H,,,,,
2025-10-05,13:00,2526,SP1,La Liga,Alaves,Elche,H,No external context supplied,,L W W L,W L L W,0.0,0.0,0.5,0.5,1.0,1.0,0.0,0.0,0.0,0.0,0.4823,0.272,0.2457,2.42,3.09,3.37,2.07,3.68,4.07,2.31,4.5,5.11,0.335,2.61,2.99,4.26,0.85,1.05,1.9,0.3722,0.5663,0.1253,2.8,4.0,6.8,7.8,4.6,total_3_cards,3+ cards,lean,3+ cards:won,1,1,won,8.0,18.0,6.0,H,,,,,
2025-10-05,20:00,2526,SP1,La Liga,Celta,Ath Madrid,D,No external context supplied,,L L L L D,W W W W D,0.0,0.0,0.5,0.5,1.0,1.0,0.0,0.0,0.0,0.0,0.1852,0.2692,0.5456,4.39,4.06,1.78,5.4,3.71,1.83,7.4,4.56,2.02,0.5097,1.79,1.96,2.44,1.1,1.7,2.8,0.5453,0.7689,0.3081,3.2,5.7,8.9,10.4,4.2,over_15_goals|btts_yes|away_4_sot|total_8_corners|total_3_cards,Over 1.5 goals + BTTS yes + Ath Madrid 4+ SOT + 8+ corners,strong,Over 1.5 goals:won | BTTS yes:won | Ath Madrid 4+ SOT:lost | 8+ corners:won | 3+ cards:won,4,5,partial,5.0,9.0,6.0,A,,,,,
2025-10-05,17:30,2526,SP1,La Liga,Espanol,Betis,A,No external context supplied,,L W L L L,W L W W W,0.0,0.0,0.5,0.5,1.0,1.0,0.0,0.0,0.0,0.0,0.2945,0.2709,0.4346,2.7,3.49,2.66,3.4,3.69,2.3,4.09,4.53,2.6,0.5542,1.79,1.8,2.2,1.3,1.4,2.7,0.5481,0.7513,0.2859,4.2,4.8,9.0,11.0,3.2,over_15_goals|btts_yes|away_4_sot|total_8_corners,Over 1.5 goals + BTTS yes + Betis 4+ SOT + 8+ corners,strong,Over 1.5 goals:won | BTTS yes:won | Betis 4+ SOT:lost | 8+ corners:won,3,4,partial,8.0,15.0,8.0,A,,,,,
2025-10-05,15:15,2526,SP1,La Liga,Sevilla,Barcelona,H,No external context supplied,,L L L L L,W W W W W,0.0,1.0,0.5,0.5,1.0,1.0,0.0,0.0,0.0,0.0,0.1817,0.2404,0.5779,5.89,5.68,1.44,5.5,4.16,1.73,7.59,5.25,1.89,0.6034,1.39,1.66,1.99,1.1,2.2,3.3,0.5932,0.8414,0.4197,2.7,6.5,9.2,10.3,4.2,over_15_goals|btts_yes|away_4_sot|total_8_corners|total_3_cards,Over 1.5 goals + BTTS yes + Barcelona 4+ SOT + 8+ corners,strong,Over 1.5 goals:won | BTTS yes:won | Barcelona 4+ SOT:won | 8+ corners:won | 3+ cards:won,5,5,won,13.0,13.0,12.0,A,,,,,
2025-10-05,17:30,2526,SP1,La Liga,Sociedad,Vallecano,A,No external context supplied,,W D D L D,L D D W D,0.0,0.0,0.5,0.5,1.0,1.0,0.0,0.0,0.0,0.0,0.4721,0.269,0.259,2.07,3.5,3.76,2.12,3.72,3.86,2.37,4.57,4.79,0.5158,2.09,1.94,2.41,1.15,1.35,2.5,0.5062,0.7127,0.2424,4.5,5.4,9.9,12.5,6.0,home_4_sot|total_8_corners|total_3_cards,Sociedad 4+ SOT + 8+ corners + 3+ cards,strong,Sociedad 4+ SOT:lost | 8+ corners:won | 3+ cards:won,2,3,partial,5.0,12.0,3.0,H,,,,,
2025-10-17,19:30,2526,D1,Bundesliga,Union Berlin,M'gladbach,H,No external context supplied,,W W D L L,L L D W W,0.0,0.0,0.5,0.5,1.0,1.0,0.0,0.0,0.0,0.0,0.4424,0.2736,0.2841,2.24,3.5,3.31,2.26,3.66,3.52,2.55,4.47,4.27,0.5097,1.83,1.96,2.44,1.8,1.6,3.4,0.6662,0.8532,0.4416,4.9,6.2,11.1,9.4,4.2,over_15_goals|btts_yes|home_4_sot|total_3_cards,Over 1.5 goals + BTTS yes + Union Berlin 4+ SOT + 3+ cards,strong,Over 1.5 goals:won | BTTS yes:won | Union Berlin 4+ SOT:won | 3+ cards:won,4,4,won,7.0,12.0,8.0,H,,,,,
2025-10-17,19:45,2526,F1,Ligue 1,Paris SG,Strasbourg,D,No external context supplied,,D W W W L,D L L L W,1.0,0.0,0.5,0.5,1.0,1.0,0.0,0.0,0.0,0.0,0.7382,0.1866,0.0752,1.31,5.83,9.84,1.35,5.36,13.29,1.45,7.32,39.65,0.6792,1.43,1.47,1.73,1.7,1.4,3.1,0.6158,0.8153,0.3752,5.3,4.5,9.8,8.5,3.8,over_15_goals|btts_yes|home_4_sot,Over 1.5 goals + BTTS yes + Paris SG 4+ SOT,strong,Over 1.5 goals:won | BTTS yes:won | Paris SG 4+ SOT:won,3,3,won,16.0,5.0,3.0,H,,,,,
2025-10-17,20:00,2526,SP1,La Liga,Oviedo,Espanol,A,No external context supplied,,No recent H2H,No recent H2H,0.0,0.0,0.5,0.5,1.0,1.0,0.0,0.0,0.0,0.0,0.2846,0.2961,0.4193,3.09,3.04,2.62,3.51,3.38,2.38,4.26,4.06,2.71,0.53,2.51,1.89,2.33,0.9,1.52,2.42,0.4643,0.697,0.2265,3.7,5.2,8.9,10.7,5.2,away_4_sot|total_8_corners|total_3_cards,Espanol 4+ SOT + 8+ corners + 3+ cards,strong,Espanol 4+ SOT:won | 8+ corners:won | 3+ cards:won,3,3,won,14.0,8.0,3.0,A,,,,,
2025-10-18,17:30,2526,D1,Bundesliga,Bayern Munich,Dortmund,H,No external context supplied,,W W L D D,L L W D D,1.0,0.0,0.5,0.5,1.0,1.0,0.0,0.0,0.0,0.0,0.4769,0.3378,0.1853,1.38,5.55,7.5,2.1,2.96,5.4,2.34,3.47,7.39,0.6088,1.31,1.64,1.97,2.25,1.6,3.85,0.714,0.8968,0.5367,5.8,3.8,9.6,10.7,3.6,over_15_goals|btts_yes|home_4_sot|total_8_corners,Over 1.5 goals + BTTS yes + Bayern Munich 4+ SOT + 8+ corners,strong,Over 1.5 goals:won | BTTS yes:won | Bayern Munich 4+ SOT:won | 8+ corners:lost,3,4,partial,8.0,7.0,4.0,H,,,,,
2025-10-18,14:30,2526,D1,Bundesliga,FC Koln,Augsburg,D,No external context supplied,,W W W D D,L L L D D,0.0,0.0,0.5,0.5,1.0,1.0,0.0,0.0,0.0,0.0,0.4199,0.2881,0.292,2.0,3.96,3.56,2.38,3.47,3.42,2.7,4.2,4.13,0.5199,1.57,1.92,2.38,2.0,1.45,3.45,0.6618,0.8587,0.4525,5.6,4.5,10.1,11.4,5.0,over_15_goals|btts_yes|home_4_sot|total_8_corners|total_3_cards,Over 1.5 goals + BTTS yes + FC Koln 4+ SOT + 8+ corners,strong,Over 1.5 goals:won | BTTS yes:won | FC Koln 4+ SOT:lost | 8+ corners:lost | 3+ cards:won,3,5,partial,6.0,7.0,4.0,H,,,,,
2025-10-18,14:30,2526,D1,Bundesliga,Heidenheim,Werder Bremen,D,No external context supplied,,W W D L,L L D W,0.0,0.0,0.5,0.5,1.0,1.0,0.0,0.0,0.0,0.0,0.3035,0.2954,0.4011,2.97,3.61,2.39,3.3,3.39,2.49,3.95,4.07,2.85,0.5103,1.66,1.96,2.44,1.3,1.5,2.8,0.5651,0.7689,0.3081,4.6,5.5,10.1,7.9,5.2,over_15_goals|btts_yes|home_4_sot|total_3_cards,Over 1.5 goals + BTTS yes + Heidenheim 4+ SOT + 3+ cards,strong,Over 1.5 goals:won | BTTS yes:won | Heidenheim 4+ SOT:won | 3+ cards:won,4,4,won,15.0,14.0,4.0,A,,,,,
2025-10-18,14:30,2526,D1,Bundesliga,Mainz,Leverkusen,A,No external context supplied,,W L L L D,L W W W D,0.0,0.0,0.5,0.5,1.0,1.0,0.0,0.0,0.0,0.0,0.3385,0.285,0.3765,2.83,3.46,2.56,2.95,3.51,2.66,3.47,4.26,3.06,0.5971,1.74,1.67,2.01,1.4,1.85,3.25,0.6349,0.8352,0.4086,3.8,5.2,9.0,10.1,8.0,over_15_goals|btts_yes|away_4_sot|total_8_corners|total_3_cards,Over 1.5 goals + BTTS yes + Leverkusen 4+ SOT + 8+ corners,strong,Over 1.5 goals:won | BTTS yes:won | Leverkusen 4+ SOT:won | 8+ corners:lost | 3+ cards:won,4,5,partial,12.0,5.0,8.0,A,,,,,
2025-10-18,14:30,2526,D1,Bundesliga,RB Leipzig,Hamburg,H,No external context supplied,,W D,L D,0.0,0.0,0.5,0.5,1.0,1.0,0.0,0.0,0.0,0.0,0.5931,0.2357,0.1712,1.43,5.37,6.59,1.69,4.24,5.84,1.84,5.38,8.25,0.5155,1.35,1.94,2.41,1.3,1.5,2.8,0.5651,0.7689,0.3081,5.7,4.2,9.9,10.1,5.2,over_15_goals|btts_yes|home_4_sot|total_8_corners|total_3_cards,Over 1.5 goals + BTTS yes + RB Leipzig 4+ SOT + 8+ corners,strong,Over 1.5 goals:won | BTTS yes:won | RB Leipzig 4+ SOT:won | 8+ corners:won | 3+ cards:won,5,5,won,7.0,8.0,4.0,H,,,,,
2025-10-18,14:30,2526,D1,Bundesliga,Wolfsburg,Stuttgart,A,No external context supplied,,W L L D W,L W W D L,0.0,0.0,0.5,0.5,1.0,1.0,0.0,0.0,0.0,0.0,0.4481,0.2642,0.2877,2.72,3.62,2.57,2.23,3.78,3.48,2.51,4.67,4.21,0.5802,1.58,1.72,2.08,1.0,1.65,2.65,0.5107,0.7421,0.2749,3.9,5.2,9.1,12.2,3.2,over_15_goals|away_4_sot|total_8_corners,Over 1.5 goals + Stuttgart 4+ SOT + 8+ corners,strong,Over 1.5 goals:won | Stuttgart 4+ SOT:won | 8+ corners:won,3,3,won,10.0,11.0,2.0,H,,,,,
2025-10-18,15:00,2526,E0,Premier League,Brighton,Newcastle,H,No external context supplied,"Weather: rain 0.0mm, gusts 50.8km/h, snow 0.0cm",L W D W D,W L D L D,0.0,0.0,0.5,0.5,1.0,1.0,0.0,0.0,0.0,0.0,0.4121,0.2308,0.357,2.71,3.52,2.64,2.43,4.33,2.8,2.76,5.53,3.26,0.5376,1.84,1.86,2.29,1.3,1.05,2.35,0.4729,0.6805,0.2109,3.9,3.6,7.5,10.6,4.2,total_8_corners|total_3_cards,8+ corners + 3+ cards,lean,8+ corners:won | 3+ cards:lost,1,2,partial,8.0,12.0,1.0,H,,,,,
2025-10-18,15:00,2526,E0,Premier League,Burnley,Leeds,H,No external context supplied,"Weather: rain 0.1mm, gusts 37.1km/h, snow 0.0cm",L L D L,W W D W,0.0,0.0,0.5,0.5,1.0,1.0,0.0,0.0,0.0,0.0,0.2685,0.2379,0.4936,3.43,3.29,2.28,3.72,4.2,2.03,4.58,5.32,2.25,0.482,2.2,2.07,2.62,1.5,1.7,3.2,0.6349,0.8288,0.3975,3.1,5.3,8.4,8.9,3.6,over_15_goals|btts_yes|away_4_sot,Over 1.5 goals + BTTS yes + Leeds 4+ SOT,strong,Over 1.5 goals:won | BTTS yes:lost | Leeds 4+ SOT:won,2,3,partial,7.0,6.0,3.0,A,,,,,
2025-10-18,15:00,2526,E0,Premier League,Crystal Palace,Bournemouth,D,No external context supplied,"Weather: rain 0.0mm, gusts 36.0km/h, snow 0.0cm",W L L D D,L W W D D,0.0,0.0,0.5,0.5,1.0,1.0,0.0,0.0,0.0,0.0,0.4893,0.273,0.2377,2.23,3.4,3.43,2.04,3.66,4.21,2.28,4.48,5.33,0.4954,1.92,2.02,2.53,1.4,1.1,2.5,0.5026,0.7127,0.2424,4.4,4.2,8.6,9.0,4.6,home_4_sot|total_3_cards,Crystal Palace 4+ SOT + 3+ cards,lean,Crystal Palace 4+ SOT:won | 3+ cards:won,2,2,won,12.0,11.0,5.0,H,,,,,
2025-10-18,17:30,2526,E0,Premier League,Fulham,Arsenal,A,No external context supplied,"Weather: rain 0.0mm, gusts 35.6km/h, snow 0.0cm",L D W D L,W D L D W,0.0,0.0,0.5,0.5,1.0,1.0,0.0,0.0,0.0,0.0,0.0928,0.2234,0.6838,5.98,4.46,1.55,10.78,4.48,1.46,23.38,5.77,1.58,0.4952,1.89,2.02,2.53,0.9,1.85,2.75,0.5001,0.7603,0.297,2.7,4.3,7.0,11.1,3.4,over_15_goals|away_4_sot|total_8_corners,Over 1.5 goals + Arsenal 4+ SOT + 8+ corners,strong,Over 1.5 goals:lost | Arsenal 4+ SOT:won | 8+ corners:won,2,3,partial,5.0,16.0,0.0,A,,,,,
2025-10-18,15:00,2526,E0,Premier League,Man City,Everton,H,No external context supplied,"Weather: rain 0.2mm, gusts 28.4km/h, snow 0.0cm",W W W D W,L L L D L,1.0,0.0,0.5,0.5,1.0,1.0,0.0,0.0,0.0,0.0,0.7194,0.1867,0.094,1.39,5.29,7.71,1.39,5.36,10.64,1.49,7.32,22.75,0.536,1.69,1.87,2.29,1.4,1.1,2.5,0.5026,0.7127,0.2424,4.3,3.6,7.9,8.1,3.8,home_4_sot,Man City 4+ SOT,lean,Man City 4+ SOT:won,1,1,won,8.0,14.0,2.0,H,,,,,
2025-10-18,12:30,2526,E0,Premier League,Nott'm Forest,Chelsea,A,No external context supplied,"Weather: rain 0.0mm, gusts 28.4km/h, snow 0.0cm",D W L D L,D L W D W,0.0,0.0,0.5,0.5,1.0,1.0,0.0,0.0,0.0,0.0,0.3323,0.2601,0.4076,3.77,3.88,1.95,3.01,3.84,2.45,3.54,4.76,2.8,0.5492,1.68,1.82,2.23,1.0,1.55,2.55,0.498,0.7228,0.2532,3.8,5.2,9.0,10.9,5.2,over_15_goals|away_4_sot|total_8_corners|total_3_cards,Over 1.5 goals + Chelsea 4+ SOT + 8+ corners + 3+ cards,strong,Over 1.5 goals:won | Chelsea 4+ SOT:won | 8+ corners:lost | 3+ cards:won,3,4,partial,8.0,7.0,6.0,A,,,,,
2025-10-18,15:00,2526,E0,Premier League,Sunderland,Wolves,H,No external context supplied,"Weather: rain 0.0mm, gusts 28.8km/h, snow 0.0cm",No recent H2H,No recent H2H,0.0,0.0,0.5,0.5,1.0,1.0,0.0,0.0,0.0,0.0,0.3558,0.2999,0.3442,2.5,3.07,3.25,2.81,3.33,2.9,3.27,4.0,3.4,0.398,2.43,2.51,3.36,1.55,0.83,2.38,0.4438,0.6869,0.2168,3.4,4.3,7.7,9.3,4.6,away_4_sot|total_3_cards,Wolves 4+ SOT + 3+ cards,lean,Wolves 4+ SOT:lost | 3+ cards:lost,0,2,lost,5.0,5.0,0.0,H,,,,,
2025-10-18,18:00,2526,F1,Ligue 1,Angers,Monaco,D,No external context supplied,,L L L W L,W W W L W,0.0,0.0,0.5,0.5,1.0,1.0,0.0,0.0,0.0,0.0,0.2041,0.2474,0.5485,5.31,4.23,1.63,4.9,4.04,1.82,6.49,5.07,2.01,0.5504,1.62,1.82,2.22,1.15,1.75,2.9,0.5646,0.7854,0.3304,3.5,5.3,8.8,10.0,4.6,over_15_goals|btts_yes|away_4_sot|total_8_corners|total_3_cards,Over 1.5 goals + BTTS yes + Monaco 4+ SOT + 8+ corners,strong,Over 1.5 goals:won | BTTS yes:won | Monaco 4+ SOT:won | 8+ corners:won | 3+ cards:won,5,5,won,7.0,13.0,4.0,A,,,,,
2025-10-18,20:05,2526,F1,Ligue 1,Marseille,Le Havre,H,No external context supplied,,W W W W,L L L L,0.0,0.0,0.5,0.5,1.0,1.0,0.0,0.0,0.0,0.0,0.6105,0.2474,0.142,1.33,5.87,8.66,1.64,4.04,7.04,1.78,5.07,10.86,0.569,1.59,1.76,2.13,1.95,1.15,3.1,0.5861,0.8153,0.3752,4.7,2.8,7.5,8.5,4.6,over_15_goals|btts_yes|home_4_sot|total_3_cards,Over 1.5 goals + BTTS yes + Marseille 4+ SOT + 3+ cards,strong,Over 1.5 goals:won | BTTS yes:won | Marseille 4+ SOT:won | 3+ cards:won,4,4,won,14.0,3.0,5.0,H,,,,,
2025-10-18,16:00,2526,F1,Ligue 1,Nice,Lyon,H,No external context supplied,,W D L L L,L D W W W,0.0,0.0,0.5,0.5,1.0,1.0,0.0,0.0,0.0,0.0,0.4329,0.2826,0.2846,2.54,3.54,2.81,2.31,3.54,3.51,2.61,4.3,4.26,0.55,1.74,1.82,2.22,1.25,1.3,2.55,0.519,0.7228,0.2532,3.8,4.5,8.3,10.1,5.6,over_15_goals|away_4_sot|total_8_corners|total_3_cards,Over 1.5 goals + Lyon 4+ SOT + 8+ corners + 3+ cards,strong,Over 1.5 goals:won | Lyon 4+ SOT:won | 8+ corners:won | 3+ cards:won,4,4,won,11.0,17.0,3.0,H,,,,,
2025-10-18,14:00,2526,I1,Serie A,Lecce,Sassuolo,D,No external context supplied,,L L L D W,W W W D L,0.0,0.0,0.5,0.5,1.0,1.0,0.0,0.0,0.0,0.0,0.2734,0.3487,0.3779,3.03,3.12,2.62,3.66,2.87,2.65,4.48,3.35,3.05,0.4199,2.18,2.38,3.13,1.05,1.15,2.2,0.4442,0.6454,0.1806,4.6,4.9,9.5,9.6,4.0,home_4_sot|total_8_corners,Lecce 4+ SOT + 8+ corners,lean,Lecce 4+ SOT:lost | 8+ corners:won,1,2,partial,4.0,10.0,4.0,A,,,,,
2025-10-18,14:00,2526,I1,Serie A,Pisa,Verona,D,No external context supplied,,No recent H2H,No recent H2H,0.0,0.0,0.5,0.5,1.0,1.0,0.0,0.0,0.0,0.0,0.1729,0.2373,0.5898,2.64,3.15,2.97,5.78,4.21,1.7,8.14,5.34,1.85,0.4546,2.33,2.2,2.82,0.9,1.13,2.03,0.4024,0.6029,0.1489,3.2,5.2,8.4,8.7,3.8,away_4_sot,Verona 4+ SOT,lean,Verona 4+ SOT:lost,0,1,lost,3.0,11.0,6.0,A,A,0.1899,Serie A A mid 8%+,21,0.3548
2025-10-18,19:45,2526,I1,Serie A,Roma,Inter,A,No external context supplied,,L L L L W,W W W W L,0.0,1.0,0.5,0.5,1.0,1.0,0.0,0.0,0.0,0.0,0.2608,0.236,0.5032,3.45,3.22,2.31,3.83,4.24,1.99,4.74,5.38,2.21,0.4004,2.06,2.5,3.33,1.2,1.45,2.65,0.5349,0.7421,0.2749,4.0,4.3,8.3,10.5,2.8,over_15_goals|away_4_sot|total_8_corners,Over 1.5 goals + Inter 4+ SOT + 8+ corners,strong,Over 1.5 goals:lost | Inter 4+ SOT:lost | 8+ corners:won,1,3,partial,8.0,9.0,7.0,A,,,,,
2025-10-18,17:00,2526,I1,Serie A,Torino,Napoli,H,No external context supplied,,L W D L L,W L D W W,0.0,0.0,0.5,0.5,1.0,1.0,0.0,0.0,0.0,0.0,0.2874,0.2857,0.4269,5.69,3.25,1.81,3.48,3.5,2.34,4.21,4.24,2.65,0.5109,2.14,1.96,2.43,0.7,1.8,2.5,0.4202,0.7127,0.2424,3.9,5.3,9.2,9.1,3.0,away_4_sot,Napoli 4+ SOT,lean,Napoli 4+ SOT:won,1,1,won,7.0,14.0,3.0,A,,,,,
2025-10-18,20:00,2526,SP1,La Liga,Ath Madrid,Osasuna,H,No external context supplied,,W W L W L,L L W L W,0.0,0.0,0.5,0.5,1.0,1.0,0.0,0.0,0.0,0.0,0.7147,0.1929,0.0924,1.37,5.13,8.83,1.4,5.18,10.82,1.5,7.0,23.59,0.5802,1.84,1.72,2.08,1.6,1.05,2.65,0.5188,0.7421,0.2749,5.2,2.9,8.1,9.0,5.8,over_15_goals|home_4_sot|total_3_cards,Over 1.5 goals + Ath Madrid 4+ SOT + 3+ cards,strong,Over 1.5 goals:lost | Ath Madrid 4+ SOT:won | 3+ cards:won,2,3,partial,11.0,6.0,4.0,H,,,,,
2025-10-18,15:15,2526,SP1,La Liga,Barcelona,Girona,H,No external context supplied,,D L L W W,D W W L L,1.0,0.0,0.5,0.5,1.0,1.0,0.0,0.0,0.0,0.0,0.724,0.189,0.0871,1.16,8.82,14.91,1.38,5.29,11.49,1.48,7.2,26.99,0.6764,1.24,1.48,1.73,2.55,0.95,3.5,0.5654,0.8641,0.4634,7.7,3.2,10.9,10.5,6.0,over_15_goals|btts_yes|home_4_sot|total_8_corners|total_3_cards,Over 1.5 goals + BTTS yes + Barcelona 4+ SOT + 8+ corners,strong,Over 1.5 goals:won | BTTS yes:won | Barcelona 4+ SOT:won | 8+ corners:won | 3+ cards:won,5,5,won,13.0,16.0,3.0,H,,,,,
2025-10-18,13:00,2526,SP1,La Liga,Sevilla,Mallorca,A,No external context supplied,,W L W D D,L W L D D,0.0,0.0,0.5,0.5,1.0,1.0,0.0,0.0,0.0,0.0,0.4569,0.3095,0.2336,1.87,3.46,4.74,2.19,3.23,4.28,2.46,3.85,5.45,0.5061,2.17,1.98,2.46,1.6,1.25,2.85,0.5694,0.7773,0.3192,3.6,4.7,8.3,10.2,7.0,over_15_goals|btts_yes|away_4_sot|total_8_corners|total_3_cards,Over 1.5 goals + BTTS yes + Mallorca 4+ SOT + 8+ corners,strong,Over 1.5 goals:won | BTTS yes:won | Mallorca 4+ SOT:won | 8+ corners:won | 3+ cards:won,5,5,won,10.0,11.0,3.0,H,,,,,
2025-10-18,17:30,2526,SP1,La Liga,Villarreal,Betis,D,No external context supplied,,D L W L W,D W L W L,0.0,0.0,0.5,0.5,1.0,1.0,0.0,0.0,0.0,0.0,0.4763,0.2533,0.2703,1.93,3.83,3.91,2.1,3.95,3.7,2.35,4.92,4.54,0.53,1.65,1.89,2.33,1.7,1.35,3.05,0.6054,0.8082,0.364,4.0,4.5,8.5,10.2,5.8,over_15_goals|btts_yes|away_4_sot|total_8_corners|total_3_cards,Over 1.5 goals + BTTS yes + Betis 4+ SOT + 8+ corners,strong,Over 1.5 goals:won | BTTS yes:won | Betis 4+ SOT:lost | 8+ corners:won | 3+ cards:lost,3,5,partial,6.0,11.0,2.0,H,,,,,
2025-10-19,14:30,2526,D1,Bundesliga,Freiburg,Ein Frankfurt,D,No external context supplied,,L D D L L,W D D W W,0.0,0.0,0.5,0.5,1.0,1.0,0.0,0.0,0.0,0.0,0.3882,0.2892,0.3226,2.54,3.68,2.72,2.58,3.46,3.1,2.96,4.18,3.67,0.5808,1.6,1.72,2.08,1.75,2.1,3.85,0.725,0.8968,0.5367,4.4,4.8,9.2,8.1,4.4,over_15_goals|btts_yes|home_4_sot|total_3_cards,Over 1.5 goals + BTTS yes + Freiburg 4+ SOT + 3+ cards,strong,Over 1.5 goals:won | BTTS yes:won | Freiburg 4+ SOT:won | 3+ cards:won,4,4,won,8.0,4.0,5.0,H,,,,,
2025-10-19,16:30,2526,D1,Bundesliga,St Pauli,Hoffenheim,A,No external context supplied,,W W,L L,0.0,0.0,0.5,0.5,1.0,1.0,0.0,0.0,0.0,0.0,0.3416,0.2836,0.3748,2.51,3.64,2.78,2.93,3.53,2.67,3.43,4.28,3.08,0.5216,1.77,1.92,2.37,1.75,1.55,3.3,0.6509,0.8414,0.4197,5.2,4.9,10.1,10.3,3.6,over_15_goals|btts_yes|home_4_sot|total_8_corners,Over 1.5 goals + BTTS yes + St Pauli 4+ SOT + 8+ corners,strong,Over 1.5 goals:won | BTTS yes:lost | St Pauli 4+ SOT:lost | 8+ corners:won,2,4,partial,7.0,16.0,4.0,A,,,,,
2025-10-19,16:30,2526,E0,Premier League,Liverpool,Man United,A,No external context supplied,"Weather: rain 5.5mm, gusts 53.3km/h, snow 0.0cm",W D D W D,L D D L D,1.0,0.0,0.5,0.5,1.0,1.0,0.0,0.0,0.0,0.0,0.5913,0.2333,0.1754,1.63,4.27,5.32,1.69,4.29,5.7,1.85,5.46,7.97,0.624,1.43,1.6,1.91,1.6,1.3,2.9,0.5806,0.7854,0.3304,3.7,4.0,7.7,8.6,3.4,over_15_goals|btts_yes,Over 1.5 goals + BTTS yes,lean,Over 1.5 goals:won | BTTS yes:won,2,2,won,10.0,13.0,2.0,H,,,,,
2025-10-19,14:00,2526,E0,Premier League,Tottenham,Aston Villa,A,No external context supplied,"Weather: rain 3.3mm, gusts 41.8km/h, snow 0.0cm",L L W W L,W W L L W,0.0,0.0,0.5,0.5,1.0,1.0,0.0,0.0,0.0,0.0,0.397,0.2323,0.3707,2.07,3.77,3.5,2.52,4.31,2.7,2.88,5.49,3.12,0.5422,1.78,1.84,2.26,1.15,1.1,2.25,0.4559,0.6575,0.1906,3.1,3.9,7.0,11.4,4.2,total_8_corners|total_3_cards,8+ corners + 3+ cards,lean,8+ corners:won | 3+ cards:lost,1,2,partial,5.0,12.0,2.0,H,,,,,
2025-10-19,14:00,2526,F1,Ligue 1,Lens,Paris FC,H,No external context supplied,,No recent H2H,No recent H2H,0.0,0.0,0.5,0.5,1.0,1.0,0.0,0.0,0.0,0.0,0.437,0.2869,0.2761,1.89,3.9,4.0,2.29,3.49,3.62,2.58,4.22,4.42,0.5315,1.65,1.88,2.32,1.78,1.26,3.04,0.5947,0.8061,0.3608,4.7,3.9,8.6,10.2,4.8,over_15_goals|btts_yes|home_4_sot|total_8_corners|total_3_cards,Over 1.5 goals + BTTS yes + Lens 4+ SOT + 8+ corners,strong,Over 1.5 goals:won | BTTS yes:won | Lens 4+ SOT:lost | 8+ corners:won | 3+ cards:won,4,5,partial,6.0,14.0,4.0,H,,,,,
2025-10-19,16:15,2526,F1,Ligue 1,Lorient,Brest,D,No external context supplied,,W W W L L,L L L W W,0.0,0.0,0.5,0.5,1.0,1.0,0.0,0.0,0.0,0.0,0.3985,0.2924,0.3091,2.55,3.55,2.79,2.51,3.42,3.24,2.87,4.13,3.86,0.534,1.87,1.87,2.3,1.6,1.75,3.35,0.6594,0.8474,0.4307,3.8,4.8,8.6,10.3,5.2,over_15_goals|btts_yes|away_4_sot|total_8_corners|total_3_cards,Over 1.5 goals + BTTS yes + Brest 4+ SOT + 8+ corners,strong,Over 1.5 goals:won | BTTS yes:won | Brest 4+ SOT:won | 8+ corners:lost | 3+ cards:won,4,5,partial,11.0,7.0,5.0,H,,,,,
2025-10-19,19:45,2526,F1,Ligue 1,Nantes,Lille,A,No external context supplied,,L L L D W,W W W D L,0.0,0.0,0.5,0.5,1.0,1.0,0.0,0.0,0.0,0.0,0.1622,0.2881,0.5497,4.54,3.86,1.79,6.17,3.47,1.82,8.91,4.2,2.0,0.4843,1.86,2.06,2.6,1.15,1.3,2.45,0.4971,0.7023,0.2318,3.1,5.3,8.4,10.4,4.6,away_4_sot|total_8_corners|total_3_cards,Lille 4+ SOT + 8+ corners + 3+ cards,strong,Lille 4+ SOT:won | 8+ corners:won | 3+ cards:won,3,3,won,8.0,14.0,5.0,A,,,,,
2025-10-19,16:15,2526,F1,Ligue 1,Rennes,Auxerre,D,No external context supplied,,W D L L,L D W W,0.0,0.0,0.5,0.5,1.0,1.0,0.0,0.0,0.0,0.0,0.4732,0.2667,0.2601,1.8,3.84,4.53,2.11,3.75,3.84,2.36,4.61,4.76,0.5079,1.79,1.97,2.45,1.5,1.2,2.7,0.5429,0.7513,0.2859,4.2,3.2,7.4,9.0,5.2,over_15_goals|btts_yes|home_4_sot|total_3_cards,Over 1.5 goals + BTTS yes + Rennes 4+ SOT + 3+ cards,strong,Over 1.5 goals:won | BTTS yes:won | Rennes 4+ SOT:won | 3+ cards:won,4,4,won,11.0,8.0,4.0,H,,,,,
2025-10-19,16:15,2526,F1,Ligue 1,Toulouse,Metz,H,No external context supplied,,D D D W W,D D D L L,0.0,0.0,0.5,0.5,1.0,1.0,0.0,0.0,0.0,0.0,0.4901,0.2687,0.2412,1.61,4.12,5.71,2.04,3.72,4.15,2.27,4.57,5.23,0.546,1.85,1.83,2.24,2.0,1.2,3.2,0.6042,0.8288,0.3975,5.4,3.0,8.4,10.4,4.4,over_15_goals|btts_yes|home_4_sot|total_8_corners|total_3_cards,Over 1.5 goals + BTTS yes + Toulouse 4+ SOT + 8+ corners,strong,Over 1.5 goals:won | BTTS yes:lost | Toulouse 4+ SOT:won | 8+ corners:lost | 3+ cards:won,3,5,partial,9.0,6.0,5.0,H,,,,,
2025-10-19,17:00,2526,I1,Serie A,Atalanta,Lazio,D,No external context supplied,,W L W D L,L W L D W,0.0,0.0,0.5,0.5,1.0,1.0,0.0,0.0,0.0,0.0,0.6257,0.1901,0.1843,1.71,4.2,4.67,1.6,5.26,5.43,1.74,7.14,7.45,0.5251,1.78,1.9,2.35,1.65,1.25,2.9,0.5765,0.7854,0.3304,4.8,4.6,9.4,8.6,4.0,over_15_goals|btts_yes|home_4_sot,Over 1.5 goals + BTTS yes + Atalanta 4+ SOT,strong,Over 1.5 goals:lost | BTTS yes:lost | Atalanta 4+ SOT:won,1,3,partial,7.0,8.0,4.0,H,,,,,
2025-10-19,14:00,2526,I1,Serie A,Cagliari,Bologna,A,No external context supplied,,W L W L L,L W L W W,0.0,0.0,0.5,0.5,1.0,1.0,0.0,0.0,0.0,0.0,0.2173,0.2886,0.4941,3.72,3.27,2.18,4.6,3.46,2.02,5.98,4.19,2.25,0.3613,2.24,2.77,3.83,1.3,1.35,2.65,0.5389,0.7421,0.2749,2.7,4.5,7.2,9.8,3.6,over_15_goals|away_4_sot|total_8_corners,Over 1.5 goals + Bologna 4+ SOT + 8+ corners,strong,Over 1.5 goals:won | Bologna 4+ SOT:won | 8+ corners:won,3,3,won,10.0,9.0,4.0,A,,,,,
2025-10-19,11:30,2526,I1,Serie A,Como,Juventus,H,No external context supplied,,L L,W W,0.0,0.0,0.5,0.5,1.0,1.0,0.0,0.0,0.0,0.0,0.3027,0.2524,0.4449,3.01,3.25,2.54,3.3,3.96,2.25,3.96,4.94,2.53,0.4843,2.07,2.06,2.6,1.05,1.25,2.3,0.4638,0.6691,0.2007,3.8,3.9,7.7,9.9,5.4,total_8_corners|total_3_cards,8+ corners + 3+ cards,lean,8+ corners:lost | 3+ cards:won,1,2,partial,9.0,5.0,4.0,A,,,,,
2025-10-19,14:00,2526,I1,Serie A,Genoa,Parma,D,No external context supplied,,L L W W W,W W L L L,0.0,0.0,0.5,0.5,1.0,1.0,0.0,0.0,0.0,0.0,0.4568,0.2929,0.2504,2.14,3.15,4.03,2.19,3.41,3.99,2.46,4.12,4.99,0.4546,2.45,2.2,2.82,1.15,1.2,2.35,0.4775,0.6805,0.2109,3.3,3.9,7.2,8.1,4.6,total_3_cards,3+ cards,lean,3+ cards:won,1,1,won,7.0,3.0,9.0,H,,,,,
2025-10-19,19:45,2526,I1,Serie A,Milan,Fiorentina,H,No external context supplied,,L W W L D,W L L W D,0.0,0.0,0.5,0.5,1.0,1.0,0.0,0.0,0.0,0.0,0.5391,0.2672,0.1937,1.56,4.33,6.09,1.85,3.74,5.16,2.04,4.6,6.96,0.5297,1.83,1.89,2.33,1.6,0.95,2.55,0.4894,0.7228,0.2532,4.6,2.9,7.5,8.7,3.4,over_15_goals|home_4_sot,Over 1.5 goals + Milan 4+ SOT,lean,Over 1.5 goals:won | Milan 4+ SOT:won,2,2,won,5.0,4.0,6.0,H,,,,,
2025-10-19,15:15,2526,SP1,La Liga,Celta,Sociedad,D,No external context supplied,,D D L W W,D D W L L,0.0,0.0,0.5,0.5,1.0,1.0,0.0,0.0,0.0,0.0,0.4621,0.282,0.2559,2.11,3.42,3.74,2.16,3.55,3.91,2.43,4.31,4.86,0.5058,1.92,1.98,2.46,1.3,1.15,2.45,0.4971,0.7023,0.2318,4.9,4.3,9.2,11.1,4.0,home_4_sot|total_8_corners,Celta 4+ SOT + 8+ corners,lean,Celta 4+ SOT:lost | 8+ corners:won,1,2,partial,8.0,11.0,9.0,H,,,,,
2025-10-19,13:00,2526,SP1,La Liga,Elche,Ath Bilbao,D,No external context supplied,,W D L L W,L D W W L,0.0,0.0,0.5,0.5,1.0,1.0,0.0,0.0,0.0,0.0,0.2198,0.2563,0.5238,3.78,3.36,2.12,4.55,3.9,1.91,5.89,4.85,2.11,0.4695,2.29,2.13,2.71,1.25,1.0,2.25,0.451,0.6575,0.1906,3.9,3.8,7.7,9.4,5.0,total_3_cards,3+ cards,lean,3+ cards:won,1,1,won,6.0,8.0,5.0,A,,,,,
2025-10-19,20:00,2526,SP1,La Liga,Getafe,Real Madrid,A,No external context supplied,,L L L L L,W W W W W,0.0,1.0,0.5,0.5,1.0,1.0,0.0,0.0,0.0,0.0,0.1164,0.2074,0.6763,7.03,4.65,1.47,8.59,4.82,1.48,15.07,6.36,1.6,0.4681,1.9,2.14,2.72,1.05,1.85,2.9,0.5478,0.7854,0.3304,2.8,4.8,7.6,8.1,5.6,over_15_goals|btts_yes|away_4_sot|total_3_cards,Over 1.5 goals + BTTS yes + Real Madrid 4+ SOT + 3+ cards,strong,Over 1.5 goals:lost | BTTS yes:lost | Real Madrid 4+ SOT:won | 3+ cards:won,2,4,partial,11.0,5.0,9.0,A,,,,,
2025-10-19,17:30,2526,SP1,La Liga,Levante,Vallecano,A,No external context supplied,,L W D W,W L D L,0.0,0.0,0.5,0.5,1.0,1.0,0.0,0.0,0.0,0.0,0.2739,0.2402,0.4859,2.84,3.54,2.51,3.65,4.16,2.06,4.47,5.26,2.29,0.5097,1.91,1.96,2.44,1.55,1.35,2.9,0.5835,0.7854,0.3304,4.3,4.8,9.1,11.6,5.2,over_15_goals|btts_yes|home_4_sot|total_8_corners|total_3_cards,Over 1.5 goals + BTTS yes + Levante 4+ SOT + 8+ corners,strong,Over 1.5 goals:won | BTTS yes:lost | Levante 4+ SOT:won | 8+ corners:won | 3+ cards:lost,3,5,partial,9.0,15.0,1.0,A,,,,,
2025-10-20,20:00,2526,E0,Premier League,West Ham,Brentford,A,No external context supplied,"Weather: rain 2.4mm, gusts 43.2km/h, snow 0.0cm",L L W D L,W W L D W,0.0,0.0,0.5,0.5,1.0,1.0,0.0,0.0,0.0,0.0,0.3938,0.2698,0.3364,2.54,3.43,2.87,2.54,3.71,2.97,2.91,4.55,3.49,0.5183,1.85,1.93,2.39,1.4,1.6,3.0,0.6013,0.8009,0.3528,4.0,4.2,8.2,10.7,4.4,over_15_goals|btts_yes|away_4_sot|total_8_corners|total_3_cards,Over 1.5 goals + BTTS yes + Brentford 4+ SOT + 8+ corners,strong,Over 1.5 goals:won | BTTS yes:lost | Brentford 4+ SOT:won | 8+ corners:won | 3+ cards:lost,3,5,partial,8.0,16.0,2.0,H,,,,,
2025-10-20,19:45,2526,I1,Serie A,Cremonese,Udinese,D,No external context supplied,,D L,D W,0.0,0.0,0.5,0.5,1.0,1.0,0.0,0.0,0.0,0.0,0.2543,0.2654,0.4803,3.08,3.23,2.51,3.93,3.77,2.08,4.89,4.64,2.32,0.5079,2.18,1.97,2.45,1.45,1.45,2.9,0.5859,0.7854,0.3304,3.2,5.4,8.6,9.6,4.0,over_15_goals|btts_yes|away_4_sot|total_8_corners,Over 1.5 goals + BTTS yes + Udinese 4+ SOT + 8+ corners,strong,Over 1.5 goals:won | BTTS yes:won | Udinese 4+ SOT:lost | 8+ corners:won,3,4,partial,5.0,9.0,6.0,A,,,,,
2025-10-20,20:00,2526,SP1,La Liga,Alaves,Valencia,D,No external context supplied,,W W W D W,L L L D L,0.0,0.0,0.5,0.5,1.0,1.0,0.0,0.0,0.0,0.0,0.3959,0.312,0.2921,2.28,3.16,3.58,2.53,3.21,3.42,2.89,3.82,4.13,0.4695,2.39,2.13,2.71,1.35,1.0,2.35,0.4682,0.6805,0.2109,5.2,3.2,8.4,10.6,4.2,home_4_sot|total_8_corners|total_3_cards,Alaves 4+ SOT + 8+ corners + 3+ cards,strong,Alaves 4+ SOT:lost | 8+ corners:lost | 3+ cards:won,1,3,partial,5.0,7.0,3.0,H,,,,,
2025-10-24,19:30,2526,D1,Bundesliga,Werder Bremen,Union Berlin,H,No external context supplied,,L W L W D,W L W L D,0.0,0.0,0.5,0.5,1.0,1.0,0.0,0.0,0.0,0.0,0.3962,0.3072,0.2966,2.33,3.63,3.09,2.52,3.26,3.37,2.89,3.89,4.06,0.5079,1.68,1.97,2.45,1.85,1.7,3.55,0.6888,0.8693,0.4741,5.3,5.7,11.0,9.2,5.2,over_15_goals|btts_yes|home_4_sot|total_3_cards,Over 1.5 goals + BTTS yes + Werder Bremen 4+ SOT + 3+ cards,strong,Over 1.5 goals:lost | BTTS yes:lost | Werder Bremen 4+ SOT:lost | 3+ cards:won,1,4,partial,5.0,11.0,4.0,H,,,,,
2025-10-24,20:00,2526,E0,Premier League,Leeds,West Ham,H,No external context supplied,"Weather: rain 1.0mm, gusts 48.2km/h, snow 0.0cm",L L W D L,W W L D W,0.0,0.0,0.5,0.5,1.0,1.0,0.0,0.0,0.0,0.0,0.5452,0.2651,0.1896,1.82,3.72,4.72,1.83,3.77,5.27,2.02,4.65,7.16,0.5097,2.04,1.96,2.44,1.5,1.5,3.0,0.6035,0.8009,0.3528,4.9,3.1,8.0,9.8,4.0,over_15_goals|btts_yes|home_4_sot|total_8_corners,Over 1.5 goals + BTTS yes + Leeds 4+ SOT + 8+ corners,strong,Over 1.5 goals:won | BTTS yes:won | Leeds 4+ SOT:won | 8+ corners:lost,3,4,partial,8.0,7.0,6.0,H,,,,,
2025-10-24,19:45,2526,F1,Ligue 1,Paris FC,Nantes,A,No external context supplied,,No recent H2H,No recent H2H,0.0,0.0,0.5,0.5,1.0,1.0,0.0,0.0,0.0,0.0,0.6019,0.2333,0.1648,1.67,4.1,5.31,1.66,4.29,6.07,1.81,5.46,8.71,0.482,1.73,2.07,2.62,1.31,1.39,2.7,0.5484,0.7513,0.2859,4.7,3.5,8.2,9.6,3.2,over_15_goals|btts_yes|home_4_sot|total_8_corners,Over 1.5 goals + BTTS yes + Paris FC 4+ SOT + 8+ corners,strong,Over 1.5 goals:won | BTTS yes:won | Paris FC 4+ SOT:lost | 8+ corners:won,3,4,partial,6.0,10.0,5.0,H,,,,,
2025-10-24,19:45,2526,I1,Serie A,Milan,Pisa,D,No external context supplied,,No recent H2H,No recent H2H,0.0,0.0,0.5,0.5,1.0,1.0,0.0,0.0,0.0,0.0,0.6222,0.253,0.1247,1.3,5.66,10.97,1.61,3.95,8.02,1.75,4.93,13.39,0.5911,1.77,1.69,2.04,1.56,0.61,2.18,0.3629,0.6402,0.1765,4.1,2.4,6.5,8.1,4.2,total_3_cards,3+ cards,lean,3+ cards:won,1,1,won,9.0,8.0,4.0,H,,,,,
2025-10-24,20:00,2526,SP1,La Liga,Sociedad,Sevilla,H,No external context supplied,,W W L W L,L L W L W,0.0,0.0,0.5,0.5,1.0,1.0,0.0,0.0,0.0,0.0,0.4988,0.2532,0.2481,2.03,3.5,4.0,2.01,3.95,4.03,2.23,4.92,5.05,0.5753,1.93,1.74,2.1,1.3,1.65,2.95,0.5878,0.7933,0.3416,5.1,3.9,9.0,11.1,7.0,over_15_goals|btts_yes|home_4_sot|total_8_corners|total_3_cards,Over 1.5 goals + BTTS yes + Sociedad 4+ SOT + 8+ corners,strong,Over 1.5 goals:won | BTTS yes:won | Sociedad 4+ SOT:lost | 8+ corners:won | 3+ cards:won,4,5,partial,4.0,10.0,4.0,H,,,,,
2025-10-25,14:30,2526,D1,Bundesliga,Augsburg,RB Leipzig,A,No external context supplied,,L L D L D,W W D W D,0.0,0.0,0.5,0.5,1.0,1.0,0.0,0.0,0.0,0.0,0.3274,0.2747,0.3979,3.29,4.06,2.07,3.05,3.64,2.51,3.6,4.45,2.87,0.6201,1.44,1.61,1.92,1.45,1.9,3.35,0.6509,0.8474,0.4307,3.5,4.6,8.1,10.4,4.8,over_15_goals|btts_yes|away_4_sot|total_8_corners|total_3_cards,Over 1.5 goals + BTTS yes + RB Leipzig 4+ SOT + 8+ corners,strong,Over 1.5 goals:won | BTTS yes:lost | RB Leipzig 4+ SOT:won | 8+ corners:lost | 3+ cards:won,3,5,partial,10.0,5.0,4.0,A,,,,,
2025-10-25,17:30,2526,D1,Bundesliga,Dortmund,FC Koln,H,No external context supplied,,D L W W W,D W L L L,0.0,0.0,0.5,0.5,1.0,1.0,0.0,0.0,0.0,0.0,0.695,0.1924,0.1126,1.46,4.96,6.64,1.44,5.2,8.88,1.55,7.02,15.98,0.6298,1.4,1.59,1.89,2.0,1.2,3.2,0.6042,0.8288,0.3975,4.7,3.6,8.3,11.9,3.6,over_15_goals|btts_yes|home_4_sot|total_8_corners,Over 1.5 goals + BTTS yes + Dortmund 4+ SOT + 8+ corners,strong,Over 1.5 goals:lost | BTTS yes:lost | Dortmund 4+ SOT:won | 8+ corners:won,2,4,partial,9.0,19.0,4.0,H,,,,,
2025-10-25,14:30,2526,D1,Bundesliga,Ein Frankfurt,St Pauli,H,No external context supplied,,W D,L D,0.0,0.0,0.5,0.5,1.0,1.0,0.0,0.0,0.0,0.0,0.5611,0.2651,0.1738,1.74,4.19,4.49,1.78,3.77,5.75,1.96,4.65,8.08,0.5913,1.56,1.69,2.04,2.1,1.6,3.7,0.7004,0.8838,0.5058,5.0,4.9,9.9,9.0,4.0,over_15_goals|btts_yes|home_4_sot,Over 1.5 goals + BTTS yes + Ein Frankfurt 4+ SOT,strong,Over 1.5 goals:won | BTTS yes:lost | Ein Frankfurt 4+ SOT:won,2,3,partial,7.0,4.0,1.0,H,,,,,
2025-10-25,14:30,2526,D1,Bundesliga,Hamburg,Wolfsburg,A,No external context supplied,,D W,D L,0.0,0.0,0.5,0.5,1.0,1.0,0.0,0.0,0.0,0.0,0.4056,0.2588,0.3357,2.4,3.73,2.88,2.47,3.86,2.98,2.81,4.79,3.5,0.5222,1.61,1.91,2.37,1.55,1.3,2.85,0.5731,0.7773,0.3192,5.9,4.8,10.7,10.8,4.0,over_15_goals|btts_yes|home_4_sot|total_8_corners,Over 1.5 goals + BTTS yes + Hamburg 4+ SOT + 8+ corners,strong,Over 1.5 goals:lost | BTTS yes:lost | Hamburg 4+ SOT:won | 8+ corners:won,2,4,partial,8.0,12.0,6.0,H,,,,,
2025-10-25,14:30,2526,D1,Bundesliga,Hoffenheim,Heidenheim,H,No external context supplied,,W D D D,L D D D,0.0,0.0,0.5,0.5,1.0,1.0,0.0,0.0,0.0,0.0,0.5758,0.2579,0.1663,1.6,4.45,5.32,1.74,3.88,6.01,1.9,4.81,8.6,0.5619,1.48,1.78,2.17,1.75,1.6,3.35,0.6594,0.8474,0.4307,5.4,5.0,10.4,11.1,3.4,over_15_goals|btts_yes|home_4_sot|total_8_corners,Over 1.5 goals + BTTS yes + Hoffenheim 4+ SOT + 8+ corners,strong,Over 1.5 goals:won | BTTS yes:won | Hoffenheim 4+ SOT:won | 8+ corners:won,4,4,won,10.0,12.0,2.0,H,,,,,
2025-10-25,14:30,2526,D1,Bundesliga,M'gladbach,Bayern Munich,A,No external context supplied,,W L L L L,L W W W W,0.0,1.0,0.5,0.5,1.0,1.0,0.0,0.0,0.0,0.0,0.1763,0.1622,0.6616,11.5,7.11,1.23,5.67,6.17,1.51,7.92,8.92,1.64,0.6531,1.26,1.53,1.81,0.85,2.9,3.75,0.5411,0.8883,0.5162,3.6,7.4,11.0,9.2,4.4,over_15_goals|btts_yes|away_4_sot|total_3_cards,Over 1.5 goals + BTTS yes + Bayern Munich 4+ SOT + 3+ cards,strong,Over 1.5 goals:won | BTTS yes:lost | Bayern Munich 4+ SOT:won | 3+ cards:won,3,4,partial,11.0,9.0,5.0,A,,,,,
2025-10-25,20:00,2526,E0,Premier League,Brentford,Liverpool,H,No external context supplied,"Weather: rain 0.7mm, gusts 41.4km/h, snow 0.0cm",L L L L L,W W W W W,0.0,1.0,0.5,0.5,1.0,1.0,0.0,0.0,0.0,0.0,0.225,0.2273,0.5476,4.25,4.18,1.78,4.44,4.4,1.83,5.71,5.64,2.01,0.553,1.54,1.81,2.21,1.45,1.65,3.1,0.6184,0.8153,0.3752,4.2,3.9,8.1,10.3,3.8,over_15_goals|btts_yes|total_8_corners,Over 1.5 goals + BTTS yes + 8+ corners,strong,Over 1.5 goals:won | BTTS yes:won | 8+ corners:won,3,3,won,13.0,9.0,5.0,A,,,,,
2025-10-25,15:00,2526,E0,Premier League,Chelsea,Sunderland,A,No external context supplied,"Weather: rain 1.1mm, gusts 45.4km/h, snow 0.0cm",No recent H2H,No recent H2H,0.0,0.0,0.5,0.5,1.0,1.0,0.0,0.0,0.0,0.0,0.7191,0.1514,0.1295,1.38,5.22,8.0,1.39,6.6,7.72,1.49,9.86,12.58,0.6342,1.69,1.58,1.87,1.27,1.01,2.29,0.4588,0.6663,0.1981,4.5,2.7,7.2,8.9,5.8,home_4_sot|total_3_cards,Chelsea 4+ SOT + 3+ cards,lean,Chelsea 4+ SOT:won | 3+ cards:lost,1,2,partial,11.0,10.0,2.0,H,,,,,
2025-10-25,17:30,2526,E0,Premier League,Man United,Brighton,H,No external context supplied,"Weather: rain 0.0mm, gusts 46.8km/h, snow 0.0cm",L L W L L,W W L W W,0.0,0.0,0.5,0.5,1.0,1.0,0.0,0.0,0.0,0.0,0.4547,0.2372,0.3081,2.0,3.92,3.57,2.2,4.22,3.25,2.47,5.34,3.87,0.5542,1.53,1.8,2.2,1.35,1.6,2.95,0.5912,0.7933,0.3416,3.9,4.4,8.3,9.4,4.2,over_15_goals|btts_yes|away_4_sot,Over 1.5 goals + BTTS yes + Brighton 4+ SOT,strong,Over 1.5 goals:won | BTTS yes:won | Brighton 4+ SOT:won,3,3,won,14.0,7.0,4.0,H,,,,,
2025-10-25,15:00,2526,E0,Premier League,Newcastle,Fulham,H,No external context supplied,"Weather: rain 2.3mm, gusts 51.8km/h, snow 0.0cm",W W W L L,L L L W W,0.0,0.0,0.5,0.5,1.0,1.0,0.0,0.0,0.0,0.0,0.5122,0.2679,0.2199,1.65,3.97,5.59,1.95,3.73,4.55,2.16,4.59,5.89,0.5491,1.85,1.82,2.23,1.15,1.0,2.15,0.432,0.6331,0.1709,4.1,3.5,7.6,11.2,3.0,total_8_corners,8+ corners,lean,8+ corners:lost,0,1,lost,12.0,7.0,2.0,H,,,,,
2025-10-25,16:00,2526,F1,Ligue 1,Brest,Paris SG,A,No external context supplied,,L L D L L,W W D W W,0.0,1.0,0.5,0.5,1.0,1.0,0.0,0.0,0.0,0.0,0.1607,0.2197,0.6195,8.88,5.61,1.34,6.22,4.55,1.61,9.03,5.89,1.76,0.648,1.45,1.54,1.82,1.3,2.15,3.45,0.6427,0.8587,0.4525,4.3,5.0,9.3,9.1,2.2,over_15_goals|btts_yes|home_4_sot,Over 1.5 goals + BTTS yes + Brest 4+ SOT,strong,Over 1.5 goals:won | BTTS yes:lost | Brest 4+ SOT:lost,1,3,partial,10.0,9.0,2.0,A,,,,,
2025-10-25,20:05,2526,F1,Ligue 1,Lens,Marseille,H,No external context supplied,,W W L L W,L L W W L,0.0,0.0,0.5,0.5,1.0,1.0,0.0,0.0,0.0,0.0,0.225,0.3281,0.4468,2.82,3.61,2.49,4.44,3.05,2.24,5.71,3.6,2.52,0.4898,1.68,2.04,2.57,1.35,1.8,3.15,0.6183,0.8222,0.3863,2.9,5.5,8.4,8.9,6.0,over_15_goals|btts_yes|away_4_sot|total_3_cards,Over 1.5 goals + BTTS yes + Marseille 4+ SOT + 3+ cards,strong,Over 1.5 goals:won | BTTS yes:won | Marseille 4+ SOT:lost | 3+ cards:won,3,4,partial,8.0,12.0,5.0,A,,,,,
2025-10-25,18:00,2526,F1,Ligue 1,Monaco,Toulouse,H,No external context supplied,,L W L W D,W L W L D,0.0,0.0,0.5,0.5,1.0,1.0,0.0,0.0,0.0,0.0,0.3398,0.3014,0.3588,1.87,4.03,3.96,2.94,3.32,2.79,3.45,3.98,3.24,0.54,1.6,1.85,2.27,1.7,1.8,3.5,0.6822,0.8641,0.4634,3.4,4.3,7.7,9.8,6.6,over_15_goals|btts_yes|away_4_sot|total_8_corners|total_3_cards,Over 1.5 goals + BTTS yes + Toulouse 4+ SOT + 8+ corners,strong,Over 1.5 goals:lost | BTTS yes:lost | Toulouse 4+ SOT:lost | 8+ corners:lost | 3+ cards:won,1,5,partial,7.0,7.0,7.0,A,,,,,
2025-10-25,19:45,2526,I1,Serie A,Cremonese,Atalanta,D,No external context supplied,,D L,D W,0.0,0.0,0.5,0.5,1.0,1.0,0.0,0.0,0.0,0.0,0.1488,0.2544,0.5968,5.41,4.18,1.63,6.72,3.93,1.68,10.12,4.89,1.83,0.5705,1.81,1.75,2.13,1.2,1.75,2.95,0.5774,0.7933,0.3416,3.4,5.3,8.7,9.6,4.2,over_15_goals|btts_yes|away_4_sot|total_8_corners|total_3_cards,Over 1.5 goals + BTTS yes + Atalanta 4+ SOT + 8+ corners,strong,Over 1.5 goals:won | BTTS yes:won | Atalanta 4+ SOT:won | 8+ corners:won | 3+ cards:won,5,5,won,11.0,12.0,4.0,A,,,,,
2025-10-25,17:00,2526,I1,Serie A,Napoli,Inter,H,No external context supplied,,W L D D D,L W D D D,0.0,1.0,0.5,0.5,1.0,1.0,0.0,0.0,0.0,0.0,0.2461,0.2737,0.4801,3.02,3.15,2.6,4.06,3.65,2.08,5.1,4.47,2.32,0.4546,2.08,2.2,2.82,1.3,1.65,2.95,0.5878,0.7933,0.3416,4.8,4.2,9.0,11.0,2.6,over_15_goals|btts_yes|home_4_sot|total_8_corners,Over 1.5 goals + BTTS yes + Napoli 4+ SOT + 8+ corners,strong,Over 1.5 goals:won | BTTS yes:won | Napoli 4+ SOT:lost | 8+ corners:lost,2,4,partial,6.0,5.0,3.0,A,,,,,
2025-10-25,14:00,2526,I1,Serie A,Parma,Como,D,No external context supplied,,D L,D W,0.0,0.0,0.5,0.5,1.0,1.0,0.0,0.0,0.0,0.0,0.241,0.2678,0.4912,4.06,3.53,1.98,4.15,3.73,2.04,5.24,4.59,2.27,0.4961,1.99,2.02,2.52,0.8,1.2,2.0,0.3848,0.594,0.1429,2.8,4.7,7.5,7.7,6.0,away_4_sot|total_3_cards,Como 4+ SOT + 3+ cards,lean,Como 4+ SOT:lost | 3+ cards:lost,0,2,lost,5.0,6.0,1.0,A,,,,,
2025-10-25,14:00,2526,I1,Serie A,Udinese,Lecce,H,No external context supplied,,L D W W W,W D L L L,0.0,0.0,0.5,0.5,1.0,1.0,0.0,0.0,0.0,0.0,0.5125,0.2611,0.2264,1.86,3.42,4.86,1.95,3.83,4.42,2.16,4.74,5.67,0.4383,2.18,2.28,2.96,1.05,1.25,2.3,0.4638,0.6691,0.2007,4.0,3.6,7.6,9.9,4.0,total_8_corners,8+ corners,lean,8+ corners:won,1,1,won,7.0,13.0,4.0,H,,,,,
2025-10-25,17:30,2526,SP1,La Liga,Ath Bilbao,Getafe,A,No external context supplied,,D D W D W,D D L D L,0.0,0.0,0.5,0.5,1.0,1.0,0.0,0.0,0.0,0.0,0.5188,0.2842,0.197,1.68,3.66,5.91,1.93,3.52,5.08,2.13,4.27,6.8,0.5097,2.62,1.96,2.44,1.15,1.1,2.25,0.4559,0.6575,0.1906,4.7,3.0,7.7,8.2,6.6,home_4_sot|total_3_cards,Ath Bilbao 4+ SOT + 3+ cards,lean,Ath Bilbao 4+ SOT:won | 3+ cards:won,2,2,won,7.0,6.0,4.0,H,,,,,
2025-10-25,15:15,2526,SP1,La Liga,Espanol,Elche,H,No external context supplied,,D L D W,D W D L,0.0,0.0,0.5,0.5,1.0,1.0,0.0,0.0,0.0,0.0,0.5166,0.2744,0.209,2.0,3.47,4.06,1.94,3.64,4.78,2.14,4.46,6.29,0.4982,2.07,2.01,2.51,1.25,1.15,2.4,0.4876,0.6916,0.2213,4.5,4.2,8.7,10.0,3.4,home_4_sot|total_8_corners,Espanol 4+ SOT + 8+ corners,lean,Espanol 4+ SOT:won | 8+ corners:lost,1,2,partial,11.0,6.0,6.0,H,,,,,
2025-10-25,13:00,2526,SP1,La Liga,Girona,Oviedo,D,No external context supplied,,No recent H2H,No recent H2H,0.0,0.0,0.5,0.5,1.0,1.0,0.0,0.0,0.0,0.0,0.5726,0.225,0.2024,1.81,3.57,4.87,1.75,4.44,4.94,1.91,5.71,6.56,0.5341,1.99,1.87,2.3,1.19,1.37,2.56,0.5191,0.725,0.2556,5.0,4.9,9.9,10.3,6.8,over_15_goals|home_4_sot|total_8_corners|total_3_cards,Over 1.5 goals + Girona 4+ SOT + 8+ corners + 3+ cards,strong,Over 1.5 goals:won | Girona 4+ SOT:won | 8+ corners:won | 3+ cards:won,4,4,won,11.0,15.0,7.0,H,,,,,
2025-10-25,20:00,2526,SP1,La Liga,Valencia,Villarreal,A,No external context supplied,,D W L D D,D L W D D,0.0,0.0,0.5,0.5,1.0,1.0,0.0,0.0,0.0,0.0,0.2698,0.2615,0.4687,3.29,3.62,2.2,3.71,3.82,2.13,4.55,4.73,2.39,0.5308,1.8,1.88,2.32,1.15,1.75,2.9,0.5646,0.7854,0.3304,3.9,4.9,8.8,8.4,4.6,over_15_goals|btts_yes|away_4_sot|total_3_cards,Over 1.5 goals + BTTS yes + Villarreal 4+ SOT + 3+ cards,strong,Over 1.5 goals:won | BTTS yes:lost | Villarreal 4+ SOT:won | 3+ cards:won,3,4,partial,8.0,12.0,6.0,A,,,,,
2025-10-26,14:30,2526,D1,Bundesliga,Leverkusen,Freiburg,H,No external context supplied,,D W W W D,D L L L D,0.0,0.0,0.5,0.5,1.0,1.0,0.0,0.0,0.0,0.0,0.4823,0.2263,0.2913,1.84,3.92,4.2,2.07,4.42,3.43,2.31,5.67,4.14,0.5601,1.72,1.79,2.17,1.95,1.75,3.7,0.7087,0.8838,0.5058,5.1,4.0,9.1,7.9,7.0,over_15_goals|btts_yes|home_4_sot|total_3_cards,Over 1.5 goals + BTTS yes + Leverkusen 4+ SOT + 3+ cards,strong,Over 1.5 goals:won | BTTS yes:lost | Leverkusen 4+ SOT:won | 3+ cards:won,3,4,partial,7.0,5.0,5.0,H,,,,,
2025-10-26,16:30,2526,D1,Bundesliga,Stuttgart,Mainz,H,No external context supplied,,W W W D L,L L L D W,0.0,0.0,0.5,0.5,1.0,1.0,0.0,0.0,0.0,0.0,0.4389,0.3054,0.2558,1.79,4.13,4.24,2.28,3.27,3.91,2.57,3.92,4.86,0.5752,1.57,1.74,2.1,1.85,1.15,3.0,0.5759,0.8009,0.3528,5.7,3.4,9.1,9.1,4.2,over_15_goals|btts_yes|home_4_sot|total_3_cards,Over 1.5 goals + BTTS yes + Stuttgart 4+ SOT + 3+ cards,strong,Over 1.5 goals:won | BTTS yes:won | Stuttgart 4+ SOT:won | 3+ cards:won,4,4,won,10.0,12.0,7.0,H,,,,,
2025-10-26,14:00,2526,E0,Premier League,Arsenal,Crystal Palace,H,No external context supplied,"Weather: rain 0.5mm, gusts 47.9km/h, snow 0.0cm",W W W W D,L L L L D,0.0,0.0,0.5,0.5,1.0,1.0,0.0,0.0,0.0,0.0,0.6787,0.1874,0.1339,1.44,4.71,7.49,1.47,5.34,7.47,1.59,7.28,11.91,0.4954,1.74,2.02,2.53,1.45,1.05,2.5,0.4976,0.7127,0.2424,4.4,3.8,8.2,12.0,2.4,home_4_sot|total_8_corners,Arsenal 4+ SOT + 8+ corners,lean,Arsenal 4+ SOT:lost | 8+ corners:lost,0,2,lost,4.0,7.0,0.0,H,,,,,
2025-10-26,14:00,2526,E0,Premier League,Aston Villa,Man City,H,No external context supplied,"Weather: rain 0.8mm, gusts 51.1km/h, snow 0.0cm",L W L W L,W L W L W,0.0,1.0,0.5,0.5,1.0,1.0,0.0,0.0,0.0,0.0,0.2103,0.2768,0.5129,4.24,4.06,1.81,4.76,3.61,1.95,6.24,4.41,2.16,0.4961,1.73,2.02,2.52,0.85,1.6,2.45,0.457,0.7023,0.2318,2.5,4.3,6.8,10.6,2.6,away_4_sot|total_8_corners,Man City 4+ SOT + 8+ corners,lean,Man City 4+ SOT:won | 8+ corners:won,2,2,won,7.0,11.0,5.0,A,,,,,
2025-10-26,14:00,2526,E0,Premier League,Bournemouth,Nott'm Forest,H,No external context supplied,"Weather: rain 1.2mm, gusts 56.9km/h, snow 0.0cm",D W D D W,D L D D L,0.0,0.0,0.5,0.5,1.0,1.0,0.0,0.0,0.0,0.0,0.4231,0.3034,0.2735,1.79,3.96,4.48,2.36,3.3,3.66,2.68,3.95,4.47,0.5584,1.84,1.79,2.18,1.7,1.05,2.75,0.5313,0.7603,0.297,5.1,4.3,9.4,9.2,4.8,over_15_goals|home_4_sot|total_3_cards,Over 1.5 goals + Bournemouth 4+ SOT + 3+ cards,strong,Over 1.5 goals:won | Bournemouth 4+ SOT:won | 3+ cards:won,3,3,won,9.0,10.0,4.0,H,,,,,
2025-10-26,16:30,2526,E0,Premier League,Everton,Tottenham,A,No external context supplied,"Weather: rain 5.0mm, gusts 70.9km/h, snow 0.0cm",D L D L W,D W D W L,0.0,0.0,0.5,0.5,1.0,1.0,0.0,0.0,0.0,0.0,0.3637,0.2509,0.3855,2.42,3.33,3.13,2.75,3.99,2.59,3.19,4.98,2.98,0.5082,1.91,1.97,2.45,1.25,1.2,2.45,0.4986,0.7023,0.2318,3.5,3.9,7.4,11.3,4.8,total_8_corners|total_3_cards,8+ corners + 3+ cards,lean,8+ corners:won | 3+ cards:lost,1,2,partial,6.0,17.0,2.0,A,,,,,
2025-10-26,14:00,2526,E0,Premier League,Wolves,Burnley,A,No external context supplied,"Weather: rain 0.6mm, gusts 52.9km/h, snow 0.0cm",L D L W D,W D W L D,0.0,0.0,0.5,0.5,1.0,1.0,0.0,0.0,0.0,0.0,0.5169,0.2805,0.2026,2.0,3.39,4.18,1.93,3.56,4.94,2.14,4.34,6.55,0.4954,2.22,2.02,2.53,1.35,1.6,2.95,0.5912,0.7933,0.3416,4.9,3.1,8.0,10.3,3.2,over_15_goals|btts_yes|home_4_sot|total_8_corners,Over 1.5 goals + BTTS yes + Wolves 4+ SOT + 8+ corners,strong,Over 1.5 goals:won | BTTS yes:won | Wolves 4+ SOT:won | 8+ corners:won,4,4,won,14.0,8.0,1.0,H,,,,,
2025-10-26,16:15,2526,F1,Ligue 1,Angers,Lorient,H,No external context supplied,,L W D L D,W L D W D,0.0,0.0,0.5,0.5,1.0,1.0,0.0,0.0,0.0,0.0,0.4712,0.2288,0.3001,2.63,3.19,2.94,2.12,4.37,3.33,2.37,5.59,4.0,0.5058,2.21,1.98,2.46,1.4,1.65,3.05,0.6087,0.8082,0.364,3.0,5.2,8.2,9.0,5.0,over_15_goals|btts_yes|away_4_sot|total_3_cards,Over 1.5 goals + BTTS yes + Lorient 4+ SOT + 3+ cards,strong,Over 1.5 goals:won | BTTS yes:lost | Lorient 4+ SOT:won | 3+ cards:lost,2,4,partial,8.0,7.0,1.0,H,,,,,
2025-10-26,16:15,2526,F1,Ligue 1,Auxerre,Le Havre,A,No external context supplied,,L L,W W,0.0,0.0,0.5,0.5,1.0,1.0,0.0,0.0,0.0,0.0,0.4284,0.2935,0.2781,2.16,3.45,3.56,2.33,3.41,3.6,2.64,4.11,4.38,0.5105,2.04,1.96,2.44,1.5,1.5,3.0,0.6035,0.8009,0.3528,3.7,3.5,7.2,7.7,5.4,over_15_goals|btts_yes|total_3_cards,Over 1.5 goals + BTTS yes + 3+ cards,strong,Over 1.5 goals:lost | BTTS yes:lost | 3+ cards:won,1,3,partial,7.0,18.0,4.0,H,,,,,
2025-10-26,14:00,2526,F1,Ligue 1,Lille,Metz,H,No external context supplied,,W D D W W,L D D L L,0.0,0.0,0.5,0.5,1.0,1.0,0.0,0.0,0.0,0.0,0.6864,0.1789,0.1348,1.33,5.55,9.34,1.46,5.59,7.42,1.57,7.76,11.8,0.6792,1.58,1.47,1.73,2.1,0.95,3.05,0.5382,0.8082,0.364,4.7,3.1,7.8,9.6,4.2,over_15_goals|home_4_sot|total_8_corners|total_3_cards,Over 1.5 goals + Lille 4+ SOT + 8+ corners + 3+ cards,strong,Over 1.5 goals:won | Lille 4+ SOT:won | 8+ corners:won | 3+ cards:won,4,4,won,16.0,15.0,5.0,H,,,,,
2025-10-26,19:45,2526,F1,Ligue 1,Lyon,Strasbourg,H,No external context supplied,,W L W W L,L W L L W,0.0,0.0,0.5,0.5,1.0,1.0,0.0,0.0,0.0,0.0,0.4262,0.2509,0.3229,2.11,3.75,3.41,2.35,3.99,3.1,2.66,4.98,3.66,0.5712,1.68,1.75,2.12,1.4,1.5,2.9,0.5853,0.7854,0.3304,4.8,4.9,9.7,9.1,5.4,over_15_goals|btts_yes|home_4_sot|total_3_cards,Over 1.5 goals + BTTS yes + Lyon 4+ SOT + 3+ cards,strong,Over 1.5 goals:won | BTTS yes:won | Lyon 4+ SOT:lost | 3+ cards:won,3,4,partial,5.0,6.0,6.0,H,,,,,
2025-10-26,16:15,2526,F1,Ligue 1,Rennes,Nice,A,No external context supplied,,L L W L W,W W L W L,0.0,0.0,0.5,0.5,1.0,1.0,0.0,0.0,0.0,0.0,0.3557,0.2607,0.3836,2.2,3.64,3.28,2.81,3.84,2.61,3.27,4.75,3.0,0.5358,1.7,1.87,2.29,1.55,1.7,3.25,0.6438,0.8352,0.4086,4.5,4.0,8.5,10.4,4.2,over_15_goals|btts_yes|home_4_sot|total_8_corners|total_3_cards,Over 1.5 goals + BTTS yes + Rennes 4+ SOT + 8+ corners,strong,Over 1.5 goals:won | BTTS yes:won | Rennes 4+ SOT:won | 8+ corners:won | 3+ cards:won,5,5,won,10.0,10.0,7.0,A,,,,,
2025-10-26,17:00,2526,I1,Serie A,Fiorentina,Bologna,D,No external context supplied,,L W L L W,W L W W L,0.0,0.0,0.5,0.5,1.0,1.0,0.0,0.0,0.0,0.0,0.4549,0.2647,0.2804,2.72,3.18,2.85,2.2,3.78,3.57,2.47,4.66,4.34,0.4858,2.24,2.06,2.59,1.3,1.55,2.85,0.5731,0.7773,0.3192,2.4,4.9,7.3,8.8,3.6,over_15_goals|btts_yes|away_4_sot,Over 1.5 goals + BTTS yes + Bologna 4+ SOT,strong,Over 1.5 goals:won | BTTS yes:won | Bologna 4+ SOT:lost,2,3,partial,10.0,11.0,10.0,H,,,,,
2025-10-26,19:45,2526,I1,Serie A,Lazio,Juventus,H,No external context supplied,,W L W L D,L W L W D,0.0,0.0,0.5,0.5,1.0,1.0,0.0,0.0,0.0,0.0,0.3495,0.2683,0.3822,3.42,3.12,2.38,2.86,3.73,2.62,3.34,4.58,3.01,0.4303,2.2,2.32,3.03,1.15,1.3,2.45,0.4971,0.7023,0.2318,3.6,5.2,8.8,9.3,4.0,away_4_sot,Juventus 4+ SOT,lean,Juventus 4+ SOT:won,1,1,won,8.0,7.0,6.0,A,,,,,
2025-10-26,14:00,2526,I1,Serie A,Sassuolo,Roma,A,No external context supplied,,D D W L L,D D L W W,0.0,0.0,0.5,0.5,1.0,1.0,0.0,0.0,0.0,0.0,0.2344,0.2743,0.4912,4.5,3.56,1.88,4.27,3.65,2.04,5.42,4.46,2.27,0.5311,2.06,1.88,2.32,0.8,1.3,2.1,0.4006,0.6204,0.1614,3.3,4.9,8.2,8.7,4.2,away_4_sot|total_3_cards,Roma 4+ SOT + 3+ cards,lean,Roma 4+ SOT:won | 3+ cards:won,2,2,won,9.0,12.0,5.0,A,,,,,
2025-10-26,11:30,2526,I1,Serie A,Torino,Genoa,H,No external context supplied,,L W D D D,W L D D D,0.0,0.0,0.5,0.5,1.0,1.0,0.0,0.0,0.0,0.0,0.371,0.3071,0.3219,2.35,2.96,3.71,2.7,3.26,3.11,3.12,3.89,3.68,0.3613,2.63,2.77,3.83,1.05,1.4,2.45,0.4898,0.7023,0.2318,4.4,4.4,8.8,8.0,5.4,home_4_sot|total_3_cards,Torino 4+ SOT + 3+ cards,lean,Torino 4+ SOT:won | 3+ cards:won,2,2,won,9.0,10.0,4.0,H,,,,,
2025-10-26,14:00,2526,I1,Serie A,Verona,Cagliari,D,No external context supplied,,W W D L L,L L D W W,0.0,0.0,0.5,0.5,1.0,1.0,0.0,0.0,0.0,0.0,0.5361,0.2849,0.179,2.24,3.1,3.76,1.87,3.51,5.59,2.06,4.26,7.75,0.382,2.45,2.62,3.55,0.95,1.1,2.05,0.4091,0.6074,0.152,5.4,3.0,8.4,9.1,4.4,home_4_sot|total_3_cards,Verona 4+ SOT + 3+ cards,lean,Verona 4+ SOT:won | 3+ cards:won,2,2,won,9.0,5.0,7.0,H,,,,,
2025-10-26,13:00,2526,SP1,La Liga,Mallorca,Levante,D,No external context supplied,,L W W L,W L L W,0.0,0.0,0.5,0.5,1.0,1.0,0.0,0.0,0.0,0.0,0.4176,0.3172,0.2652,2.09,3.41,3.81,2.39,3.15,3.77,2.72,3.74,4.65,0.5158,2.12,1.94,2.41,1.45,1.55,3.0,0.603,0.8009,0.3528,3.9,4.4,8.3,10.6,4.4,over_15_goals|btts_yes|away_4_sot|total_8_corners|total_3_cards,Over 1.5 goals + BTTS yes + Levante 4+ SOT + 8+ corners,strong,Over 1.5 goals:won | BTTS yes:won | Levante 4+ SOT:won | 8+ corners:won | 3+ cards:won,5,5,won,9.0,9.0,5.0,H,,,,,
2025-10-26,17:30,2526,SP1,La Liga,Osasuna,Celta,A,No external context supplied,,D W L W L,D L W L W,0.0,0.0,0.5,0.5,1.0,1.0,0.0,0.0,0.0,0.0,0.3503,0.2894,0.3603,2.43,3.2,3.24,2.85,3.46,2.78,3.33,4.18,3.22,0.53,2.16,1.89,2.33,1.0,1.0,2.0,0.3996,0.594,0.1429,4.0,4.8,8.8,8.9,4.6,away_4_sot|total_3_cards,Celta 4+ SOT + 3+ cards,lean,Celta 4+ SOT:won | 3+ cards:won,2,2,won,12.0,8.0,7.0,A,,,,,
2025-10-26,15:15,2526,SP1,La Liga,Real Madrid,Barcelona,H,No external context supplied,,L W W L L,W L L W W,1.0,1.0,0.5,0.5,1.0,1.0,0.0,0.0,0.0,0.0,0.3923,0.3306,0.2771,1.97,4.41,3.33,2.55,3.02,3.61,2.92,3.56,4.4,0.6132,1.28,1.63,1.95,1.6,1.8,3.4,0.6662,0.8532,0.4416,5.0,5.9,10.9,9.6,3.8,over_15_goals|btts_yes|home_4_sot|total_8_corners,Over 1.5 goals + BTTS yes + Real Madrid 4+ SOT + 8+ corners,strong,Over 1.5 goals:won | BTTS yes:won | Real Madrid 4+ SOT:won | 8+ corners:won,4,4,won,16.0,16.0,14.0,H,,,,,
2025-10-26,20:00,2526,SP1,La Liga,Vallecano,Alaves,H,No external context supplied,,L W L W W,W L W L L,0.0,0.0,0.5,0.5,1.0,1.0,0.0,0.0,0.0,0.0,0.5239,0.2446,0.2316,2.15,3.09,4.08,1.91,4.09,4.32,2.11,5.14,5.51,0.4858,2.53,2.06,2.59,1.0,1.0,2.0,0.3996,0.594,0.1429,3.3,4.1,7.4,12.3,4.8,total_8_corners|total_3_cards,8+ corners + 3+ cards,lean,8+ corners:won | 3+ cards:won,2,2,won,7.0,12.0,4.0,H,,,,,
2025-10-27,20:00,2526,SP1,La Liga,Betis,Ath Madrid,A,No external context supplied,,L D L W L,W D W L W,0.0,0.0,0.5,0.5,1.0,1.0,0.0,0.0,0.0,0.0,0.2131,0.2541,0.5328,3.09,3.82,2.23,4.69,3.94,1.88,6.13,4.9,2.07,0.4858,1.79,2.06,2.59,1.3,1.55,2.85,0.5731,0.7773,0.3192,4.1,4.8,8.9,10.7,5.6,over_15_goals|btts_yes|away_4_sot|total_8_corners|total_3_cards,Over 1.5 goals + BTTS yes + Ath Madrid 4+ SOT + 8+ corners,strong,Over 1.5 goals:won | BTTS yes:lost | Ath Madrid 4+ SOT:won | 8+ corners:lost | 3+ cards:won,3,5,partial,9.0,7.0,3.0,A,,,,,
2025-10-28,19:45,2526,I1,Serie A,Atalanta,Milan,D,No external context supplied,,L W D W W,W L D L L,0.0,0.0,0.5,0.5,1.0,1.0,0.0,0.0,0.0,0.0,0.4756,0.3155,0.2089,2.71,3.3,2.81,2.1,3.17,4.79,2.35,3.77,6.29,0.5221,1.91,1.92,2.37,1.3,1.35,2.65,0.5389,0.7421,0.2749,4.0,4.9,8.9,8.2,4.0,over_15_goals|away_4_sot,Over 1.5 goals + Milan 4+ SOT,lean,Over 1.5 goals:won | Milan 4+ SOT:lost,1,2,partial,4.0,13.0,4.0,H,,,,,
2025-10-28,17:30,2526,I1,Serie A,Lecce,Napoli,A,No external context supplied,,L L D L L,W W D W W,0.0,0.0,0.5,0.5,1.0,1.0,0.0,0.0,0.0,0.0,0.2153,0.2568,0.5279,7.2,3.94,1.56,4.65,3.89,1.89,6.05,4.84,2.09,0.5251,2.17,1.9,2.35,0.85,1.5,2.35,0.4448,0.6805,0.2109,3.2,4.5,7.7,10.6,3.6,away_4_sot|total_8_corners,Napoli 4+ SOT + 8+ corners,lean,Napoli 4+ SOT:lost | 8+ corners:won,1,2,partial,5.0,8.0,3.0,A,,,,,
2025-10-29,18:00,2526,F1,Ligue 1,Le Havre,Brest,H,No external context supplied,,L L L L,W W W W,0.0,0.0,0.5,0.5,1.0,1.0,0.0,0.0,0.0,0.0,0.3305,0.24,0.4295,2.56,3.38,2.89,3.03,4.17,2.33,3.57,5.26,2.64,0.5097,1.92,1.96,2.44,1.85,1.6,3.45,0.6726,0.8587,0.4525,3.4,4.0,7.4,10.1,3.6,over_15_goals|btts_yes|total_8_corners,Over 1.5 goals + BTTS yes + 8+ corners,strong,Over 1.5 goals:lost | BTTS yes:lost | 8+ corners:lost,0,3,lost,5.0,6.0,4.0,A,,,,,
2025-10-29,18:00,2526,F1,Ligue 1,Lorient,Paris SG,D,No external context supplied,,L L W D L,W W L D W,0.0,1.0,0.5,0.5,1.0,1.0,0.0,0.0,0.0,0.0,0.1391,0.1603,0.7006,10.79,6.39,1.26,7.19,6.24,1.43,11.23,9.06,1.54,0.6378,1.4,1.57,1.86,1.3,2.15,3.45,0.6427,0.8587,0.4525,4.3,4.9,9.2,7.4,3.6,over_15_goals|btts_yes|home_4_sot,Over 1.5 goals + BTTS yes + Lorient 4+ SOT,strong,Over 1.5 goals:won | BTTS yes:won | Lorient 4+ SOT:lost,2,3,partial,10.0,8.0,2.0,A,,,,,
2025-10-29,20:05,2526,F1,Ligue 1,Marseille,Angers,D,No external context supplied,,W W W D W,L L L D L,0.0,0.0,0.5,0.5,1.0,1.0,0.0,0.0,0.0,0.0,0.6773,0.2258,0.0969,1.22,6.86,12.64,1.48,4.43,10.32,1.59,5.69,21.31,0.572,1.59,1.75,2.12,2.0,0.85,2.85,0.4951,0.7773,0.3192,6.2,2.7,8.9,9.3,3.8,over_15_goals|home_4_sot,Over 1.5 goals + Marseille 4+ SOT,lean,Over 1.5 goals:won | Marseille 4+ SOT:won,2,2,won,12.0,6.0,3.0,H,,,,,
2025-10-29,18:00,2526,F1,Ligue 1,Metz,Lens,H,No external context supplied,,D L D W W,D W D L L,0.0,0.0,0.5,0.5,1.0,1.0,0.0,0.0,0.0,0.0,0.246,0.2852,0.4688,6.36,4.56,1.51,4.06,3.51,2.13,5.1,4.25,2.39,0.5032,1.65,1.99,2.48,0.7,2.3,3.0,0.4529,0.8009,0.3528,2.3,5.6,7.9,10.4,5.2,over_15_goals|away_4_sot|total_8_corners|total_3_cards,Over 1.5 goals + Lens 4+ SOT + 8+ corners + 3+ cards,strong,Over 1.5 goals:won | Lens 4+ SOT:lost | 8+ corners:lost | 3+ cards:won,2,4,partial,9.0,7.0,7.0,A,,,,,
2025-10-29,20:05,2526,F1,Ligue 1,Nantes,Monaco,A,No external context supplied,,D D L D L,D D W D W,0.0,0.0,0.5,0.5,1.0,1.0,0.0,0.0,0.0,0.0,0.2542,0.2446,0.5012,4.97,4.0,1.71,3.93,4.09,2.0,4.9,5.14,2.22,0.5871,1.64,1.7,2.05,1.35,1.4,2.75,0.5581,0.7603,0.297,3.0,4.7,7.7,10.0,4.4,over_15_goals|btts_yes|away_4_sot|total_8_corners|total_3_cards,Over 1.5 goals + BTTS yes + Monaco 4+ SOT + 8+ corners,strong,Over 1.5 goals:won | BTTS yes:won | Monaco 4+ SOT:won | 8+ corners:lost | 3+ cards:won,4,5,partial,14.0,4.0,8.0,A,,,,,
2025-10-29,18:00,2526,F1,Ligue 1,Nice,Lille,H,No external context supplied,,W D D D L,L D D D W,0.0,0.0,0.5,0.5,1.0,1.0,0.0,0.0,0.0,0.0,0.3651,0.182,0.4529,3.07,3.52,2.36,2.74,5.49,2.21,3.17,7.58,2.48,0.6461,1.72,1.55,1.83,1.6,1.95,3.55,0.6846,0.8693,0.4741,3.8,5.4,9.2,11.7,5.8,over_15_goals|btts_yes|away_4_sot|total_8_corners|total_3_cards,Over 1.5 goals + BTTS yes + Lille 4+ SOT + 8+ corners,strong,Over 1.5 goals:won | BTTS yes:lost | Lille 4+ SOT:won | 8+ corners:won | 3+ cards:won,4,5,partial,8.0,15.0,6.0,A,,,,,
2025-10-29,20:05,2526,F1,Ligue 1,Paris FC,Lyon,D,No external context supplied,,No recent H2H,No recent H2H,0.0,0.0,0.5,0.5,1.0,1.0,0.0,0.0,0.0,0.0,0.3458,0.282,0.3722,2.7,3.61,2.59,2.89,3.55,2.69,3.38,4.31,3.1,0.4546,1.66,2.2,2.82,1.23,1.69,2.92,0.5772,0.7889,0.3353,3.2,3.8,7.0,10.0,3.2,over_15_goals|btts_yes|total_8_corners,Over 1.5 goals + BTTS yes + 8+ corners,strong,Over 1.5 goals:won | BTTS yes:won | 8+ corners:lost,2,3,partial,7.0,6.0,12.0,A,,,,,
2025-10-29,20:05,2526,F1,Ligue 1,Strasbourg,Auxerre,H,No external context supplied,,L W W W,W L L L,0.0,0.0,0.5,0.5,1.0,1.0,0.0,0.0,0.0,0.0,0.5163,0.284,0.1997,1.76,4.03,4.56,1.94,3.52,5.01,2.14,4.27,6.68,0.5758,1.76,1.74,2.1,1.8,1.15,2.95,0.5704,0.7933,0.3416,5.2,4.1,9.3,8.0,5.8,over_15_goals|btts_yes|home_4_sot|total_3_cards,Over 1.5 goals + BTTS yes + Strasbourg 4+ SOT + 3+ cards,strong,Over 1.5 goals:won | BTTS yes:lost | Strasbourg 4+ SOT:won | 3+ cards:lost,2,4,partial,10.0,7.0,2.0,H,,,,,
2025-10-29,20:05,2526,F1,Ligue 1,Toulouse,Rennes,D,No external context supplied,,W D W W W,L D L L L,0.0,0.0,0.5,0.5,1.0,1.0,0.0,0.0,0.0,0.0,0.3815,0.3037,0.3148,2.21,3.53,3.36,2.62,3.29,3.18,3.02,3.94,3.78,0.4642,1.86,2.15,2.75,1.8,1.45,3.25,0.6389,0.8352,0.4086,3.8,3.6,7.4,8.3,5.8,over_15_goals|btts_yes|total_3_cards,Over 1.5 goals + BTTS yes + 3+ cards,strong,Over 1.5 goals:won | BTTS yes:won | 3+ cards:won,3,3,won,9.0,13.0,5.0,H,,,,,
2025-10-29,19:45,2526,I1,Serie A,Bologna,Torino,D,No external context supplied,,L W D W W,W L D L L,0.0,0.0,0.5,0.5,1.0,1.0,0.0,0.0,0.0,0.0,0.5823,0.2277,0.19,1.81,3.46,5.16,1.72,4.39,5.26,1.88,5.63,7.14,0.4858,2.22,2.06,2.59,1.65,1.05,2.7,0.5252,0.7513,0.2859,4.7,4.3,9.0,8.6,4.4,over_15_goals|home_4_sot|total_3_cards,Over 1.5 goals + Bologna 4+ SOT + 3+ cards,strong,Over 1.5 goals:lost | Bologna 4+ SOT:lost | 3+ cards:won,1,3,partial,4.0,6.0,5.0,H,,,,,
2025-10-29,17:30,2526,I1,Serie A,Como,Verona,H,No external context supplied,,W D,L D,0.0,0.0,0.5,0.5,1.0,1.0,0.0,0.0,0.0,0.0,0.566,0.2619,0.1721,1.66,3.59,6.37,1.77,3.82,5.81,1.94,4.72,8.19,0.4702,2.12,2.13,2.7,1.15,0.75,1.9,0.3606,0.5663,0.1253,4.0,3.8,7.8,7.6,5.8,total_3_cards,3+ cards,lean,3+ cards:won,1,1,won,14.0,4.0,5.0,H,,,,,
2025-10-29,19:45,2526,I1,Serie A,Genoa,Cremonese,A,No external context supplied,,No recent H2H,No recent H2H,0.0,0.0,0.5,0.5,1.0,1.0,0.0,0.0,0.0,0.0,0.4138,0.3396,0.2466,1.87,3.3,5.08,2.42,2.94,4.06,2.75,3.45,5.09,0.412,2.44,2.43,3.21,1.1,1.4,2.5,0.5026,0.7127,0.2424,4.5,3.7,8.2,8.9,6.0,home_4_sot|total_3_cards,Genoa 4+ SOT + 3+ cards,lean,Genoa 4+ SOT:lost | 3+ cards:won,1,2,partial,5.0,10.0,4.0,H,,,,,
2025-10-29,19:45,2526,I1,Serie A,Inter,Fiorentina,H,No external context supplied,,L W W L W,W L L W L,1.0,0.0,0.5,0.5,1.0,1.0,0.0,0.0,0.0,0.0,0.6825,0.1919,0.1255,1.41,5.02,7.67,1.47,5.21,7.97,1.58,7.05,13.24,0.5554,1.69,1.8,2.2,1.95,1.3,3.25,0.624,0.8352,0.4086,4.4,2.9,7.3,8.6,4.4,over_15_goals|btts_yes|home_4_sot|total_3_cards,Over 1.5 goals + BTTS yes + Inter 4+ SOT + 3+ cards,strong,Over 1.5 goals:won | BTTS yes:lost | Inter 4+ SOT:won | 3+ cards:won,3,4,partial,10.0,13.0,5.0,H,,,,,
2025-10-29,17:30,2526,I1,Serie A,Juventus,Udinese,H,No external context supplied,,W W L W W,L L W L L,0.0,0.0,0.5,0.5,1.0,1.0,0.0,0.0,0.0,0.0,0.7082,0.2147,0.0771,1.47,4.5,7.44,1.41,4.66,12.97,1.52,6.07,36.9,0.5916,1.91,1.69,2.03,1.55,1.1,2.65,0.5255,0.7421,0.2749,4.5,3.7,8.2,8.7,4.0,over_15_goals|home_4_sot,Over 1.5 goals + Juventus 4+ SOT,lean,Over 1.5 goals:won | Juventus 4+ SOT:won,2,2,won,13.0,12.0,5.0,H,,,,,
2025-10-29,17:30,2526,I1,Serie A,Roma,Parma,H,No external context supplied,,W W L W W,L L W L L,0.0,0.0,0.5,0.5,1.0,1.0,0.0,0.0,0.0,0.0,0.6467,0.2353,0.118,1.54,4.08,6.92,1.55,4.25,8.47,1.68,5.4,14.7,0.3396,2.05,2.94,4.17,1.1,0.5,1.6,0.2625,0.4751,0.0788,4.4,2.2,6.6,8.1,4.2,home_4_sot|total_3_cards,Roma 4+ SOT + 3+ cards,lean,Roma 4+ SOT:won | 3+ cards:won,2,2,won,11.0,11.0,3.0,H,,,,,
2025-10-30,17:30,2526,I1,Serie A,Cagliari,Sassuolo,A,No external context supplied,,D D W W W,D D L L L,0.0,0.0,0.5,0.5,1.0,1.0,0.0,0.0,0.0,0.0,0.3112,0.3445,0.3442,2.66,3.19,2.91,3.21,2.9,2.91,3.83,3.4,3.4,0.4546,2.16,2.2,2.82,1.15,1.05,2.2,0.4442,0.6454,0.1806,4.4,4.3,8.7,8.6,3.6,home_4_sot,Cagliari 4+ SOT,lean,Cagliari 4+ SOT:lost,0,1,lost,5.0,13.0,8.0,D,,,,,
2025-10-30,19:45,2526,I1,Serie A,Pisa,Lazio,D,No external context supplied,,No recent H2H,No recent H2H,0.0,0.0,0.5,0.5,1.0,1.0,0.0,0.0,0.0,0.0,0.306,0.2243,0.4697,3.78,3.24,2.17,3.27,4.46,2.13,3.91,5.74,2.38,0.5356,2.2,1.87,2.3,0.81,1.4,2.21,0.4191,0.6485,0.1831,3.9,4.1,8.0,7.9,4.6,total_3_cards,3+ cards,lean,3+ cards:won,1,1,won,8.0,4.0,4.0,A,,,,,
2025-10-31,19:30,2526,D1,Bundesliga,Augsburg,Dortmund,A,No external context supplied,,L D L W W,W D W L L,0.0,0.0,0.5,0.5,1.0,1.0,0.0,0.0,0.0,0.0,0.2475,0.274,0.4784,5.3,4.42,1.61,4.04,3.65,2.09,5.06,4.46,2.33,0.6498,1.48,1.54,1.82,1.05,2.35,3.4,0.5881,0.8532,0.4416,3.1,4.4,7.5,10.8,4.4,over_15_goals|btts_yes|away_4_sot|total_8_corners|total_3_cards,Over 1.5 goals + BTTS yes + Dortmund 4+ SOT + 8+ corners,strong,Over 1.5 goals:lost | BTTS yes:lost | Dortmund 4+ SOT:lost | 8+ corners:lost | 3+ cards:won,1,5,partial,2.0,7.0,5.0,A,,,,,
2025-10-31,20:00,2526,SP1,La Liga,Getafe,Girona,H,No external context supplied,,W L W L W,L W L W L,0.0,0.0,0.5,0.5,1.0,1.0,0.0,0.0,0.0,0.0,0.4652,0.2794,0.2554,2.2,3.03,4.0,2.15,3.58,3.92,2.41,4.36,4.87,0.4695,2.64,2.13,2.71,1.6,1.05,2.65,0.5188,0.7421,0.2749,4.1,4.4,8.5,9.4,7.6,over_15_goals|away_4_sot|total_3_cards,Over 1.5 goals + Girona 4+ SOT + 3+ cards,strong,Over 1.5 goals:won | Girona 4+ SOT:won | 3+ cards:lost,2,3,partial,8.0,11.0,2.0,H,,,,,
2025-11-01,17:30,2526,D1,Bundesliga,Bayern Munich,Leverkusen,H,No external context supplied,,L D L D D,W D W D D,1.0,0.0,0.5,0.5,1.0,1.0,0.0,0.0,0.0,0.0,0.516,0.311,0.173,1.23,7.43,10.66,1.94,3.22,5.78,2.15,3.83,8.13,0.6338,1.25,1.58,1.87,2.65,1.3,3.95,0.6761,0.9047,0.5567,6.7,3.7,10.4,8.5,5.2,over_15_goals|btts_yes|home_4_sot|total_3_cards,Over 1.5 goals + BTTS yes + Bayern Munich 4+ SOT + 3+ cards,strong,Over 1.5 goals:won | BTTS yes:lost | Bayern Munich 4+ SOT:won | 3+ cards:lost,2,4,partial,5.0,14.0,2.0,H,D,0.1308,all D very_long 8%+,34,0.365
2025-11-01,14:30,2526,D1,Bundesliga,Heidenheim,Ein Frankfurt,D,No external context supplied,,L L L L,W W W W,0.0,0.0,0.5,0.5,1.0,1.0,0.0,0.0,0.0,0.0,0.3059,0.2439,0.4502,3.69,4.18,1.9,3.27,4.1,2.22,3.91,5.16,2.5,0.5717,1.47,1.75,2.12,1.6,2.3,3.9,0.7181,0.9008,0.5468,5.0,5.5,10.5,7.7,2.8,over_15_goals|btts_yes|home_4_sot,Over 1.5 goals + BTTS yes + Heidenheim 4+ SOT,strong,Over 1.5 goals:won | BTTS yes:won | Heidenheim 4+ SOT:won,3,3,won,7.0,10.0,2.0,A,,,,,
2025-11-01,14:30,2526,D1,Bundesliga,Mainz,Werder Bremen,D,No external context supplied,,D L L L L,D W W W W,0.0,0.0,0.5,0.5,1.0,1.0,0.0,0.0,0.0,0.0,0.4797,0.25,0.2703,2.02,3.92,3.51,2.08,4.0,3.7,2.33,5.0,4.54,0.5601,1.55,1.79,2.17,1.6,1.75,3.35,0.6594,0.8474,0.4307,5.0,5.4,10.4,9.1,6.6,over_15_goals|btts_yes|home_4_sot|total_3_cards,Over 1.5 goals + BTTS yes + Mainz 4+ SOT + 3+ cards,strong,Over 1.5 goals:won | BTTS yes:won | Mainz 4+ SOT:won | 3+ cards:won,4,4,won,8.0,2.0,4.0,H,,,,,
2025-11-01,14:30,2526,D1,Bundesliga,RB Leipzig,Stuttgart,H,No external context supplied,,W W L L L,L L W W W,0.0,0.0,0.5,0.5,1.0,1.0,0.0,0.0,0.0,0.0,0.5326,0.2181,0.2493,2.02,3.88,3.55,1.88,4.59,4.01,2.07,5.95,5.02,0.6792,1.41,1.47,1.73,1.35,1.6,2.95,0.5912,0.7933,0.3416,4.3,4.8,9.1,11.1,3.6,over_15_goals|btts_yes|home_4_sot|total_8_corners,Over 1.5 goals + BTTS yes + RB Leipzig 4+ SOT + 8+ corners,strong,Over 1.5 goals:won | BTTS yes:won | RB Leipzig 4+ SOT:won | 8+ corners:won,4,4,won,13.0,10.0,3.0,H,,,,,
2025-11-01,14:30,2526,D1,Bundesliga,St Pauli,M'gladbach,A,No external context supplied,,L D,W D,0.0,0.0,0.5,0.5,1.0,1.0,0.0,0.0,0.0,0.0,0.3925,0.2815,0.326,2.2,3.51,3.4,2.55,3.55,3.07,2.92,4.32,3.62,0.5061,1.85,1.98,2.46,1.55,1.2,2.75,0.5505,0.7603,0.297,4.7,5.0,9.7,9.4,4.4,over_15_goals|btts_yes|home_4_sot|total_3_cards,Over 1.5 goals + BTTS yes + St Pauli 4+ SOT + 3+ cards,strong,Over 1.5 goals:won | BTTS yes:lost | St Pauli 4+ SOT:won | 3+ cards:won,3,4,partial,15.0,9.0,4.0,H,,,,,
2025-11-01,14:30,2526,D1,Bundesliga,Union Berlin,Freiburg,D,No external context supplied,,W D W D W,L D L D L,0.0,0.0,0.5,0.5,1.0,1.0,0.0,0.0,0.0,0.0,0.4017,0.2786,0.3197,2.65,3.27,2.86,2.49,3.59,3.13,2.84,4.37,3.71,0.4858,2.08,2.06,2.59,1.5,1.65,3.15,0.6277,0.8222,0.3863,3.8,3.9,7.7,7.5,4.8,over_15_goals|btts_yes|total_3_cards,Over 1.5 goals + BTTS yes + 3+ cards,strong,Over 1.5 goals:lost | BTTS yes:lost | 3+ cards:won,1,3,partial,6.0,10.0,7.0,H,,,,,
2025-11-01,15:00,2526,E0,Premier League,Brighton,Leeds,H,No external context supplied,"Weather: rain 11.6mm, gusts 76.0km/h, snow 0.0cm",W D D W D,L D D L D,0.0,0.0,0.5,0.5,1.0,1.0,0.0,0.0,0.0,0.0,0.4191,0.3179,0.263,1.89,3.77,4.15,2.39,3.15,3.8,2.71,3.73,4.69,0.5067,1.79,1.97,2.46,1.8,1.3,3.1,0.6072,0.8153,0.3752,4.3,4.6,8.9,8.6,4.2,over_15_goals|btts_yes|home_4_sot|total_3_cards,Over 1.5 goals + BTTS yes + Brighton 4+ SOT + 3+ cards,strong,Over 1.5 goals:won | BTTS yes:lost | Brighton 4+ SOT:won | 3+ cards:lost,2,4,partial,9.0,11.0,1.0,H,,,,,
2025-11-01,15:00,2526,E0,Premier League,Burnley,Arsenal,A,No external context supplied,"Weather: rain 8.4mm, gusts 71.6km/h, snow 0.0cm",D L D L L,D W D W W,0.0,0.0,0.5,0.5,1.0,1.0,0.0,0.0,0.0,0.0,0.0952,0.1955,0.7092,9.99,6.26,1.28,10.5,5.11,1.41,22.11,6.87,1.52,0.5591,1.73,1.79,2.18,0.85,1.85,2.7,0.4826,0.7513,0.2859,2.6,5.7,8.3,11.1,1.8,over_15_goals|away_4_sot|total_8_corners,Over 1.5 goals + Arsenal 4+ SOT + 8+ corners,strong,Over 1.5 goals:won | Arsenal 4+ SOT:won | 8+ corners:lost,2,3,partial,8.0,7.0,3.0,A,,,,,
2025-11-01,15:00,2526,E0,Premier League,Crystal Palace,Brentford,H,No external context supplied,"Weather: rain 6.3mm, gusts 65.9km/h, snow 0.0cm",D D W L L,D D L W W,0.0,0.0,0.5,0.5,1.0,1.0,0.0,0.0,0.0,0.0,0.4569,0.2387,0.3044,1.94,3.68,4.01,2.19,4.19,3.28,2.46,5.3,3.93,0.5117,1.74,1.95,2.43,1.4,1.25,2.65,0.5375,0.7421,0.2749,4.5,4.9,9.4,9.6,3.6,over_15_goals|home_4_sot|total_8_corners,Over 1.5 goals + Crystal Palace 4+ SOT + 8+ corners,strong,Over 1.5 goals:won | Crystal Palace 4+ SOT:lost | 8+ corners:won,2,3,partial,4.0,11.0,3.0,H,,,,,
2025-11-01,15:00,2526,E0,Premier League,Fulham,Wolves,H,No external context supplied,"Weather: rain 4.7mm, gusts 64.1km/h, snow 0.0cm",D W L L W,D L W W L,0.0,0.0,0.5,0.5,1.0,1.0,0.0,0.0,0.0,0.0,0.4686,0.2934,0.238,1.88,3.54,4.56,2.13,3.41,4.2,2.39,4.11,5.32,0.4864,2.17,2.06,2.59,1.45,1.2,2.65,0.5349,0.7421,0.2749,3.8,4.7,8.5,9.8,3.4,over_15_goals|away_4_sot|total_8_corners,Over 1.5 goals + Wolves 4+ SOT + 8+ corners,strong,Over 1.5 goals:won | Wolves 4+ SOT:lost | 8+ corners:won,2,3,partial,8.0,11.0,6.0,H,,,,,
2025-11-01,20:00,2526,E0,Premier League,Liverpool,Aston Villa,H,No external context supplied,"Weather: rain 10.6mm, gusts 62.6km/h, snow 0.0cm",D W D W D,D L D L D,1.0,0.0,0.5,0.5,1.0,1.0,0.0,0.0,0.0,0.0,0.5971,0.2321,0.1709,1.66,4.21,5.07,1.67,4.31,5.85,1.83,5.49,8.27,0.5871,1.52,1.7,2.05,1.35,1.2,2.55,0.5176,0.7228,0.2532,3.7,4.5,8.2,10.2,3.0,over_15_goals|away_4_sot|total_8_corners,Over 1.5 goals + Aston Villa 4+ SOT + 8+ corners,strong,Over 1.5 goals:won | Aston Villa 4+ SOT:lost | 8+ corners:lost,1,3,partial,7.0,5.0,5.0,H,,,,,
2025-11-01,15:00,2526,E0,Premier League,Nott'm Forest,Man United,D,No external context supplied,"Weather: rain 1.7mm, gusts 65.2km/h, snow 0.0cm",L L W W W,W W L L L,0.0,0.0,0.5,0.5,1.0,1.0,0.0,0.0,0.0,0.0,0.2526,0.2596,0.4878,3.43,3.87,2.06,3.96,3.85,2.05,4.94,4.77,2.28,0.5341,1.71,1.87,2.3,0.95,1.75,2.7,0.5067,0.7513,0.2859,4.7,5.7,10.4,8.7,4.2,over_15_goals|home_4_sot|total_3_cards,Over 1.5 goals + Nott'm Forest 4+ SOT + 3+ cards,strong,Over 1.5 goals:won | Nott'm Forest 4+ SOT:lost | 3+ cards:lost,1,3,partial,10.0,13.0,2.0,A,,,,,
2025-11-01,17:30,2526,E0,Premier League,Tottenham,Chelsea,A,No external context supplied,"Weather: rain 6.8mm, gusts 61.2km/h, snow 0.0cm",W L L L L,L W W W W,0.0,0.0,0.5,0.5,1.0,1.0,0.0,0.0,0.0,0.0,0.4107,0.2349,0.3544,2.73,3.63,2.56,2.43,4.26,2.82,2.77,5.41,3.28,0.5802,1.7,1.72,2.08,1.45,1.45,2.9,0.5859,0.7854,0.3304,3.1,3.8,6.9,11.3,5.4,over_15_goals|btts_yes|total_8_corners|total_3_cards,Over 1.5 goals + BTTS yes + 8+ corners + 3+ cards,strong,Over 1.5 goals:lost | BTTS yes:lost | 8+ corners:won | 3+ cards:won,2,4,partial,10.0,11.0,6.0,H,,,,,
2025-11-01,20:05,2526,F1,Ligue 1,Auxerre,Marseille,A,No external context supplied,,L L W W,W W L L,0.0,0.0,0.5,0.5,1.0,1.0,0.0,0.0,0.0,0.0,0.2536,0.254,0.4925,4.95,4.15,1.68,3.94,3.94,2.03,4.91,4.9,2.26,0.5105,1.66,1.96,2.44,0.9,2.0,2.9,0.5131,0.7854,0.3304,2.9,7.0,9.9,8.5,4.2,over_15_goals|away_4_sot|total_3_cards,Over 1.5 goals + Marseille 4+ SOT + 3+ cards,strong,Over 1.5 goals:lost | Marseille 4+ SOT:lost | 3+ cards:won,1,3,partial,6.0,6.0,11.0,A,,,,,
2025-11-01,18:00,2526,F1,Ligue 1,Monaco,Paris FC,A,No external context supplied,,No recent H2H,No recent H2H,0.0,0.0,0.5,0.5,1.0,1.0,0.0,0.0,0.0,0.0,0.6175,0.2043,0.1781,1.68,4.49,4.56,1.62,4.89,5.61,1.76,6.48,7.8,0.6883,1.44,1.45,1.7,2.15,1.65,3.8,0.7138,0.8926,0.5265,4.4,3.4,7.8,8.9,6.0,over_15_goals|btts_yes|home_4_sot|total_3_cards,Over 1.5 goals + BTTS yes + Monaco 4+ SOT + 3+ cards,strong,Over 1.5 goals:lost | BTTS yes:lost | Monaco 4+ SOT:lost | 3+ cards:won,1,4,partial,2.0,5.0,5.0,H,,,,,
2025-11-01,16:00,2526,F1,Ligue 1,Paris SG,Nice,H,No external context supplied,,W L W D L,L W L D W,1.0,0.0,0.5,0.5,1.0,1.0,0.0,0.0,0.0,0.0,0.6767,0.2128,0.1105,1.26,6.72,10.13,1.48,4.7,9.05,1.6,6.14,16.54,0.6287,1.35,1.59,1.89,1.75,1.25,3.0,0.5895,0.8009,0.3528,6.5,3.5,10.0,10.5,3.8,over_15_goals|btts_yes|home_4_sot|total_8_corners,Over 1.5 goals + BTTS yes + Paris SG 4+ SOT + 8+ corners,strong,Over 1.5 goals:lost | BTTS yes:lost | Paris SG 4+ SOT:won | 8+ corners:won,2,4,partial,10.0,12.0,4.0,H,,,,,
2025-11-01,19:45,2526,I1,Serie A,Cremonese,Juventus,A,No external context supplied,,L L,W W,0.0,0.0,0.5,0.5,1.0,1.0,0.0,0.0,0.0,0.0,0.1543,0.252,0.5937,6.84,4.32,1.52,6.48,3.97,1.68,9.58,4.95,1.84,0.4821,1.91,2.07,2.62,1.2,1.25,2.45,0.4986,0.7023,0.2318,3.4,5.5,8.9,10.1,4.2,away_4_sot|total_8_corners|total_3_cards,Juventus 4+ SOT + 8+ corners + 3+ cards,strong,Juventus 4+ SOT:won | 8+ corners:lost | 3+ cards:lost,1,3,partial,7.0,5.0,1.0,A,,,,,
2025-11-01,17:00,2526,I1,Serie A,Napoli,Como,D,No external context supplied,,W L,L W,0.0,0.0,0.5,0.5,1.0,1.0,0.0,0.0,0.0,0.0,0.4867,0.2773,0.236,2.0,3.1,4.71,2.05,3.61,4.24,2.29,4.4,5.38,0.4746,2.16,2.11,2.67,1.3,1.0,2.3,0.4598,0.6691,0.2007,4.4,3.4,7.8,8.0,3.8,home_4_sot,Napoli 4+ SOT,lean,Napoli 4+ SOT:won,1,1,won,10.0,6.0,5.0,H,,,,,
2025-11-01,14:00,2526,I1,Serie A,Udinese,Atalanta,H,No external context supplied,,D D L L D,D D W W D,0.0,0.0,0.5,0.5,1.0,1.0,0.0,0.0,0.0,0.0,0.1968,0.2929,0.5102,4.45,3.87,1.81,5.08,3.41,1.96,6.81,4.12,2.17,0.5108,1.82,1.96,2.43,1.15,1.65,2.8,0.5521,0.7689,0.3081,3.7,4.6,8.3,11.2,4.8,over_15_goals|btts_yes|away_4_sot|total_8_corners|total_3_cards,Over 1.5 goals + BTTS yes + Atalanta 4+ SOT + 8+ corners,strong,Over 1.5 goals:lost | BTTS yes:lost | Atalanta 4+ SOT:lost | 8+ corners:won | 3+ cards:won,2,5,partial,5.0,9.0,4.0,A,,,,,
2025-11-01,15:15,2526,SP1,La Liga,Ath Madrid,Sevilla,H,No external context supplied,,W W L W W,L L W L L,0.0,0.0,0.5,0.5,1.0,1.0,0.0,0.0,0.0,0.0,0.6913,0.1916,0.1171,1.34,5.82,8.48,1.45,5.22,8.54,1.56,7.06,14.91,0.5542,1.58,1.8,2.2,1.7,1.35,3.05,0.6054,0.8082,0.364,5.7,2.9,8.6,10.1,6.2,over_15_goals|btts_yes|home_4_sot|total_8_corners|total_3_cards,Over 1.5 goals + BTTS yes + Ath Madrid 4+ SOT + 8+ corners,strong,Over 1.5 goals:won | BTTS yes:lost | Ath Madrid 4+ SOT:won | 8+ corners:won | 3+ cards:won,4,5,partial,8.0,13.0,3.0,H,,,,,
2025-11-01,20:00,2526,SP1,La Liga,Real Madrid,Valencia,H,No external context supplied,,L W D W L,W L D L W,1.0,0.0,0.5,0.5,1.0,1.0,0.0,0.0,0.0,0.0,0.6128,0.2219,0.1653,1.18,8.44,13.21,1.63,4.51,6.05,1.78,5.82,8.67,0.5472,1.34,1.83,2.24,1.9,1.0,2.9,0.5376,0.7854,0.3304,6.5,3.6,10.1,8.8,5.0,over_15_goals|home_4_sot|total_3_cards,Over 1.5 goals + Real Madrid 4+ SOT + 3+ cards,strong,Over 1.5 goals:won | Real Madrid 4+ SOT:won | 3+ cards:lost,2,3,partial,12.0,8.0,2.0,H,,,,,
2025-11-01,17:30,2526,SP1,La Liga,Sociedad,Ath Bilbao,H,No external context supplied,,L W L L D,W L W W D,0.0,0.0,0.5,0.5,1.0,1.0,0.0,0.0,0.0,0.0,0.472,0.2672,0.2608,2.8,3.02,2.9,2.12,3.74,3.83,2.37,4.6,4.74,0.3863,2.39,2.59,3.49,1.0,1.15,2.15,0.432,0.6331,0.1709,3.7,3.8,7.5,10.2,3.6,total_8_corners,8+ corners,lean,8+ corners:won,1,1,won,9.0,8.0,5.0,H,,,,,
2025-11-01,13:00,2526,SP1,La Liga,Villarreal,Vallecano,H,No external context supplied,,L D W D W,W D L D L,0.0,0.0,0.5,0.5,1.0,1.0,0.0,0.0,0.0,0.0,0.4712,0.2983,0.2305,1.71,3.93,5.06,2.12,3.35,4.34,2.37,4.03,5.54,0.55,1.71,1.82,2.22,1.4,1.1,2.5,0.5026,0.7127,0.2424,3.8,4.0,7.8,11.3,5.8,total_8_corners|total_3_cards,8+ corners + 3+ cards,lean,8+ corners:won | 3+ cards:lost,1,2,partial,10.0,8.0,2.0,H,,,,,
2025-11-02,14:30,2526,D1,Bundesliga,FC Koln,Hamburg,H,No external context supplied,,L W,W L,0.0,0.0,0.5,0.5,1.0,1.0,0.0,0.0,0.0,0.0,0.2741,0.3298,0.3961,2.18,3.67,3.29,3.65,3.03,2.52,4.46,3.57,2.89,0.4546,1.62,2.2,2.82,1.55,1.3,2.85,0.5731,0.7773,0.3192,3.4,6.3,9.7,11.9,4.2,over_15_goals|btts_yes|away_4_sot|total_8_corners|total_3_cards,Over 1.5 goals + BTTS yes + Hamburg 4+ SOT + 8+ corners,strong,Over 1.5 goals:won | BTTS yes:won | Hamburg 4+ SOT:won | 8+ corners:lost | 3+ cards:won,4,5,partial,15.0,5.0,11.0,A,,,,,
2025-11-02,16:30,2526,D1,Bundesliga,Wolfsburg,Hoffenheim,A,No external context supplied,,W L D W D,L W D L D,0.0,0.0,0.5,0.5,1.0,1.0,0.0,0.0,0.0,0.0,0.2981,0.2634,0.4384,2.77,3.78,2.45,3.35,3.8,2.28,4.03,4.69,2.57,0.5705,1.53,1.75,2.13,1.55,1.6,3.15,0.6287,0.8222,0.3863,3.4,5.2,8.6,13.6,3.6,over_15_goals|btts_yes|away_4_sot|total_8_corners,Over 1.5 goals + BTTS yes + Hoffenheim 4+ SOT + 8+ corners,strong,Over 1.5 goals:won | BTTS yes:won | Hoffenheim 4+ SOT:won | 8+ corners:lost,3,4,partial,10.0,4.0,2.0,A,,,,,
2025-11-02,16:30,2526,E0,Premier League,Man City,Bournemouth,H,No external context supplied,"Weather: rain 1.9mm, gusts 35.3km/h, snow 0.0cm",W W W L W,L L L W L,1.0,0.0,0.5,0.5,1.0,1.0,0.0,0.0,0.0,0.0,0.641,0.168,0.191,1.51,4.75,6.02,1.56,5.95,5.24,1.69,8.48,7.09,0.637,1.52,1.57,1.86,1.5,1.25,2.75,0.5543,0.7603,0.297,5.0,3.3,8.3,10.1,4.0,over_15_goals|btts_yes|home_4_sot|total_8_corners,Over 1.5 goals + BTTS yes + Man City 4+ SOT + 8+ corners,strong,Over 1.5 goals:won | BTTS yes:won | Man City 4+ SOT:won | 8+ corners:won,4,4,won,13.0,14.0,4.0,H,,,,,
2025-11-02,14:00,2526,E0,Premier League,West Ham,Newcastle,H,No external context supplied,"Weather: rain 3.2mm, gusts 37.1km/h, snow 0.0cm",L D L W L,W D W L W,0.0,0.0,0.5,0.5,1.0,1.0,0.0,0.0,0.0,0.0,0.2146,0.2576,0.5278,5.07,4.45,1.63,4.66,3.88,1.89,6.08,4.82,2.09,0.5542,1.74,1.8,2.2,0.95,1.5,2.45,0.4764,0.7023,0.2318,3.3,4.9,8.2,11.2,3.4,away_4_sot|total_8_corners,Newcastle 4+ SOT + 8+ corners,lean,Newcastle 4+ SOT:won | 8+ corners:won,2,2,won,13.0,13.0,3.0,A,,,,,
2025-11-02,19:45,2526,F1,Ligue 1,Brest,Lyon,D,No external context supplied,,D W L W L,D L W L W,0.0,0.0,0.5,0.5,1.0,1.0,0.0,0.0,0.0,0.0,0.262,0.2643,0.4737,3.16,3.54,2.3,3.82,3.78,2.11,4.72,4.67,2.36,0.5358,1.74,1.87,2.29,1.3,1.7,3.0,0.5946,0.8009,0.3528,3.2,3.9,7.1,10.1,4.0,over_15_goals|btts_yes|total_8_corners,Over 1.5 goals + BTTS yes + 8+ corners,strong,Over 1.5 goals:lost | BTTS yes:lost | 8+ corners:won,1,3,partial,5.0,14.0,3.0,A,,,,,
2025-11-02,16:15,2526,F1,Ligue 1,Lens,Lorient,H,No external context supplied,,L W W D W,W L L D L,0.0,0.0,0.5,0.5,1.0,1.0,0.0,0.0,0.0,0.0,0.6519,0.2161,0.132,1.48,4.55,7.01,1.53,4.63,7.57,1.66,6.02,12.19,0.5521,1.65,1.81,2.21,1.8,1.15,2.95,0.5704,0.7933,0.3416,3.6,4.1,7.7,8.3,5.4,over_15_goals|btts_yes|total_3_cards,Over 1.5 goals + BTTS yes + 3+ cards,strong,Over 1.5 goals:won | BTTS yes:lost | 3+ cards:won,2,3,partial,9.0,13.0,4.0,H,,,,,
2025-11-02,16:15,2526,F1,Ligue 1,Lille,Angers,H,No external context supplied,,D W L W W,D L W L L,0.0,0.0,0.5,0.5,1.0,1.0,0.0,0.0,0.0,0.0,0.6999,0.1794,0.1207,1.28,5.98,11.29,1.43,5.57,8.29,1.54,7.73,14.15,0.5601,1.67,1.79,2.17,1.8,1.05,2.85,0.5426,0.7773,0.3192,5.6,3.4,9.0,10.7,4.8,over_15_goals|btts_yes|home_4_sot|total_8_corners|total_3_cards,Over 1.5 goals + BTTS yes + Lille 4+ SOT + 8+ corners,strong,Over 1.5 goals:lost | BTTS yes:lost | Lille 4+ SOT:won | 8+ corners:won | 3+ cards:lost,2,5,partial,5.0,11.0,1.0,H,,,,,
2025-11-02,16:15,2526,F1,Ligue 1,Nantes,Metz,A,No external context supplied,,L W D L L,W L D W W,0.0,0.0,0.5,0.5,1.0,1.0,0.0,0.0,0.0,0.0,0.4738,0.2602,0.2659,1.92,3.73,4.07,2.11,3.84,3.76,2.36,4.76,4.63,0.5158,1.91,1.94,2.41,1.8,1.15,2.95,0.5704,0.7933,0.3416,4.5,4.3,8.8,9.4,4.4,over_15_goals|btts_yes|home_4_sot|total_3_cards,Over 1.5 goals + BTTS yes + Nantes 4+ SOT + 3+ cards,strong,Over 1.5 goals:won | BTTS yes:lost | Nantes 4+ SOT:won | 3+ cards:won,3,4,partial,11.0,13.0,4.0,H,,,,,
2025-11-02,14:00,2526,F1,Ligue 1,Rennes,Strasbourg,H,No external context supplied,,W D L L W,L D W W L,0.0,0.0,0.5,0.5,1.0,1.0,0.0,0.0,0.0,0.0,0.2877,0.2551,0.4572,2.35,3.68,2.98,3.48,3.92,2.19,4.21,4.88,2.46,0.53,1.66,1.89,2.33,1.3,1.85,3.15,0.6131,0.8222,0.3863,4.7,4.6,9.3,8.4,5.2,over_15_goals|btts_yes|home_4_sot|total_3_cards,Over 1.5 goals + BTTS yes + Rennes 4+ SOT + 3+ cards,strong,Over 1.5 goals:won | BTTS yes:won | Rennes 4+ SOT:won | 3+ cards:lost,3,4,partial,8.0,11.0,2.0,A,,,,,
2025-11-02,16:15,2526,F1,Ligue 1,Toulouse,Le Havre,D,No external context supplied,,L L W W,W W L L,0.0,0.0,0.5,0.5,1.0,1.0,0.0,0.0,0.0,0.0,0.5144,0.2199,0.2657,1.78,3.74,4.82,1.94,4.55,3.76,2.15,5.89,4.64,0.4858,1.93,2.06,2.59,1.65,1.35,3.0,0.5985,0.8009,0.3528,4.3,3.1,7.4,8.8,4.4,over_15_goals|btts_yes|home_4_sot|total_3_cards,Over 1.5 goals + BTTS yes + Toulouse 4+ SOT + 3+ cards,strong,Over 1.5 goals:lost | BTTS yes:lost | Toulouse 4+ SOT:lost | 3+ cards:won,1,4,partial,5.0,12.0,3.0,H,,,,,
2025-11-02,14:00,2526,I1,Serie A,Fiorentina,Lecce,A,No external context supplied,,W D L W W,L D W L L,0.0,0.0,0.5,0.5,1.0,1.0,0.0,0.0,0.0,0.0,0.4867,0.2638,0.2496,1.66,3.85,5.74,2.05,3.79,4.01,2.29,4.68,5.01,0.482,2.12,2.07,2.62,1.2,1.25,2.45,0.4986,0.7023,0.2318,3.1,3.3,6.4,10.1,5.0,total_8_corners|total_3_cards,8+ corners + 3+ cards,lean,8+ corners:won | 3+ cards:won,2,2,won,8.0,8.0,5.0,H,,,,,
2025-11-02,19:45,2526,I1,Serie A,Milan,Roma,H,No external context supplied,,D W W D L,D L L D W,0.0,0.0,0.5,0.5,1.0,1.0,0.0,0.0,0.0,0.0,0.537,0.2382,0.2249,2.16,3.21,3.87,1.86,4.2,4.45,2.05,5.31,5.72,0.4412,2.21,2.27,2.93,1.0,0.95,1.95,0.3877,0.5803,0.134,3.4,4.3,7.7,8.7,4.2,away_4_sot|total_3_cards,Roma 4+ SOT + 3+ cards,lean,Roma 4+ SOT:won | 3+ cards:won,2,2,won,14.0,15.0,6.0,H,,,,,
2025-11-02,17:00,2526,I1,Serie A,Parma,Bologna,A,No external context supplied,,D L L D W,D W W D L,0.0,0.0,0.5,0.5,1.0,1.0,0.0,0.0,0.0,0.0,0.2414,0.3301,0.4286,4.24,3.05,2.13,4.14,3.03,2.33,5.23,3.57,2.64,0.4123,2.4,2.43,3.2,0.85,1.25,2.1,0.4085,0.6204,0.1614,2.8,4.6,7.4,8.2,5.6,away_4_sot|total_3_cards,Bologna 4+ SOT + 3+ cards,lean,Bologna 4+ SOT:won | 3+ cards:won,2,2,won,7.0,6.0,7.0,A,,,,,
2025-11-02,14:00,2526,I1,Serie A,Torino,Pisa,D,No external context supplied,,No recent H2H,No recent H2H,0.0,0.0,0.5,0.5,1.0,1.0,0.0,0.0,0.0,0.0,0.5239,0.2493,0.2268,2.01,3.32,4.26,1.91,4.01,4.41,2.11,5.02,5.66,0.4303,2.25,2.32,3.03,1.07,1.08,2.14,0.4326,0.6317,0.1698,4.7,2.1,6.8,8.2,4.8,home_4_sot|total_3_cards,Torino 4+ SOT + 3+ cards,lean,Torino 4+ SOT:lost | 3+ cards:won,1,2,partial,6.0,6.0,3.0,H,,,,,
2025-11-02,11:30,2526,I1,Serie A,Verona,Inter,A,No external context supplied,,L L D L L,W W D W W,0.0,1.0,0.5,0.5,1.0,1.0,0.0,0.0,0.0,0.0,0.113,0.1862,0.7008,7.61,5.11,1.41,8.85,5.37,1.43,15.87,7.34,1.54,0.5608,1.76,1.78,2.17,0.9,1.95,2.85,0.509,0.7773,0.3192,4.2,4.4,8.6,8.4,4.6,over_15_goals|home_4_sot|total_3_cards,Over 1.5 goals + Verona 4+ SOT + 3+ cards,strong,Over 1.5 goals:won | Verona 4+ SOT:lost | 3+ cards:won,2,3,partial,8.0,12.0,3.0,A,,,,,
2025-11-02,15:15,2526,SP1,La Liga,Alaves,Espanol,H,No external context supplied,,L L W L L,W W L W W,0.0,0.0,0.5,0.5,1.0,1.0,0.0,0.0,0.0,0.0,0.3523,0.3269,0.3209,2.44,3.06,3.38,2.84,3.06,3.12,3.31,3.61,3.69,0.4695,2.48,2.13,2.71,1.0,1.15,2.15,0.432,0.6331,0.1709,3.3,5.1,8.4,11.0,4.4,away_4_sot|total_8_corners|total_3_cards,Espanol 4+ SOT + 8+ corners + 3+ cards,strong,Espanol 4+ SOT:lost | 8+ corners:lost | 3+ cards:won,1,3,partial,6.0,7.0,8.0,H,,,,,
2025-11-02,17:30,2526,SP1,La Liga,Barcelona,Elche,H,No external context supplied,,W W W W W,L L L L L,1.0,0.0,0.5,0.5,1.0,1.0,0.0,0.0,0.0,0.0,0.533,0.2575,0.2095,1.26,5.67,13.56,1.88,3.88,4.77,2.07,4.82,6.27,0.5972,1.33,1.67,2.01,1.75,1.15,2.9,0.5646,0.7854,0.3304,6.2,4.8,11.0,11.9,5.2,over_15_goals|btts_yes|home_4_sot|total_8_corners|total_3_cards,Over 1.5 goals + BTTS yes + Barcelona 4+ SOT + 8+ corners,strong,Over 1.5 goals:won | BTTS yes:won | Barcelona 4+ SOT:won | 8+ corners:won | 3+ cards:lost,4,5,partial,8.0,9.0,1.0,H,,,,,
2025-11-02,20:00,2526,SP1,La Liga,Betis,Mallorca,H,No external context supplied,,W W W L W,L L L W L,0.0,0.0,0.5,0.5,1.0,1.0,0.0,0.0,0.0,0.0,0.5283,0.2833,0.1884,1.6,4.22,5.68,1.89,3.53,5.31,2.09,4.29,7.22,0.5542,1.85,1.8,2.2,1.5,1.15,2.65,0.5309,0.7421,0.2749,4.4,3.6,8.0,10.5,5.6,over_15_goals|home_4_sot|total_8_corners|total_3_cards,Over 1.5 goals + Betis 4+ SOT + 8+ corners + 3+ cards,strong,Over 1.5 goals:won | Betis 4+ SOT:won | 8+ corners:won | 3+ cards:won,4,4,won,9.0,9.0,3.0,H,,,,,
2025-11-02,13:00,2526,SP1,La Liga,Levante,Celta,A,No external context supplied,,W D L L D,L D W W D,0.0,0.0,0.5,0.5,1.0,1.0,0.0,0.0,0.0,0.0,0.3184,0.2859,0.3957,2.93,3.41,2.51,3.14,3.5,2.53,3.73,4.24,2.89,0.536,1.78,1.87,2.29,1.35,1.45,2.8,0.567,0.7689,0.3081,4.7,4.2,8.9,10.1,4.6,over_15_goals|btts_yes|home_4_sot|total_8_corners|total_3_cards,Over 1.5 goals + BTTS yes + Levante 4+ SOT + 8+ corners,strong,Over 1.5 goals:won | BTTS yes:won | Levante 4+ SOT:lost | 8+ corners:won | 3+ cards:won,4,5,partial,9.0,8.0,7.0,A,,,,,
2025-11-03,20:00,2526,E0,Premier League,Sunderland,Everton,D,No external context supplied,"Weather: rain 3.2mm, gusts 61.9km/h, snow 0.0cm",No recent H2H,No recent H2H,0.0,0.0,0.5,0.5,1.0,1.0,0.0,0.0,0.0,0.0,0.2587,0.2788,0.4624,2.82,3.18,2.75,3.86,3.59,2.16,4.79,4.37,2.42,0.4846,2.29,2.06,2.6,1.21,0.89,2.1,0.4135,0.6204,0.1614,4.1,4.2,8.3,9.6,4.6,away_4_sot|total_8_corners|total_3_cards,Everton 4+ SOT + 8+ corners + 3+ cards,strong,Everton 4+ SOT:lost | 8+ corners:lost | 3+ cards:won,1,3,partial,5.0,5.0,5.0,A,,,,,
2025-11-03,19:45,2526,I1,Serie A,Lazio,Cagliari,H,No external context supplied,,W W W W W,L L L L L,0.0,0.0,0.5,0.5,1.0,1.0,0.0,0.0,0.0,0.0,0.6053,0.2406,0.1541,1.58,4.15,6.08,1.65,4.16,6.49,1.8,5.25,9.61,0.4383,1.93,2.28,2.96,1.25,0.85,2.1,0.4085,0.6204,0.1614,4.6,3.5,8.1,7.7,3.8,home_4_sot,Lazio 4+ SOT,lean,Lazio 4+ SOT:lost,0,1,lost,8.0,12.0,2.0,H,,,,,
2025-11-03,17:30,2526,I1,Serie A,Sassuolo,Genoa,A,No external context supplied,,W D D L L,L D D W W,0.0,0.0,0.5,0.5,1.0,1.0,0.0,0.0,0.0,0.0,0.4508,0.2855,0.2637,2.45,3.1,3.3,2.22,3.5,3.79,2.5,4.25,4.68,0.4387,2.4,2.28,2.95,1.25,0.9,2.15,0.4234,0.6331,0.1709,3.6,4.2,7.8,8.8,5.2,away_4_sot|total_3_cards,Genoa 4+ SOT + 3+ cards,lean,Genoa 4+ SOT:won | 3+ cards:won,2,2,won,9.0,10.0,4.0,H,,,,,
2025-11-03,20:00,2526,SP1,La Liga,Oviedo,Osasuna,D,No external context supplied,,No recent H2H,No recent H2H,0.0,0.0,0.5,0.5,1.0,1.0,0.0,0.0,0.0,0.0,0.278,0.2962,0.4258,3.06,3.07,2.63,3.6,3.38,2.35,4.39,4.06,2.66,0.4642,2.4,2.15,2.75,0.95,1.4,2.35,0.462,0.6805,0.2109,4.4,5.1,9.5,9.5,4.8,home_4_sot|total_8_corners|total_3_cards,Oviedo 4+ SOT + 8+ corners + 3+ cards,strong,Oviedo 4+ SOT:lost | 8+ corners:lost | 3+ cards:won,1,3,partial,7.0,6.0,4.0,A,,,,,
2025-11-07,19:30,2526,D1,Bundesliga,Werder Bremen,Wolfsburg,H,No external context supplied,,W D L W L,L D W L W,0.0,0.0,0.5,0.5,1.0,1.0,0.0,0.0,0.0,0.0,0.4024,0.3095,0.2881,2.23,3.84,3.13,2.49,3.23,3.47,2.84,3.85,4.2,0.4954,1.55,2.02,2.53,1.65,1.5,3.15,0.6277,0.8222,0.3863,4.6,5.3,9.9,10.4,4.4,over_15_goals|btts_yes|home_4_sot|total_8_corners|total_3_cards,Over 1.5 goals + BTTS yes + Werder Bremen 4+ SOT + 8+ corners,strong,Over 1.5 goals:won | BTTS yes:won | Werder Bremen 4+ SOT:won | 8+ corners:won | 3+ cards:lost,4,5,partial,11.0,16.0,2.0,H,,,,,
2025-11-07,19:45,2526,F1,Ligue 1,Paris FC,Rennes,A,No external context supplied,,No recent H2H,No recent H2H,0.0,0.0,0.5,0.5,1.0,1.0,0.0,0.0,0.0,0.0,0.4021,0.2275,0.3704,2.27,3.61,3.22,2.49,4.4,2.7,2.84,5.63,3.12,0.502,1.75,1.99,2.49,1.75,1.8,3.55,0.6897,0.8693,0.4741,2.7,4.2,6.9,9.0,5.4,over_15_goals|btts_yes|total_3_cards,Over 1.5 goals + BTTS yes + 3+ cards,strong,Over 1.5 goals:lost | BTTS yes:lost | 3+ cards:won,1,3,partial,7.0,17.0,6.0,H,,,,,
2025-11-07,19:45,2526,I1,Serie A,Pisa,Cremonese,H,No external context supplied,,No recent H2H,No recent H2H,0.0,0.0,0.5,0.5,1.0,1.0,0.0,0.0,0.0,0.0,0.4425,0.2167,0.3407,2.34,3.05,3.68,2.26,4.61,2.93,2.55,6.0,3.44,0.5221,2.35,1.92,2.37,0.95,1.3,2.25,0.4461,0.6575,0.1906,2.9,4.3,7.2,8.3,4.6,away_4_sot|total_3_cards,Cremonese 4+ SOT + 3+ cards,lean,Cremonese 4+ SOT:lost | 3+ cards:won,1,2,partial,9.0,9.0,6.0,H,,,,,
2025-11-07,20:00,2526,SP1,La Liga,Elche,Sociedad,D,No external context supplied,,L L L L L,W W W W W,0.0,0.0,0.5,0.5,1.0,1.0,0.0,0.0,0.0,0.0,0.2832,0.2752,0.4416,2.79,3.24,2.77,3.53,3.63,2.26,4.29,4.44,2.55,0.4858,2.18,2.06,2.59,1.3,1.2,2.5,0.5084,0.7127,0.2424,4.3,4.0,8.3,10.4,4.0,home_4_sot|total_8_corners,Elche 4+ SOT + 8+ corners,lean,Elche 4+ SOT:lost | 8+ corners:lost,0,2,lost,8.0,4.0,4.0,A,,,,,
2025-11-08,14:30,2526,D1,Bundesliga,Hamburg,Dortmund,D,No external context supplied,,L L,W W,0.0,0.0,0.5,0.5,1.0,1.0,0.0,0.0,0.0,0.0,0.2116,0.2476,0.5408,4.58,4.28,1.71,4.73,4.04,1.85,6.19,5.06,2.04,0.6088,1.47,1.64,1.97,0.8,1.7,2.5,0.4501,0.7127,0.2424,4.2,4.0,8.2,9.7,5.2,over_25_goals|home_4_sot|total_8_corners|total_3_cards,Over 2.5 goals + Hamburg 4+ SOT + 8+ corners + 3+ cards,strong,Over 2.5 goals:lost | Hamburg 4+ SOT:lost | 8+ corners:won | 3+ cards:lost,1,4,partial,4.0,8.0,2.0,A,,,,,
2025-11-08,14:30,2526,D1,Bundesliga,Hoffenheim,RB Leipzig,H,No external context supplied,,L L D W L,W W D L W,0.0,0.0,0.5,0.5,1.0,1.0,0.0,0.0,0.0,0.0,0.4116,0.2745,0.3139,2.71,3.97,2.43,2.43,3.64,3.19,2.77,4.45,3.79,0.5921,1.39,1.69,2.03,1.55,2.0,3.55,0.6811,0.8693,0.4741,4.0,4.6,8.6,11.7,4.0,over_15_goals|btts_yes|away_4_sot|total_8_corners,Over 1.5 goals + BTTS yes + RB Leipzig 4+ SOT + 8+ corners,strong,Over 1.5 goals:won | BTTS yes:won | RB Leipzig 4+ SOT:won | 8+ corners:won,4,4,won,9.0,10.0,5.0,H,,,,,
2025-11-08,14:30,2526,D1,Bundesliga,Leverkusen,Heidenheim,H,No external context supplied,,W W W W,L L L L,0.0,0.0,0.5,0.5,1.0,1.0,0.0,0.0,0.0,0.0,0.6481,0.2033,0.1486,1.41,5.1,7.57,1.54,4.92,6.73,1.67,6.52,10.14,0.5127,1.5,1.95,2.42,2.05,1.25,3.3,0.6216,0.8414,0.4197,4.2,4.4,8.6,8.9,3.2,over_15_goals|btts_yes|home_4_sot,Over 1.5 goals + BTTS yes + Leverkusen 4+ SOT,strong,Over 1.5 goals:won | BTTS yes:lost | Leverkusen 4+ SOT:won,2,3,partial,10.0,12.0,1.0,H,,,,,
2025-11-08,17:30,2526,D1,Bundesliga,M'gladbach,FC Koln,H,No external context supplied,,L W D L D,W L D W D,0.0,0.0,0.5,0.5,1.0,1.0,0.0,0.0,0.0,0.0,0.4075,0.2701,0.3224,2.28,3.65,3.11,2.45,3.7,3.1,2.8,4.54,3.67,0.5752,1.61,1.74,2.1,1.3,1.8,3.1,0.6072,0.8153,0.3752,5.3,5.0,10.3,10.9,3.4,over_15_goals|btts_yes|home_4_sot|total_8_corners,Over 1.5 goals + BTTS yes + M'gladbach 4+ SOT + 8+ corners,strong,Over 1.5 goals:won | BTTS yes:won | M'gladbach 4+ SOT:won | 8+ corners:won,4,4,won,9.0,8.0,5.0,H,,,,,
2025-11-08,14:30,2526,D1,Bundesliga,Union Berlin,Bayern Munich,D,No external context supplied,,L L L L D,W W W W D,0.0,1.0,0.5,0.5,1.0,1.0,0.0,0.0,0.0,0.0,0.1602,0.1058,0.734,12.56,7.33,1.21,6.24,9.45,1.36,9.08,17.91,1.46,0.6085,1.37,1.64,1.97,0.85,2.65,3.5,0.5321,0.8641,0.4634,2.0,5.6,7.6,9.9,5.0,over_15_goals|away_4_sot|total_8_corners|total_3_cards,Over 1.5 goals + Bayern Munich 4+ SOT + 8+ corners + 3+ cards,strong,Over 1.5 goals:won | Bayern Munich 4+ SOT:won | 8+ corners:won | 3+ cards:won,4,4,won,8.0,11.0,6.0,A,,,,,
2025-11-08,20:00,2526,E0,Premier League,Chelsea,Wolves,H,No external context supplied,"Weather: rain 2.9mm, gusts 27.0km/h, snow 0.0cm",L L L W W,W W W L L,0.0,0.0,0.5,0.5,1.0,1.0,0.0,0.0,0.0,0.0,0.6739,0.1962,0.1299,1.37,5.26,8.42,1.48,5.1,7.7,1.6,6.84,12.52,0.572,1.62,1.75,2.12,2.0,0.9,2.9,0.5131,0.7854,0.3304,5.5,3.0,8.5,10.2,4.4,over_15_goals|home_4_sot|total_8_corners|total_3_cards,Over 1.5 goals + Chelsea 4+ SOT + 8+ corners + 3+ cards,strong,Over 1.5 goals:won | Chelsea 4+ SOT:won | 8+ corners:won | 3+ cards:won,4,4,won,8.0,11.0,3.0,H,,,,,
2025-11-08,15:00,2526,E0,Premier League,Everton,Fulham,H,No external context supplied,"Weather: rain 0.1mm, gusts 34.6km/h, snow 0.0cm",L L D D W,W W D D L,0.0,0.0,0.5,0.5,1.0,1.0,0.0,0.0,0.0,0.0,0.3392,0.2598,0.401,2.26,3.35,3.41,2.95,3.85,2.49,3.46,4.77,2.85,0.4843,2.17,2.06,2.6,1.2,1.25,2.45,0.4986,0.7023,0.2318,4.2,4.4,8.6,10.1,3.8,home_4_sot|total_8_corners,Everton 4+ SOT + 8+ corners,lean,Everton 4+ SOT:won | 8+ corners:won,2,2,won,9.0,12.0,4.0,A,A,0.0846,Premier League A all 8%+,62,0.6148
2025-11-08,17:30,2526,E0,Premier League,Sunderland,Arsenal,D,No external context supplied,"Weather: rain 0.2mm, gusts 23.0km/h, snow 0.0cm",No recent H2H,No recent H2H,0.0,0.0,0.5,0.5,1.0,1.0,0.0,0.0,0.0,0.0,0.1958,0.2669,0.5373,7.56,5.01,1.41,5.11,3.75,1.86,6.86,4.61,2.05,0.5097,2.0,1.96,2.44,0.75,1.3,2.05,0.3838,0.6074,0.152,1.9,5.2,7.1,9.6,2.4,away_4_sot|total_8_corners,Arsenal 4+ SOT + 8+ corners,lean,Arsenal 4+ SOT:won | 8+ corners:lost,1,2,partial,9.0,4.0,3.0,A,,,,,
2025-11-08,12:30,2526,E0,Premier League,Tottenham,Man United,D,No external context supplied,"Weather: rain 0.4mm, gusts 32.0km/h, snow 0.0cm",D W D W W,D L D L L,0.0,0.0,0.5,0.5,1.0,1.0,0.0,0.0,0.0,0.0,0.2826,0.2358,0.4815,2.72,3.59,2.58,3.54,4.24,2.08,4.3,5.38,2.32,0.6083,1.64,1.64,1.97,1.65,1.25,2.9,0.5765,0.7854,0.3304,3.9,5.2,9.1,10.8,4.0,over_15_goals|btts_yes|away_4_sot|total_8_corners,Over 1.5 goals + BTTS yes + Man United 4+ SOT + 8+ corners,strong,Over 1.5 goals:won | BTTS yes:won | Man United 4+ SOT:lost | 8+ corners:won,3,4,partial,6.0,8.0,6.0,A,,,,,
2025-11-08,15:00,2526,E0,Premier League,West Ham,Burnley,H,No external context supplied,"Weather: rain 2.6mm, gusts 27.7km/h, snow 0.0cm",W D D W D,L D D L D,0.0,0.0,0.5,0.5,1.0,1.0,0.0,0.0,0.0,0.0,0.5856,0.2568,0.1576,1.95,3.58,4.12,1.71,3.89,6.34,1.87,4.84,9.29,0.553,1.96,1.81,2.21,1.45,1.65,3.1,0.6184,0.8153,0.3752,5.0,4.1,9.1,9.8,3.8,over_15_goals|btts_yes|home_4_sot|total_8_corners,Over 1.5 goals + BTTS yes + West Ham 4+ SOT + 8+ corners,strong,Over 1.5 goals:won | BTTS yes:won | West Ham 4+ SOT:won | 8+ corners:won,4,4,won,13.0,11.0,4.0,H,,,,,
2025-11-08,18:00,2526,F1,Ligue 1,Le Havre,Nantes,D,No external context supplied,,D L W W,D W L L,0.0,0.0,0.5,0.5,1.0,1.0,0.0,0.0,0.0,0.0,0.4289,0.3208,0.2503,1.91,3.43,4.56,2.33,3.12,4.0,2.64,3.69,4.99,0.4843,2.16,2.06,2.6,1.35,1.15,2.5,0.5062,0.7127,0.2424,4.4,3.6,8.0,10.2,3.4,home_4_sot|total_8_corners,Le Havre 4+ SOT + 8+ corners,lean,Le Havre 4+ SOT:won | 8+ corners:won,2,2,won,6.0,11.0,6.0,H,,,,,
2025-11-08,16:00,2526,F1,Ligue 1,Marseille,Brest,H,No external context supplied,,L W L W W,W L W L L,0.0,0.0,0.5,0.5,1.0,1.0,0.0,0.0,0.0,0.0,0.6193,0.2227,0.158,1.47,4.67,6.94,1.61,4.49,6.33,1.76,5.79,9.26,0.54,1.63,1.85,2.27,2.0,1.05,3.05,0.5621,0.8082,0.364,5.1,3.5,8.6,8.6,4.2,over_15_goals|btts_yes|home_4_sot|total_3_cards,Over 1.5 goals + BTTS yes + Marseille 4+ SOT + 3+ cards,strong,Over 1.5 goals:won | BTTS yes:lost | Marseille 4+ SOT:won | 3+ cards:lost,2,4,partial,9.0,8.0,1.0,H,,,,,
2025-11-08,20:05,2526,F1,Ligue 1,Monaco,Lens,A,No external context supplied,,L W W D L,W L L D W,0.0,0.0,0.5,0.5,1.0,1.0,0.0,0.0,0.0,0.0,0.5647,0.2183,0.217,2.1,3.85,3.35,1.77,4.58,4.61,1.94,5.94,5.99,0.5771,1.52,1.73,2.1,1.45,1.65,3.1,0.6184,0.8153,0.3752,4.3,3.3,7.6,9.2,6.4,over_15_goals|btts_yes|home_4_sot|total_3_cards,Over 1.5 goals + BTTS yes + Monaco 4+ SOT + 3+ cards,strong,Over 1.5 goals:won | BTTS yes:won | Monaco 4+ SOT:won | 3+ cards:won,4,4,won,18.0,9.0,5.0,H,,,,,
2025-11-08,14:00,2526,I1,Serie A,Como,Cagliari,D,No external context supplied,,D W,D L,0.0,0.0,0.5,0.5,1.0,1.0,0.0,0.0,0.0,0.0,0.61,0.2606,0.1294,1.5,4.51,6.65,1.64,3.84,7.73,1.79,4.75,12.59,0.5422,1.86,1.84,2.26,1.3,0.75,2.05,0.3838,0.6074,0.152,4.3,4.1,8.4,8.0,4.6,home_4_sot|total_3_cards,Como 4+ SOT + 3+ cards,lean,Como 4+ SOT:won | 3+ cards:won,2,2,won,8.0,10.0,4.0,H,,,,,
2025-11-08,17:00,2526,I1,Serie A,Juventus,Torino,D,No external context supplied,,W W D W D,L L D L D,0.0,0.0,0.5,0.5,1.0,1.0,0.0,0.0,0.0,0.0,0.5507,0.2857,0.1636,1.51,4.16,7.34,1.82,3.5,6.11,2.0,4.24,8.8,0.5232,2.0,1.91,2.36,1.5,1.0,2.5,0.4911,0.7127,0.2424,4.4,3.8,8.2,7.9,3.8,home_4_sot,Juventus 4+ SOT,lean,Juventus 4+ SOT:won,1,1,won,9.0,8.0,1.0,H,,,,,
2025-11-08,14:00,2526,I1,Serie A,Lecce,Verona,D,No external context supplied,,L D L W D,W D W L D,0.0,0.0,0.5,0.5,1.0,1.0,0.0,0.0,0.0,0.0,0.3514,0.3492,0.2993,2.83,2.88,3.02,2.85,2.86,3.34,3.32,3.34,4.01,0.1701,2.57,5.88,14.26,1.2,1.0,2.2,0.4417,0.6454,0.1806,3.1,4.4,7.5,9.0,4.4,away_4_sot|total_3_cards,Verona 4+ SOT + 3+ cards,lean,Verona 4+ SOT:lost | 3+ cards:won,1,2,partial,8.0,9.0,5.0,H,,,,,
2025-11-08,19:45,2526,I1,Serie A,Parma,Milan,D,No external context supplied,,L D L W L,W D W L W,0.0,0.0,0.5,0.5,1.0,1.0,0.0,0.0,0.0,0.0,0.1597,0.245,0.5953,6.27,3.93,1.6,6.26,4.08,1.68,9.11,5.13,1.83,0.5315,2.07,1.88,2.32,0.6,1.35,1.95,0.3342,0.5803,0.134,2.6,4.8,7.4,8.5,5.2,away_4_sot|total_3_cards,Milan 4+ SOT + 3+ cards,lean,Milan 4+ SOT:won | 3+ cards:lost,1,2,partial,9.0,7.0,2.0,A,,,,,
2025-11-08,17:30,2526,SP1,La Liga,Ath Madrid,Levante,H,No external context supplied,,W D L D L,L D W D W,0.0,0.0,0.5,0.5,1.0,1.0,0.0,0.0,0.0,0.0,0.6674,0.2378,0.0948,1.22,7.03,12.07,1.5,4.2,10.55,1.62,5.32,22.33,0.5916,1.45,1.69,2.03,1.9,1.1,3.0,0.5673,0.8009,0.3528,4.8,3.5,8.3,9.6,4.6,over_15_goals|btts_yes|home_4_sot|total_8_corners|total_3_cards,Over 1.5 goals + BTTS yes + Ath Madrid 4+ SOT + 8+ corners,strong,Over 1.5 goals:won | BTTS yes:won | Ath Madrid 4+ SOT:won | 8+ corners:won | 3+ cards:won,5,5,won,13.0,25.0,4.0,H,,,,,
2025-11-08,20:00,2526,SP1,La Liga,Espanol,Villarreal,A,No external context supplied,,L L L L L,W W W W W,0.0,0.0,0.5,0.5,1.0,1.0,0.0,0.0,0.0,0.0,0.4154,0.2541,0.3305,2.9,3.65,2.41,2.41,3.94,3.03,2.74,4.9,3.57,0.5008,1.73,2.0,2.49,1.15,1.6,2.75,0.5454,0.7603,0.297,4.9,4.0,8.9,9.4,4.8,over_15_goals|btts_yes|home_4_sot|total_3_cards,Over 1.5 goals + BTTS yes + Espanol 4+ SOT + 3+ cards,strong,Over 1.5 goals:won | BTTS yes:lost | Espanol 4+ SOT:lost | 3+ cards:lost,1,4,partial,6.0,6.0,2.0,H,,,,,
2025-11-08,13:00,2526,SP1,La Liga,Girona,Alaves,H,No external context supplied,,L W D W L,W L D L W,0.0,0.0,0.5,0.5,1.0,1.0,0.0,0.0,0.0,0.0,0.4844,0.2959,0.2197,2.5,3.18,3.13,2.06,3.38,4.55,2.3,4.07,5.89,0.4898,2.27,2.04,2.57,0.9,1.5,2.4,0.461,0.6916,0.2213,3.6,4.6,8.2,11.7,6.4,away_4_sot|total_8_corners|total_3_cards,Alaves 4+ SOT + 8+ corners + 3+ cards,strong,Alaves 4+ SOT:won | 8+ corners:lost | 3+ cards:won,2,3,partial,7.0,7.0,3.0,H,,,,,
2025-11-08,15:15,2526,SP1,La Liga,Sevilla,Osasuna,H,No external context supplied,,L D D D L,W D D D W,0.0,0.0,0.5,0.5,1.0,1.0,0.0,0.0,0.0,0.0,0.3856,0.3164,0.298,2.21,3.28,3.62,2.59,3.16,3.36,2.98,3.75,4.03,0.5061,2.22,1.98,2.46,1.3,1.25,2.55,0.519,0.7228,0.2532,3.7,4.7,8.4,10.0,5.2,over_15_goals|away_4_sot|total_8_corners|total_3_cards,Over 1.5 goals + Osasuna 4+ SOT + 8+ corners + 3+ cards,strong,Over 1.5 goals:lost | Osasuna 4+ SOT:lost | 8+ corners:won | 3+ cards:won,2,4,partial,7.0,11.0,8.0,H,,,,,
2025-11-09,18:30,2526,D1,Bundesliga,Ein Frankfurt,Mainz,H,No external context supplied,,W D W L D,L D L W D,0.0,0.0,0.5,0.5,1.0,1.0,0.0,0.0,0.0,0.0,0.4439,0.3022,0.2539,1.87,4.11,3.9,2.25,3.31,3.94,2.54,3.97,4.9,0.5341,1.53,1.87,2.3,2.2,1.6,3.8,0.7097,0.8926,0.5265,5.2,3.8,9.0,7.1,4.6,over_15_goals|btts_yes|home_4_sot|total_3_cards,Over 1.5 goals + BTTS yes + Ein Frankfurt 4+ SOT + 3+ cards,strong,Over 1.5 goals:lost | BTTS yes:lost | Ein Frankfurt 4+ SOT:won | 3+ cards:won,2,4,partial,4.0,7.0,5.0,H,,,,,
2025-11-09,14:30,2526,D1,Bundesliga,Freiburg,St Pauli,H,No external context supplied,,L W,W L,0.0,0.0,0.5,0.5,1.0,1.0,0.0,0.0,0.0,0.0,0.5583,0.288,0.1537,1.87,3.61,4.48,1.79,3.47,6.5,1.97,4.2,9.64,0.5388,1.97,1.86,2.28,1.6,1.2,2.8,0.5577,0.7689,0.3081,4.5,3.4,7.9,8.6,4.2,over_15_goals|btts_yes|home_4_sot|total_3_cards,Over 1.5 goals + BTTS yes + Freiburg 4+ SOT + 3+ cards,strong,Over 1.5 goals:won | BTTS yes:won | Freiburg 4+ SOT:won | 3+ cards:won,4,4,won,6.0,12.0,4.0,H,,,,,
2025-11-09,16:30,2526,D1,Bundesliga,Stuttgart,Augsburg,H,No external context supplied,,D W W W W,D L L L L,0.0,0.0,0.5,0.5,1.0,1.0,0.0,0.0,0.0,0.0,0.5585,0.2471,0.1944,1.54,4.63,5.84,1.79,4.05,5.14,1.97,5.07,6.93,0.4746,1.53,2.11,2.67,2.0,1.25,3.25,0.6169,0.8352,0.4086,5.0,3.5,8.5,9.0,5.4,over_15_goals|btts_yes|home_4_sot|total_3_cards,Over 1.5 goals + BTTS yes + Stuttgart 4+ SOT + 3+ cards,strong,Over 1.5 goals:won | BTTS yes:won | Stuttgart 4+ SOT:won | 3+ cards:won,4,4,won,12.0,8.0,5.0,H,,,,,
2025-11-09,14:00,2526,E0,Premier League,Aston Villa,Bournemouth,H,No external context supplied,"Weather: rain 6.1mm, gusts 43.9km/h, snow 0.0cm",W D W D W,L D L D L,0.0,0.0,0.5,0.5,1.0,1.0,0.0,0.0,0.0,0.0,0.4444,0.2537,0.3019,2.25,3.49,3.29,2.25,3.94,3.31,2.54,4.91,3.97,0.5097,1.82,1.96,2.44,1.15,1.35,2.5,0.5062,0.7127,0.2424,5.0,4.3,9.3,10.1,3.8,home_4_sot|total_8_corners,Aston Villa 4+ SOT + 8+ corners,lean,Aston Villa 4+ SOT:won | 8+ corners:won,2,2,won,12.0,15.0,4.0,H,,,,,
2025-11-09,14:00,2526,E0,Premier League,Brentford,Newcastle,H,No external context supplied,"Weather: rain 0.2mm, gusts 37.1km/h, snow 0.0cm",L L L W L,W W W L W,0.0,0.0,0.5,0.5,1.0,1.0,0.0,0.0,0.0,0.0,0.3371,0.2267,0.4362,2.97,3.39,2.5,2.97,4.41,2.29,3.48,5.66,2.59,0.5542,1.81,1.8,2.2,1.25,1.3,2.55,0.519,0.7228,0.2532,5.6,4.4,10.0,10.7,3.4,over_15_goals|home_4_sot|total_8_corners,Over 1.5 goals + Brentford 4+ SOT + 8+ corners,strong,Over 1.5 goals:won | Brentford 4+ SOT:won | 8+ corners:won,3,3,won,8.0,8.0,3.0,A,,,,,
2025-11-09,14:00,2526,E0,Premier League,Crystal Palace,Brighton,D,No external context supplied,"Weather: rain 0.1mm, gusts 43.2km/h, snow 0.0cm",L D L W W,W D W L L,0.0,0.0,0.5,0.5,1.0,1.0,0.0,0.0,0.0,0.0,0.3449,0.2397,0.4154,2.3,3.62,3.1,2.9,4.17,2.41,3.39,5.27,2.74,0.5199,1.71,1.92,2.38,1.45,1.3,2.75,0.5568,0.7603,0.297,4.5,4.7,9.2,9.5,3.2,over_15_goals|btts_yes|home_4_sot|total_8_corners,Over 1.5 goals + BTTS yes + Crystal Palace 4+ SOT + 8+ corners,strong,Over 1.5 goals:lost | BTTS yes:lost | Crystal Palace 4+ SOT:lost | 8+ corners:won,1,4,partial,5.0,12.0,5.0,A,,,,,
2025-11-09,16:30,2526,E0,Premier League,Man City,Liverpool,H,No external context supplied,"Weather: rain 3.6mm, gusts 38.5km/h, snow 0.0cm",W D D L L,L D D W W,1.0,1.0,0.5,0.5,1.0,1.0,0.0,0.0,0.0,0.0,0.4778,0.1996,0.3225,1.88,4.08,3.85,2.09,5.01,3.1,2.34,6.68,3.67,0.6363,1.48,1.57,1.86,1.7,1.3,3.0,0.5946,0.8009,0.3528,5.9,3.3,9.2,10.0,3.6,over_15_goals|btts_yes|home_4_sot|total_8_corners,Over 1.5 goals + BTTS yes + Man City 4+ SOT + 8+ corners,strong,Over 1.5 goals:won | BTTS yes:lost | Man City 4+ SOT:won | 8+ corners:won,3,4,partial,7.0,14.0,6.0,H,,,,,
2025-11-09,14:00,2526,E0,Premier League,Nott'm Forest,Leeds,H,No external context supplied,"Weather: rain 0.2mm, gusts 41.4km/h, snow 0.0cm",W L,L W,0.0,0.0,0.5,0.5,1.0,1.0,0.0,0.0,0.0,0.0,0.3226,0.2505,0.4269,2.29,3.45,3.27,3.1,3.99,2.34,3.67,4.99,2.65,0.5102,2.04,1.96,2.44,1.2,1.4,2.6,0.5265,0.7326,0.264,4.0,5.3,9.3,9.0,4.2,over_15_goals|away_4_sot|total_3_cards,Over 1.5 goals + Leeds 4+ SOT + 3+ cards,strong,Over 1.5 goals:won | Leeds 4+ SOT:lost | 3+ cards:won,2,3,partial,9.0,10.0,3.0,A,A,0.0941,Premier League A all 8%+,62,0.6148
2025-11-09,16:15,2526,F1,Ligue 1,Angers,Auxerre,H,No external context supplied,,D D L W,D D W L,0.0,0.0,0.5,0.5,1.0,1.0,0.0,0.0,0.0,0.0,0.4023,0.3074,0.2902,2.62,3.18,2.97,2.49,3.25,3.45,2.84,3.88,4.16,0.4041,2.24,2.47,3.29,1.2,1.05,2.25,0.4543,0.6575,0.1906,4.1,4.4,8.5,8.7,4.0,away_4_sot,Auxerre 4+ SOT,lean,Auxerre 4+ SOT:won,1,1,won,10.0,6.0,4.0,H,,,,,
2025-11-09,14:00,2526,F1,Ligue 1,Lorient,Toulouse,D,No external context supplied,,D L D L,D W D W,0.0,0.0,0.5,0.5,1.0,1.0,0.0,0.0,0.0,0.0,0.2231,0.2552,0.5217,2.99,3.32,2.51,4.48,3.92,1.92,5.78,4.87,2.12,0.4978,2.04,2.01,2.51,1.4,2.0,3.4,0.6514,0.8532,0.4416,3.7,4.3,8.0,9.2,3.8,over_15_goals|btts_yes|away_4_sot,Over 1.5 goals + BTTS yes + Toulouse 4+ SOT,strong,Over 1.5 goals:won | BTTS yes:won | Toulouse 4+ SOT:lost,2,3,partial,4.0,10.0,4.0,A,,,,,
2025-11-09,19:45,2526,F1,Ligue 1,Lyon,Paris SG,A,No external context supplied,,W L L L L,L W W W W,0.0,1.0,0.5,0.5,1.0,1.0,0.0,0.0,0.0,0.0,0.203,0.256,0.541,4.22,4.0,1.82,4.93,3.91,1.85,6.54,4.85,2.04,0.5835,1.62,1.71,2.07,1.2,1.6,2.8,0.5577,0.7689,0.3081,3.5,5.4,8.9,9.8,3.6,over_15_goals|btts_yes|away_4_sot|total_8_corners,Over 1.5 goals + BTTS yes + Paris SG 4+ SOT + 8+ corners,strong,Over 1.5 goals:won | BTTS yes:won | Paris SG 4+ SOT:won | 8+ corners:won,4,4,won,6.0,10.0,9.0,A,,,,,
2025-11-09,16:15,2526,F1,Ligue 1,Metz,Nice,H,No external context supplied,,W W L L L,L L W W W,0.0,0.0,0.5,0.5,1.0,1.0,0.0,0.0,0.0,0.0,0.3934,0.3096,0.2969,3.35,3.73,2.14,2.54,3.23,3.37,2.91,3.85,4.05,0.5468,1.71,1.83,2.24,1.25,2.05,3.3,0.6216,0.8414,0.4197,5.3,4.9,10.2,11.6,5.0,over_15_goals|btts_yes|home_4_sot|total_8_corners|total_3_cards,Over 1.5 goals + BTTS yes + Metz 4+ SOT + 8+ corners,strong,Over 1.5 goals:won | BTTS yes:won | Metz 4+ SOT:lost | 8+ corners:won | 3+ cards:won,4,5,partial,6.0,9.0,6.0,H,,,,,
2025-11-09,16:15,2526,F1,Ligue 1,Strasbourg,Lille,H,No external context supplied,,L W L D W,W L W D L,0.0,0.0,0.5,0.5,1.0,1.0,0.0,0.0,0.0,0.0,0.4725,0.2287,0.2988,2.68,3.71,2.56,2.12,4.37,3.35,2.37,5.59,4.02,0.5542,1.71,1.8,2.2,1.55,1.8,3.35,0.6575,0.8474,0.4307,4.9,4.8,9.7,9.9,4.6,over_15_goals|btts_yes|home_4_sot|total_8_corners|total_3_cards,Over 1.5 goals + BTTS yes + Strasbourg 4+ SOT + 8+ corners,strong,Over 1.5 goals:won | BTTS yes:lost | Strasbourg 4+ SOT:lost | 8+ corners:lost | 3+ cards:won,2,5,partial,6.0,5.0,9.0,H,,,,,
2025-11-09,11:30,2526,I1,Serie A,Atalanta,Sassuolo,A,No external context supplied,,L W L W W,W L W L L,0.0,0.0,0.5,0.5,1.0,1.0,0.0,0.0,0.0,0.0,0.6025,0.289,0.1085,1.44,4.89,7.09,1.66,3.46,9.22,1.81,4.18,17.1,0.5315,1.65,1.88,2.32,1.25,0.95,2.2,0.4376,0.6454,0.1806,4.4,3.0,7.4,10.4,4.4,home_4_sot|total_8_corners|total_3_cards,Atalanta 4+ SOT + 8+ corners + 3+ cards,strong,Atalanta 4+ SOT:lost | 8+ corners:lost | 3+ cards:lost,0,3,lost,6.0,5.0,2.0,H,,,,,
2025-11-09,14:00,2526,I1,Serie A,Bologna,Napoli,H,No external context supplied,,D D W L D,D D L W D,0.0,0.0,0.5,0.5,1.0,1.0,0.0,0.0,0.0,0.0,0.4222,0.2842,0.2936,3.08,3.07,2.61,2.37,3.52,3.41,2.69,4.27,4.11,0.3657,2.45,2.73,3.76,1.2,1.2,2.4,0.4883,0.6916,0.2213,3.5,3.7,7.2,8.1,4.6,total_3_cards,3+ cards,lean,3+ cards:won,1,1,won,5.0,9.0,4.0,H,,,,,
2025-11-09,14:00,2526,I1,Serie A,Genoa,Fiorentina,D,No external context supplied,,L L D L L,W W D W W,0.0,0.0,0.5,0.5,1.0,1.0,0.0,0.0,0.0,0.0,0.3633,0.281,0.3557,2.84,3.01,2.87,2.75,3.56,2.81,3.19,4.33,3.27,0.4546,2.47,2.2,2.82,1.1,1.05,2.15,0.4337,0.6331,0.1709,3.9,3.6,7.5,8.8,5.8,total_3_cards,3+ cards,lean,3+ cards:won,1,1,won,9.0,10.0,5.0,H,,,,,
2025-11-09,19:45,2526,I1,Serie A,Inter,Lazio,H,No external context supplied,,W W D W D,L L D L D,1.0,0.0,0.5,0.5,1.0,1.0,0.0,0.0,0.0,0.0,0.6146,0.2569,0.1285,1.36,5.69,7.78,1.63,3.89,7.78,1.77,4.83,12.73,0.5158,1.65,1.94,2.41,1.55,1.25,2.8,0.5621,0.7689,0.3081,5.5,3.1,8.6,9.2,2.8,over_15_goals|btts_yes|home_4_sot,Over 1.5 goals + BTTS yes + Inter 4+ SOT,strong,Over 1.5 goals:won | BTTS yes:lost | Inter 4+ SOT:lost,1,3,partial,8.0,4.0,4.0,H,,,,,
2025-11-09,17:00,2526,I1,Serie A,Roma,Udinese,H,No external context supplied,,W W W W W,L L L L L,0.0,0.0,0.5,0.5,1.0,1.0,0.0,0.0,0.0,0.0,0.623,0.263,0.114,1.57,4.08,6.47,1.61,3.8,8.77,1.75,4.69,15.62,0.4954,1.99,2.02,2.53,1.25,0.85,2.1,0.4085,0.6204,0.1614,4.8,3.6,8.4,10.6,4.8,home_4_sot|total_8_corners|total_3_cards,Roma 4+ SOT + 8+ corners + 3+ cards,strong,Roma 4+ SOT:won | 8+ corners:lost | 3+ cards:won,2,3,partial,8.0,7.0,3.0,H,,,,,
2025-11-09,13:00,2526,SP1,La Liga,Ath Bilbao,Oviedo,H,No external context supplied,,No recent H2H,No recent H2H,0.0,0.0,0.5,0.5,1.0,1.0,0.0,0.0,0.0,0.0,0.5261,0.3021,0.1718,1.52,3.89,8.01,1.9,3.31,5.82,2.1,3.97,8.21,0.5158,2.16,1.94,2.41,1.25,0.9,2.15,0.4234,0.6331,0.1709,4.9,3.7,8.6,9.2,5.6,home_4_sot|total_3_cards,Ath Bilbao 4+ SOT + 3+ cards,lean,Ath Bilbao 4+ SOT:won | 3+ cards:lost,1,2,partial,9.0,11.0,2.0,H,,,,,
2025-11-09,20:00,2526,SP1,La Liga,Celta,Barcelona,A,No external context supplied,,W L L D L,L W W D W,0.0,1.0,0.5,0.5,1.0,1.0,0.0,0.0,0.0,0.0,0.2827,0.2499,0.4674,4.65,4.34,1.69,3.54,4.0,2.14,4.3,5.0,2.4,0.6315,1.4,1.58,1.88,1.3,1.85,3.15,0.6131,0.8222,0.3863,4.2,6.6,10.8,11.2,6.2,over_15_goals|btts_yes|home_4_sot|total_8_corners|total_3_cards,Over 1.5 goals + BTTS yes + Celta 4+ SOT + 8+ corners,strong,Over 1.5 goals:won | BTTS yes:won | Celta 4+ SOT:lost | 8+ corners:lost | 3+ cards:won,3,5,partial,12.0,7.0,8.0,A,,,,,
2025-11-09,17:30,2526,SP1,La Liga,Mallorca,Getafe,H,No external context supplied,,W D W W L,L D L L W,0.0,0.0,0.5,0.5,1.0,1.0,0.0,0.0,0.0,0.0,0.4483,0.2675,0.2842,2.53,2.9,3.42,2.23,3.74,3.52,2.51,4.6,4.27,0.4982,2.96,2.01,2.51,1.2,1.25,2.45,0.4986,0.7023,0.2318,4.0,3.9,7.9,8.7,7.4,total_3_cards,3+ cards,lean,3+ cards:lost,0,1,lost,7.0,15.0,2.0,H,,,,,
2025-11-09,17:30,2526,SP1,La Liga,Valencia,Betis,D,No external context supplied,,D L L W D,D W W L D,0.0,0.0,0.5,0.5,1.0,1.0,0.0,0.0,0.0,0.0,0.2897,0.2737,0.4366,3.33,3.57,2.2,3.45,3.65,2.29,4.17,4.47,2.59,0.5221,1.87,1.92,2.37,1.0,1.8,2.8,0.5276,0.7689,0.3081,3.1,5.2,8.3,9.5,3.2,over_15_goals|away_4_sot|total_8_corners,Over 1.5 goals + Betis 4+ SOT + 8+ corners,strong,Over 1.5 goals:won | Betis 4+ SOT:lost | 8+ corners:won,2,3,partial,6.0,9.0,6.0,A,,,,,
2025-11-09,15:15,2526,SP1,La Liga,Vallecano,Real Madrid,D,No external context supplied,,L D D D L,W D D D W,0.0,1.0,0.5,0.5,1.0,1.0,0.0,0.0,0.0,0.0,0.1838,0.2161,0.6001,6.16,4.85,1.5,5.44,4.63,1.67,7.47,6.02,1.82,0.5554,1.57,1.8,2.2,0.95,1.9,2.85,0.5215,0.7773,0.3192,3.8,5.7,9.5,10.5,5.0,over_15_goals|away_4_sot|total_8_corners|total_3_cards,Over 1.5 goals + Real Madrid 4+ SOT + 8+ corners + 3+ cards,strong,Over 1.5 goals:lost | Real Madrid 4+ SOT:won | 8+ corners:won | 3+ cards:won,3,4,partial,7.0,13.0,5.0,A,,,,,
2025-11-21,19:30,2526,D1,Bundesliga,Mainz,Hoffenheim,D,No external context supplied,,W D W W L,L D L L W,0.0,0.0,0.5,0.5,1.0,1.0,0.0,0.0,0.0,0.0,0.2667,0.2969,0.4364,2.59,3.6,2.71,3.75,3.37,2.29,4.61,4.05,2.59,0.5341,1.6,1.87,2.3,1.3,1.95,3.25,0.624,0.8352,0.4086,3.5,5.6,9.1,9.0,5.6,over_15_goals|btts_yes|away_4_sot|total_3_cards,Over 1.5 goals + BTTS yes + Hoffenheim 4+ SOT + 3+ cards,strong,Over 1.5 goals:won | BTTS yes:won | Hoffenheim 4+ SOT:won | 3+ cards:won,4,4,won,8.0,11.0,7.0,A,,,,,
2025-11-21,19:45,2526,F1,Ligue 1,Nice,Marseille,A,No external context supplied,,W W D L W,L L D W L,0.0,0.0,0.5,0.5,1.0,1.0,0.0,0.0,0.0,0.0,0.2513,0.2698,0.4789,3.92,3.7,1.96,3.98,3.71,2.09,4.97,4.55,2.33,0.5199,1.7,1.92,2.38,1.1,1.95,3.05,0.5722,0.8082,0.364,3.7,5.7,9.4,9.8,4.6,over_15_goals|btts_yes|away_4_sot|total_8_corners|total_3_cards,Over 1.5 goals + BTTS yes + Marseille 4+ SOT + 8+ corners,strong,Over 1.5 goals:won | BTTS yes:won | Marseille 4+ SOT:won | 8+ corners:won | 3+ cards:won,5,5,won,18.0,14.0,4.0,A,,,,,
2025-11-21,20:00,2526,SP1,La Liga,Valencia,Levante,H,No external context supplied,,D W L W D,D L W L D,0.0,0.0,0.5,0.5,1.0,1.0,0.0,0.0,0.0,0.0,0.4732,0.2664,0.2604,2.03,3.66,3.73,2.11,3.75,3.84,2.36,4.62,4.75,0.5965,1.84,1.68,2.01,1.4,1.6,3.0,0.6013,0.8009,0.3528,4.3,4.5,8.8,11.2,3.6,over_15_goals|btts_yes|home_4_sot|total_8_corners,Over 1.5 goals + BTTS yes + Valencia 4+ SOT + 8+ corners,strong,Over 1.5 goals:lost | BTTS yes:lost | Valencia 4+ SOT:lost | 8+ corners:lost,0,4,lost,4.0,7.0,7.0,H,,,,,
2025-11-22,14:30,2526,D1,Bundesliga,Augsburg,Hamburg,H,No external context supplied,,L W,W L,0.0,0.0,0.5,0.5,1.0,1.0,0.0,0.0,0.0,0.0,0.3028,0.3336,0.3636,2.39,3.67,2.92,3.3,3.0,2.75,3.96,3.53,3.19,0.4575,1.68,2.19,2.8,1.5,1.65,3.15,0.6277,0.8222,0.3863,3.9,4.7,8.6,8.0,5.8,over_15_goals|btts_yes|away_4_sot|total_3_cards,Over 1.5 goals + BTTS yes + Hamburg 4+ SOT + 3+ cards,strong,Over 1.5 goals:lost | BTTS yes:lost | Hamburg 4+ SOT:won | 3+ cards:won,2,4,partial,12.0,7.0,7.0,A,,,,,
2025-11-22,14:30,2526,D1,Bundesliga,Bayern Munich,Freiburg,H,No external context supplied,,W W D W W,L L D L L,1.0,0.0,0.5,0.5,1.0,1.0,0.0,0.0,0.0,0.0,0.644,0.2205,0.1355,1.19,7.45,14.94,1.55,4.53,7.38,1.68,5.86,11.69,0.6569,1.34,1.52,1.8,2.45,0.95,3.4,0.5603,0.8532,0.4416,4.5,2.4,6.9,8.4,4.2,over_15_goals|btts_yes|home_4_sot|total_3_cards,Over 1.5 goals + BTTS yes + Bayern Munich 4+ SOT + 3+ cards,strong,Over 1.5 goals:won | BTTS yes:won | Bayern Munich 4+ SOT:won | 3+ cards:lost,3,4,partial,10.0,8.0,1.0,H,,,,,
2025-11-22,14:30,2526,D1,Bundesliga,Dortmund,Stuttgart,D,No external context supplied,,D L L L L,D W W W W,0.0,0.0,0.5,0.5,1.0,1.0,0.0,0.0,0.0,0.0,0.6047,0.2053,0.19,1.79,4.11,4.25,1.65,4.87,5.26,1.8,6.44,7.14,0.5832,1.51,1.71,2.07,1.4,1.2,2.6,0.5265,0.7326,0.264,3.6,4.5,8.1,9.8,3.6,over_15_goals|away_4_sot|total_8_corners,Over 1.5 goals + Stuttgart 4+ SOT + 8+ corners,strong,Over 1.5 goals:won | Stuttgart 4+ SOT:won | 8+ corners:lost,2,3,partial,12.0,6.0,2.0,H,,,,,
2025-11-22,17:30,2526,D1,Bundesliga,FC Koln,Ein Frankfurt,A,No external context supplied,,W D W D W,L D L D L,0.0,0.0,0.5,0.5,1.0,1.0,0.0,0.0,0.0,0.0,0.2616,0.3236,0.4148,3.1,3.79,2.23,3.82,3.09,2.41,4.72,3.66,2.74,0.4514,1.5,2.22,2.85,1.8,1.9,3.7,0.7099,0.8838,0.5058,3.4,4.3,7.7,8.8,3.0,over_15_goals|btts_yes|away_4_sot,Over 1.5 goals + BTTS yes + Ein Frankfurt 4+ SOT,strong,Over 1.5 goals:won | BTTS yes:won | Ein Frankfurt 4+ SOT:won,3,3,won,12.0,6.0,0.0,A,,,,,
2025-11-22,14:30,2526,D1,Bundesliga,Heidenheim,M'gladbach,A,No external context supplied,,L D L L,W D W W,0.0,0.0,0.5,0.5,1.0,1.0,0.0,0.0,0.0,0.0,0.1609,0.2551,0.584,3.18,3.72,2.22,6.22,3.92,1.71,9.02,4.88,1.87,0.5215,1.66,1.92,2.37,1.35,1.8,3.15,0.6183,0.8222,0.3863,4.5,5.2,9.7,9.3,2.8,over_15_goals|btts_yes|home_4_sot,Over 1.5 goals + BTTS yes + Heidenheim 4+ SOT,strong,Over 1.5 goals:won | BTTS yes:lost | Heidenheim 4+ SOT:lost,1,3,partial,6.0,9.0,2.0,A,,,,,
2025-11-22,14:30,2526,D1,Bundesliga,Wolfsburg,Leverkusen,A,No external context supplied,,D L L L D,D W W W D,0.0,0.0,0.5,0.5,1.0,1.0,0.0,0.0,0.0,0.0,0.322,0.2899,0.3881,3.59,3.82,2.02,3.11,3.45,2.58,3.68,4.17,2.96,0.5645,1.6,1.77,2.15,1.3,2.1,3.4,0.6384,0.8532,0.4416,3.3,5.5,8.8,10.2,2.8,over_15_goals|btts_yes|away_4_sot|total_8_corners,Over 1.5 goals + BTTS yes + Leverkusen 4+ SOT + 8+ corners,strong,Over 1.5 goals:won | BTTS yes:won | Leverkusen 4+ SOT:lost | 8+ corners:won,3,4,partial,13.0,10.0,3.0,A,,,,,
2025-11-22,15:00,2526,E0,Premier League,Bournemouth,West Ham,D,No external context supplied,"Weather: rain 12.5mm, gusts 66.2km/h, snow 0.0cm",L D D D D,W D D D D,0.0,0.0,0.5,0.5,1.0,1.0,0.0,0.0,0.0,0.0,0.4881,0.3019,0.21,1.65,4.16,5.26,2.05,3.31,4.76,2.28,3.97,6.25,0.53,1.65,1.89,2.33,1.75,1.35,3.1,0.612,0.8153,0.3752,5.3,5.0,10.3,11.5,4.0,over_15_goals|btts_yes|home_4_sot|total_8_corners,Over 1.5 goals + BTTS yes + Bournemouth 4+ SOT + 8+ corners,strong,Over 1.5 goals:won | BTTS yes:won | Bournemouth 4+ SOT:won | 8+ corners:won,4,4,won,12.0,11.0,5.0,H,,,,,
2025-11-22,15:00,2526,E0,Premier League,Brighton,Brentford,H,No external context supplied,"Weather: rain 19.0mm, gusts 67.3km/h, snow 0.0cm",D W D D L,D L D D W,0.0,0.0,0.5,0.5,1.0,1.0,0.0,0.0,0.0,0.0,0.4328,0.2685,0.2987,1.96,3.6,4.05,2.31,3.72,3.35,2.61,4.58,4.02,0.5058,1.68,1.98,2.46,1.5,1.5,3.0,0.6035,0.8009,0.3528,3.9,4.4,8.3,10.1,4.4,over_15_goals|btts_yes|away_4_sot|total_8_corners|total_3_cards,Over 1.5 goals + BTTS yes + Brentford 4+ SOT + 8+ corners,strong,Over 1.5 goals:won | BTTS yes:won | Brentford 4+ SOT:won | 8+ corners:won | 3+ cards:won,5,5,won,9.0,11.0,6.0,H,,,,,
2025-11-22,12:30,2526,E0,Premier League,Burnley,Chelsea,A,No external context supplied,"Weather: rain 5.9mm, gusts 61.9km/h, snow 0.8cm",L D L L D,W D W W D,0.0,0.0,0.5,0.5,1.0,1.0,0.0,0.0,0.0,0.0,0.1473,0.184,0.6687,6.45,4.73,1.49,6.79,5.43,1.5,10.28,7.46,1.62,0.494,1.76,2.02,2.54,1.25,2.0,3.25,0.6169,0.8352,0.4086,2.8,6.8,9.6,9.0,3.0,over_15_goals|btts_yes|away_4_sot,Over 1.5 goals + BTTS yes + Chelsea 4+ SOT,strong,Over 1.5 goals:won | BTTS yes:lost | Chelsea 4+ SOT:won,2,3,partial,7.0,10.0,5.0,A,,,,,
2025-11-22,15:00,2526,E0,Premier League,Fulham,Sunderland,H,No external context supplied,"Weather: rain 10.4mm, gusts 45.0km/h, snow 0.0cm",No recent H2H,No recent H2H,0.0,0.0,0.5,0.5,1.0,1.0,0.0,0.0,0.0,0.0,0.4892,0.3012,0.2096,2.12,3.24,3.95,2.04,3.32,4.77,2.28,3.98,6.26,0.4576,2.19,2.19,2.8,1.05,1.3,2.35,0.4729,0.6805,0.2109,4.4,3.9,8.3,8.2,3.2,home_4_sot,Fulham 4+ SOT,lean,Fulham 4+ SOT:won,1,1,won,8.0,11.0,6.0,H,,,,,
2025-11-22,15:00,2526,E0,Premier League,Liverpool,Nott'm Forest,A,No external context supplied,"Weather: rain 6.4mm, gusts 48.2km/h, snow 0.0cm",W W W L D,L L L W D,1.0,0.0,0.5,0.5,1.0,1.0,0.0,0.0,0.0,0.0,0.6552,0.1981,0.1467,1.45,4.9,6.9,1.53,5.05,6.82,1.65,6.75,10.35,0.4642,1.53,2.15,2.75,1.65,1.1,2.75,0.539,0.7603,0.297,4.8,4.6,9.4,9.9,4.0,over_15_goals|home_4_sot|total_8_corners,Over 1.5 goals + Liverpool 4+ SOT + 8+ corners,strong,Over 1.5 goals:won | Liverpool 4+ SOT:won | 8+ corners:won,3,3,won,11.0,14.0,2.0,H,,,,,
2025-11-22,17:30,2526,E0,Premier League,Newcastle,Man City,H,No external context supplied,"Weather: rain 2.7mm, gusts 37.1km/h, snow 0.0cm",L L L D L,W W W D W,0.0,1.0,0.5,0.5,1.0,1.0,0.0,0.0,0.0,0.0,0.3209,0.2402,0.439,3.69,3.8,2.0,3.12,4.16,2.28,3.69,5.26,2.57,0.5406,1.68,1.85,2.27,0.95,1.65,2.6,0.4955,0.7326,0.264,3.5,5.9,9.4,10.7,2.8,over_15_goals|away_4_sot|total_8_corners,Over 1.5 goals + Man City 4+ SOT + 8+ corners,strong,Over 1.5 goals:won | Man City 4+ SOT:won | 8+ corners:won,3,3,won,9.0,14.0,4.0,A,,,,,
2025-11-22,15:00,2526,E0,Premier League,Wolves,Crystal Palace,A,No external context supplied,"Weather: rain 3.6mm, gusts 51.1km/h, snow 0.0cm",W L L D L,L W W D W,0.0,0.0,0.5,0.5,1.0,1.0,0.0,0.0,0.0,0.0,0.2446,0.249,0.5064,3.92,3.62,1.99,4.09,4.02,1.97,5.14,5.02,2.19,0.4896,1.99,2.04,2.57,0.8,1.75,2.55,0.455,0.7228,0.2532,3.5,4.9,8.4,9.2,3.0,over_15_goals|away_4_sot,Over 1.5 goals + Crystal Palace 4+ SOT,lean,Over 1.5 goals:won | Crystal Palace 4+ SOT:won,2,2,won,5.0,5.0,5.0,A,,,,,
2025-11-22,16:00,2526,F1,Ligue 1,Lens,Strasbourg,H,No external context supplied,,W W W D L,L L L D W,0.0,0.0,0.5,0.5,1.0,1.0,0.0,0.0,0.0,0.0,0.3484,0.2686,0.3831,2.1,3.71,3.48,2.87,3.72,2.61,3.35,4.58,3.0,0.53,1.62,1.89,2.33,1.75,1.55,3.3,0.6509,0.8414,0.4197,5.1,4.4,9.5,8.9,4.8,over_15_goals|btts_yes|home_4_sot|total_3_cards,Over 1.5 goals + BTTS yes + Lens 4+ SOT + 3+ cards,strong,Over 1.5 goals:lost | BTTS yes:lost | Lens 4+ SOT:won | 3+ cards:won,2,4,partial,6.0,4.0,9.0,A,,,,,
2025-11-22,20:05,2526,F1,Ligue 1,Paris SG,Le Havre,H,No external context supplied,,W D W W,L D L L,1.0,0.0,0.5,0.5,1.0,1.0,0.0,0.0,0.0,0.0,0.6345,0.2177,0.1479,1.16,9.07,14.62,1.58,4.59,6.76,1.71,5.96,10.22,0.6018,1.46,1.66,1.99,1.7,1.1,2.8,0.5453,0.7689,0.3081,5.7,3.2,8.9,9.4,4.2,over_15_goals|btts_yes|home_4_sot|total_3_cards,Over 1.5 goals + BTTS yes + Paris SG 4+ SOT + 3+ cards,strong,Over 1.5 goals:won | BTTS yes:lost | Paris SG 4+ SOT:won | 3+ cards:won,3,4,partial,15.0,10.0,3.0,H,,,,,
2025-11-22,18:00,2526,F1,Ligue 1,Rennes,Monaco,H,No external context supplied,,W L L L L,L W W W W,0.0,0.0,0.5,0.5,1.0,1.0,0.0,0.0,0.0,0.0,0.4043,0.2745,0.3212,2.71,3.8,2.49,2.47,3.64,3.11,2.82,4.45,3.69,0.5341,1.53,1.87,2.3,1.85,1.7,3.55,0.6888,0.8693,0.4741,5.1,4.2,9.3,9.7,5.6,over_15_goals|btts_yes|home_4_sot|total_8_corners|total_3_cards,Over 1.5 goals + BTTS yes + Rennes 4+ SOT + 8+ corners,strong,Over 1.5 goals:won | BTTS yes:won | Rennes 4+ SOT:won | 8+ corners:won | 3+ cards:won,5,5,won,12.0,10.0,3.0,H,,,,,
2025-11-22,14:00,2526,I1,Serie A,Cagliari,Genoa,D,No external context supplied,,L W L D D,W L W D D,0.0,0.0,0.5,0.5,1.0,1.0,0.0,0.0,0.0,0.0,0.2732,0.3236,0.4032,2.98,2.92,2.81,3.66,3.09,2.48,4.48,3.66,2.83,0.3908,2.64,2.56,3.44,1.2,1.05,2.25,0.4543,0.6575,0.1906,3.1,4.8,7.9,9.2,4.8,away_4_sot|total_3_cards,Genoa 4+ SOT + 3+ cards,lean,Genoa 4+ SOT:won | 3+ cards:won,2,2,won,13.0,8.0,9.0,A,,,,,
2025-11-22,17:00,2526,I1,Serie A,Fiorentina,Juventus,D,No external context supplied,,L L L D W,W W W D L,0.0,0.0,0.5,0.5,1.0,1.0,0.0,0.0,0.0,0.0,0.2974,0.2823,0.4203,3.94,3.47,2.03,3.36,3.54,2.38,4.04,4.31,2.7,0.4858,2.08,2.06,2.59,0.9,1.45,2.35,0.4542,0.6805,0.2109,3.3,5.5,8.8,8.3,4.6,away_4_sot|total_3_cards,Juventus 4+ SOT + 3+ cards,lean,Juventus 4+ SOT:won | 3+ cards:won,2,2,won,6.0,10.0,5.0,A,,,,,
2025-11-22,19:45,2526,I1,Serie A,Napoli,Atalanta,H,No external context supplied,,W W L L W,L L W W L,0.0,0.0,0.5,0.5,1.0,1.0,0.0,0.0,0.0,0.0,0.5494,0.2383,0.2123,2.27,3.22,3.54,1.82,4.2,4.71,2.0,5.31,6.16,0.4546,2.05,2.2,2.82,1.2,1.1,2.3,0.4662,0.6691,0.2007,3.6,3.0,6.6,8.9,4.0,,No builder lean,none,,,0,,9.0,8.0,3.0,H,,,,,
2025-11-22,14:00,2526,I1,Serie A,Udinese,Bologna,A,No external context supplied,,L W D D D,W L D D D,0.0,0.0,0.5,0.5,1.0,1.0,0.0,0.0,0.0,0.0,0.3621,0.2858,0.3521,3.91,3.16,2.16,2.76,3.5,2.84,3.2,4.24,3.31,0.4141,2.24,2.42,3.18,0.9,1.7,2.6,0.485,0.7326,0.264,3.0,4.4,7.4,9.1,5.0,over_15_goals|away_4_sot|total_3_cards,Over 1.5 goals + Bologna 4+ SOT + 3+ cards,strong,Over 1.5 goals:won | Bologna 4+ SOT:won | 3+ cards:lost,2,3,partial,8.0,9.0,1.0,H,,,,,
2025-11-22,13:00,2526,SP1,La Liga,Alaves,Celta,A,No external context supplied,,L D W L D,W D L W D,0.0,0.0,0.5,0.5,1.0,1.0,0.0,0.0,0.0,0.0,0.2471,0.3081,0.4448,2.58,3.12,3.08,4.05,3.25,2.25,5.07,3.87,2.53,0.4681,2.29,2.14,2.72,1.2,1.15,2.35,0.4775,0.6805,0.2109,4.6,3.3,7.9,9.4,6.2,home_4_sot|total_3_cards,Alaves 4+ SOT + 3+ cards,lean,Alaves 4+ SOT:lost | 3+ cards:won,1,2,partial,6.0,6.0,4.0,A,,,,,
2025-11-22,15:15,2526,SP1,La Liga,Barcelona,Ath Bilbao,H,No external context supplied,,W W D W W,L L D L L,1.0,0.0,0.5,0.5,1.0,1.0,0.0,0.0,0.0,0.0,0.6752,0.1625,0.1623,1.42,5.31,6.94,1.48,6.15,6.16,1.6,8.89,8.91,0.4896,1.5,2.04,2.57,1.85,1.05,2.9,0.5478,0.7854,0.3304,5.4,4.6,10.0,10.3,6.6,over_15_goals|btts_yes|home_4_sot|total_8_corners|total_3_cards,Over 1.5 goals + BTTS yes + Barcelona 4+ SOT + 8+ corners,strong,Over 1.5 goals:won | BTTS yes:lost | Barcelona 4+ SOT:won | 8+ corners:won | 3+ cards:won,4,5,partial,9.0,12.0,4.0,H,,,,,
2025-11-22,17:30,2526,SP1,La Liga,Osasuna,Sociedad,A,No external context supplied,,L D W W W,W D L L L,0.0,0.0,0.5,0.5,1.0,1.0,0.0,0.0,0.0,0.0,0.262,0.317,0.4211,2.89,3.09,2.76,3.82,3.16,2.37,4.72,3.75,2.69,0.4695,2.28,2.13,2.71,1.1,1.15,2.25,0.4559,0.6575,0.1906,3.1,4.5,7.6,8.3,4.2,away_4_sot|total_3_cards,Sociedad 4+ SOT + 3+ cards,lean,Sociedad 4+ SOT:won | 3+ cards:won,2,2,won,13.0,6.0,7.0,A,,,,,
2025-11-22,20:00,2526,SP1,La Liga,Villarreal,Mallorca,H,No external context supplied,,L W D W W,W L D L L,0.0,0.0,0.5,0.5,1.0,1.0,0.0,0.0,0.0,0.0,0.6387,0.2084,0.1528,1.43,4.98,7.2,1.57,4.8,6.54,1.7,6.31,9.73,0.5916,1.65,1.69,2.03,1.55,1.05,2.6,0.5121,0.7326,0.264,4.5,3.6,8.1,9.4,5.8,over_15_goals|home_4_sot|total_3_cards,Over 1.5 goals + Villarreal 4+ SOT + 3+ cards,strong,Over 1.5 goals:won | Villarreal 4+ SOT:won | 3+ cards:won,3,3,won,10.0,4.0,4.0,H,,,,,
2025-11-23,14:30,2526,D1,Bundesliga,RB Leipzig,Werder Bremen,H,No external context supplied,,W D D W D,L D D L D,0.0,0.0,0.5,0.5,1.0,1.0,0.0,0.0,0.0,0.0,0.6295,0.2389,0.1315,1.45,5.25,6.38,1.59,4.19,7.6,1.73,5.29,12.26,0.6883,1.32,1.45,1.7,1.9,1.4,3.3,0.6407,0.8414,0.4197,5.4,3.8,9.2,9.5,5.0,over_15_goals|btts_yes|home_4_sot|total_8_corners|total_3_cards,Over 1.5 goals + BTTS yes + RB Leipzig 4+ SOT + 8+ corners,strong,Over 1.5 goals:won | BTTS yes:lost | RB Leipzig 4+ SOT:won | 8+ corners:won | 3+ cards:won,4,5,partial,19.0,20.0,3.0,H,,,,,
2025-11-23,16:30,2526,D1,Bundesliga,St Pauli,Union Berlin,A,No external context supplied,,L W,W L,0.0,0.0,0.5,0.5,1.0,1.0,0.0,0.0,0.0,0.0,0.3532,0.3041,0.3427,2.54,3.29,2.98,2.83,3.29,2.92,3.3,3.94,3.42,0.4546,2.1,2.2,2.82,1.3,1.65,2.95,0.5878,0.7933,0.3416,2.8,4.7,7.5,9.8,5.0,over_15_goals|btts_yes|away_4_sot|total_8_corners|total_3_cards,Over 1.5 goals + BTTS yes + Union Berlin 4+ SOT + 8+ corners,strong,Over 1.5 goals:lost | BTTS yes:lost | Union Berlin 4+ SOT:lost | 8+ corners:won | 3+ cards:lost,1,5,partial,6.0,10.0,2.0,H,,,,,
2025-11-23,16:30,2526,E0,Premier League,Arsenal,Tottenham,H,No external context supplied,"Weather: rain 5.9mm, gusts 47.5km/h, snow 0.0cm",W D W W W,L D L L L,0.0,0.0,0.5,0.5,1.0,1.0,0.0,0.0,0.0,0.0,0.6872,0.1877,0.1251,1.43,4.75,7.88,1.46,5.33,7.99,1.57,7.26,13.31,0.5554,1.77,1.8,2.2,1.45,1.05,2.5,0.4976,0.7127,0.2424,4.7,1.8,6.5,9.8,3.2,home_4_sot|total_8_corners,Arsenal 4+ SOT + 8+ corners,lean,Arsenal 4+ SOT:won | 8+ corners:lost,1,2,partial,10.0,5.0,4.0,H,,,,,
2025-11-23,14:00,2526,E0,Premier League,Leeds,Aston Villa,A,No external context supplied,"Weather: rain 2.5mm, gusts 47.2km/h, snow 0.0cm",L D L D L,W D W D W,0.0,0.0,0.5,0.5,1.0,1.0,0.0,0.0,0.0,0.0,0.3149,0.3532,0.3319,3.05,3.27,2.51,3.18,2.83,3.01,3.77,3.3,3.55,0.4858,2.12,2.06,2.59,0.95,1.65,2.6,0.4955,0.7326,0.264,3.5,4.5,8.0,9.2,3.4,over_15_goals|away_4_sot,Over 1.5 goals + Aston Villa 4+ SOT,lean,Over 1.5 goals:won | Aston Villa 4+ SOT:lost,1,2,partial,8.0,6.0,6.0,D,,,,,
2025-11-23,14:00,2526,F1,Ligue 1,Auxerre,Lyon,D,No external context supplied,,L W D L,W L D W,0.0,0.0,0.5,0.5,1.0,1.0,0.0,0.0,0.0,0.0,0.191,0.223,0.586,3.86,3.53,2.03,5.24,4.48,1.71,7.09,5.78,1.87,0.5663,1.92,1.77,2.14,1.0,1.5,2.5,0.4911,0.7127,0.2424,3.3,4.5,7.8,9.8,5.6,away_4_sot|total_8_corners|total_3_cards,Lyon 4+ SOT + 8+ corners + 3+ cards,strong,Lyon 4+ SOT:won | 8+ corners:won | 3+ cards:won,3,3,won,12.0,18.0,4.0,A,,,,,
2025-11-23,16:15,2526,F1,Ligue 1,Brest,Metz,H,No external context supplied,,L L W W W,W W L L L,0.0,0.0,0.5,0.5,1.0,1.0,0.0,0.0,0.0,0.0,0.488,0.2413,0.2707,1.85,3.81,4.3,2.05,4.14,3.69,2.28,5.23,4.53,0.5336,1.79,1.87,2.31,1.7,1.4,3.1,0.6158,0.8153,0.3752,4.2,4.9,9.1,9.4,4.6,over_15_goals|btts_yes|home_4_sot|total_3_cards,Over 1.5 goals + BTTS yes + Brest 4+ SOT + 3+ cards,strong,Over 1.5 goals:won | BTTS yes:won | Brest 4+ SOT:won | 3+ cards:won,4,4,won,10.0,8.0,5.0,H,,,,,
2025-11-23,19:45,2526,F1,Ligue 1,Lille,Paris FC,H,No external context supplied,,No recent H2H,No recent H2H,0.0,0.0,0.5,0.5,1.0,1.0,0.0,0.0,0.0,0.0,0.5632,0.2078,0.229,1.62,4.34,5.28,1.78,4.81,4.37,1.95,6.34,5.59,0.6387,1.65,1.57,1.86,1.7,1.4,3.1,0.6158,0.8153,0.3752,4.3,2.8,7.1,11.2,7.0,over_15_goals|btts_yes|home_4_sot|total_8_corners|total_3_cards,Over 1.5 goals + BTTS yes + Lille 4+ SOT + 8+ corners,strong,Over 1.5 goals:won | BTTS yes:won | Lille 4+ SOT:won | 8+ corners:won | 3+ cards:won,5,5,won,13.0,13.0,3.0,H,,,,,
2025-11-23,16:15,2526,F1,Ligue 1,Nantes,Lorient,D,No external context supplied,,W L W W W,L W L L L,0.0,0.0,0.5,0.5,1.0,1.0,0.0,0.0,0.0,0.0,0.2374,0.246,0.5166,2.65,3.49,2.71,4.21,4.07,1.94,5.34,5.1,2.14,0.4858,1.97,2.06,2.59,1.8,1.3,3.1,0.6072,0.8153,0.3752,4.1,4.6,8.7,9.7,3.0,over_15_goals|btts_yes|away_4_sot|total_8_corners,Over 1.5 goals + BTTS yes + Lorient 4+ SOT + 8+ corners,strong,Over 1.5 goals:won | BTTS yes:won | Lorient 4+ SOT:lost | 8+ corners:lost,2,4,partial,2.0,2.0,2.0,A,,,,,
2025-11-23,16:15,2526,F1,Ligue 1,Toulouse,Angers,A,No external context supplied,,L W W D W,W L L D L,0.0,0.0,0.5,0.5,1.0,1.0,0.0,0.0,0.0,0.0,0.573,0.2775,0.1495,1.62,3.97,5.96,1.75,3.6,6.69,1.91,4.4,10.05,0.4982,2.02,2.01,2.51,1.45,1.25,2.7,0.5461,0.7513,0.2859,4.0,3.6,7.6,9.1,3.8,over_15_goals|btts_yes,Over 1.5 goals + BTTS yes,lean,Over 1.5 goals:lost | BTTS yes:lost,0,2,lost,8.0,12.0,4.0,H,,,,,
2025-11-23,14:00,2526,I1,Serie A,Cremonese,Roma,A,No external context supplied,,L W,W L,0.0,0.0,0.5,0.5,1.0,1.0,0.0,0.0,0.0,0.0,0.1612,0.2064,0.6324,5.79,3.9,1.65,6.2,4.84,1.58,8.99,6.39,1.72,0.4961,2.07,2.02,2.52,0.75,1.15,1.9,0.3606,0.5663,0.1253,3.9,4.8,8.7,9.9,4.8,away_4_sot|total_8_corners|total_3_cards,Roma 4+ SOT + 8+ corners + 3+ cards,strong,Roma 4+ SOT:won | 8+ corners:won | 3+ cards:won,3,3,won,10.0,8.0,4.0,A,,,,,
2025-11-23,19:45,2526,I1,Serie A,Inter,Milan,A,No external context supplied,,W W W L D,L L L W D,1.0,0.0,0.5,0.5,1.0,1.0,0.0,0.0,0.0,0.0,0.506,0.2428,0.2511,1.99,3.48,4.09,1.98,4.12,3.98,2.19,5.19,4.97,0.4858,1.85,2.06,2.59,1.4,1.4,2.8,0.5676,0.7689,0.3081,3.9,4.2,8.1,9.0,3.6,over_15_goals|btts_yes|away_4_sot,Over 1.5 goals + BTTS yes + Milan 4+ SOT,strong,Over 1.5 goals:lost | BTTS yes:lost | Milan 4+ SOT:lost,0,3,lost,9.0,10.0,3.0,H,,,,,
2025-11-23,17:00,2526,I1,Serie A,Lazio,Lecce,H,No external context supplied,,D L W W L,D W L L W,0.0,0.0,0.5,0.5,1.0,1.0,0.0,0.0,0.0,0.0,0.3729,0.2915,0.3355,1.63,3.75,6.34,2.68,3.43,2.98,3.1,4.14,3.5,0.4383,2.15,2.28,2.96,1.35,0.75,2.1,0.3908,0.6204,0.1614,3.3,3.8,7.1,8.3,2.6,,No builder lean,none,,,0,,10.0,10.0,2.0,H,A,0.1322,all A very_long 8%+,23,1.0596
2025-11-23,11:30,2526,I1,Serie A,Verona,Parma,A,No external context supplied,,W L W W D,L W L L D,0.0,0.0,0.5,0.5,1.0,1.0,0.0,0.0,0.0,0.0,0.5097,0.2538,0.2364,2.3,3.13,3.59,1.96,3.94,4.23,2.18,4.91,5.36,0.4843,2.48,2.06,2.6,0.85,1.1,1.95,0.382,0.5803,0.134,4.8,3.3,8.1,7.4,6.2,home_4_sot|total_3_cards,Verona 4+ SOT + 3+ cards,lean,Verona 4+ SOT:lost | 3+ cards:won,1,2,partial,9.0,8.0,7.0,H,,,,,
2025-11-23,15:15,2526,SP1,La Liga,Betis,Girona,D,No external context supplied,,W D L D W,L D W D L,0.0,0.0,0.5,0.5,1.0,1.0,0.0,0.0,0.0,0.0,0.5003,0.3112,0.1885,1.55,4.67,5.58,2.0,3.21,5.31,2.22,3.83,7.22,0.55,1.6,1.82,2.22,1.65,1.1,2.75,0.539,0.7603,0.297,5.0,3.7,8.7,10.7,5.6,over_15_goals|home_4_sot|total_8_corners|total_3_cards,Over 1.5 goals + Betis 4+ SOT + 8+ corners + 3+ cards,strong,Over 1.5 goals:won | Betis 4+ SOT:won | 8+ corners:won | 3+ cards:won,4,4,won,11.0,8.0,9.0,H,,,,,
2025-11-23,20:00,2526,SP1,La Liga,Elche,Real Madrid,D,No external context supplied,,L L D L L,W W D W W,0.0,1.0,0.5,0.5,1.0,1.0,0.0,0.0,0.0,0.0,0.1447,0.1551,0.7002,7.23,5.4,1.4,6.91,6.45,1.43,10.57,9.51,1.54,0.7791,1.47,1.28,1.47,1.05,1.7,2.75,0.5313,0.7603,0.297,3.0,6.6,9.6,9.1,4.4,over_15_goals|away_4_sot|total_3_cards,Over 1.5 goals + Real Madrid 4+ SOT + 3+ cards,strong,Over 1.5 goals:won | Real Madrid 4+ SOT:won | 3+ cards:won,3,3,won,13.0,10.0,6.0,A,,,,,
2025-11-23,17:30,2526,SP1,La Liga,Getafe,Ath Madrid,A,No external context supplied,,D D L L W,D D W W L,0.0,0.0,0.5,0.5,1.0,1.0,0.0,0.0,0.0,0.0,0.176,0.2508,0.5731,5.33,3.6,1.75,5.68,3.99,1.74,7.93,4.98,1.91,0.5061,2.52,1.98,2.46,0.8,1.75,2.55,0.455,0.7228,0.2532,2.9,5.5,8.4,10.4,5.6,over_15_goals|away_4_sot|total_8_corners|total_3_cards,Over 1.5 goals + Ath Madrid 4+ SOT + 8+ corners + 3+ cards,strong,Over 1.5 goals:lost | Ath Madrid 4+ SOT:won | 8+ corners:won | 3+ cards:won,3,4,partial,7.0,13.0,5.0,A,,,,,
2025-11-23,13:00,2526,SP1,La Liga,Oviedo,Vallecano,D,No external context supplied,,No recent H2H,No recent H2H,0.0,0.0,0.5,0.5,1.0,1.0,0.0,0.0,0.0,0.0,0.3035,0.2712,0.4253,3.5,3.31,2.25,3.3,3.69,2.35,3.94,4.52,2.66,0.4679,2.2,2.14,2.72,0.95,1.2,2.15,0.4285,0.6331,0.1709,3.6,5.0,8.6,11.2,3.8,away_4_sot|total_8_corners,Vallecano 4+ SOT + 8+ corners,lean,Vallecano 4+ SOT:lost | 8+ corners:won,1,2,partial,6.0,11.0,7.0,A,,,,,
2025-11-24,20:00,2526,E0,Premier League,Man United,Everton,A,No external context supplied,"Weather: rain 1.0mm, gusts 36.0km/h, snow 0.0cm",W W W W D,L L L L D,0.0,0.0,0.5,0.5,1.0,1.0,0.0,0.0,0.0,0.0,0.4662,0.2469,0.2869,1.8,3.76,4.68,2.15,4.05,3.49,2.4,5.08,4.22,0.5412,1.74,1.85,2.27,1.55,1.45,3.0,0.603,0.8009,0.3528,5.4,3.8,9.2,10.0,3.4,over_15_goals|btts_yes|home_4_sot|total_8_corners,Over 1.5 goals + BTTS yes + Man United 4+ SOT + 8+ corners,strong,Over 1.5 goals:lost | BTTS yes:lost | Man United 4+ SOT:won | 8+ corners:won,2,4,partial,7.0,10.0,4.0,H,,,,,
2025-11-24,19:45,2526,I1,Serie A,Sassuolo,Pisa,D,No external context supplied,,No recent H2H,No recent H2H,0.0,0.0,0.5,0.5,1.0,1.0,0.0,0.0,0.0,0.0,0.5065,0.268,0.2256,2.1,3.24,4.01,1.97,3.73,4.43,2.19,4.59,5.7,0.4417,2.22,2.26,2.93,1.35,0.85,2.2,0.4241,0.6454,0.1806,3.7,3.1,6.8,8.8,5.2,total_3_cards,3+ cards,lean,3+ cards:won,1,1,won,10.0,7.0,3.0,H,,,,,
2025-11-24,17:30,2526,I1,Serie A,Torino,Como,A,No external context supplied,,W L,L W,0.0,0.0,0.5,0.5,1.0,1.0,0.0,0.0,0.0,0.0,0.2297,0.2725,0.4977,3.52,3.24,2.27,4.35,3.67,2.01,5.56,4.49,2.23,0.3908,2.26,2.56,3.44,0.8,1.05,1.85,0.358,0.5519,0.1169,4.1,4.0,8.1,7.5,3.8,,No builder lean,none,,,0,,9.0,7.0,1.0,A,,,,,
2025-11-24,20:00,2526,SP1,La Liga,Espanol,Sevilla,H,No external context supplied,,D L L L D,D W W W D,0.0,0.0,0.5,0.5,1.0,1.0,0.0,0.0,0.0,0.0,0.463,0.277,0.26,2.08,3.38,3.89,2.16,3.61,3.85,2.42,4.41,4.76,0.5221,2.06,1.92,2.37,1.25,1.35,2.6,0.5285,0.7326,0.264,5.3,3.4,8.7,10.0,5.8,over_15_goals|home_4_sot|total_8_corners|total_3_cards,Over 1.5 goals + Espanol 4+ SOT + 8+ corners + 3+ cards,strong,Over 1.5 goals:won | Espanol 4+ SOT:won | 8+ corners:won | 3+ cards:won,4,4,won,11.0,17.0,5.0,H,,,,,
2025-11-28,19:30,2526,D1,Bundesliga,M'gladbach,RB Leipzig,D,No external context supplied,,L L L D W,W W W D L,0.0,0.0,0.5,0.5,1.0,1.0,0.0,0.0,0.0,0.0,0.4113,0.3044,0.2843,2.92,3.91,2.32,2.43,3.29,3.52,2.77,3.93,4.27,0.5672,1.42,1.76,2.14,1.15,2.05,3.2,0.5954,0.8288,0.3975,4.0,6.6,10.6,10.0,3.0,over_15_goals|btts_yes|away_4_sot|total_8_corners,Over 1.5 goals + BTTS yes + RB Leipzig 4+ SOT + 8+ corners,strong,Over 1.5 goals:lost | BTTS yes:lost | RB Leipzig 4+ SOT:won | 8+ corners:won,2,4,partial,5.0,11.0,3.0,H,,,,,
2025-11-28,19:45,2526,F1,Ligue 1,Metz,Rennes,A,No external context supplied,,L L L L L,W W W W W,0.0,0.0,0.5,0.5,1.0,1.0,0.0,0.0,0.0,0.0,0.2527,0.2836,0.4637,4.0,3.97,1.89,3.96,3.53,2.16,4.93,4.28,2.42,0.6088,1.66,1.64,1.97,1.25,2.2,3.45,0.6344,0.8587,0.4525,3.9,5.9,9.8,11.3,5.2,over_15_goals|btts_yes|away_4_sot|total_8_corners|total_3_cards,Over 1.5 goals + BTTS yes + Rennes 4+ SOT + 8+ corners,strong,Over 1.5 goals:lost | BTTS yes:lost | Rennes 4+ SOT:lost | 8+ corners:won | 3+ cards:lost,1,5,partial,7.0,9.0,0.0,A,,,,,
2025-11-28,19:45,2526,I1,Serie A,Como,Sassuolo,H,No external context supplied,,No recent H2H,No recent H2H,0.0,0.0,0.5,0.5,1.0,1.0,0.0,0.0,0.0,0.0,0.5594,0.2644,0.1763,1.76,3.79,5.06,1.79,3.78,5.67,1.96,4.67,7.92,0.5082,1.89,1.97,2.45,1.2,1.0,2.2,0.4417,0.6454,0.1806,4.1,4.4,8.5,8.0,4.0,away_4_sot,Sassuolo 4+ SOT,lean,Sassuolo 4+ SOT:won,1,1,won,18.0,8.0,3.0,H,,,,,
2025-11-28,20:00,2526,SP1,La Liga,Getafe,Elche,H,No external context supplied,,D L L W D,D W W L D,0.0,0.0,0.5,0.5,1.0,1.0,0.0,0.0,0.0,0.0,0.4356,0.2798,0.2846,2.26,2.97,4.0,2.3,3.57,3.51,2.59,4.35,4.26,0.2795,2.79,3.58,5.57,1.1,1.1,2.2,0.4451,0.6454,0.1806,3.7,4.9,8.6,8.7,5.6,away_4_sot|total_3_cards,Elche 4+ SOT + 3+ cards,lean,Elche 4+ SOT:won | 3+ cards:won,2,2,won,10.0,8.0,4.0,H,,,,,
2025-11-29,14:30,2526,D1,Bundesliga,Bayern Munich,St Pauli,H,No external context supplied,,W W,L L,1.0,0.0,0.5,0.5,1.0,1.0,0.0,0.0,0.0,0.0,0.8125,0.1235,0.064,1.1,10.2,29.77,1.23,8.1,15.62,1.31,13.6,71.31,0.6569,1.24,1.52,1.8,2.65,0.7,3.35,0.4678,0.8474,0.4307,6.3,2.0,8.3,10.0,3.8,over_15_goals|home_4_sot|total_8_corners,Over 1.5 goals + Bayern Munich 4+ SOT + 8+ corners,strong,Over 1.5 goals:won | Bayern Munich 4+ SOT:won | 8+ corners:won,3,3,won,5.0,12.0,2.0,H,,,,,
2025-11-29,14:30,2526,D1,Bundesliga,Hoffenheim,Augsburg,H,No external context supplied,,L D W D D,W D L D D,0.0,0.0,0.5,0.5,1.0,1.0,0.0,0.0,0.0,0.0,0.5257,0.2595,0.2148,1.68,4.5,4.6,1.9,3.85,4.66,2.1,4.77,6.07,0.578,1.53,1.73,2.09,2.15,1.4,3.55,0.6656,0.8693,0.4741,4.8,3.8,8.6,8.7,5.4,over_15_goals|btts_yes|home_4_sot|total_3_cards,Over 1.5 goals + BTTS yes + Hoffenheim 4+ SOT + 3+ cards,strong,Over 1.5 goals:won | BTTS yes:lost | Hoffenheim 4+ SOT:lost | 3+ cards:lost,1,4,partial,7.0,9.0,1.0,H,,,,,
2025-11-29,17:30,2526,D1,Bundesliga,Leverkusen,Dortmund,A,No external context supplied,,L D D W L,W D D L W,0.0,0.0,0.5,0.5,1.0,1.0,0.0,0.0,0.0,0.0,0.2944,0.2206,0.485,2.54,3.77,2.67,3.4,4.53,2.06,4.09,5.86,2.3,0.5661,1.56,1.77,2.15,1.65,1.45,3.1,0.6184,0.8153,0.3752,4.3,3.9,8.2,9.3,3.0,over_15_goals|btts_yes|home_4_sot,Over 1.5 goals + BTTS yes + Leverkusen 4+ SOT,strong,Over 1.5 goals:won | BTTS yes:won | Leverkusen 4+ SOT:won,3,3,won,8.0,13.0,7.0,A,,,,,
2025-11-29,14:30,2526,D1,Bundesliga,Union Berlin,Heidenheim,A,No external context supplied,,L D L L,W D W W,0.0,0.0,0.5,0.5,1.0,1.0,0.0,0.0,0.0,0.0,0.6711,0.1626,0.1663,1.66,4.05,5.34,1.49,6.15,6.01,1.61,8.88,8.6,0.5261,1.85,1.9,2.35,1.75,1.15,2.9,0.5646,0.7854,0.3304,4.4,3.6,8.0,11.1,3.8,over_15_goals|btts_yes|home_4_sot|total_8_corners,Over 1.5 goals + BTTS yes + Union Berlin 4+ SOT + 8+ corners,strong,Over 1.5 goals:won | BTTS yes:won | Union Berlin 4+ SOT:lost | 8+ corners:won,3,4,partial,4.0,10.0,5.0,H,,,,,
2025-11-29,14:30,2526,D1,Bundesliga,Werder Bremen,FC Koln,D,No external context supplied,,D L D W W,D W D L L,0.0,0.0,0.5,0.5,1.0,1.0,0.0,0.0,0.0,0.0,0.431,0.2658,0.3032,2.28,3.9,2.96,2.32,3.76,3.3,2.62,4.63,3.95,0.5211,1.52,1.92,2.37,1.65,1.75,3.4,0.6675,0.8532,0.4416,5.2,5.7,10.9,10.8,4.4,over_15_goals|btts_yes|home_4_sot|total_8_corners|total_3_cards,Over 1.5 goals + BTTS yes + Werder Bremen 4+ SOT + 8+ corners,strong,Over 1.5 goals:won | BTTS yes:won | Werder Bremen 4+ SOT:won | 8+ corners:lost | 3+ cards:won,4,5,partial,6.0,4.0,8.0,H,,,,,
2025-11-29,15:00,2526,E0,Premier League,Brentford,Burnley,H,No external context supplied,"Weather: rain 4.3mm, gusts 58.0km/h, snow 0.0cm",L W W L,W L L W,0.0,0.0,0.5,0.5,1.0,1.0,0.0,0.0,0.0,0.0,0.6504,0.2182,0.1313,1.47,4.72,6.95,1.54,4.58,7.61,1.67,5.94,12.29,0.4843,1.78,2.06,2.6,1.85,1.4,3.25,0.6349,0.8352,0.4086,5.8,3.3,9.1,9.7,3.8,over_15_goals|btts_yes|home_4_sot|total_8_corners,Over 1.5 goals + BTTS yes + Brentford 4+ SOT + 8+ corners,strong,Over 1.5 goals:won | BTTS yes:won | Brentford 4+ SOT:won | 8+ corners:won,4,4,won,6.0,11.0,2.0,H,,,,,
2025-11-29,17:30,2526,E0,Premier League,Everton,Newcastle,A,No external context supplied,"Weather: rain 4.8mm, gusts 48.6km/h, snow 0.1cm",L W D D W,W L D D L,0.0,0.0,0.5,0.5,1.0,1.0,0.0,0.0,0.0,0.0,0.3627,0.3068,0.3305,2.79,3.38,2.64,2.76,3.26,3.03,3.2,3.89,3.57,0.4642,1.96,2.15,2.75,1.15,1.15,2.3,0.467,0.6691,0.2007,4.1,4.4,8.5,11.2,3.0,away_4_sot|total_8_corners,Newcastle 4+ SOT + 8+ corners,lean,Newcastle 4+ SOT:won | 8+ corners:won,2,2,won,10.0,15.0,0.0,H,,,,,
2025-11-29,15:00,2526,E0,Premier League,Man City,Leeds,H,No external context supplied,"Weather: rain 8.7mm, gusts 29.5km/h, snow 0.2cm",L W W W W,W L L L L,1.0,0.0,0.5,0.5,1.0,1.0,0.0,0.0,0.0,0.0,0.6639,0.178,0.1581,1.25,6.77,10.58,1.51,5.62,6.32,1.63,7.81,9.25,0.6157,1.52,1.62,1.94,1.85,0.9,2.75,0.5001,0.7603,0.297,5.1,3.4,8.5,10.7,4.4,over_15_goals|home_4_sot|total_8_corners|total_3_cards,Over 1.5 goals + Man City 4+ SOT + 8+ corners + 3+ cards,strong,Over 1.5 goals:won | Man City 4+ SOT:won | 8+ corners:won | 3+ cards:won,4,4,won,13.0,9.0,5.0,H,,,,,
2025-11-29,15:00,2526,E0,Premier League,Sunderland,Bournemouth,H,No external context supplied,"Weather: rain 10.1mm, gusts 64.8km/h, snow 0.0cm",No recent H2H,No recent H2H,0.0,0.0,0.5,0.5,1.0,1.0,0.0,0.0,0.0,0.0,0.2518,0.2447,0.5035,3.14,3.4,2.38,3.97,4.09,1.99,4.95,5.14,2.21,0.5067,1.96,1.97,2.46,1.35,1.25,2.6,0.5285,0.7326,0.264,4.2,5.4,9.6,9.6,4.6,over_15_goals|home_4_sot|total_8_corners|total_3_cards,Over 1.5 goals + Sunderland 4+ SOT + 8+ corners + 3+ cards,strong,Over 1.5 goals:won | Sunderland 4+ SOT:won | 8+ corners:won | 3+ cards:won,4,4,won,12.0,9.0,12.0,A,,,,,
2025-11-29,20:00,2526,E0,Premier League,Tottenham,Fulham,A,No external context supplied,"Weather: rain 4.5mm, gusts 56.2km/h, snow 0.0cm",W W L D L,L L W D W,0.0,0.0,0.5,0.5,1.0,1.0,0.0,0.0,0.0,0.0,0.4312,0.2457,0.3231,2.3,3.31,3.38,2.32,4.07,3.1,2.62,5.11,3.66,0.5306,1.87,1.88,2.32,1.45,1.25,2.7,0.5461,0.7513,0.2859,3.5,4.4,7.9,11.0,4.4,over_15_goals|btts_yes|away_4_sot|total_8_corners|total_3_cards,Over 1.5 goals + BTTS yes + Fulham 4+ SOT + 8+ corners,strong,Over 1.5 goals:won | BTTS yes:won | Fulham 4+ SOT:lost | 8+ corners:won | 3+ cards:won,4,5,partial,5.0,10.0,5.0,H,,,,,
2025-11-29,20:05,2526,F1,Ligue 1,Marseille,Toulouse,D,No external context supplied,,W D D W W,L D D L L,0.0,0.0,0.5,0.5,1.0,1.0,0.0,0.0,0.0,0.0,0.4599,0.2652,0.2749,1.62,4.17,5.51,2.17,3.77,3.64,2.44,4.65,4.45,0.5899,1.78,1.7,2.04,1.95,1.0,2.95,0.5422,0.7933,0.3416,4.6,4.0,8.6,10.0,4.8,over_15_goals|btts_yes|home_4_sot|total_8_corners|total_3_cards,Over 1.5 goals + BTTS yes + Marseille 4+ SOT + 8+ corners,strong,Over 1.5 goals:won | BTTS yes:won | Marseille 4+ SOT:won | 8+ corners:won | 3+ cards:won,5,5,won,9.0,10.0,3.0,H,,,,,
2025-11-29,16:00,2526,F1,Ligue 1,Monaco,Paris SG,H,No external context supplied,,W L D L L,L W D W W,0.0,1.0,0.5,0.5,1.0,1.0,0.0,0.0,0.0,0.0,0.2448,0.2509,0.5043,5.1,4.59,1.6,4.08,3.99,1.98,5.13,4.98,2.2,0.5831,1.41,1.72,2.07,1.35,2.0,3.35,0.6405,0.8474,0.4307,3.6,6.8,10.4,8.4,5.4,over_15_goals|btts_yes|away_4_sot|total_3_cards,Over 1.5 goals + BTTS yes + Paris SG 4+ SOT + 3+ cards,strong,Over 1.5 goals:lost | BTTS yes:lost | Paris SG 4+ SOT:won | 3+ cards:won,2,4,partial,9.0,8.0,6.0,A,,,,,
2025-11-29,18:00,2526,F1,Ligue 1,Paris FC,Auxerre,D,No external context supplied,,No recent H2H,No recent H2H,0.0,0.0,0.5,0.5,1.0,1.0,0.0,0.0,0.0,0.0,0.5037,0.2657,0.2307,1.82,3.81,4.49,1.99,3.76,4.34,2.2,4.64,5.53,0.5341,1.81,1.87,2.3,1.5,1.1,2.6,0.5183,0.7326,0.264,4.1,3.9,8.0,10.6,6.0,over_15_goals|total_8_corners|total_3_cards,Over 1.5 goals + 8+ corners + 3+ cards,strong,Over 1.5 goals:won | 8+ corners:lost | 3+ cards:won,2,3,partial,5.0,7.0,3.0,H,,,,,
2025-11-29,14:00,2526,I1,Serie A,Genoa,Verona,H,No external context supplied,,L W W L D,W L L W D,0.0,0.0,0.5,0.5,1.0,1.0,0.0,0.0,0.0,0.0,0.4386,0.3391,0.2223,2.08,3.08,4.38,2.28,2.95,4.5,2.57,3.46,5.8,0.3565,2.69,2.8,3.9,1.2,1.2,2.4,0.4883,0.6916,0.2213,5.0,4.3,9.3,8.6,6.4,home_4_sot|total_3_cards,Genoa 4+ SOT + 3+ cards,lean,Genoa 4+ SOT:won | 3+ cards:won,2,2,won,9.0,5.0,4.0,H,,,,,
2025-11-29,17:00,2526,I1,Serie A,Juventus,Cagliari,H,No external context supplied,,W W D D W,L L D D L,0.0,0.0,0.5,0.5,1.0,1.0,0.0,0.0,0.0,0.0,0.626,0.2597,0.1143,1.33,5.44,9.97,1.6,3.85,8.75,1.74,4.77,15.56,0.5353,1.91,1.87,2.3,1.35,1.1,2.45,0.4942,0.7023,0.2318,5.8,2.8,8.6,9.0,4.6,home_4_sot|total_3_cards,Juventus 4+ SOT + 3+ cards,lean,Juventus 4+ SOT:won | 3+ cards:won,2,2,won,9.0,7.0,6.0,H,,,,,
2025-11-29,19:45,2526,I1,Serie A,Milan,Lazio,H,No external context supplied,,W W W D L,L L L D W,0.0,0.0,0.5,0.5,1.0,1.0,0.0,0.0,0.0,0.0,0.5139,0.283,0.2032,1.63,4.03,5.67,1.95,3.53,4.92,2.16,4.29,6.53,0.4924,2.1,2.03,2.55,1.1,0.9,2.0,0.3959,0.594,0.1429,4.0,4.7,8.7,9.0,2.8,away_4_sot,Lazio 4+ SOT,lean,Lazio 4+ SOT:won,1,1,won,8.0,5.0,6.0,H,,,,,
2025-11-29,14:00,2526,I1,Serie A,Parma,Udinese,A,No external context supplied,,W L D L L,L W D W W,0.0,0.0,0.5,0.5,1.0,1.0,0.0,0.0,0.0,0.0,0.314,0.3152,0.3708,2.77,3.12,2.85,3.18,3.17,2.7,3.79,3.77,3.12,0.4383,2.25,2.28,2.96,1.3,1.05,2.35,0.4729,0.6805,0.2109,4.3,3.9,8.2,8.8,4.0,home_4_sot,Parma 4+ SOT,lean,Parma 4+ SOT:lost,0,1,lost,7.0,14.0,7.0,A,,,,,
2025-11-29,20:00,2526,SP1,La Liga,Ath Madrid,Oviedo,H,No external context supplied,,No recent H2H,No recent H2H,0.0,0.0,0.5,0.5,1.0,1.0,0.0,0.0,0.0,0.0,0.6938,0.2026,0.1035,1.23,6.19,15.28,1.44,4.93,9.66,1.55,6.55,18.68,0.5218,1.66,1.92,2.37,1.85,0.65,2.5,0.4028,0.7127,0.2424,6.6,2.9,9.5,11.5,4.0,home_4_sot|total_8_corners,Ath Madrid 4+ SOT + 8+ corners,lean,Ath Madrid 4+ SOT:won | 8+ corners:won,2,2,won,9.0,9.0,1.0,H,,,,,
2025-11-29,15:15,2526,SP1,La Liga,Barcelona,Alaves,H,No external context supplied,,W W W W W,L L L L L,1.0,0.0,0.5,0.5,1.0,1.0,0.0,0.0,0.0,0.0,0.6445,0.2284,0.1271,1.19,7.57,13.71,1.55,4.38,7.87,1.68,5.61,12.97,0.5808,1.35,1.72,2.08,1.9,1.0,2.9,0.5376,0.7854,0.3304,5.1,3.8,8.9,9.9,6.0,over_15_goals|home_4_sot|total_8_corners|total_3_cards,Over 1.5 goals + Barcelona 4+ SOT + 8+ corners + 3+ cards,strong,Over 1.5 goals:won | Barcelona 4+ SOT:won | 8+ corners:won | 3+ cards:won,4,4,won,8.0,9.0,5.0,H,,,,,
2025-11-29,17:30,2526,SP1,La Liga,Levante,Ath Bilbao,A,No external context supplied,,L L D D L,W W D D W,0.0,0.0,0.5,0.5,1.0,1.0,0.0,0.0,0.0,0.0,0.2397,0.2422,0.5181,3.52,3.45,2.17,4.17,4.13,1.93,5.27,5.2,2.14,0.4739,2.07,2.11,2.67,1.35,1.15,2.5,0.5062,0.7127,0.2424,3.8,4.6,8.4,10.9,4.4,away_4_sot|total_8_corners|total_3_cards,Ath Bilbao 4+ SOT + 8+ corners + 3+ cards,strong,Ath Bilbao 4+ SOT:won | 8+ corners:lost | 3+ cards:won,2,3,partial,8.0,6.0,5.0,A,,,,,
2025-11-29,13:00,2526,SP1,La Liga,Mallorca,Osasuna,D,No external context supplied,,D W D L D,D L D W D,0.0,0.0,0.5,0.5,1.0,1.0,0.0,0.0,0.0,0.0,0.3685,0.2952,0.3363,2.38,3.09,3.45,2.71,3.39,2.97,3.14,4.08,3.49,0.4843,2.43,2.06,2.6,1.25,1.15,2.4,0.4876,0.6916,0.2213,4.7,4.8,9.5,8.5,4.8,home_4_sot|total_3_cards,Mallorca 4+ SOT + 3+ cards,lean,Mallorca 4+ SOT:won | 3+ cards:won,2,2,won,6.0,10.0,7.0,H,,,,,
2025-11-30,16:30,2526,D1,Bundesliga,Ein Frankfurt,Wolfsburg,D,No external context supplied,,D L D W D,D W D L D,0.0,0.0,0.5,0.5,1.0,1.0,0.0,0.0,0.0,0.0,0.4705,0.2737,0.2559,1.75,4.28,4.33,2.13,3.65,3.91,2.38,4.47,4.86,0.5752,1.46,1.74,2.1,2.15,1.55,3.7,0.696,0.8838,0.5058,5.0,4.0,9.0,8.4,2.6,over_15_goals|btts_yes|home_4_sot,Over 1.5 goals + BTTS yes + Ein Frankfurt 4+ SOT,strong,Over 1.5 goals:won | BTTS yes:won | Ein Frankfurt 4+ SOT:lost,2,3,partial,6.0,15.0,5.0,H,,,,,
2025-11-30,18:30,2526,D1,Bundesliga,Freiburg,Mainz,H,No external context supplied,,D W D D D,D L D D D,0.0,0.0,0.5,0.5,1.0,1.0,0.0,0.0,0.0,0.0,0.5119,0.26,0.228,1.93,3.55,4.27,1.95,3.85,4.39,2.16,4.76,5.62,0.537,1.95,1.86,2.29,1.6,1.4,3.0,0.6013,0.8009,0.3528,4.6,3.3,7.9,7.6,5.4,over_15_goals|btts_yes|home_4_sot|total_3_cards,Over 1.5 goals + BTTS yes + Freiburg 4+ SOT + 3+ cards,strong,Over 1.5 goals:won | BTTS yes:lost | Freiburg 4+ SOT:won | 3+ cards:won,3,4,partial,11.0,8.0,4.0,H,,,,,
2025-11-30,14:30,2526,D1,Bundesliga,Hamburg,Stuttgart,H,No external context supplied,,W D,L D,0.0,0.0,0.5,0.5,1.0,1.0,0.0,0.0,0.0,0.0,0.341,0.3636,0.2954,3.17,3.76,2.21,2.93,2.75,3.38,3.44,3.19,4.07,0.4784,1.53,2.09,2.64,1.1,1.8,2.9,0.5569,0.7854,0.3304,4.9,5.4,10.3,8.7,5.2,over_15_goals|btts_yes|home_4_sot|total_3_cards,Over 1.5 goals + BTTS yes + Hamburg 4+ SOT + 3+ cards,strong,Over 1.5 goals:won | BTTS yes:won | Hamburg 4+ SOT:lost | 3+ cards:won,3,4,partial,5.0,10.0,8.0,D,,,,,
2025-11-30,14:05,2526,E0,Premier League,Aston Villa,Wolves,H,No external context supplied,"Weather: rain 0.3mm, gusts 41.4km/h, snow 0.0cm",L D W W L,W D L L W,0.0,0.0,0.5,0.5,1.0,1.0,0.0,0.0,0.0,0.0,0.626,0.2475,0.1265,1.48,4.76,6.56,1.6,4.04,7.91,1.74,5.06,13.08,0.4695,1.78,2.13,2.71,1.85,0.85,2.7,0.4826,0.7513,0.2859,4.6,3.3,7.9,8.9,3.4,over_15_goals|home_4_sot,Over 1.5 goals + Aston Villa 4+ SOT,lean,Over 1.5 goals:lost | Aston Villa 4+ SOT:won,1,2,partial,10.0,10.0,4.0,H,,,,,
2025-11-30,16:30,2526,E0,Premier League,Chelsea,Arsenal,D,No external context supplied,"Weather: rain 0.0mm, gusts 30.2km/h, snow 0.0cm",L D L D L,W D W D W,0.0,0.0,0.5,0.5,1.0,1.0,0.0,0.0,0.0,0.0,0.2056,0.2763,0.5181,3.47,3.33,2.25,4.86,3.62,1.93,6.43,4.42,2.14,0.4954,1.92,2.02,2.53,1.2,1.4,2.6,0.5265,0.7326,0.264,4.0,4.0,8.0,8.8,2.8,over_15_goals,Over 1.5 goals,lean,Over 1.5 goals:won,1,1,won,8.0,6.0,9.0,A,,,,,
2025-11-30,12:00,2526,E0,Premier League,Crystal Palace,Man United,A,No external context supplied,"Weather: rain 0.0mm, gusts 32.0km/h, snow 0.0cm",L W W D W,W L L D L,0.0,0.0,0.5,0.5,1.0,1.0,0.0,0.0,0.0,0.0,0.4259,0.2622,0.3119,2.29,3.62,3.11,2.35,3.81,3.21,2.66,4.71,3.82,0.5504,1.71,1.82,2.22,1.6,1.3,2.9,0.5806,0.7854,0.3304,3.5,4.2,7.7,9.7,2.6,over_15_goals|btts_yes|total_8_corners,Over 1.5 goals + BTTS yes + 8+ corners,strong,Over 1.5 goals:won | BTTS yes:won | 8+ corners:won,3,3,won,9.0,8.0,5.0,H,,,,,
2025-11-30,14:05,2526,E0,Premier League,Nott'm Forest,Brighton,A,No external context supplied,"Weather: rain 1.3mm, gusts 43.9km/h, snow 0.0cm",W L L D W,L W W D L,0.0,0.0,0.5,0.5,1.0,1.0,0.0,0.0,0.0,0.0,0.2891,0.282,0.4289,2.81,3.46,2.58,3.46,3.55,2.33,4.18,4.31,2.64,0.5097,1.88,1.96,2.44,1.1,1.8,2.9,0.5569,0.7854,0.3304,4.2,5.0,9.2,10.7,3.2,over_15_goals|btts_yes|home_4_sot|total_8_corners,Over 1.5 goals + BTTS yes + Nott'm Forest 4+ SOT + 8+ corners,strong,Over 1.5 goals:won | BTTS yes:lost | Nott'm Forest 4+ SOT:lost | 8+ corners:won,2,4,partial,9.0,11.0,1.0,A,,,,,
2025-11-30,14:05,2526,E0,Premier League,West Ham,Liverpool,A,No external context supplied,"Weather: rain 0.0mm, gusts 35.3km/h, snow 0.0cm",L L D L L,W W D W W,0.0,1.0,0.5,0.5,1.0,1.0,0.0,0.0,0.0,0.0,0.2244,0.2227,0.5529,4.45,4.22,1.74,4.46,4.49,1.81,5.73,5.79,1.99,0.5752,1.51,1.74,2.1,1.5,1.4,2.9,0.5853,0.7854,0.3304,4.9,5.3,10.2,11.3,3.8,over_15_goals|btts_yes|home_4_sot|total_8_corners,Over 1.5 goals + BTTS yes + West Ham 4+ SOT + 8+ corners,strong,Over 1.5 goals:won | BTTS yes:lost | West Ham 4+ SOT:lost | 8+ corners:won,2,4,partial,5.0,9.0,3.0,A,,,,,
2025-11-30,16:15,2526,F1,Ligue 1,Angers,Lens,A,No external context supplied,,L L L L L,W W W W W,0.0,0.0,0.5,0.5,1.0,1.0,0.0,0.0,0.0,0.0,0.2239,0.3349,0.4412,4.78,3.88,1.76,4.47,2.99,2.27,5.75,3.51,2.56,0.4954,1.8,2.02,2.53,0.85,1.5,2.35,0.4448,0.6805,0.2109,3.8,5.5,9.3,8.7,4.0,away_4_sot,Lens 4+ SOT,lean,Lens 4+ SOT:won,1,1,won,11.0,10.0,2.0,A,,,,,
2025-11-30,16:15,2526,F1,Ligue 1,Le Havre,Lille,A,No external context supplied,,L L L W,W W W L,0.0,0.0,0.5,0.5,1.0,1.0,0.0,0.0,0.0,0.0,0.1968,0.2543,0.5489,4.31,3.7,1.88,5.08,3.93,1.82,6.81,4.9,2.0,0.5661,1.88,1.77,2.15,1.05,1.5,2.55,0.505,0.7228,0.2532,3.2,5.4,8.6,11.6,4.4,over_15_goals|away_4_sot|total_8_corners|total_3_cards,Over 1.5 goals + Lille 4+ SOT + 8+ corners + 3+ cards,strong,Over 1.5 goals:lost | Lille 4+ SOT:lost | 8+ corners:won | 3+ cards:won,2,4,partial,9.0,8.0,6.0,A,,,,,
2025-11-30,16:15,2526,F1,Ligue 1,Lorient,Nice,H,No external context supplied,,L L D D L,W W D D W,0.0,0.0,0.5,0.5,1.0,1.0,0.0,0.0,0.0,0.0,0.4051,0.2853,0.3096,2.45,3.38,3.03,2.47,3.5,3.23,2.82,4.25,3.85,0.5297,1.82,1.89,2.33,1.4,1.65,3.05,0.6087,0.8082,0.364,4.4,4.1,8.5,10.0,3.0,over_15_goals|btts_yes|home_4_sot|total_8_corners,Over 1.5 goals + BTTS yes + Lorient 4+ SOT + 8+ corners,strong,Over 1.5 goals:won | BTTS yes:won | Lorient 4+ SOT:won | 8+ corners:won,4,4,won,9.0,10.0,3.0,H,,,,,
2025-11-30,19:45,2526,F1,Ligue 1,Lyon,Nantes,H,No external context supplied,,D W W W D,D L L L D,0.0,0.0,0.5,0.5,1.0,1.0,0.0,0.0,0.0,0.0,0.6458,0.2192,0.1349,1.45,4.83,7.17,1.55,4.56,7.41,1.68,5.91,11.77,0.5893,1.69,1.7,2.04,1.5,1.3,2.8,0.5651,0.7689,0.3081,4.2,3.2,7.4,9.4,5.2,over_15_goals|btts_yes|home_4_sot|total_3_cards,Over 1.5 goals + BTTS yes + Lyon 4+ SOT + 3+ cards,strong,Over 1.5 goals:won | BTTS yes:lost | Lyon 4+ SOT:won | 3+ cards:won,3,4,partial,10.0,7.0,5.0,H,,,,,
2025-11-30,14:00,2526,F1,Ligue 1,Strasbourg,Brest,A,No external context supplied,,L D L L D,W D W W D,0.0,0.0,0.5,0.5,1.0,1.0,0.0,0.0,0.0,0.0,0.4259,0.2668,0.3073,1.83,3.83,4.4,2.35,3.75,3.25,2.66,4.61,3.89,0.55,1.72,1.82,2.22,1.75,1.35,3.1,0.612,0.8153,0.3752,3.9,3.5,7.4,7.8,5.0,over_15_goals|btts_yes|total_3_cards,Over 1.5 goals + BTTS yes + 3+ cards,strong,Over 1.5 goals:won | BTTS yes:won | 3+ cards:won,3,3,won,10.0,5.0,3.0,H,,,,,
2025-11-30,17:00,2526,I1,Serie A,Atalanta,Fiorentina,H,No external context supplied,,D L L W L,D W W L W,0.0,0.0,0.5,0.5,1.0,1.0,0.0,0.0,0.0,0.0,0.515,0.238,0.2471,1.74,3.9,4.91,1.94,4.2,4.05,2.15,5.32,5.07,0.5297,1.85,1.89,2.33,1.5,1.05,2.55,0.505,0.7228,0.2532,3.9,3.9,7.8,9.9,4.6,over_15_goals|total_8_corners|total_3_cards,Over 1.5 goals + 8+ corners + 3+ cards,strong,Over 1.5 goals:won | 8+ corners:won | 3+ cards:won,3,3,won,12.0,9.0,4.0,H,,,,,
2025-11-30,11:30,2526,I1,Serie A,Lecce,Torino,H,No external context supplied,,L L L D W,W W W D L,0.0,0.0,0.5,0.5,1.0,1.0,0.0,0.0,0.0,0.0,0.2668,0.2832,0.45,3.08,2.99,2.67,3.75,3.53,2.22,4.61,4.29,2.5,0.3908,2.59,2.56,3.44,1.2,1.25,2.45,0.4986,0.7023,0.2318,3.7,3.8,7.5,8.5,3.0,,No builder lean,none,,,0,,8.0,12.0,5.0,A,,,,,
2025-11-30,14:00,2526,I1,Serie A,Pisa,Inter,A,No external context supplied,,No recent H2H,No recent H2H,0.0,1.0,0.5,0.5,1.0,1.0,0.0,0.0,0.0,0.0,0.1381,0.1276,0.7343,9.18,5.73,1.32,7.24,7.84,1.36,11.35,12.88,1.46,0.5211,1.72,1.92,2.37,1.0,1.7,2.7,0.5166,0.7513,0.2859,3.1,5.2,8.3,7.8,3.6,over_15_goals|away_4_sot,Over 1.5 goals + Inter 4+ SOT,lean,Over 1.5 goals:won | Inter 4+ SOT:lost,1,2,partial,5.0,10.0,3.0,A,,,,,
2025-11-30,19:45,2526,I1,Serie A,Roma,Napoli,A,No external context supplied,,L W D L D,W L D W D,0.0,0.0,0.5,0.5,1.0,1.0,0.0,0.0,0.0,0.0,0.4485,0.2699,0.2815,2.7,2.92,3.12,2.23,3.7,3.55,2.51,4.55,4.32,0.3033,2.46,3.3,4.92,1.2,1.1,2.3,0.4662,0.6691,0.2007,4.4,4.3,8.7,8.9,4.2,home_4_sot|total_3_cards,Roma 4+ SOT + 3+ cards,lean,Roma 4+ SOT:lost | 3+ cards:won,1,2,partial,7.0,6.0,7.0,H,,,,,
2025-11-30,17:30,2526,SP1,La Liga,Celta,Espanol,A,No external context supplied,,L D W L L,W D L W W,0.0,0.0,0.5,0.5,1.0,1.0,0.0,0.0,0.0,0.0,0.3988,0.3303,0.271,2.05,3.42,3.95,2.51,3.03,3.69,2.87,3.57,4.53,0.5554,1.85,1.8,2.2,1.35,1.3,2.65,0.5389,0.7421,0.2749,4.0,5.5,9.5,8.4,5.4,over_15_goals|away_4_sot|total_3_cards,Over 1.5 goals + Espanol 4+ SOT + 3+ cards,strong,Over 1.5 goals:lost | Espanol 4+ SOT:lost | 3+ cards:won,1,3,partial,6.0,7.0,3.0,H,,,,,
2025-11-30,20:00,2526,SP1,La Liga,Girona,Real Madrid,D,No external context supplied,,W L L L L,L W W W W,0.0,1.0,0.5,0.5,1.0,1.0,0.0,0.0,0.0,0.0,0.1576,0.2079,0.6345,6.99,5.28,1.42,6.34,4.81,1.58,9.29,6.33,1.71,0.6521,1.39,1.53,1.81,1.1,1.85,2.95,0.5622,0.7933,0.3416,3.6,7.3,10.9,10.9,4.4,over_15_goals|btts_yes|away_4_sot|total_8_corners|total_3_cards,Over 1.5 goals + BTTS yes + Real Madrid 4+ SOT + 8+ corners,strong,Over 1.5 goals:won | BTTS yes:won | Real Madrid 4+ SOT:won | 8+ corners:lost | 3+ cards:won,4,5,partial,8.0,7.0,3.0,A,,,,,
2025-11-30,15:15,2526,SP1,La Liga,Sevilla,Betis,A,No external context supplied,,D D D W L,D D D L W,0.0,0.0,0.5,0.5,1.0,1.0,0.0,0.0,0.0,0.0,0.3519,0.266,0.3821,2.97,3.38,2.49,2.84,3.76,2.62,3.31,4.63,3.01,0.5058,1.9,1.98,2.46,1.3,1.65,2.95,0.5878,0.7933,0.3416,3.3,4.8,8.1,10.6,5.0,over_15_goals|btts_yes|away_4_sot|total_8_corners|total_3_cards,Over 1.5 goals + BTTS yes + Betis 4+ SOT + 8+ corners,strong,Over 1.5 goals:won | BTTS yes:lost | Betis 4+ SOT:won | 8+ corners:won | 3+ cards:won,4,5,partial,7.0,10.0,7.0,A,,,,,
2025-11-30,13:00,2526,SP1,La Liga,Sociedad,Villarreal,A,No external context supplied,,L W L W D,W L W L D,0.0,0.0,0.5,0.5,1.0,1.0,0.0,0.0,0.0,0.0,0.3446,0.286,0.3694,2.92,3.38,2.53,2.9,3.5,2.71,3.39,4.24,3.13,0.4864,1.84,2.06,2.59,1.2,1.6,2.8,0.5577,0.7689,0.3081,4.4,3.8,8.2,8.0,4.2,over_15_goals|btts_yes|home_4_sot|total_3_cards,Over 1.5 goals + BTTS yes + Sociedad 4+ SOT + 3+ cards,strong,Over 1.5 goals:won | BTTS yes:won | Sociedad 4+ SOT:won | 3+ cards:won,4,4,won,12.0,10.0,10.0,A,,,,,
2025-12-01,19:45,2526,I1,Serie A,Bologna,Cremonese,A,No external context supplied,,D W,D L,0.0,0.0,0.5,0.5,1.0,1.0,0.0,0.0,0.0,0.0,0.5242,0.3115,0.1642,1.47,4.36,7.83,1.91,3.21,6.09,2.11,3.82,8.76,0.4843,2.01,2.06,2.6,1.65,0.75,2.4,0.4263,0.6916,0.2213,4.4,3.2,7.6,8.5,4.4,home_4_sot|total_3_cards,Bologna 4+ SOT + 3+ cards,lean,Bologna 4+ SOT:won | 3+ cards:lost,1,2,partial,12.0,21.0,2.0,H,,,,,
2025-12-01,20:00,2526,SP1,La Liga,Vallecano,Valencia,D,No external context supplied,,D L D W D,D W D L D,0.0,0.0,0.5,0.5,1.0,1.0,0.0,0.0,0.0,0.0,0.4129,0.315,0.2721,1.98,3.41,4.25,2.42,3.17,3.68,2.76,3.77,4.5,0.4954,2.08,2.02,2.53,1.35,0.95,2.3,0.4543,0.6691,0.2007,4.0,3.4,7.4,10.2,4.4,total_8_corners|total_3_cards,8+ corners + 3+ cards,lean,8+ corners:won | 3+ cards:lost,1,2,partial,9.0,15.0,2.0,H,,,,,
2025-12-02,19:30,2526,E0,Premier League,Bournemouth,Everton,A,No external context supplied,"Weather: rain 3.0mm, gusts 45.0km/h, snow 0.0cm",L L W W W,W W L L L,0.0,0.0,0.5,0.5,1.0,1.0,0.0,0.0,0.0,0.0,0.4065,0.3179,0.2756,2.28,3.36,3.43,2.46,3.15,3.63,2.8,3.73,4.43,0.5102,1.92,1.96,2.44,1.55,1.4,2.95,0.5935,0.7933,0.3416,5.5,4.0,9.5,11.8,5.0,over_15_goals|btts_yes|home_4_sot|total_8_corners|total_3_cards,Over 1.5 goals + BTTS yes + Bournemouth 4+ SOT + 8+ corners,strong,Over 1.5 goals:lost | BTTS yes:lost | Bournemouth 4+ SOT:lost | 8+ corners:lost | 3+ cards:won,1,5,partial,5.0,7.0,6.0,H,,,,,
2025-12-02,19:30,2526,E0,Premier League,Fulham,Man City,A,No external context supplied,"Weather: rain 3.8mm, gusts 60.5km/h, snow 0.0cm",L L L L L,W W W W W,0.0,1.0,0.5,0.5,1.0,1.0,0.0,0.0,0.0,0.0,0.2115,0.2285,0.56,4.73,4.13,1.72,4.73,4.38,1.79,6.19,5.6,1.96,0.5678,1.65,1.76,2.14,1.05,1.75,2.8,0.5371,0.7689,0.3081,4.2,4.9,9.1,11.3,5.0,over_15_goals|home_4_sot|total_8_corners|total_3_cards,Over 1.5 goals + Fulham 4+ SOT + 8+ corners + 3+ cards,strong,Over 1.5 goals:won | Fulham 4+ SOT:won | 8+ corners:won | 3+ cards:lost,3,4,partial,10.0,9.0,1.0,A,,,,,
2025-12-02,20:15,2526,E0,Premier League,Newcastle,Tottenham,D,No external context supplied,"Weather: rain 0.5mm, gusts 48.2km/h, snow 0.0cm",W L W W W,L W L L L,0.0,0.0,0.5,0.5,1.0,1.0,0.0,0.0,0.0,0.0,0.5791,0.2322,0.1886,1.85,3.87,4.29,1.73,4.31,5.3,1.89,5.49,7.21,0.545,1.72,1.83,2.25,1.5,1.45,2.95,0.5946,0.7933,0.3416,4.9,4.0,8.9,10.8,3.8,over_15_goals|btts_yes|home_4_sot|total_8_corners,Over 1.5 goals + BTTS yes + Newcastle 4+ SOT + 8+ corners,strong,Over 1.5 goals:won | BTTS yes:won | Newcastle 4+ SOT:won | 8+ corners:won,4,4,won,9.0,19.0,3.0,H,,,,,
2025-12-02,20:00,2526,SP1,La Liga,Barcelona,Ath Madrid,H,No external context supplied,,W W W L W,L L L W L,1.0,0.0,0.5,0.5,1.0,1.0,0.0,0.0,0.0,0.0,0.4753,0.2966,0.2281,1.75,4.46,4.22,2.1,3.37,4.38,2.35,4.05,5.62,0.5419,1.4,1.85,2.26,1.65,1.75,3.4,0.6675,0.8532,0.4416,4.5,5.4,9.9,12.0,4.6,over_15_goals|btts_yes|home_4_sot|total_8_corners|total_3_cards,Over 1.5 goals + BTTS yes + Barcelona 4+ SOT + 8+ corners,strong,Over 1.5 goals:won | BTTS yes:won | Barcelona 4+ SOT:won | 8+ corners:won | 3+ cards:lost,4,5,partial,8.0,9.0,2.0,H,,,,,
2025-12-03,19:30,2526,E0,Premier League,Arsenal,Brentford,H,No external context supplied,"Weather: rain 0.2mm, gusts 28.1km/h, snow 0.0cm",D W W W D,D L L L D,0.0,0.0,0.5,0.5,1.0,1.0,0.0,0.0,0.0,0.0,0.6898,0.1862,0.124,1.35,5.41,8.75,1.45,5.37,8.06,1.56,7.34,13.51,0.5358,1.73,1.87,2.29,1.7,1.2,2.9,0.5711,0.7854,0.3304,4.5,3.4,7.9,7.9,3.8,over_15_goals|btts_yes|home_4_sot,Over 1.5 goals + BTTS yes + Arsenal 4+ SOT,strong,Over 1.5 goals:won | BTTS yes:lost | Arsenal 4+ SOT:won,2,3,partial,8.0,12.0,1.0,H,,,,,
2025-12-03,19:30,2526,E0,Premier League,Brighton,Aston Villa,A,No external context supplied,"Weather: rain 3.7mm, gusts 44.6km/h, snow 0.0cm",L L W D L,W W L D W,0.0,0.0,0.5,0.5,1.0,1.0,0.0,0.0,0.0,0.0,0.5887,0.2083,0.203,2.18,3.58,3.37,1.7,4.8,4.93,1.86,6.32,6.54,0.5808,1.82,1.72,2.08,1.25,1.4,2.65,0.5375,0.7421,0.2749,4.7,4.3,9.0,9.9,3.6,over_15_goals|home_4_sot|total_8_corners,Over 1.5 goals + Brighton 4+ SOT + 8+ corners,strong,Over 1.5 goals:won | Brighton 4+ SOT:won | 8+ corners:won,3,3,won,17.0,11.0,4.0,H,,,,,
2025-12-03,19:30,2526,E0,Premier League,Burnley,Crystal Palace,A,No external context supplied,"Weather: rain 0.0mm, gusts 44.3km/h, snow 0.0cm",W D D L L,L D D W W,0.0,0.0,0.5,0.5,1.0,1.0,0.0,0.0,0.0,0.0,0.2537,0.275,0.4713,4.64,3.81,1.79,3.94,3.64,2.12,4.91,4.44,2.37,0.53,1.97,1.89,2.33,1.05,1.7,2.75,0.5313,0.7603,0.297,3.3,4.2,7.5,9.0,3.0,over_15_goals|away_4_sot,Over 1.5 goals + Crystal Palace 4+ SOT,lean,Over 1.5 goals:lost | Crystal Palace 4+ SOT:lost,0,2,lost,7.0,7.0,0.0,A,,,,,
2025-12-03,20:15,2526,E0,Premier League,Leeds,Chelsea,H,No external context supplied,"Weather: rain 0.0mm, gusts 22.0km/h, snow 0.0cm",D L L W L,D W W L W,0.0,0.0,0.5,0.5,1.0,1.0,0.0,0.0,0.0,0.0,0.3069,0.3192,0.374,4.27,4.05,1.8,3.26,3.13,2.67,3.89,3.72,3.09,0.4897,1.81,2.04,2.57,1.15,1.85,3.0,0.5759,0.8009,0.3528,3.0,6.1,9.1,9.1,4.2,over_15_goals|btts_yes|away_4_sot|total_3_cards,Over 1.5 goals + BTTS yes + Chelsea 4+ SOT + 3+ cards,strong,Over 1.5 goals:won | BTTS yes:won | Chelsea 4+ SOT:lost | 3+ cards:lost,2,4,partial,7.0,6.0,2.0,A,,,,,
2025-12-03,20:15,2526,E0,Premier League,Liverpool,Sunderland,D,No external context supplied,"Weather: rain 0.0mm, gusts 35.6km/h, snow 0.0cm",No recent H2H,No recent H2H,1.0,0.0,0.5,0.5,1.0,1.0,0.0,0.0,0.0,0.0,0.7815,0.1399,0.0786,1.37,5.44,8.12,1.28,7.15,12.72,1.37,11.12,34.97,0.5303,1.55,1.89,2.32,1.1,1.4,2.5,0.5026,0.7127,0.2424,4.7,4.1,8.8,9.0,4.8,over_25_goals|home_4_sot|total_3_cards,Over 2.5 goals + Liverpool 4+ SOT + 3+ cards,strong,Over 2.5 goals:lost | Liverpool 4+ SOT:won | 3+ cards:lost,1,3,partial,10.0,10.0,2.0,H,,,,,
2025-12-03,19:30,2526,E0,Premier League,Wolves,Nott'm Forest,A,No external context supplied,"Weather: rain 0.0mm, gusts 29.9km/h, snow 0.0cm",D D D D L,D D D D W,0.0,0.0,0.5,0.5,1.0,1.0,0.0,0.0,0.0,0.0,0.2733,0.2424,0.4843,3.27,3.37,2.32,3.66,4.12,2.07,4.48,5.2,2.3,0.4642,2.07,2.15,2.75,1.1,1.45,2.55,0.5106,0.7228,0.2532,3.9,5.4,9.3,10.3,3.6,over_15_goals|away_4_sot|total_8_corners,Over 1.5 goals + Nott'm Forest 4+ SOT + 8+ corners,strong,Over 1.5 goals:lost | Nott'm Forest 4+ SOT:lost | 8+ corners:won,1,3,partial,4.0,12.0,4.0,A,,,,,
2025-12-03,18:00,2526,SP1,La Liga,Ath Bilbao,Real Madrid,A,No external context supplied,,D L L W L,D W W L W,0.0,1.0,0.5,0.5,1.0,1.0,0.0,0.0,0.0,0.0,0.2773,0.2138,0.5089,4.06,4.2,1.81,3.61,4.68,1.97,4.4,6.11,2.18,0.5164,1.7,1.94,2.4,0.95,1.7,2.65,0.5012,0.7421,0.2749,4.0,5.8,9.8,9.7,4.2,over_15_goals|away_4_sot|total_8_corners|total_3_cards,Over 1.5 goals + Real Madrid 4+ SOT + 8+ corners + 3+ cards,strong,Over 1.5 goals:won | Real Madrid 4+ SOT:won | 8+ corners:won | 3+ cards:lost,3,4,partial,12.0,12.0,2.0,A,,,,,
2025-12-04,20:00,2526,E0,Premier League,Man United,West Ham,D,No external context supplied,"Weather: rain 9.1mm, gusts 38.5km/h, snow 0.0cm",L L W L L,W W L W W,0.0,0.0,0.5,0.5,1.0,1.0,0.0,0.0,0.0,0.0,0.7138,0.1836,0.1026,1.47,4.9,6.52,1.4,5.45,9.75,1.51,7.49,19.02,0.591,1.49,1.69,2.04,1.8,1.35,3.15,0.6183,0.8222,0.3863,6.1,3.6,9.7,9.7,3.8,over_15_goals|btts_yes|home_4_sot|total_8_corners,Over 1.5 goals + BTTS yes + Man United 4+ SOT + 8+ corners,strong,Over 1.5 goals:won | BTTS yes:won | Man United 4+ SOT:won | 8+ corners:won,4,4,won,7.0,12.0,4.0,H,,,,,
2025-12-05,19:30,2526,D1,Bundesliga,Mainz,M'gladbach,A,No external context supplied,,W D D D W,L D D D L,0.0,0.0,0.5,0.5,1.0,1.0,0.0,0.0,0.0,0.0,0.2779,0.2871,0.435,2.68,3.55,2.69,3.6,3.48,2.3,4.39,4.22,2.6,0.5489,1.7,1.82,2.23,1.4,1.85,3.25,0.6349,0.8352,0.4086,3.7,5.0,8.7,8.6,4.4,over_15_goals|btts_yes|away_4_sot|total_3_cards,Over 1.5 goals + BTTS yes + M'gladbach 4+ SOT + 3+ cards,strong,Over 1.5 goals:lost | BTTS yes:lost | M'gladbach 4+ SOT:won | 3+ cards:won,2,4,partial,7.0,14.0,3.0,A,,,,,
2025-12-05,18:00,2526,F1,Ligue 1,Brest,Monaco,H,No external context supplied,,L L L L W,W W W W L,0.0,0.0,0.5,0.5,1.0,1.0,0.0,0.0,0.0,0.0,0.2572,0.2453,0.4975,3.45,3.94,2.06,3.89,4.08,2.01,4.83,5.12,2.23,0.5358,1.52,1.87,2.29,1.7,1.6,3.3,0.6523,0.8414,0.4197,4.9,4.5,9.4,7.7,5.8,over_15_goals|btts_yes|home_4_sot|total_3_cards,Over 1.5 goals + BTTS yes + Brest 4+ SOT + 3+ cards,strong,Over 1.5 goals:lost | BTTS yes:lost | Brest 4+ SOT:won | 3+ cards:won,2,4,partial,6.0,5.0,8.0,A,,,,,
2025-12-05,20:00,2526,F1,Ligue 1,Lille,Marseille,H,No external context supplied,,W D W D D,L D L D D,0.0,0.0,0.5,0.5,1.0,1.0,0.0,0.0,0.0,0.0,0.3899,0.2762,0.3339,2.39,3.58,3.03,2.56,3.62,2.99,2.94,4.42,3.52,0.4961,1.7,2.02,2.52,1.25,1.9,3.15,0.6068,0.8222,0.3863,4.7,4.8,9.5,9.6,5.4,over_15_goals|btts_yes|home_4_sot|total_8_corners|total_3_cards,Over 1.5 goals + BTTS yes + Lille 4+ SOT + 8+ corners,strong,Over 1.5 goals:lost | BTTS yes:lost | Lille 4+ SOT:lost | 8+ corners:lost | 3+ cards:lost,0,5,lost,4.0,7.0,2.0,H,,,,,
2025-12-05,20:00,2526,SP1,La Liga,Oviedo,Mallorca,D,No external context supplied,,No recent H2H,No recent H2H,0.0,0.0,0.5,0.5,1.0,1.0,0.0,0.0,0.0,0.0,0.5181,0.2083,0.2736,2.66,3.04,3.1,1.93,4.8,3.66,2.14,6.32,4.47,0.4864,2.46,2.06,2.59,0.95,1.3,2.25,0.4461,0.6575,0.1906,3.8,4.5,8.3,9.9,4.4,away_4_sot|total_8_corners|total_3_cards,Mallorca 4+ SOT + 8+ corners + 3+ cards,strong,Mallorca 4+ SOT:won | 8+ corners:won | 3+ cards:won,3,3,won,9.0,13.0,7.0,H,,,,,
2025-12-06,14:30,2526,D1,Bundesliga,Augsburg,Leverkusen,H,No external context supplied,,W L L L L,L W W W W,0.0,0.0,0.5,0.5,1.0,1.0,0.0,0.0,0.0,0.0,0.2585,0.3227,0.4188,3.82,3.94,1.93,3.87,3.1,2.39,4.8,3.67,2.71,0.54,1.58,1.85,2.27,1.1,2.35,3.45,0.6035,0.8587,0.4525,4.0,4.6,8.6,9.0,4.0,over_15_goals|btts_yes|away_4_sot,Over 1.5 goals + BTTS yes + Leverkusen 4+ SOT,strong,Over 1.5 goals:won | BTTS yes:lost | Leverkusen 4+ SOT:lost,1,3,partial,8.0,12.0,7.0,A,,,,,
2025-12-06,14:30,2526,D1,Bundesliga,FC Koln,St Pauli,D,No external context supplied,,No recent H2H,No recent H2H,0.0,0.0,0.5,0.5,1.0,1.0,0.0,0.0,0.0,0.0,0.4423,0.3398,0.2179,1.99,3.69,3.82,2.26,2.94,4.59,2.55,3.45,5.95,0.4153,1.83,2.41,3.17,1.85,1.2,3.05,0.5889,0.8082,0.364,5.0,4.0,9.0,8.9,3.8,over_15_goals|btts_yes|home_4_sot,Over 1.5 goals + BTTS yes + FC Koln 4+ SOT,strong,Over 1.5 goals:won | BTTS yes:won | FC Koln 4+ SOT:won,3,3,won,9.0,9.0,1.0,H,,,,,
2025-12-06,14:30,2526,D1,Bundesliga,Heidenheim,Freiburg,H,No external context supplied,,W D L L,L D W W,0.0,0.0,0.5,0.5,1.0,1.0,0.0,0.0,0.0,0.0,0.2041,0.2319,0.564,4.03,3.65,1.95,4.9,4.31,1.77,6.49,5.5,1.95,0.5554,1.85,1.8,2.2,1.1,1.95,3.05,0.5722,0.8082,0.364,2.8,4.9,7.7,9.6,2.6,over_15_goals|btts_yes|away_4_sot|total_8_corners,Over 1.5 goals + BTTS yes + Freiburg 4+ SOT + 8+ corners,strong,Over 1.5 goals:won | BTTS yes:won | Freiburg 4+ SOT:lost | 8+ corners:won,3,4,partial,5.0,14.0,3.0,A,,,,,
2025-12-06,17:30,2526,D1,Bundesliga,RB Leipzig,Ein Frankfurt,H,No external context supplied,,W L D W L,L W D L W,0.0,0.0,0.5,0.5,1.0,1.0,0.0,0.0,0.0,0.0,0.4911,0.2779,0.231,1.79,4.24,4.13,2.04,3.6,4.33,2.27,4.39,5.52,0.6001,1.42,1.67,2.0,2.05,1.4,3.45,0.6564,0.8587,0.4525,5.2,4.0,9.2,9.8,2.2,over_15_goals|btts_yes|home_4_sot|total_8_corners,Over 1.5 goals + BTTS yes + RB Leipzig 4+ SOT + 8+ corners,strong,Over 1.5 goals:won | BTTS yes:lost | RB Leipzig 4+ SOT:won | 8+ corners:lost,2,4,partial,9.0,4.0,3.0,H,,,,,
2025-12-06,14:30,2526,D1,Bundesliga,Stuttgart,Bayern Munich,A,No external context supplied,,L L W L L,W W L W W,0.0,1.0,0.5,0.5,1.0,1.0,0.0,0.0,0.0,0.0,0.2443,0.2279,0.5278,5.4,5.21,1.51,4.09,4.39,1.89,5.15,5.62,2.09,0.5891,1.33,1.7,2.04,1.3,2.5,3.8,0.6678,0.8926,0.5265,3.5,5.6,9.1,10.0,4.6,over_15_goals|btts_yes|away_4_sot|total_8_corners|total_3_cards,Over 1.5 goals + BTTS yes + Bayern Munich 4+ SOT + 8+ corners,strong,Over 1.5 goals:won | BTTS yes:lost | Bayern Munich 4+ SOT:won | 8+ corners:lost | 3+ cards:won,3,5,partial,12.0,7.0,8.0,A,,,,,
2025-12-06,14:30,2526,D1,Bundesliga,Wolfsburg,Union Berlin,H,No external context supplied,,D W L W L,D L W L W,0.0,0.0,0.5,0.5,1.0,1.0,0.0,0.0,0.0,0.0,0.3969,0.2903,0.3128,2.17,3.44,3.53,2.52,3.45,3.2,2.88,4.16,3.8,0.5353,1.87,1.87,2.3,1.25,1.65,2.9,0.5765,0.7854,0.3304,4.1,3.6,7.7,10.9,4.6,over_15_goals|btts_yes|total_8_corners|total_3_cards,Over 1.5 goals + BTTS yes + 8+ corners + 3+ cards,strong,Over 1.5 goals:won | BTTS yes:won | 8+ corners:won | 3+ cards:won,4,4,won,9.0,11.0,5.0,H,,,,,
2025-12-06,12:30,2526,E0,Premier League,Aston Villa,Arsenal,H,No external context supplied,"Weather: rain 1.3mm, gusts 56.2km/h, snow 0.0cm",L W W L D,W L L W D,0.0,0.0,0.5,0.5,1.0,1.0,0.0,0.0,0.0,0.0,0.2548,0.304,0.4412,4.32,3.53,1.92,3.92,3.29,2.27,4.88,3.94,2.56,0.5261,2.06,1.9,2.35,1.3,1.4,2.7,0.5481,0.7513,0.2859,3.9,5.8,9.7,8.1,3.4,over_15_goals|btts_yes|away_4_sot,Over 1.5 goals + BTTS yes + Arsenal 4+ SOT,strong,Over 1.5 goals:won | BTTS yes:won | Arsenal 4+ SOT:won,3,3,won,15.0,6.0,2.0,A,,,,,
2025-12-06,15:00,2526,E0,Premier League,Bournemouth,Chelsea,D,No external context supplied,"Weather: rain 2.7mm, gusts 70.9km/h, snow 0.0cm",L D L L D,W D W W D,0.0,0.0,0.5,0.5,1.0,1.0,0.0,0.0,0.0,0.0,0.306,0.2811,0.4129,3.15,3.83,2.2,3.27,3.56,2.42,3.91,4.33,2.76,0.5097,1.63,1.96,2.44,1.35,1.75,3.1,0.612,0.8153,0.3752,3.9,5.5,9.4,10.0,5.4,over_15_goals|btts_yes|away_4_sot|total_8_corners|total_3_cards,Over 1.5 goals + BTTS yes + Chelsea 4+ SOT + 8+ corners,strong,Over 1.5 goals:lost | BTTS yes:lost | Chelsea 4+ SOT:won | 8+ corners:lost | 3+ cards:lost,1,5,partial,9.0,5.0,2.0,A,,,,,
2025-12-06,15:00,2526,E0,Premier League,Everton,Nott'm Forest,H,No external context supplied,"Weather: rain 12.5mm, gusts 46.8km/h, snow 0.0cm",D W W L W,D L L W L,0.0,0.0,0.5,0.5,1.0,1.0,0.0,0.0,0.0,0.0,0.4227,0.313,0.2644,2.23,3.24,3.63,2.37,3.2,3.78,2.68,3.8,4.66,0.494,2.09,2.02,2.54,1.2,1.2,2.4,0.4883,0.6916,0.2213,3.4,4.5,7.9,10.9,2.8,away_4_sot|total_8_corners,Nott'm Forest 4+ SOT + 8+ corners,lean,Nott'm Forest 4+ SOT:lost | 8+ corners:won,1,2,partial,8.0,9.0,7.0,H,,,,,
2025-12-06,17:30,2526,E0,Premier League,Leeds,Liverpool,D,No external context supplied,"Weather: rain 3.6mm, gusts 43.9km/h, snow 0.0cm",D L L W L,D W W L W,0.0,1.0,0.5,0.5,1.0,1.0,0.0,0.0,0.0,0.0,0.2996,0.2655,0.4349,3.96,3.85,1.91,3.34,3.77,2.3,4.01,4.64,2.6,0.5009,1.64,2.0,2.49,1.6,1.6,3.2,0.637,0.8288,0.3975,4.1,4.5,8.6,9.4,3.6,over_15_goals|btts_yes|away_4_sot,Over 1.5 goals + BTTS yes + Liverpool 4+ SOT,strong,Over 1.5 goals:won | BTTS yes:won | Liverpool 4+ SOT:won,3,3,won,12.0,9.0,6.0,A,,,,,
2025-12-06,15:00,2526,E0,Premier League,Man City,Sunderland,H,No external context supplied,"Weather: rain 8.2mm, gusts 47.5km/h, snow 0.0cm",No recent H2H,No recent H2H,1.0,0.0,0.5,0.5,1.0,1.0,0.0,0.0,0.0,0.0,0.7056,0.132,0.1624,1.24,6.68,11.08,1.42,7.58,6.16,1.53,12.2,8.9,0.6387,1.48,1.57,1.86,1.75,1.25,3.0,0.5895,0.8009,0.3528,5.6,4.0,9.6,9.9,5.2,over_15_goals|btts_yes|home_4_sot|total_8_corners|total_3_cards,Over 1.5 goals + BTTS yes + Man City 4+ SOT + 8+ corners,strong,Over 1.5 goals:won | BTTS yes:lost | Man City 4+ SOT:won | 8+ corners:won | 3+ cards:won,4,5,partial,7.0,11.0,3.0,H,,,,,
2025-12-06,15:00,2526,E0,Premier League,Newcastle,Burnley,H,No external context supplied,"Weather: rain 4.7mm, gusts 50.4km/h, snow 0.0cm",W W W W W,L L L L L,0.0,0.0,0.5,0.5,1.0,1.0,0.0,0.0,0.0,0.0,0.7444,0.1748,0.0808,1.27,6.25,10.24,1.34,5.72,12.37,1.44,8.02,32.44,0.4496,1.58,2.22,2.86,1.85,1.3,3.15,0.6131,0.8222,0.3863,5.1,3.9,9.0,11.5,2.4,over_15_goals|btts_yes|home_4_sot|total_8_corners,Over 1.5 goals + BTTS yes + Newcastle 4+ SOT + 8+ corners,strong,Over 1.5 goals:won | BTTS yes:won | Newcastle 4+ SOT:won | 8+ corners:won,4,4,won,10.0,18.0,6.0,H,,,,,
2025-12-06,15:00,2526,E0,Premier League,Tottenham,Brentford,H,No external context supplied,"Weather: rain 1.8mm, gusts 53.6km/h, snow 0.0cm",L D W W W,W D L L L,0.0,0.0,0.5,0.5,1.0,1.0,0.0,0.0,0.0,0.0,0.3877,0.2445,0.3678,2.39,3.42,3.09,2.58,4.09,2.72,2.96,5.14,3.15,0.5303,1.8,1.89,2.32,1.5,1.65,3.15,0.6277,0.8222,0.3863,2.8,4.7,7.5,10.6,5.2,over_15_goals|btts_yes|away_4_sot|total_8_corners|total_3_cards,Over 1.5 goals + BTTS yes + Brentford 4+ SOT + 8+ corners,strong,Over 1.5 goals:won | BTTS yes:lost | Brentford 4+ SOT:lost | 8+ corners:won | 3+ cards:won,3,5,partial,8.0,13.0,7.0,H,,,,,
2025-12-06,16:00,2526,F1,Ligue 1,Nantes,Lens,A,No external context supplied,,L L L L W,W W W W L,0.0,0.0,0.5,0.5,1.0,1.0,0.0,0.0,0.0,0.0,0.2401,0.231,0.5289,4.98,4.09,1.69,4.17,4.33,1.89,5.26,5.52,2.09,0.4552,1.68,2.2,2.82,0.9,1.9,2.8,0.5047,0.7689,0.3081,3.6,6.0,9.6,8.0,4.6,over_15_goals|away_4_sot|total_3_cards,Over 1.5 goals + Lens 4+ SOT + 3+ cards,strong,Over 1.5 goals:won | Lens 4+ SOT:won | 3+ cards:lost,2,3,partial,10.0,13.0,2.0,A,,,,,
2025-12-06,20:05,2526,F1,Ligue 1,Paris SG,Rennes,H,No external context supplied,,L W D W W,W L D L L,1.0,0.0,0.5,0.5,1.0,1.0,0.0,0.0,0.0,0.0,0.6291,0.2359,0.1349,1.31,6.21,8.64,1.59,4.24,7.41,1.73,5.38,11.78,0.6792,1.39,1.47,1.73,1.45,1.4,2.85,0.5767,0.7773,0.3192,5.3,4.0,9.3,10.8,3.2,over_15_goals|btts_yes|home_4_sot|total_8_corners,Over 1.5 goals + BTTS yes + Paris SG 4+ SOT + 8+ corners,strong,Over 1.5 goals:won | BTTS yes:lost | Paris SG 4+ SOT:won | 8+ corners:won,3,4,partial,11.0,14.0,5.0,H,,,,,
2025-12-06,18:00,2526,F1,Ligue 1,Toulouse,Strasbourg,H,No external context supplied,,W L D L L,L W D W W,0.0,0.0,0.5,0.5,1.0,1.0,0.0,0.0,0.0,0.0,0.2955,0.2727,0.4318,2.58,3.42,2.83,3.38,3.67,2.32,4.07,4.49,2.62,0.4858,1.86,2.06,2.59,1.45,1.55,3.0,0.603,0.8009,0.3528,3.8,3.7,7.5,8.9,4.0,over_15_goals|btts_yes,Over 1.5 goals + BTTS yes,lean,Over 1.5 goals:lost | BTTS yes:lost,0,2,lost,3.0,3.0,6.0,A,,,,,
2025-12-06,17:00,2526,I1,Serie A,Inter,Como,H,No external context supplied,,W W,L L,1.0,0.0,0.5,0.5,1.0,1.0,0.0,0.0,0.0,0.0,0.5689,0.2462,0.1849,1.53,4.43,6.34,1.76,4.06,5.41,1.93,5.1,7.41,0.6204,1.76,1.61,1.92,1.2,1.15,2.35,0.4775,0.6805,0.2109,5.2,4.7,9.9,8.4,3.2,home_4_sot,Inter 4+ SOT,lean,Inter 4+ SOT:won,1,1,won,10.0,11.0,3.0,H,,,,,
2025-12-06,14:00,2526,I1,Serie A,Sassuolo,Fiorentina,H,No external context supplied,,W L L W L,L W W L W,0.0,0.0,0.5,0.5,1.0,1.0,0.0,0.0,0.0,0.0,0.2834,0.2799,0.4367,3.04,3.26,2.51,3.53,3.57,2.29,4.28,4.35,2.59,0.4167,2.06,2.4,3.16,1.5,0.95,2.45,0.4764,0.7023,0.2318,5.5,3.8,9.3,9.3,5.2,home_4_sot|total_3_cards,Sassuolo 4+ SOT + 3+ cards,lean,Sassuolo 4+ SOT:won | 3+ cards:won,2,2,won,6.0,8.0,5.0,A,,,,,
2025-12-06,19:45,2526,I1,Serie A,Verona,Atalanta,H,No external context supplied,,L L D L L,W W D W W,0.0,0.0,0.5,0.5,1.0,1.0,0.0,0.0,0.0,0.0,0.1828,0.2473,0.57,5.3,4.18,1.64,5.47,4.04,1.75,7.53,5.07,1.92,0.4695,1.91,2.13,2.71,0.9,1.25,2.15,0.4234,0.6331,0.1709,3.9,4.5,8.4,8.2,4.8,away_4_sot|total_3_cards,Atalanta 4+ SOT + 3+ cards,lean,Atalanta 4+ SOT:won | 3+ cards:won,2,2,won,12.0,10.0,3.0,A,,,,,
2025-12-06,15:15,2526,SP1,La Liga,Alaves,Sociedad,H,No external context supplied,,L D L W W,W D W L L,0.0,0.0,0.5,0.5,1.0,1.0,0.0,0.0,0.0,0.0,0.3732,0.3529,0.2739,2.8,3.05,2.88,2.68,2.83,3.65,3.09,3.3,4.47,0.398,2.5,2.51,3.36,1.15,1.35,2.5,0.5062,0.7127,0.2424,3.2,4.8,8.0,7.9,5.6,away_4_sot|total_3_cards,Sociedad 4+ SOT + 3+ cards,lean,Sociedad 4+ SOT:lost | 3+ cards:won,1,2,partial,4.0,13.0,4.0,H,,,,,
2025-12-06,20:00,2526,SP1,La Liga,Ath Bilbao,Ath Madrid,H,No external context supplied,,L W L L L,W L W W W,0.0,0.0,0.5,0.5,1.0,1.0,0.0,0.0,0.0,0.0,0.3091,0.2883,0.4026,3.33,3.33,2.31,3.24,3.47,2.48,3.86,4.2,2.84,0.5228,2.14,1.91,2.37,0.85,1.8,2.65,0.4779,0.7421,0.2749,3.4,5.8,9.2,11.8,3.8,over_15_goals|away_4_sot|total_8_corners,Over 1.5 goals + Ath Madrid 4+ SOT + 8+ corners,strong,Over 1.5 goals:lost | Ath Madrid 4+ SOT:lost | 8+ corners:won,1,3,partial,6.0,11.0,5.0,A,,,,,
2025-12-06,17:30,2526,SP1,La Liga,Betis,Barcelona,A,No external context supplied,,L L L D D,W W W D D,0.0,1.0,0.5,0.5,1.0,1.0,0.0,0.0,0.0,0.0,0.2594,0.2763,0.4643,4.05,4.41,1.78,3.85,3.62,2.15,4.77,4.42,2.41,0.6177,1.34,1.62,1.93,1.6,1.8,3.4,0.6662,0.8532,0.4416,3.8,4.9,8.7,8.9,4.6,over_15_goals|btts_yes|away_4_sot|total_3_cards,Over 1.5 goals + BTTS yes + Barcelona 4+ SOT + 3+ cards,strong,Over 1.5 goals:won | BTTS yes:won | Barcelona 4+ SOT:won | 3+ cards:won,4,4,won,13.0,14.0,7.0,A,,,,,
2025-12-06,13:00,2526,SP1,La Liga,Villarreal,Getafe,H,No external context supplied,,W D D D W,L D D D L,0.0,0.0,0.5,0.5,1.0,1.0,0.0,0.0,0.0,0.0,0.4898,0.3483,0.1619,1.59,3.97,6.38,2.04,2.87,6.18,2.27,3.35,8.94,0.5061,2.09,1.98,2.46,1.6,0.85,2.45,0.457,0.7023,0.2318,4.9,3.6,8.5,9.3,5.2,home_4_sot|total_3_cards,Villarreal 4+ SOT + 3+ cards,lean,Villarreal 4+ SOT:won | 3+ cards:won,2,2,won,5.0,8.0,8.0,H,,,,,
2025-12-07,16:30,2526,D1,Bundesliga,Dortmund,Hoffenheim,H,No external context supplied,,W W L D W,L L W D L,0.0,0.0,0.5,0.5,1.0,1.0,0.0,0.0,0.0,0.0,0.5207,0.2619,0.2174,1.63,4.55,4.89,1.92,3.82,4.6,2.12,4.72,5.97,0.637,1.47,1.57,1.86,1.4,1.5,2.9,0.5853,0.7854,0.3304,4.2,3.7,7.9,9.9,3.6,over_15_goals|btts_yes|home_4_sot|total_8_corners,Over 1.5 goals + BTTS yes + Dortmund 4+ SOT + 8+ corners,strong,Over 1.5 goals:won | BTTS yes:lost | Dortmund 4+ SOT:won | 8+ corners:won,3,4,partial,7.0,12.0,2.0,H,,,,,
2025-12-07,14:30,2526,D1,Bundesliga,Hamburg,Werder Bremen,H,No external context supplied,,D L,D W,0.0,0.0,0.5,0.5,1.0,1.0,0.0,0.0,0.0,0.0,0.3641,0.3227,0.3132,2.36,3.62,3.0,2.75,3.1,3.19,3.18,3.67,3.8,0.5542,1.65,1.8,2.2,1.25,1.4,2.65,0.5375,0.7421,0.2749,4.8,4.5,9.3,9.5,6.8,over_15_goals|home_4_sot|total_8_corners|total_3_cards,Over 1.5 goals + Hamburg 4+ SOT + 8+ corners + 3+ cards,strong,Over 1.5 goals:won | Hamburg 4+ SOT:won | 8+ corners:won | 3+ cards:won,4,4,won,9.0,8.0,7.0,H,,,,,
2025-12-07,14:00,2526,E0,Premier League,Brighton,West Ham,D,No external context supplied,"Weather: rain 12.2mm, gusts 81.0km/h, snow 0.0cm",W L D D W,L W D D L,0.0,0.0,0.5,0.5,1.0,1.0,0.0,0.0,0.0,0.0,0.5425,0.2375,0.22,1.56,4.52,5.73,1.84,4.21,4.54,2.03,5.33,5.88,0.5114,1.6,1.96,2.43,1.85,1.3,3.15,0.6131,0.8222,0.3863,5.8,4.1,9.9,11.2,4.2,over_15_goals|btts_yes|home_4_sot|total_8_corners|total_3_cards,Over 1.5 goals + BTTS yes + Brighton 4+ SOT + 8+ corners,strong,Over 1.5 goals:won | BTTS yes:won | Brighton 4+ SOT:won | 8+ corners:won | 3+ cards:won,5,5,won,9.0,16.0,4.0,H,,,,,
2025-12-07,16:30,2526,E0,Premier League,Fulham,Crystal Palace,A,No external context supplied,"Weather: rain 4.3mm, gusts 58.3km/h, snow 0.0cm",D D D W L,D D D L W,0.0,0.0,0.5,0.5,1.0,1.0,0.0,0.0,0.0,0.0,0.3951,0.2534,0.3515,2.59,3.35,2.87,2.53,3.95,2.84,2.9,4.92,3.32,0.4858,2.02,2.06,2.59,1.3,1.6,2.9,0.5806,0.7854,0.3304,4.1,2.9,7.0,9.6,3.0,over_15_goals|btts_yes|total_8_corners,Over 1.5 goals + BTTS yes + 8+ corners,strong,Over 1.5 goals:won | BTTS yes:won | 8+ corners:won,3,3,won,9.0,10.0,0.0,H,,,,,
2025-12-07,16:15,2526,F1,Ligue 1,Auxerre,Metz,H,No external context supplied,,No recent H2H,No recent H2H,0.0,0.0,0.5,0.5,1.0,1.0,0.0,0.0,0.0,0.0,0.3815,0.3069,0.3115,2.01,3.52,3.96,2.62,3.26,3.21,3.02,3.89,3.82,0.5102,1.94,1.96,2.44,1.4,1.25,2.65,0.5375,0.7421,0.2749,3.7,4.9,8.6,9.0,4.6,over_15_goals|away_4_sot|total_3_cards,Over 1.5 goals + Metz 4+ SOT + 3+ cards,strong,Over 1.5 goals:won | Metz 4+ SOT:lost | 3+ cards:won,2,3,partial,10.0,8.0,3.0,H,,,,,
2025-12-07,16:15,2526,F1,Ligue 1,Le Havre,Paris FC,D,No external context supplied,,No recent H2H,No recent H2H,0.0,0.0,0.5,0.5,1.0,1.0,0.0,0.0,0.0,0.0,0.3879,0.3361,0.2761,2.72,3.3,2.76,2.58,2.98,3.62,2.96,3.5,4.42,0.5345,1.95,1.87,2.3,1.25,1.4,2.65,0.5375,0.7421,0.2749,4.2,3.2,7.4,9.5,5.2,over_15_goals|home_4_sot|total_8_corners|total_3_cards,Over 1.5 goals + Le Havre 4+ SOT + 8+ corners + 3+ cards,strong,Over 1.5 goals:lost | Le Havre 4+ SOT:lost | 8+ corners:won | 3+ cards:lost,1,4,partial,4.0,9.0,2.0,H,,,,,
2025-12-07,19:45,2526,F1,Ligue 1,Lorient,Lyon,H,No external context supplied,,L W D D L,W L D D W,0.0,0.0,0.5,0.5,1.0,1.0,0.0,0.0,0.0,0.0,0.2232,0.2351,0.5417,3.32,3.58,2.21,4.48,4.25,1.85,5.77,5.4,2.03,0.5358,1.83,1.87,2.29,1.25,1.55,2.8,0.5621,0.7689,0.3081,3.2,4.2,7.4,9.8,4.2,over_15_goals|btts_yes|total_8_corners|total_3_cards,Over 1.5 goals + BTTS yes + 8+ corners + 3+ cards,strong,Over 1.5 goals:lost | BTTS yes:lost | 8+ corners:won | 3+ cards:won,2,4,partial,10.0,8.0,6.0,A,,,,,
2025-12-07,14:00,2526,F1,Ligue 1,Nice,Angers,A,No external context supplied,,W L D W W,L W D L L,0.0,0.0,0.5,0.5,1.0,1.0,0.0,0.0,0.0,0.0,0.4909,0.2783,0.2308,2.02,3.62,3.79,2.04,3.59,4.33,2.27,4.38,5.53,0.5645,1.83,1.77,2.15,1.4,1.5,2.9,0.5853,0.7854,0.3304,4.6,5.1,9.7,10.5,3.8,over_15_goals|btts_yes|home_4_sot|total_8_corners,Over 1.5 goals + BTTS yes + Nice 4+ SOT + 8+ corners,strong,Over 1.5 goals:lost | BTTS yes:lost | Nice 4+ SOT:lost | 8+ corners:lost,0,4,lost,7.0,5.0,4.0,H,,,,,
2025-12-07,14:00,2526,I1,Serie A,Cagliari,Roma,H,No external context supplied,,L L L D L,W W W D W,0.0,0.0,0.5,0.5,1.0,1.0,0.0,0.0,0.0,0.0,0.1565,0.2608,0.5826,5.5,3.76,1.7,6.39,3.83,1.72,9.39,4.74,1.88,0.4858,2.16,2.06,2.59,0.8,1.5,2.3,0.4278,0.6691,0.2007,4.2,5.1,9.3,9.7,5.8,home_4_sot|total_8_corners|total_3_cards,Cagliari 4+ SOT + 8+ corners + 3+ cards,strong,Cagliari 4+ SOT:won | 8+ corners:lost | 3+ cards:won,2,3,partial,10.0,5.0,5.0,A,,,,,
2025-12-07,11:30,2526,I1,Serie A,Cremonese,Lecce,H,No external context supplied,,D L,D W,0.0,0.0,0.5,0.5,1.0,1.0,0.0,0.0,0.0,0.0,0.3913,0.2668,0.3419,2.49,3.05,3.3,2.56,3.75,2.93,2.93,4.61,3.43,0.4383,2.47,2.28,2.96,1.1,1.15,2.25,0.4559,0.6575,0.1906,4.2,4.0,8.2,10.0,3.0,home_4_sot|total_8_corners,Cremonese 4+ SOT + 8+ corners,lean,Cremonese 4+ SOT:won | 8+ corners:won,2,2,won,5.0,10.0,3.0,H,,,,,
2025-12-07,17:00,2526,I1,Serie A,Lazio,Bologna,D,No external context supplied,,D L L W L,D W W L W,0.0,0.0,0.5,0.5,1.0,1.0,0.0,0.0,0.0,0.0,0.6012,0.2666,0.1322,2.65,3.1,3.01,1.66,3.75,7.56,1.81,4.62,12.16,0.4739,2.43,2.11,2.67,1.0,1.4,2.4,0.4762,0.6916,0.2213,3.9,3.9,7.8,8.6,2.6,,No builder lean,none,,,0,,15.0,10.0,9.0,H,H,0.1696,all H all 15%+,25,0.4264
2025-12-07,19:45,2526,I1,Serie A,Napoli,Juventus,H,No external context supplied,,W L W D W,L W L D L,0.0,0.0,0.5,0.5,1.0,1.0,0.0,0.0,0.0,0.0,0.4815,0.2521,0.2664,2.49,2.97,3.38,2.08,3.97,3.75,2.32,4.95,4.62,0.3505,2.44,2.85,3.99,1.15,1.0,2.15,0.432,0.6331,0.1709,3.5,4.5,8.0,7.9,3.2,away_4_sot,Juventus 4+ SOT,lean,Juventus 4+ SOT:lost,0,1,lost,6.0,9.0,3.0,H,,,,,
2025-12-07,13:00,2526,SP1,La Liga,Elche,Girona,H,No external context supplied,,L L,W W,0.0,0.0,0.5,0.5,1.0,1.0,0.0,0.0,0.0,0.0,0.3917,0.3127,0.2956,2.16,3.57,3.45,2.55,3.2,3.38,2.93,3.81,4.07,0.5156,1.86,1.94,2.41,1.2,1.2,2.4,0.4883,0.6916,0.2213,4.5,5.0,9.5,8.5,4.8,home_4_sot|total_3_cards,Elche 4+ SOT + 3+ cards,lean,Elche 4+ SOT:won | 3+ cards:won,2,2,won,10.0,4.0,3.0,H,,,,,
2025-12-07,17:30,2526,SP1,La Liga,Espanol,Vallecano,H,No external context supplied,,L L W W W,W W L L L,0.0,0.0,0.5,0.5,1.0,1.0,0.0,0.0,0.0,0.0,0.4188,0.242,0.3392,2.33,3.4,3.22,2.39,4.13,2.95,2.71,5.21,3.46,0.5542,2.22,1.8,2.2,1.0,1.0,2.0,0.3996,0.594,0.1429,3.8,4.1,7.9,10.2,4.4,total_8_corners|total_3_cards,8+ corners + 3+ cards,lean,8+ corners:won | 3+ cards:won,2,2,won,4.0,8.0,16.0,H,,,,,
2025-12-07,20:00,2526,SP1,La Liga,Real Madrid,Celta,A,No external context supplied,,W W W W W,L L L L L,1.0,0.0,0.5,0.5,1.0,1.0,0.0,0.0,0.0,0.0,0.7187,0.185,0.0962,1.3,5.84,9.64,1.39,5.4,10.39,1.5,7.41,21.63,0.6792,1.36,1.47,1.73,1.8,1.2,3.0,0.5833,0.8009,0.3528,5.8,3.9,9.7,8.6,2.8,over_15_goals|btts_yes|home_4_sot,Over 1.5 goals + BTTS yes + Real Madrid 4+ SOT,strong,Over 1.5 goals:won | BTTS yes:lost | Real Madrid 4+ SOT:won,2,3,partial,12.0,9.0,13.0,H,,,,,
2025-12-07,15:15,2526,SP1,La Liga,Valencia,Sevilla,D,No external context supplied,,L W D D W,W L D D L,0.0,0.0,0.5,0.5,1.0,1.0,0.0,0.0,0.0,0.0,0.4259,0.3003,0.2738,2.16,3.5,3.51,2.35,3.33,3.65,2.66,3.99,4.47,0.55,2.08,1.82,2.22,1.25,1.3,2.55,0.519,0.7228,0.2532,3.4,4.2,7.6,11.2,5.4,over_15_goals|away_4_sot|total_8_corners|total_3_cards,Over 1.5 goals + Sevilla 4+ SOT + 8+ corners + 3+ cards,strong,Over 1.5 goals:won | Sevilla 4+ SOT:lost | 8+ corners:lost | 3+ cards:won,2,4,partial,4.0,4.0,9.0,H,,,,,
2025-12-08,20:00,2526,E0,Premier League,Wolves,Man United,A,No external context supplied,"Weather: rain 0.4mm, gusts 47.5km/h, snow 0.0cm",L L L W W,W W W L L,0.0,0.0,0.5,0.5,1.0,1.0,0.0,0.0,0.0,0.0,0.1732,0.1989,0.6279,4.19,4.01,1.83,5.77,5.03,1.59,8.11,6.72,1.73,0.4695,1.67,2.13,2.71,0.95,1.9,2.85,0.5215,0.7773,0.3192,2.2,5.2,7.4,10.0,4.6,over_15_goals|away_4_sot|total_8_corners|total_3_cards,Over 1.5 goals + Man United 4+ SOT + 8+ corners + 3+ cards,strong,Over 1.5 goals:won | Man United 4+ SOT:won | 8+ corners:won | 3+ cards:won,4,4,won,12.0,10.0,5.0,A,,,,,
2025-12-08,14:00,2526,I1,Serie A,Pisa,Parma,A,No external context supplied,,No recent H2H,No recent H2H,0.0,0.0,0.5,0.5,1.0,1.0,0.0,0.0,0.0,0.0,0.2669,0.2219,0.5112,2.5,2.97,3.38,3.75,4.51,1.96,4.61,5.82,2.17,0.4864,2.43,2.06,2.59,1.05,1.15,2.2,0.4442,0.6454,0.1806,4.0,4.1,8.1,8.2,5.0,total_3_cards,3+ cards,lean,3+ cards:won,1,1,won,4.0,6.0,6.0,A,,,,,
2025-12-08,19:45,2526,I1,Serie A,Torino,Milan,A,No external context supplied,,L L W D W,W W L D L,0.0,0.0,0.5,0.5,1.0,1.0,0.0,0.0,0.0,0.0,0.1792,0.2376,0.5832,4.89,3.61,1.8,5.58,4.21,1.71,7.74,5.33,1.88,0.3752,2.02,2.67,3.63,0.9,1.65,2.55,0.4795,0.7228,0.2532,3.9,4.1,8.0,8.9,3.8,over_15_goals,Over 1.5 goals,lean,Over 1.5 goals:won,1,1,won,10.0,6.0,3.0,A,,,,,
2025-12-08,17:00,2526,I1,Serie A,Udinese,Genoa,A,No external context supplied,,D D L L L,D D W W W,0.0,0.0,0.5,0.5,1.0,1.0,0.0,0.0,0.0,0.0,0.3794,0.3266,0.2941,2.51,3.0,3.32,2.64,3.06,3.4,3.04,3.62,4.1,0.3863,2.43,2.59,3.49,1.4,1.5,2.9,0.5853,0.7854,0.3304,4.0,4.6,8.6,9.4,4.8,over_15_goals|btts_yes|away_4_sot|total_3_cards,Over 1.5 goals + BTTS yes + Genoa 4+ SOT + 3+ cards,strong,Over 1.5 goals:won | BTTS yes:won | Genoa 4+ SOT:won | 3+ cards:lost,3,4,partial,12.0,8.0,1.0,H,,,,,
2025-12-08,20:00,2526,SP1,La Liga,Osasuna,Levante,H,No external context supplied,,W L W D W,L W L D L,0.0,0.0,0.5,0.5,1.0,1.0,0.0,0.0,0.0,0.0,0.5868,0.2627,0.1506,1.77,3.83,4.77,1.7,3.81,6.64,1.86,4.7,9.94,0.5671,1.94,1.76,2.14,1.3,1.35,2.65,0.5389,0.7421,0.2749,4.8,4.0,8.8,9.6,5.8,over_15_goals|home_4_sot|total_8_corners|total_3_cards,Over 1.5 goals + Osasuna 4+ SOT + 8+ corners + 3+ cards,strong,Over 1.5 goals:won | Osasuna 4+ SOT:won | 8+ corners:lost | 3+ cards:won,3,4,partial,11.0,6.0,4.0,H,,,,,
2025-12-12,19:30,2526,D1,Bundesliga,Union Berlin,RB Leipzig,H,No external context supplied,,W L L D D,L W W D D,0.0,0.0,0.5,0.5,1.0,1.0,0.0,0.0,0.0,0.0,0.3748,0.249,0.3762,3.27,3.47,2.31,2.67,4.02,2.66,3.08,5.03,3.07,0.5548,1.89,1.8,2.2,0.95,1.95,2.9,0.526,0.7854,0.3304,3.4,5.4,8.8,10.7,4.2,over_15_goals|away_4_sot|total_8_corners|total_3_cards,Over 1.5 goals + RB Leipzig 4+ SOT + 8+ corners + 3+ cards,strong,Over 1.5 goals:won | RB Leipzig 4+ SOT:lost | 8+ corners:won | 3+ cards:won,3,4,partial,9.0,10.0,4.0,A,,,,,
2025-12-12,19:45,2526,F1,Ligue 1,Angers,Nantes,H,No external context supplied,,D D L D W,D D W D L,0.0,0.0,0.5,0.5,1.0,1.0,0.0,0.0,0.0,0.0,0.4197,0.3309,0.2494,2.19,3.27,3.77,2.38,3.02,4.01,2.71,3.56,5.01,0.439,2.26,2.28,2.95,1.45,1.15,2.6,0.5231,0.7326,0.264,4.3,3.7,8.0,9.0,3.6,over_15_goals|home_4_sot,Over 1.5 goals + Angers 4+ SOT,lean,Over 1.5 goals:won | Angers 4+ SOT:won,2,2,won,13.0,9.0,3.0,H,,,,,
2025-12-12,19:45,2526,I1,Serie A,Lecce,Pisa,H,No external context supplied,,No recent H2H,No recent H2H,0.0,0.0,0.5,0.5,1.0,1.0,0.0,0.0,0.0,0.0,0.4317,0.2802,0.2881,2.54,2.9,3.45,2.32,3.57,3.47,2.62,4.34,4.2,0.309,2.7,3.24,4.79,1.05,0.9,1.95,0.3858,0.5803,0.134,3.2,4.1,7.3,8.7,3.8,,No builder lean,none,,,0,,3.0,13.0,3.0,H,,,,,
2025-12-12,20:00,2526,SP1,La Liga,Sociedad,Girona,A,No external context supplied,,D D D W W,D D D L L,0.0,0.0,0.5,0.5,1.0,1.0,0.0,0.0,0.0,0.0,0.488,0.2845,0.2275,1.78,3.83,4.86,2.05,3.52,4.4,2.28,4.27,5.63,0.5079,1.88,1.97,2.45,1.4,1.2,2.6,0.5265,0.7326,0.264,5.3,3.7,9.0,7.8,4.6,over_15_goals|home_4_sot|total_3_cards,Over 1.5 goals + Sociedad 4+ SOT + 3+ cards,strong,Over 1.5 goals:won | Sociedad 4+ SOT:won | 3+ cards:won,3,3,won,7.0,7.0,3.0,H,,,,,
2025-12-13,14:30,2526,D1,Bundesliga,Ein Frankfurt,Augsburg,H,No external context supplied,,D L W D D,D W L D D,0.0,0.0,0.5,0.5,1.0,1.0,0.0,0.0,0.0,0.0,0.539,0.3074,0.1536,1.72,4.27,4.51,1.86,3.25,6.51,2.04,3.88,9.65,0.5521,1.55,1.81,2.21,2.05,1.75,3.8,0.7199,0.8926,0.5265,3.7,4.2,7.9,8.5,4.0,over_15_goals|btts_yes,Over 1.5 goals + BTTS yes,lean,Over 1.5 goals:lost | BTTS yes:lost,0,2,lost,5.0,8.0,5.0,H,,,,,
2025-12-13,14:30,2526,D1,Bundesliga,Hoffenheim,Hamburg,H,No external context supplied,,L W,W L,0.0,0.0,0.5,0.5,1.0,1.0,0.0,0.0,0.0,0.0,0.4965,0.2495,0.254,1.72,4.33,4.47,2.01,4.01,3.94,2.24,5.01,4.9,0.5422,1.5,1.84,2.26,1.55,1.35,2.9,0.5835,0.7854,0.3304,4.2,4.4,8.6,8.4,5.8,over_15_goals|btts_yes|away_4_sot|total_3_cards,Over 1.5 goals + BTTS yes + Hamburg 4+ SOT + 3+ cards,strong,Over 1.5 goals:won | BTTS yes:won | Hamburg 4+ SOT:won | 3+ cards:won,4,4,won,11.0,6.0,4.0,H,,,,,
2025-12-13,17:30,2526,D1,Bundesliga,Leverkusen,FC Koln,H,No external context supplied,,L W L W W,W L W L L,0.0,0.0,0.5,0.5,1.0,1.0,0.0,0.0,0.0,0.0,0.4866,0.2518,0.2617,1.57,4.68,5.33,2.06,3.97,3.82,2.29,4.96,4.72,0.5927,1.49,1.69,2.03,1.9,1.35,3.25,0.63,0.8352,0.4086,4.1,5.4,9.5,9.3,3.2,over_15_goals|btts_yes|away_4_sot,Over 1.5 goals + BTTS yes + FC Koln 4+ SOT,strong,Over 1.5 goals:won | BTTS yes:lost | FC Koln 4+ SOT:won,2,3,partial,10.0,11.0,3.0,H,,,,,
2025-12-13,14:30,2526,D1,Bundesliga,M'gladbach,Wolfsburg,A,No external context supplied,,W W W L L,L L L W W,0.0,0.0,0.5,0.5,1.0,1.0,0.0,0.0,0.0,0.0,0.414,0.3147,0.2713,1.98,3.85,3.69,2.42,3.18,3.69,2.75,3.78,4.52,0.5348,1.56,1.87,2.3,1.75,1.2,2.95,0.5774,0.7933,0.3416,4.8,4.3,9.1,10.7,2.6,over_15_goals|btts_yes|home_4_sot|total_8_corners,Over 1.5 goals + BTTS yes + M'gladbach 4+ SOT + 8+ corners,strong,Over 1.5 goals:won | BTTS yes:won | M'gladbach 4+ SOT:won | 8+ corners:won,4,4,won,10.0,9.0,1.0,H,,,,,
2025-12-13,14:30,2526,D1,Bundesliga,St Pauli,Heidenheim,H,No external context supplied,,L W,W L,0.0,0.0,0.5,0.5,1.0,1.0,0.0,0.0,0.0,0.0,0.4855,0.324,0.1905,1.98,3.45,4.18,2.06,3.09,5.25,2.3,3.65,7.12,0.4982,2.11,2.01,2.51,1.25,1.6,2.85,0.5694,0.7773,0.3192,3.2,4.1,7.3,10.7,3.2,over_15_goals|btts_yes|total_8_corners,Over 1.5 goals + BTTS yes + 8+ corners,strong,Over 1.5 goals:won | BTTS yes:won | 8+ corners:won,3,3,won,12.0,15.0,7.0,H,,,,,
2025-12-13,20:00,2526,E0,Premier League,Arsenal,Wolves,H,No external context supplied,"Weather: rain 0.0mm, gusts 25.9km/h, snow 0.0cm",W W W W W,L L L L L,0.0,0.0,0.5,0.5,1.0,1.0,0.0,0.0,0.0,0.0,0.8724,0.0656,0.062,1.14,8.77,21.15,1.15,15.25,16.12,1.22,64.19,83.17,0.5608,1.51,1.78,2.17,1.95,0.6,2.55,0.387,0.7228,0.2532,6.6,2.3,8.9,8.1,4.6,over_15_goals|home_4_sot|total_3_cards,Over 1.5 goals + Arsenal 4+ SOT + 3+ cards,strong,Over 1.5 goals:won | Arsenal 4+ SOT:lost | 3+ cards:won,2,3,partial,4.0,8.0,4.0,H,,,,,
2025-12-13,17:30,2526,E0,Premier League,Burnley,Fulham,A,No external context supplied,"Weather: rain 0.1mm, gusts 56.5km/h, snow 0.0cm",W D W W D,L D L L D,0.0,0.0,0.5,0.5,1.0,1.0,0.0,0.0,0.0,0.0,0.2622,0.2476,0.4903,3.98,3.59,1.98,3.81,4.04,2.04,4.71,5.06,2.27,0.4366,2.04,2.29,2.97,1.5,1.8,3.3,0.6485,0.8414,0.4197,3.6,4.8,8.4,10.9,3.4,over_15_goals|btts_yes|away_4_sot|total_8_corners,Over 1.5 goals + BTTS yes + Fulham 4+ SOT + 8+ corners,strong,Over 1.5 goals:won | BTTS yes:won | Fulham 4+ SOT:won | 8+ corners:won,4,4,won,12.0,14.0,3.0,A,,,,,
2025-12-13,15:00,2526,E0,Premier League,Chelsea,Everton,H,No external context supplied,"Weather: rain 0.0mm, gusts 25.2km/h, snow 0.0cm",D L W D W,D W L D L,0.0,0.0,0.5,0.5,1.0,1.0,0.0,0.0,0.0,0.0,0.494,0.2752,0.2308,1.67,4.04,5.3,2.02,3.63,4.33,2.25,4.44,5.53,0.5228,1.84,1.91,2.37,1.35,1.1,2.45,0.4942,0.7023,0.2318,4.6,3.2,7.8,9.1,4.2,home_4_sot|total_3_cards,Chelsea 4+ SOT + 3+ cards,lean,Chelsea 4+ SOT:won | 3+ cards:lost,1,2,partial,7.0,11.0,1.0,H,,,,,
2025-12-13,15:00,2526,E0,Premier League,Liverpool,Brighton,H,No external context supplied,"Weather: rain 0.0mm, gusts 41.4km/h, snow 0.0cm",L D W W L,W D L L W,1.0,0.0,0.5,0.5,1.0,1.0,0.0,0.0,0.0,0.0,0.575,0.2788,0.1462,1.69,4.32,4.68,1.74,3.59,6.84,1.9,4.37,10.4,0.5452,1.5,1.83,2.25,1.3,1.9,3.2,0.6187,0.8288,0.3975,4.5,4.9,9.4,11.7,4.6,over_15_goals|btts_yes|home_4_sot|total_8_corners|total_3_cards,Over 1.5 goals + BTTS yes + Liverpool 4+ SOT + 8+ corners,strong,Over 1.5 goals:won | BTTS yes:lost | Liverpool 4+ SOT:won | 8+ corners:lost | 3+ cards:won,3,5,partial,5.0,4.0,3.0,H,,,,,
2025-12-13,18:00,2526,F1,Ligue 1,Metz,Paris SG,A,No external context supplied,,L L L L L,W W W W W,0.0,1.0,0.5,0.5,1.0,1.0,0.0,0.0,0.0,0.0,0.1568,0.1941,0.6492,10.74,6.84,1.24,6.38,5.15,1.54,9.37,6.94,1.67,0.6488,1.34,1.54,1.82,0.9,2.15,3.05,0.5243,0.8082,0.364,3.5,6.0,9.5,10.1,3.4,over_15_goals|away_4_sot|total_8_corners,Over 1.5 goals + Paris SG 4+ SOT + 8+ corners,strong,Over 1.5 goals:won | Paris SG 4+ SOT:won | 8+ corners:won,3,3,won,14.0,8.0,3.0,A,,,,,
2025-12-13,20:05,2526,F1,Ligue 1,Paris FC,Toulouse,A,No external context supplied,,No recent H2H,No recent H2H,0.0,0.0,0.5,0.5,1.0,1.0,0.0,0.0,0.0,0.0,0.3324,0.2354,0.4322,2.48,3.31,3.05,3.01,4.25,2.31,3.54,5.39,2.62,0.5619,1.94,1.78,2.17,1.1,1.4,2.5,0.5026,0.7127,0.2424,2.4,3.6,6.0,9.8,4.4,total_8_corners|total_3_cards,8+ corners + 3+ cards,lean,8+ corners:won | 3+ cards:won,2,2,won,6.0,11.0,4.0,A,,,,,
2025-12-13,16:00,2526,F1,Ligue 1,Rennes,Brest,H,No external context supplied,,W D L D L,L D W D W,0.0,0.0,0.5,0.5,1.0,1.0,0.0,0.0,0.0,0.0,0.4689,0.2668,0.2643,1.84,3.93,4.2,2.13,3.75,3.78,2.39,4.61,4.67,0.5097,1.7,1.96,2.44,1.5,1.3,2.8,0.5651,0.7689,0.3081,4.2,4.3,8.5,10.1,3.8,over_15_goals|btts_yes|home_4_sot|total_8_corners,Over 1.5 goals + BTTS yes + Rennes 4+ SOT + 8+ corners,strong,Over 1.5 goals:won | BTTS yes:won | Rennes 4+ SOT:won | 8+ corners:won,4,4,won,12.0,12.0,5.0,H,,,,,
2025-12-13,19:45,2526,I1,Serie A,Atalanta,Cagliari,H,No external context supplied,,L W L W D,W L W L D,0.0,0.0,0.5,0.5,1.0,1.0,0.0,0.0,0.0,0.0,0.6505,0.1958,0.1537,1.35,5.48,8.72,1.54,5.11,6.51,1.67,6.86,9.64,0.53,1.67,1.89,2.33,1.2,1.15,2.35,0.4775,0.6805,0.2109,4.4,4.8,9.2,8.3,4.2,home_4_sot,Atalanta 4+ SOT,lean,Atalanta 4+ SOT:won,1,1,won,9.0,9.0,3.0,H,,,,,
2025-12-13,17:00,2526,I1,Serie A,Parma,Lazio,A,No external context supplied,,L L L W D,W W W L D,0.0,0.0,0.5,0.5,1.0,1.0,0.0,0.0,0.0,0.0,0.1986,0.2421,0.5594,3.83,3.34,2.11,5.04,4.13,1.79,6.73,5.21,1.96,0.4889,2.24,2.05,2.57,0.8,1.2,2.0,0.3848,0.594,0.1429,3.5,5.0,8.5,8.2,5.0,away_4_sot|total_3_cards,Lazio 4+ SOT + 3+ cards,lean,Lazio 4+ SOT:won | 3+ cards:won,2,2,won,10.0,8.0,7.0,A,,,,,
2025-12-13,14:00,2526,I1,Serie A,Torino,Cremonese,H,No external context supplied,,W D,L D,0.0,0.0,0.5,0.5,1.0,1.0,0.0,0.0,0.0,0.0,0.4302,0.3366,0.2332,2.01,3.2,4.43,2.32,2.97,4.29,2.63,3.49,5.46,0.4843,2.19,2.06,2.6,1.35,1.55,2.9,0.5835,0.7854,0.3304,4.3,4.2,8.5,9.2,3.2,over_15_goals|btts_yes|home_4_sot,Over 1.5 goals + BTTS yes + Torino 4+ SOT,strong,Over 1.5 goals:lost | BTTS yes:lost | Torino 4+ SOT:won,1,3,partial,9.0,12.0,3.0,H,,,,,
2025-12-13,13:00,2526,SP1,La Liga,Ath Madrid,Valencia,H,No external context supplied,,W L W W W,L W L L L,0.0,0.0,0.5,0.5,1.0,1.0,0.0,0.0,0.0,0.0,0.6741,0.1991,0.1269,1.33,5.0,11.34,1.48,5.02,7.88,1.6,6.71,13.01,0.5542,1.7,1.8,2.2,1.7,0.8,2.5,0.4501,0.7127,0.2424,5.1,2.7,7.8,11.0,4.2,home_4_sot|total_8_corners|total_3_cards,Ath Madrid 4+ SOT + 8+ corners + 3+ cards,strong,Ath Madrid 4+ SOT:won | 8+ corners:won | 3+ cards:won,3,3,won,8.0,12.0,4.0,H,,,,,
2025-12-13,17:30,2526,SP1,La Liga,Barcelona,Osasuna,H,No external context supplied,,W W W L W,L L L W L,1.0,0.0,0.5,0.5,1.0,1.0,0.0,0.0,0.0,0.0,0.5937,0.2527,0.1536,1.22,6.97,12.01,1.68,3.96,6.51,1.84,4.93,9.65,0.6251,1.23,1.6,1.9,2.1,1.3,3.4,0.6384,0.8532,0.4416,6.0,3.4,9.4,9.0,5.4,over_15_goals|btts_yes|home_4_sot|total_3_cards,Over 1.5 goals + BTTS yes + Barcelona 4+ SOT + 3+ cards,strong,Over 1.5 goals:won | BTTS yes:lost | Barcelona 4+ SOT:won | 3+ cards:won,3,4,partial,9.0,15.0,3.0,H,,,,,
2025-12-13,20:00,2526,SP1,La Liga,Getafe,Espanol,A,No external context supplied,,L L L W L,W W W L W,0.0,0.0,0.5,0.5,1.0,1.0,0.0,0.0,0.0,0.0,0.3939,0.3004,0.3057,2.61,2.89,3.29,2.54,3.33,3.27,2.91,3.99,3.91,0.3508,3.01,2.85,3.99,0.8,1.05,1.85,0.358,0.5519,0.1169,3.3,3.7,7.0,10.0,5.4,total_8_corners|total_3_cards,8+ corners + 3+ cards,lean,8+ corners:won | 3+ cards:won,2,2,won,5.0,10.0,6.0,H,,,,,
2025-12-13,15:15,2526,SP1,La Liga,Mallorca,Elche,H,No external context supplied,,D L D L,D W D W,0.0,0.0,0.5,0.5,1.0,1.0,0.0,0.0,0.0,0.0,0.4023,0.3108,0.2869,2.51,3.09,3.22,2.49,3.22,3.49,2.84,3.83,4.22,0.4695,2.3,2.13,2.71,1.15,1.15,2.3,0.467,0.6691,0.2007,4.5,4.5,9.0,8.6,3.8,home_4_sot,Mallorca 4+ SOT,lean,Mallorca 4+ SOT:won,1,1,won,8.0,2.0,3.0,H,,,,,
2025-12-14,16:30,2526,D1,Bundesliga,Bayern Munich,Mainz,D,No external context supplied,,L W W L W,W L L W L,1.0,0.0,0.5,0.5,1.0,1.0,0.0,0.0,0.0,0.0,0.7622,0.1096,0.1282,1.09,12.74,21.79,1.31,9.12,7.8,1.4,16.76,12.79,0.6792,1.21,1.47,1.73,2.8,0.85,3.65,0.5378,0.8791,0.4954,5.8,2.0,7.8,9.4,5.6,over_15_goals|home_4_sot|total_3_cards,Over 1.5 goals + Bayern Munich 4+ SOT + 3+ cards,strong,Over 1.5 goals:won | Bayern Munich 4+ SOT:won | 3+ cards:won,3,3,won,13.0,7.0,4.0,H,,,,,
2025-12-14,14:30,2526,D1,Bundesliga,Freiburg,Dortmund,D,No external context supplied,,L L L L L,W W W W W,0.0,0.0,0.5,0.5,1.0,1.0,0.0,0.0,0.0,0.0,0.3053,0.2409,0.4538,3.32,3.59,2.2,3.28,4.15,2.2,3.92,5.24,2.48,0.5717,1.8,1.75,2.12,1.15,1.45,2.6,0.5231,0.7326,0.264,3.9,3.2,7.1,9.8,2.2,over_15_goals|total_8_corners,Over 1.5 goals + 8+ corners,lean,Over 1.5 goals:won | 8+ corners:lost,1,2,partial,10.0,6.0,7.0,A,,,,,
2025-12-14,18:30,2526,D1,Bundesliga,Werder Bremen,Stuttgart,A,No external context supplied,,W L W D W,L W L D L,0.0,0.0,0.5,0.5,1.0,1.0,0.0,0.0,0.0,0.0,0.2717,0.2945,0.4338,2.91,3.92,2.3,3.68,3.4,2.31,4.51,4.09,2.61,0.5341,1.52,1.87,2.3,1.35,1.75,3.1,0.612,0.8153,0.3752,5.7,5.0,10.7,9.1,6.0,over_15_goals|btts_yes|home_4_sot|total_3_cards,Over 1.5 goals + BTTS yes + Werder Bremen 4+ SOT + 3+ cards,strong,Over 1.5 goals:won | BTTS yes:lost | Werder Bremen 4+ SOT:lost | 3+ cards:won,2,4,partial,15.0,9.0,4.0,A,,,,,
2025-12-14,16:30,2526,E0,Premier League,Brentford,Leeds,D,No external context supplied,"Weather: rain 0.0mm, gusts 40.7km/h, snow 0.0cm",D L W D,D W L D,0.0,0.0,0.5,0.5,1.0,1.0,0.0,0.0,0.0,0.0,0.5196,0.3084,0.172,1.97,3.69,3.89,1.92,3.24,5.82,2.13,3.87,8.2,0.5422,1.86,1.84,2.26,1.85,1.45,3.3,0.6451,0.8414,0.4197,4.4,4.4,8.8,9.5,4.0,over_15_goals|btts_yes|home_4_sot|total_8_corners,Over 1.5 goals + BTTS yes + Brentford 4+ SOT + 8+ corners,strong,Over 1.5 goals:won | BTTS yes:won | Brentford 4+ SOT:lost | 8+ corners:lost,2,4,partial,6.0,3.0,0.0,H,,,,,
2025-12-14,14:00,2526,E0,Premier League,Crystal Palace,Man City,A,No external context supplied,"Weather: rain 0.0mm, gusts 47.5km/h, snow 0.0cm",L D L D L,W D W D W,0.0,1.0,0.5,0.5,1.0,1.0,0.0,0.0,0.0,0.0,0.2987,0.2806,0.4207,4.05,3.99,1.86,3.35,3.56,2.38,4.02,4.34,2.7,0.5802,1.66,1.72,2.08,1.25,1.8,3.05,0.5956,0.8082,0.364,3.4,4.7,8.1,9.9,3.6,over_15_goals|btts_yes|away_4_sot|total_8_corners,Over 1.5 goals + BTTS yes + Man City 4+ SOT + 8+ corners,strong,Over 1.5 goals:won | BTTS yes:lost | Man City 4+ SOT:won | 8+ corners:lost,2,4,partial,10.0,4.0,2.0,A,,,,,
2025-12-14,14:00,2526,E0,Premier League,Nott'm Forest,Tottenham,H,No external context supplied,"Weather: rain 0.0mm, gusts 49.7km/h, snow 0.0cm",L L L W W,W W W L L,0.0,0.0,0.5,0.5,1.0,1.0,0.0,0.0,0.0,0.0,0.3694,0.2662,0.3644,2.6,3.4,2.82,2.71,3.76,2.74,3.13,4.63,3.18,0.4954,1.95,2.02,2.53,1.2,1.55,2.75,0.5505,0.7603,0.297,4.3,3.6,7.9,11.1,4.8,over_15_goals|btts_yes|home_4_sot|total_8_corners|total_3_cards,Over 1.5 goals + BTTS yes + Nott'm Forest 4+ SOT + 8+ corners,strong,Over 1.5 goals:won | BTTS yes:lost | Nott'm Forest 4+ SOT:won | 8+ corners:lost | 3+ cards:won,3,5,partial,7.0,6.0,4.0,H,,,,,
2025-12-14,14:00,2526,E0,Premier League,Sunderland,Newcastle,H,No external context supplied,"Weather: rain 20.6mm, gusts 68.8km/h, snow 0.0cm",No recent H2H,No recent H2H,0.0,0.0,0.5,0.5,1.0,1.0,0.0,0.0,0.0,0.0,0.2222,0.2731,0.5047,3.43,3.33,2.26,4.5,3.66,1.98,5.81,4.48,2.2,0.4567,1.91,2.19,2.8,1.4,1.55,2.95,0.5935,0.7933,0.3416,3.5,5.7,9.2,11.9,3.4,over_15_goals|btts_yes|away_4_sot|total_8_corners,Over 1.5 goals + BTTS yes + Newcastle 4+ SOT + 8+ corners,strong,Over 1.5 goals:lost | BTTS yes:lost | Newcastle 4+ SOT:lost | 8+ corners:won,1,4,partial,3.0,9.0,9.0,A,,,,,
2025-12-14,14:00,2526,E0,Premier League,West Ham,Aston Villa,A,No external context supplied,"Weather: rain 0.0mm, gusts 44.3km/h, snow 0.0cm",D L D L D,D W D W D,0.0,0.0,0.5,0.5,1.0,1.0,0.0,0.0,0.0,0.0,0.3998,0.2932,0.3069,3.76,3.57,2.05,2.5,3.41,3.26,2.86,4.11,3.89,0.54,1.78,1.85,2.27,1.1,1.85,2.95,0.5622,0.7933,0.3416,4.5,6.3,10.8,10.7,3.2,over_15_goals|btts_yes|home_4_sot|total_8_corners,Over 1.5 goals + BTTS yes + West Ham 4+ SOT + 8+ corners,strong,Over 1.5 goals:won | BTTS yes:won | West Ham 4+ SOT:lost | 8+ corners:won,3,4,partial,7.0,8.0,3.0,H,,,,,
2025-12-14,16:15,2526,F1,Ligue 1,Auxerre,Lille,A,No external context supplied,,L D D L,W D D W,0.0,0.0,0.5,0.5,1.0,1.0,0.0,0.0,0.0,0.0,0.2545,0.2644,0.4811,4.46,3.76,1.83,3.93,3.78,2.08,4.89,4.66,2.32,0.5341,1.86,1.87,2.3,0.8,1.55,2.35,0.4338,0.6805,0.2109,3.9,4.1,8.0,8.9,4.8,total_3_cards,3+ cards,lean,3+ cards:won,1,1,won,13.0,13.0,15.0,A,,,,,
2025-12-14,16:15,2526,F1,Ligue 1,Lens,Nice,H,No external context supplied,,L L L D L,W W W D W,0.0,0.0,0.5,0.5,1.0,1.0,0.0,0.0,0.0,0.0,0.6692,0.2288,0.102,1.49,4.72,6.49,1.49,4.37,9.8,1.61,5.59,19.23,0.5666,1.49,1.76,2.14,1.8,1.05,2.85,0.5426,0.7773,0.3192,6.7,3.7,10.4,9.9,4.2,over_15_goals|btts_yes|home_4_sot|total_8_corners|total_3_cards,Over 1.5 goals + BTTS yes + Lens 4+ SOT + 8+ corners,strong,Over 1.5 goals:won | BTTS yes:lost | Lens 4+ SOT:won | 8+ corners:lost | 3+ cards:lost,2,5,partial,9.0,7.0,2.0,H,,,,,
2025-12-14,14:00,2526,F1,Ligue 1,Lyon,Le Havre,H,No external context supplied,,D L W W,D W L L,0.0,0.0,0.5,0.5,1.0,1.0,0.0,0.0,0.0,0.0,0.4924,0.2481,0.2595,1.6,4.12,5.85,2.03,4.03,3.85,2.26,5.05,4.77,0.5261,1.89,1.9,2.35,1.35,1.0,2.35,0.4682,0.6805,0.2109,4.2,4.0,8.2,10.7,4.8,total_8_corners|total_3_cards,8+ corners + 3+ cards,lean,8+ corners:won | 3+ cards:won,2,2,won,8.0,9.0,6.0,H,,,,,
2025-12-14,19:45,2526,F1,Ligue 1,Marseille,Monaco,H,No external context supplied,,D L D W L,D W D L W,0.0,0.0,0.5,0.5,1.0,1.0,0.0,0.0,0.0,0.0,0.482,0.2327,0.2853,1.93,3.93,3.81,2.07,4.3,3.51,2.31,5.47,4.25,0.5672,1.47,1.76,2.14,2.2,1.2,3.4,0.6214,0.8532,0.4416,5.7,3.6,9.3,8.2,5.8,over_15_goals|btts_yes|home_4_sot|total_3_cards,Over 1.5 goals + BTTS yes + Marseille 4+ SOT + 3+ cards,strong,Over 1.5 goals:lost | BTTS yes:lost | Marseille 4+ SOT:won | 3+ cards:won,2,4,partial,15.0,10.0,3.0,H,,,,,
2025-12-14,16:15,2526,F1,Ligue 1,Strasbourg,Lorient,D,No external context supplied,,D D L W L,D D W L W,0.0,0.0,0.5,0.5,1.0,1.0,0.0,0.0,0.0,0.0,0.5081,0.2717,0.2202,1.75,3.96,4.72,1.97,3.68,4.54,2.18,4.51,5.87,0.5542,1.76,1.8,2.2,1.6,1.4,3.0,0.6013,0.8009,0.3528,2.6,4.1,6.7,7.1,3.8,over_15_goals|btts_yes,Over 1.5 goals + BTTS yes,lean,Over 1.5 goals:lost | BTTS yes:lost,0,2,lost,4.0,14.0,1.0,H,,,,,
2025-12-14,19:45,2526,I1,Serie A,Bologna,Juventus,A,No external context supplied,,D D D D D,D D D D D,0.0,0.0,0.5,0.5,1.0,1.0,0.0,0.0,0.0,0.0,0.2846,0.3263,0.3891,2.95,3.2,2.62,3.51,3.06,2.57,4.26,3.62,2.95,0.485,2.2,2.06,2.6,1.5,0.95,2.45,0.4764,0.7023,0.2318,4.2,4.2,8.4,9.4,2.4,,No builder lean,none,,,0,,7.0,7.0,6.0,A,,,,,
2025-12-14,14:00,2526,I1,Serie A,Fiorentina,Verona,A,No external context supplied,,W W L W L,L L W L W,0.0,0.0,0.5,0.5,1.0,1.0,0.0,0.0,0.0,0.0,0.4078,0.3399,0.2523,1.81,3.62,4.83,2.45,2.94,3.96,2.8,3.45,4.94,0.4702,2.17,2.13,2.7,1.15,1.35,2.5,0.5062,0.7127,0.2424,4.1,4.6,8.7,8.9,6.0,away_4_sot|total_3_cards,Verona 4+ SOT + 3+ cards,lean,Verona 4+ SOT:lost | 3+ cards:won,1,2,partial,7.0,13.0,6.0,H,,,,,
2025-12-14,17:00,2526,I1,Serie A,Genoa,Inter,A,No external context supplied,,D D L D L,D D W D W,0.0,1.0,0.5,0.5,1.0,1.0,0.0,0.0,0.0,0.0,0.1113,0.4475,0.4412,6.67,4.38,1.52,8.98,2.23,2.27,16.3,2.52,2.56,0.482,1.97,2.07,2.62,0.95,1.9,2.85,0.5215,0.7773,0.3192,4.4,4.8,9.2,8.8,3.6,over_15_goals|home_4_sot,Over 1.5 goals + Genoa 4+ SOT,lean,Over 1.5 goals:won | Genoa 4+ SOT:lost,1,2,partial,11.0,7.0,5.0,D,,,,,
2025-12-14,11:30,2526,I1,Serie A,Milan,Sassuolo,D,No external context supplied,,W D L W D,L D W L D,0.0,0.0,0.5,0.5,1.0,1.0,0.0,0.0,0.0,0.0,0.6464,0.2489,0.1048,1.42,4.78,8.05,1.55,4.02,9.54,1.68,5.03,18.26,0.5105,1.77,1.96,2.44,1.25,1.2,2.45,0.4986,0.7023,0.2318,5.0,4.9,9.9,8.1,3.2,home_4_sot,Milan 4+ SOT,lean,Milan 4+ SOT:won,1,1,won,8.0,10.0,4.0,H,,,,,
2025-12-14,14:00,2526,I1,Serie A,Udinese,Napoli,H,No external context supplied,,D L D L D,D W D W D,0.0,0.0,0.5,0.5,1.0,1.0,0.0,0.0,0.0,0.0,0.227,0.3079,0.465,4.6,3.55,1.86,4.4,3.25,2.15,5.65,3.88,2.41,0.537,2.29,1.86,2.29,1.0,1.5,2.5,0.4911,0.7127,0.2424,3.6,4.1,7.7,8.5,3.8,,No builder lean,none,,,0,,5.0,4.0,1.0,A,,,,,
2025-12-14,20:00,2526,SP1,La Liga,Alaves,Real Madrid,A,No external context supplied,,L L L L L,W W W W W,0.0,1.0,0.5,0.5,1.0,1.0,0.0,0.0,0.0,0.0,0.1733,0.283,0.5437,6.0,3.88,1.63,5.77,3.53,1.84,8.11,4.29,2.03,0.5554,1.71,1.8,2.2,1.0,1.4,2.4,0.4762,0.6916,0.2213,3.7,4.6,8.3,9.3,6.0,away_4_sot|total_3_cards,Real Madrid 4+ SOT + 3+ cards,lean,Real Madrid 4+ SOT:won | 3+ cards:won,2,2,won,8.0,12.0,4.0,A,,,,,
2025-12-14,15:15,2526,SP1,La Liga,Celta,Ath Bilbao,H,No external context supplied,,L L W L L,W W L W W,0.0,0.0,0.5,0.5,1.0,1.0,0.0,0.0,0.0,0.0,0.3067,0.2812,0.4121,2.74,3.25,2.78,3.26,3.56,2.43,3.9,4.33,2.76,0.407,2.13,2.46,3.26,1.35,1.05,2.4,0.4815,0.6916,0.2213,4.6,4.3,8.9,8.9,4.0,home_4_sot,Celta 4+ SOT,lean,Celta 4+ SOT:lost,0,1,lost,4.0,5.0,5.0,A,,,,,
2025-12-14,13:00,2526,SP1,La Liga,Sevilla,Oviedo,H,No external context supplied,,No recent H2H,No recent H2H,0.0,0.0,0.5,0.5,1.0,1.0,0.0,0.0,0.0,0.0,0.4066,0.3068,0.2865,1.93,3.29,4.65,2.46,3.26,3.49,2.8,3.89,4.23,0.3908,2.18,2.56,3.44,1.25,1.1,2.35,0.476,0.6805,0.2109,4.5,3.2,7.7,10.5,6.6,home_4_sot|total_8_corners|total_3_cards,Sevilla 4+ SOT + 8+ corners + 3+ cards,strong,Sevilla 4+ SOT:won | 8+ corners:won | 3+ cards:won,3,3,won,8.0,8.0,5.0,H,,,,,
2025-12-15,20:00,2526,E0,Premier League,Man United,Bournemouth,D,No external context supplied,"Weather: rain 31.0mm, gusts 54.0km/h, snow 0.0cm",W L D L D,L W D W D,0.0,0.0,0.5,0.5,1.0,1.0,0.0,0.0,0.0,0.0,0.4926,0.2166,0.2908,1.84,4.21,3.93,2.03,4.62,3.44,2.26,6.0,4.15,0.5645,1.55,1.77,2.15,1.95,1.45,3.4,0.6565,0.8532,0.4416,5.1,4.0,9.1,9.5,4.8,over_15_goals|btts_yes|home_4_sot|total_8_corners|total_3_cards,Over 1.5 goals + BTTS yes + Man United 4+ SOT + 8+ corners,strong,Over 1.5 goals:won | BTTS yes:won | Man United 4+ SOT:won | 8+ corners:won | 3+ cards:won,5,5,won,18.0,9.0,5.0,H,,,,,
2025-12-15,19:45,2526,I1,Serie A,Roma,Como,H,No external context supplied,,L W,W L,0.0,0.0,0.5,0.5,1.0,1.0,0.0,0.0,0.0,0.0,0.5679,0.2455,0.1866,2.22,3.19,3.7,1.76,4.07,5.36,1.93,5.12,7.32,0.4299,2.19,2.33,3.03,1.0,1.05,2.05,0.4109,0.6074,0.152,4.4,6.0,10.4,8.3,5.2,home_4_sot|total_3_cards,Roma 4+ SOT + 3+ cards,lean,Roma 4+ SOT:won | 3+ cards:won,2,2,won,5.0,9.0,6.0,H,,,,,
2025-12-15,20:00,2526,SP1,La Liga,Vallecano,Betis,D,No external context supplied,,L L W D D,W W L D D,0.0,0.0,0.5,0.5,1.0,1.0,0.0,0.0,0.0,0.0,0.3082,0.2993,0.3925,2.65,3.48,2.71,3.25,3.34,2.55,3.87,4.01,2.92,0.5014,1.92,1.99,2.49,1.05,1.45,2.5,0.4976,0.7127,0.2424,3.7,4.5,8.2,10.5,7.0,away_4_sot|total_8_corners|total_3_cards,Betis 4+ SOT + 8+ corners + 3+ cards,strong,Betis 4+ SOT:won | 8+ corners:won | 3+ cards:won,3,3,won,13.0,11.0,5.0,A,,,,,
2025-12-19,19:30,2526,D1,Bundesliga,Dortmund,M'gladbach,H,No external context supplied,,W W W D W,L L L D L,0.0,0.0,0.5,0.5,1.0,1.0,0.0,0.0,0.0,0.0,0.6032,0.2175,0.1793,1.56,4.56,5.68,1.66,4.6,5.58,1.81,5.97,7.73,0.6294,1.48,1.59,1.89,1.55,1.3,2.85,0.5731,0.7773,0.3192,3.8,4.0,7.8,9.6,2.6,over_15_goals|btts_yes|total_8_corners,Over 1.5 goals + BTTS yes + 8+ corners,strong,Over 1.5 goals:won | BTTS yes:lost | 8+ corners:won,2,3,partial,5.0,10.0,3.0,H,,,,,
2025-12-19,20:00,2526,SP1,La Liga,Valencia,Mallorca,D,No external context supplied,,L D D L W,W D D W L,0.0,0.0,0.5,0.5,1.0,1.0,0.0,0.0,0.0,0.0,0.4674,0.2728,0.2598,2.04,3.3,4.26,2.14,3.67,3.85,2.4,4.49,4.77,0.4858,2.4,2.06,2.59,0.95,1.4,2.35,0.462,0.6805,0.2109,2.9,4.2,7.1,9.1,4.2,away_4_sot|total_3_cards,Mallorca 4+ SOT + 3+ cards,lean,Mallorca 4+ SOT:lost | 3+ cards:won,1,2,partial,4.0,15.0,5.0,H,,,,,
2025-12-20,14:30,2526,D1,Bundesliga,Augsburg,Werder Bremen,D,No external context supplied,,W L L D W,L W W D L,0.0,0.0,0.5,0.5,1.0,1.0,0.0,0.0,0.0,0.0,0.3635,0.3216,0.3149,2.28,3.56,3.19,2.75,3.11,3.18,3.19,3.68,3.77,0.53,1.72,1.89,2.33,1.4,1.4,2.8,0.5676,0.7689,0.3081,6.0,4.4,10.4,10.1,6.4,over_15_goals|btts_yes|home_4_sot|total_8_corners|total_3_cards,Over 1.5 goals + BTTS yes + Augsburg 4+ SOT + 8+ corners,strong,Over 1.5 goals:lost | BTTS yes:lost | Augsburg 4+ SOT:won | 8+ corners:won | 3+ cards:won,3,5,partial,6.0,17.0,7.0,H,,,,,
2025-12-20,14:30,2526,D1,Bundesliga,FC Koln,Union Berlin,A,No external context supplied,,L L D L W,W W D W L,0.0,0.0,0.5,0.5,1.0,1.0,0.0,0.0,0.0,0.0,0.3247,0.3581,0.3173,2.37,3.4,3.15,3.08,2.79,3.15,3.64,3.25,3.74,0.4908,1.93,2.04,2.56,1.25,1.35,2.6,0.5285,0.7326,0.264,3.9,4.3,8.2,9.0,3.4,over_15_goals|away_4_sot,Over 1.5 goals + Union Berlin 4+ SOT,lean,Over 1.5 goals:lost | Union Berlin 4+ SOT:lost,0,2,lost,5.0,9.0,9.0,D,,,,,
2025-12-20,14:30,2526,D1,Bundesliga,Hamburg,Ein Frankfurt,D,No external context supplied,,L L,W W,0.0,0.0,0.5,0.5,1.0,1.0,0.0,0.0,0.0,0.0,0.4419,0.272,0.2861,2.71,3.55,2.51,2.26,3.68,3.5,2.55,4.5,4.24,0.5693,1.65,1.76,2.13,1.65,1.7,3.35,0.6604,0.8474,0.4307,3.8,3.9,7.7,7.9,3.4,over_15_goals|btts_yes,Over 1.5 goals + BTTS yes,lean,Over 1.5 goals:won | BTTS yes:won,2,2,won,6.0,10.0,0.0,H,,,,,
2025-12-20,17:30,2526,D1,Bundesliga,RB Leipzig,Leverkusen,A,No external context supplied,,L L L W D,W W W L D,0.0,0.0,0.5,0.5,1.0,1.0,0.0,0.0,0.0,0.0,0.4633,0.2124,0.3243,2.15,3.8,3.28,2.16,4.71,3.08,2.42,6.16,3.65,0.6488,1.51,1.54,1.82,1.75,1.55,3.3,0.6509,0.8414,0.4197,5.6,4.4,10.0,11.3,3.6,over_15_goals|btts_yes|home_4_sot|total_8_corners,Over 1.5 goals + BTTS yes + RB Leipzig 4+ SOT + 8+ corners,strong,Over 1.5 goals:won | BTTS yes:won | RB Leipzig 4+ SOT:won | 8+ corners:won,4,4,won,15.0,10.0,3.0,H,,,,,
2025-12-20,14:30,2526,D1,Bundesliga,Stuttgart,Hoffenheim,D,No external context supplied,,D L W D D,D W L D D,0.0,0.0,0.5,0.5,1.0,1.0,0.0,0.0,0.0,0.0,0.4806,0.2801,0.2393,2.07,3.86,3.42,2.08,3.57,4.18,2.32,4.35,5.28,0.6115,1.46,1.64,1.95,1.5,1.9,3.4,0.6607,0.8532,0.4416,4.9,4.9,9.8,8.8,4.0,over_15_goals|btts_yes|home_4_sot,Over 1.5 goals + BTTS yes + Stuttgart 4+ SOT,strong,Over 1.5 goals:lost | BTTS yes:lost | Stuttgart 4+ SOT:lost,0,3,lost,4.0,6.0,5.0,H,,,,,
2025-12-20,14:30,2526,D1,Bundesliga,Wolfsburg,Freiburg,A,No external context supplied,,L L W L L,W W L W W,0.0,0.0,0.5,0.5,1.0,1.0,0.0,0.0,0.0,0.0,0.3297,0.3069,0.3634,2.57,3.55,2.76,3.03,3.26,2.75,3.58,3.89,3.19,0.5306,1.77,1.88,2.32,1.4,1.55,2.95,0.5935,0.7933,0.3416,4.4,4.7,9.1,10.9,3.4,over_15_goals|btts_yes|home_4_sot|total_8_corners,Over 1.5 goals + BTTS yes + Wolfsburg 4+ SOT + 8+ corners,strong,Over 1.5 goals:won | BTTS yes:won | Wolfsburg 4+ SOT:won | 8+ corners:won,4,4,won,14.0,8.0,2.0,A,,,,,
2025-12-20,15:00,2526,E0,Premier League,Bournemouth,Burnley,D,No external context supplied,"Weather: rain 0.4mm, gusts 52.9km/h, snow 0.0cm",L L L W W,W W W L L,0.0,0.0,0.5,0.5,1.0,1.0,0.0,0.0,0.0,0.0,0.623,0.273,0.104,1.48,4.65,6.73,1.61,3.66,9.61,1.75,4.48,18.51,0.4461,1.68,2.24,2.89,1.85,1.65,3.5,0.6809,0.8641,0.4634,5.5,4.3,9.8,10.1,5.0,over_15_goals|btts_yes|home_4_sot|total_8_corners|total_3_cards,Over 1.5 goals + BTTS yes + Bournemouth 4+ SOT + 8+ corners,strong,Over 1.5 goals:won | BTTS yes:won | Bournemouth 4+ SOT:lost | 8+ corners:won | 3+ cards:lost,3,5,partial,2.0,8.0,2.0,H,,,,,
2025-12-20,15:00,2526,E0,Premier League,Brighton,Sunderland,D,No external context supplied,"Weather: rain 0.6mm, gusts 43.2km/h, snow 0.0cm",No recent H2H,No recent H2H,0.0,0.0,0.5,0.5,1.0,1.0,0.0,0.0,0.0,0.0,0.3597,0.3275,0.3127,1.63,4.15,5.5,2.78,3.05,3.2,3.23,3.6,3.81,0.5058,1.8,1.98,2.46,1.45,1.3,2.75,0.5568,0.7603,0.297,4.7,4.2,8.9,10.3,5.4,over_15_goals|btts_yes|home_4_sot|total_8_corners|total_3_cards,Over 1.5 goals + BTTS yes + Brighton 4+ SOT + 8+ corners,strong,Over 1.5 goals:lost | BTTS yes:lost | Brighton 4+ SOT:won | 8+ corners:lost | 3+ cards:won,2,5,partial,10.0,7.0,4.0,H,A,0.0988,Premier League A all 8%+,62,0.6148
2025-12-20,20:00,2526,E0,Premier League,Everton,Arsenal,A,No external context supplied,"Weather: rain 0.0mm, gusts 48.6km/h, snow 0.0cm",L L L D D,W W W D D,0.0,0.0,0.5,0.5,1.0,1.0,0.0,0.0,0.0,0.0,0.171,0.3058,0.5232,6.18,4.09,1.58,5.85,3.27,1.91,8.26,3.91,2.11,0.53,2.05,1.89,2.33,0.9,1.55,2.45,0.4675,0.7023,0.2318,2.8,5.4,8.2,8.9,3.6,away_4_sot,Arsenal 4+ SOT,lean,Arsenal 4+ SOT:lost,0,1,lost,3.0,5.0,4.0,A,,,,,
2025-12-20,20:00,2526,E0,Premier League,Leeds,Crystal Palace,H,No external context supplied,"Weather: rain 0.0mm, gusts 28.4km/h, snow 0.0cm",W W D L L,L L D W W,0.0,0.0,0.5,0.5,1.0,1.0,0.0,0.0,0.0,0.0,0.3072,0.2681,0.4248,2.66,3.32,2.81,3.26,3.73,2.35,3.89,4.59,2.67,0.4546,2.05,2.2,2.82,1.3,1.65,2.95,0.5878,0.7933,0.3416,4.4,4.2,8.6,6.7,3.6,over_15_goals|btts_yes|home_4_sot,Over 1.5 goals + BTTS yes + Leeds 4+ SOT,strong,Over 1.5 goals:won | BTTS yes:won | Leeds 4+ SOT:won,3,3,won,11.0,14.0,4.0,A,,,,,
2025-12-20,15:00,2526,E0,Premier League,Man City,West Ham,H,No external context supplied,"Weather: rain 0.0mm, gusts 34.9km/h, snow 0.0cm",W W W W W,L L L L L,1.0,0.0,0.5,0.5,1.0,1.0,0.0,0.0,0.0,0.0,0.6546,0.187,0.1584,1.2,7.87,12.43,1.53,5.35,6.31,1.65,7.3,9.22,0.5553,1.34,1.8,2.2,2.1,1.15,3.25,0.5997,0.8352,0.4086,5.6,3.3,8.9,10.3,3.8,over_15_goals|btts_yes|home_4_sot|total_8_corners,Over 1.5 goals + BTTS yes + Man City 4+ SOT + 8+ corners,strong,Over 1.5 goals:won | BTTS yes:lost | Man City 4+ SOT:won | 8+ corners:lost,2,4,partial,11.0,6.0,2.0,H,,,,,
2025-12-20,12:30,2526,E0,Premier League,Newcastle,Chelsea,D,No external context supplied,"Weather: rain 0.0mm, gusts 27.0km/h, snow 0.0cm",D W L L W,D L W W L,0.0,0.0,0.5,0.5,1.0,1.0,0.0,0.0,0.0,0.0,0.4718,0.1915,0.3367,2.87,3.41,2.55,2.12,5.22,2.97,2.37,7.07,3.49,0.546,1.66,1.83,2.24,1.2,1.55,2.75,0.5505,0.7603,0.297,4.7,3.2,7.9,11.3,3.4,over_15_goals|btts_yes|home_4_sot|total_8_corners,Over 1.5 goals + BTTS yes + Newcastle 4+ SOT + 8+ corners,strong,Over 1.5 goals:won | BTTS yes:won | Newcastle 4+ SOT:won | 8+ corners:won,4,4,won,9.0,10.0,9.0,H,,,,,
2025-12-20,17:30,2526,E0,Premier League,Tottenham,Liverpool,A,No external context supplied,"Weather: rain 0.0mm, gusts 27.7km/h, snow 0.0cm",L W L L L,W L W W W,0.0,1.0,0.5,0.5,1.0,1.0,0.0,0.0,0.0,0.0,0.2344,0.3466,0.419,3.42,3.8,2.09,4.27,2.88,2.39,5.42,3.37,2.71,0.5608,1.63,1.78,2.17,1.55,1.55,3.1,0.6206,0.8153,0.3752,3.3,4.9,8.2,9.9,4.4,over_15_goals|btts_yes|away_4_sot|total_8_corners|total_3_cards,Over 1.5 goals + BTTS yes + Liverpool 4+ SOT + 8+ corners,strong,Over 1.5 goals:won | BTTS yes:won | Liverpool 4+ SOT:won | 8+ corners:won | 3+ cards:won,5,5,won,8.0,8.0,10.0,A,,,,,
2025-12-20,15:00,2526,E0,Premier League,Wolves,Brentford,A,No external context supplied,"Weather: rain 0.1mm, gusts 37.1km/h, snow 0.0cm",W W L L D,L L W W D,0.0,0.0,0.5,0.5,1.0,1.0,0.0,0.0,0.0,0.0,0.334,0.2271,0.4389,3.66,3.56,2.08,2.99,4.4,2.28,3.52,5.65,2.57,0.53,1.93,1.89,2.33,0.95,1.75,2.7,0.5067,0.7513,0.2859,3.5,3.7,7.2,9.5,4.4,over_15_goals|total_8_corners|total_3_cards,Over 1.5 goals + 8+ corners + 3+ cards,strong,Over 1.5 goals:won | 8+ corners:lost | 3+ cards:won,2,3,partial,8.0,7.0,6.0,A,,,,,
2025-12-20,19:45,2526,I1,Serie A,Juventus,Roma,H,No external context supplied,,L W D D D,W L D D D,0.0,0.0,0.5,0.5,1.0,1.0,0.0,0.0,0.0,0.0,0.5441,0.2739,0.1819,1.99,3.31,4.34,1.84,3.65,5.5,2.02,4.47,7.58,0.439,2.27,2.28,2.95,0.85,1.0,1.85,0.3619,0.5519,0.1169,4.3,3.4,7.7,7.6,4.0,home_4_sot,Juventus 4+ SOT,lean,Juventus 4+ SOT:won,1,1,won,14.0,6.0,5.0,H,,,,,
2025-12-20,17:00,2526,I1,Serie A,Lazio,Cremonese,D,No external context supplied,,W W,L L,0.0,0.0,0.5,0.5,1.0,1.0,0.0,0.0,0.0,0.0,0.5645,0.257,0.1784,1.66,3.74,6.0,1.77,3.89,5.6,1.94,4.83,7.79,0.4864,2.0,2.06,2.59,1.2,0.95,2.15,0.4285,0.6331,0.1709,5.8,3.8,9.6,9.7,5.0,home_4_sot|total_8_corners|total_3_cards,Lazio 4+ SOT + 8+ corners + 3+ cards,strong,Lazio 4+ SOT:lost | 8+ corners:lost | 3+ cards:won,1,3,partial,4.0,3.0,9.0,H,,,,,
2025-12-20,15:15,2526,SP1,La Liga,Levante,Sociedad,D,No external context supplied,,D W L L W,D L W W L,0.0,0.0,0.5,0.5,1.0,1.0,0.0,0.0,0.0,0.0,0.3603,0.2582,0.3815,3.47,3.53,2.16,2.78,3.87,2.62,3.22,4.8,3.02,0.5672,1.87,1.76,2.14,1.1,1.65,2.75,0.539,0.7603,0.297,3.4,5.5,8.9,9.2,4.8,over_15_goals|away_4_sot|total_3_cards,Over 1.5 goals + Sociedad 4+ SOT + 3+ cards,strong,Over 1.5 goals:won | Sociedad 4+ SOT:won | 3+ cards:won,3,3,won,9.0,17.0,8.0,A,,,,,
2025-12-20,17:30,2526,SP1,La Liga,Osasuna,Alaves,H,No external context supplied,,W W W D D,L L L D D,0.0,0.0,0.5,0.5,1.0,1.0,0.0,0.0,0.0,0.0,0.4613,0.2774,0.2613,2.23,3.12,3.78,2.17,3.61,3.83,2.43,4.4,4.73,0.4858,2.52,2.06,2.59,1.0,1.15,2.15,0.432,0.6331,0.1709,3.6,4.3,7.9,9.5,6.0,away_4_sot|total_8_corners|total_3_cards,Alaves 4+ SOT + 8+ corners + 3+ cards,strong,Alaves 4+ SOT:lost | 8+ corners:won | 3+ cards:won,2,3,partial,10.0,9.0,4.0,H,,,,,
2025-12-20,13:00,2526,SP1,La Liga,Oviedo,Celta,D,No external context supplied,,No recent H2H,No recent H2H,0.0,0.0,0.5,0.5,1.0,1.0,0.0,0.0,0.0,0.0,0.376,0.2117,0.4123,3.81,3.39,2.1,2.66,4.72,2.43,3.07,6.18,2.76,0.4784,2.21,2.09,2.64,0.85,1.5,2.35,0.4448,0.6805,0.2109,3.2,4.9,8.1,8.6,4.6,away_4_sot|total_3_cards,Celta 4+ SOT + 3+ cards,lean,Celta 4+ SOT:lost | 3+ cards:won,1,2,partial,5.0,7.0,3.0,A,,,,,
2025-12-20,20:00,2526,SP1,La Liga,Real Madrid,Sevilla,H,No external context supplied,,W D W W W,L D L L L,1.0,0.0,0.5,0.5,1.0,1.0,0.0,0.0,0.0,0.0,0.7067,0.1656,0.1277,1.21,7.03,13.82,1.41,6.04,7.83,1.52,8.65,12.88,0.6764,1.34,1.48,1.73,1.6,1.1,2.7,0.5324,0.7513,0.2859,4.8,4.2,9.0,10.0,6.0,over_15_goals|home_4_sot|total_8_corners|total_3_cards,Over 1.5 goals + Real Madrid 4+ SOT + 8+ corners + 3+ cards,strong,Over 1.5 goals:won | Real Madrid 4+ SOT:won | 8+ corners:won | 3+ cards:won,4,4,won,13.0,11.0,9.0,H,,,,,
2025-12-21,16:30,2526,D1,Bundesliga,Heidenheim,Bayern Munich,A,No external context supplied,,L W L L,W L W W,0.0,1.0,0.5,0.5,1.0,1.0,0.0,0.0,0.0,0.0,0.2238,0.1044,0.6718,17.17,10.24,1.13,4.47,9.58,1.49,5.75,18.39,1.61,0.6764,1.23,1.48,1.73,0.95,2.7,3.65,0.572,0.8791,0.4954,2.4,6.1,8.5,10.5,4.4,over_15_goals|btts_yes|away_4_sot|total_8_corners|total_3_cards,Over 1.5 goals + BTTS yes + Bayern Munich 4+ SOT + 8+ corners,strong,Over 1.5 goals:won | BTTS yes:lost | Bayern Munich 4+ SOT:won | 8+ corners:lost | 3+ cards:lost,2,5,partial,12.0,6.0,0.0,A,,,,,
2025-12-21,14:30,2526,D1,Bundesliga,Mainz,St Pauli,D,No external context supplied,,W W,L L,0.0,0.0,0.5,0.5,1.0,1.0,0.0,0.0,0.0,0.0,0.3439,0.3609,0.2952,1.98,3.5,4.11,2.91,2.77,3.39,3.4,3.22,4.08,0.2584,2.1,3.87,6.31,1.4,1.4,2.8,0.5676,0.7689,0.3081,3.4,4.7,8.1,10.5,5.4,over_15_goals|btts_yes|away_4_sot|total_8_corners|total_3_cards,Over 1.5 goals + BTTS yes + St Pauli 4+ SOT + 8+ corners,strong,Over 1.5 goals:lost | BTTS yes:lost | St Pauli 4+ SOT:lost | 8+ corners:won | 3+ cards:lost,1,5,partial,2.0,14.0,2.0,D,,,,,
2025-12-21,16:30,2526,E0,Premier League,Aston Villa,Man United,H,No external context supplied,"Weather: rain 2.9mm, gusts 36.0km/h, snow 0.0cm",L L L D L,W W W D W,0.0,0.0,0.5,0.5,1.0,1.0,0.0,0.0,0.0,0.0,0.3069,0.3406,0.3526,2.08,3.73,3.49,3.26,2.94,2.84,3.89,3.44,3.3,0.5215,1.63,1.92,2.37,1.8,1.7,3.5,0.6822,0.8641,0.4634,4.7,6.3,11.0,9.0,3.0,over_15_goals|btts_yes|home_4_sot,Over 1.5 goals + BTTS yes + Aston Villa 4+ SOT,strong,Over 1.5 goals:won | BTTS yes:won | Aston Villa 4+ SOT:won,3,3,won,10.0,10.0,3.0,A,,,,,
2025-12-21,11:30,2526,I1,Serie A,Cagliari,Pisa,D,No external context supplied,,No recent H2H,No recent H2H,0.0,0.0,0.5,0.5,1.0,1.0,0.0,0.0,0.0,0.0,0.3688,0.3789,0.2523,2.2,3.19,3.77,2.71,2.64,3.96,3.14,3.04,4.94,0.3796,2.35,2.63,3.58,1.2,1.15,2.35,0.4775,0.6805,0.2109,3.7,4.3,8.0,8.4,5.2,away_4_sot|total_3_cards,Pisa 4+ SOT + 3+ cards,lean,Pisa 4+ SOT:lost | 3+ cards:won,1,2,partial,8.0,8.0,5.0,D,,,,,
2025-12-21,17:00,2526,I1,Serie A,Fiorentina,Udinese,H,No external context supplied,,W W D L W,L L D W L,0.0,0.0,0.5,0.5,1.0,1.0,0.0,0.0,0.0,0.0,0.4004,0.2804,0.3192,2.27,3.31,3.42,2.5,3.57,3.13,2.85,4.34,3.71,0.53,2.1,1.89,2.33,1.15,1.55,2.7,0.5383,0.7513,0.2859,3.0,5.0,8.0,9.2,3.8,over_15_goals|away_4_sot,Over 1.5 goals + Udinese 4+ SOT,lean,Over 1.5 goals:won | Udinese 4+ SOT:won,2,2,won,11.0,5.0,6.0,H,,,,,
2025-12-21,19:45,2526,I1,Serie A,Genoa,Atalanta,A,No external context supplied,,D L L L L,D W W W W,0.0,0.0,0.5,0.5,1.0,1.0,0.0,0.0,0.0,0.0,0.2855,0.2553,0.4591,4.12,3.48,1.98,3.5,3.92,2.18,4.25,4.87,2.44,0.4843,2.07,2.06,2.6,1.4,1.25,2.65,0.5375,0.7421,0.2749,4.8,5.4,10.2,7.9,3.0,over_15_goals|home_4_sot,Over 1.5 goals + Genoa 4+ SOT,lean,Over 1.5 goals:lost | Genoa 4+ SOT:lost,0,2,lost,7.0,16.0,5.0,A,,,,,
2025-12-21,14:00,2526,I1,Serie A,Sassuolo,Torino,A,No external context supplied,,D W D L D,D L D W D,0.0,0.0,0.5,0.5,1.0,1.0,0.0,0.0,0.0,0.0,0.3727,0.2912,0.3361,2.44,3.05,3.38,2.68,3.43,2.98,3.1,4.15,3.5,0.4681,2.18,2.14,2.72,1.5,1.2,2.7,0.5429,0.7513,0.2859,4.8,4.5,9.3,8.3,3.4,over_15_goals|btts_yes|home_4_sot,Over 1.5 goals + BTTS yes + Sassuolo 4+ SOT,strong,Over 1.5 goals:lost | BTTS yes:lost | Sassuolo 4+ SOT:lost,0,3,lost,6.0,5.0,4.0,H,,,,,
2025-12-21,20:00,2526,SP1,La Liga,Betis,Getafe,H,No external context supplied,,L D D W W,W D D L L,0.0,0.0,0.5,0.5,1.0,1.0,0.0,0.0,0.0,0.0,0.4583,0.2542,0.2876,1.71,3.63,5.69,2.18,3.93,3.48,2.45,4.9,4.21,0.5353,2.34,1.87,2.3,1.3,0.9,2.2,0.4317,0.6454,0.1806,4.7,3.7,8.4,10.6,6.8,home_4_sot|total_8_corners|total_3_cards,Betis 4+ SOT + 8+ corners + 3+ cards,strong,Betis 4+ SOT:won | 8+ corners:won | 3+ cards:lost,2,3,partial,11.0,12.0,1.0,H,,,,,
2025-12-21,17:30,2526,SP1,La Liga,Elche,Vallecano,H,No external context supplied,,L W L W,W L W L,0.0,0.0,0.5,0.5,1.0,1.0,0.0,0.0,0.0,0.0,0.4198,0.2294,0.3508,2.48,3.08,3.27,2.38,4.36,2.85,2.7,5.57,3.32,0.4546,2.3,2.2,2.82,0.9,1.05,1.95,0.3858,0.5803,0.134,3.7,5.1,8.8,8.6,6.2,away_4_sot|total_3_cards,Vallecano 4+ SOT + 3+ cards,lean,Vallecano 4+ SOT:won | 3+ cards:won,2,2,won,14.0,9.0,5.0,H,,,,,
2025-12-21,13:00,2526,SP1,La Liga,Girona,Ath Madrid,A,No external context supplied,,L W L L L,W L W W W,0.0,0.0,0.5,0.5,1.0,1.0,0.0,0.0,0.0,0.0,0.2043,0.2389,0.5567,4.93,4.18,1.68,4.89,4.19,1.8,6.48,5.29,1.97,0.5663,1.73,1.77,2.14,0.95,1.5,2.45,0.4764,0.7023,0.2318,3.0,5.1,8.1,8.7,4.2,away_4_sot|total_3_cards,Ath Madrid 4+ SOT + 3+ cards,lean,Ath Madrid 4+ SOT:won | 3+ cards:lost,1,2,partial,8.0,7.0,2.0,A,,,,,
2025-12-21,15:15,2526,SP1,La Liga,Villarreal,Barcelona,A,No external context supplied,,L L W L W,W W L W L,0.0,1.0,0.5,0.5,1.0,1.0,0.0,0.0,0.0,0.0,0.2359,0.244,0.5201,3.54,4.86,1.83,4.24,4.1,1.92,5.38,5.15,2.13,0.691,1.26,1.45,1.69,1.8,1.85,3.65,0.7035,0.8791,0.4954,4.0,5.0,9.0,9.5,3.8,over_15_goals|btts_yes|away_4_sot|total_8_corners,Over 1.5 goals + BTTS yes + Barcelona 4+ SOT + 8+ corners,strong,Over 1.5 goals:won | BTTS yes:lost | Barcelona 4+ SOT:won | 8+ corners:won,3,4,partial,10.0,15.0,4.0,A,,,,,
2025-12-22,20:00,2526,E0,Premier League,Fulham,Nott'm Forest,H,No external context supplied,"Weather: rain 1.7mm, gusts 33.1km/h, snow 0.0cm",W W L W W,L L W L L,0.0,0.0,0.5,0.5,1.0,1.0,0.0,0.0,0.0,0.0,0.3578,0.2393,0.403,2.51,3.29,3.01,2.8,4.18,2.48,3.25,5.28,2.83,0.53,1.99,1.89,2.33,1.55,1.5,3.05,0.612,0.8082,0.364,4.0,4.3,8.3,10.6,2.6,over_15_goals|btts_yes|away_4_sot|total_8_corners,Over 1.5 goals + BTTS yes + Nott'm Forest 4+ SOT + 8+ corners,strong,Over 1.5 goals:lost | BTTS yes:lost | Nott'm Forest 4+ SOT:lost | 8+ corners:lost,0,4,lost,3.0,6.0,9.0,A,,,,,
2025-12-22,20:00,2526,SP1,La Liga,Ath Bilbao,Espanol,A,No external context supplied,,W L W W D,L W L L D,0.0,0.0,0.5,0.5,1.0,1.0,0.0,0.0,0.0,0.0,0.5862,0.2395,0.1744,1.8,3.51,5.1,1.71,4.18,5.73,1.87,5.28,8.04,0.5097,2.22,1.96,2.44,0.75,1.2,1.95,0.3687,0.5803,0.134,3.1,4.0,7.1,9.4,5.2,total_3_cards,3+ cards,lean,3+ cards:won,1,1,won,12.0,12.0,7.0,H,,,,,
2025-12-26,20:00,2526,E0,Premier League,Man United,Newcastle,H,No external context supplied,"Weather: rain 0.0mm, gusts 41.8km/h, snow 0.0cm",L L W L L,W W L W W,0.0,0.0,0.5,0.5,1.0,1.0,0.0,0.0,0.0,0.0,0.368,0.2448,0.3872,2.57,3.71,2.67,2.72,4.08,2.58,3.14,5.13,2.97,0.5808,1.62,1.72,2.08,1.95,1.7,3.65,0.701,0.8791,0.4954,4.7,5.0,9.7,12.0,3.8,over_15_goals|btts_yes|home_4_sot|total_8_corners,Over 1.5 goals + BTTS yes + Man United 4+ SOT + 8+ corners,strong,Over 1.5 goals:lost | BTTS yes:lost | Man United 4+ SOT:won | 8+ corners:won,2,4,partial,7.0,13.0,3.0,A,,,,,
2025-12-27,15:00,2526,E0,Premier League,Arsenal,Brighton,H,No external context supplied,"Weather: rain 0.0mm, gusts 51.1km/h, snow 0.0cm",L W W D D,W L L D D,0.0,0.0,0.5,0.5,1.0,1.0,0.0,0.0,0.0,0.0,0.638,0.2403,0.1217,1.39,5.09,8.08,1.57,4.16,8.22,1.7,5.25,13.94,0.6129,1.64,1.63,1.95,1.5,1.1,2.6,0.5183,0.7326,0.264,5.2,3.6,8.8,8.6,3.8,over_15_goals|home_4_sot,Over 1.5 goals + Arsenal 4+ SOT,lean,Over 1.5 goals:won | Arsenal 4+ SOT:won,2,2,won,9.0,9.0,5.0,H,,,,,
2025-12-27,15:00,2526,E0,Premier League,Brentford,Bournemouth,H,No external context supplied,"Weather: rain 0.0mm, gusts 48.6km/h, snow 0.0cm",W D W W W,L D L L L,0.0,0.0,0.5,0.5,1.0,1.0,0.0,0.0,0.0,0.0,0.4193,0.2367,0.3439,2.31,3.67,3.05,2.38,4.22,2.91,2.71,5.36,3.4,0.5492,1.69,1.82,2.23,1.8,1.4,3.2,0.6289,0.8288,0.3975,3.7,4.5,8.2,8.4,4.6,over_15_goals|btts_yes|away_4_sot|total_3_cards,Over 1.5 goals + BTTS yes + Bournemouth 4+ SOT + 3+ cards,strong,Over 1.5 goals:won | BTTS yes:won | Bournemouth 4+ SOT:won | 3+ cards:won,4,4,won,17.0,17.0,4.0,H,,,,,
2025-12-27,15:00,2526,E0,Premier League,Burnley,Everton,D,No external context supplied,"Weather: rain 0.0mm, gusts 59.0km/h, snow 0.0cm",W L W L L,L W L W W,0.0,0.0,0.5,0.5,1.0,1.0,0.0,0.0,0.0,0.0,0.2496,0.2717,0.4786,4.12,3.35,2.03,4.01,3.68,2.09,5.01,4.51,2.33,0.4383,2.16,2.28,2.96,1.25,1.4,2.65,0.5375,0.7421,0.2749,3.8,3.2,7.0,10.5,3.4,over_15_goals|total_8_corners,Over 1.5 goals + 8+ corners,lean,Over 1.5 goals:lost | 8+ corners:won,1,2,partial,6.0,11.0,2.0,A,,,,,
2025-12-27,17:30,2526,E0,Premier League,Chelsea,Aston Villa,A,No external context supplied,"Weather: rain 0.0mm, gusts 52.2km/h, snow 0.0cm",L L D W L,W W D L W,0.0,0.0,0.5,0.5,1.0,1.0,0.0,0.0,0.0,0.0,0.5944,0.2132,0.1924,1.85,3.95,4.1,1.68,4.69,5.2,1.84,6.13,7.02,0.5808,1.68,1.72,2.08,1.35,1.45,2.8,0.567,0.7689,0.3081,4.8,5.1,9.9,8.3,3.6,over_15_goals|btts_yes|home_4_sot,Over 1.5 goals + BTTS yes + Chelsea 4+ SOT,strong,Over 1.5 goals:won | BTTS yes:won | Chelsea 4+ SOT:lost,2,3,partial,11.0,13.0,8.0,H,,,,,
2025-12-27,15:00,2526,E0,Premier League,Liverpool,Wolves,H,No external context supplied,"Weather: rain 0.0mm, gusts 22.3km/h, snow 0.0cm",W W W W W,L L L L L,1.0,0.0,0.5,0.5,1.0,1.0,0.0,0.0,0.0,0.0,0.7219,0.2138,0.0643,1.23,7.02,11.7,1.39,4.68,15.54,1.49,6.11,69.72,0.482,1.46,2.07,2.62,1.9,1.0,2.9,0.5376,0.7854,0.3304,5.1,2.7,7.8,8.7,4.6,over_15_goals|home_4_sot|total_3_cards,Over 1.5 goals + Liverpool 4+ SOT + 3+ cards,strong,Over 1.5 goals:won | Liverpool 4+ SOT:won | 3+ cards:lost,2,3,partial,8.0,10.0,1.0,H,,,,,
2025-12-27,12:30,2526,E0,Premier League,Nott'm Forest,Man City,A,No external context supplied,"Weather: rain 0.0mm, gusts 40.3km/h, snow 0.0cm",D L L L W,D W W W L,0.0,1.0,0.5,0.5,1.0,1.0,0.0,0.0,0.0,0.0,0.2319,0.2785,0.4896,5.26,4.53,1.6,4.31,3.59,2.04,5.5,4.38,2.27,0.5314,1.62,1.88,2.32,1.1,2.0,3.1,0.5768,0.8153,0.3752,3.5,4.7,8.2,8.3,3.4,over_15_goals|btts_yes|away_4_sot,Over 1.5 goals + BTTS yes + Man City 4+ SOT,strong,Over 1.5 goals:won | BTTS yes:won | Man City 4+ SOT:won,3,3,won,7.0,10.0,3.0,A,,,,,
2025-12-27,15:00,2526,E0,Premier League,West Ham,Fulham,A,No external context supplied,"Weather: rain 0.0mm, gusts 49.3km/h, snow 0.0cm",W L L D W,L W W D L,0.0,0.0,0.5,0.5,1.0,1.0,0.0,0.0,0.0,0.0,0.264,0.2851,0.451,2.69,3.49,2.67,3.79,3.51,2.22,4.67,4.25,2.49,0.4702,1.78,2.13,2.7,1.4,1.75,3.15,0.6225,0.8222,0.3863,3.5,4.3,7.8,10.0,3.6,over_15_goals|btts_yes|away_4_sot|total_8_corners,Over 1.5 goals + BTTS yes + Fulham 4+ SOT + 8+ corners,strong,Over 1.5 goals:lost | BTTS yes:lost | Fulham 4+ SOT:won | 8+ corners:won,2,4,partial,6.0,9.0,4.0,A,,,,,
2025-12-27,14:00,2526,I1,Serie A,Lecce,Como,A,No external context supplied,,L L,W W,0.0,0.0,0.5,0.5,1.0,1.0,0.0,0.0,0.0,0.0,0.1864,0.2529,0.5607,4.88,3.49,1.84,5.36,3.95,1.78,7.33,4.93,1.96,0.4546,2.25,2.2,2.82,0.75,1.1,1.85,0.352,0.5519,0.1169,3.3,5.1,8.4,9.9,3.8,away_4_sot|total_8_corners,Como 4+ SOT + 8+ corners,lean,Como 4+ SOT:won | 8+ corners:won,2,2,won,11.0,10.0,6.0,A,,,,,
2025-12-27,11:30,2526,I1,Serie A,Parma,Fiorentina,H,No external context supplied,,L D D D D,W D D D D,0.0,0.0,0.5,0.5,1.0,1.0,0.0,0.0,0.0,0.0,0.2757,0.2811,0.4432,3.54,3.09,2.34,3.63,3.56,2.26,4.43,4.33,2.54,0.4546,2.2,2.2,2.82,1.3,1.25,2.55,0.519,0.7228,0.2532,4.5,3.6,8.1,8.8,4.6,over_15_goals|home_4_sot|total_3_cards,Over 1.5 goals + Parma 4+ SOT + 3+ cards,strong,Over 1.5 goals:lost | Parma 4+ SOT:lost | 3+ cards:won,1,3,partial,6.0,11.0,4.0,A,,,,,
2025-12-27,19:45,2526,I1,Serie A,Pisa,Juventus,A,No external context supplied,,No recent H2H,No recent H2H,0.0,0.0,0.5,0.5,1.0,1.0,0.0,0.0,0.0,0.0,0.211,0.2186,0.5704,7.05,4.61,1.47,4.74,4.57,1.75,6.21,5.93,1.92,0.4552,1.92,2.2,2.82,0.95,1.2,2.15,0.4285,0.6331,0.1709,2.8,4.4,7.2,8.3,3.6,away_4_sot,Juventus 4+ SOT,lean,Juventus 4+ SOT:won,1,1,won,7.0,10.0,5.0,A,,,,,
2025-12-27,14:00,2526,I1,Serie A,Torino,Cagliari,A,No external context supplied,,L D W L W,W D L W L,0.0,0.0,0.5,0.5,1.0,1.0,0.0,0.0,0.0,0.0,0.4836,0.2777,0.2387,1.99,3.36,4.26,2.07,3.6,4.19,2.31,4.39,5.3,0.4383,2.14,2.28,2.96,1.4,1.2,2.6,0.5265,0.7326,0.264,5.0,4.1,9.1,7.9,4.6,over_15_goals|home_4_sot|total_3_cards,Over 1.5 goals + Torino 4+ SOT + 3+ cards,strong,Over 1.5 goals:won | Torino 4+ SOT:won | 3+ cards:won,3,3,won,14.0,8.0,3.0,H,,,,,
2025-12-27,17:00,2526,I1,Serie A,Udinese,Lazio,D,No external context supplied,,L L W W D,W W L L D,0.0,0.0,0.5,0.5,1.0,1.0,0.0,0.0,0.0,0.0,0.2979,0.2565,0.4456,3.14,3.08,2.56,3.36,3.9,2.24,4.03,4.84,2.53,0.4141,2.24,2.42,3.18,0.75,1.25,2.0,0.3765,0.594,0.1429,4.1,4.9,9.0,7.6,5.6,away_4_sot|total_3_cards,Lazio 4+ SOT + 3+ cards,lean,Lazio 4+ SOT:lost | 3+ cards:won,1,2,partial,6.0,11.0,7.0,A,,,,,
2025-12-28,16:30,2526,E0,Premier League,Crystal Palace,Tottenham,A,No external context supplied,"Weather: rain 0.0mm, gusts 37.8km/h, snow 0.0cm",L L L W W,W W W L L,0.0,0.0,0.5,0.5,1.0,1.0,0.0,0.0,0.0,0.0,0.423,0.2741,0.3028,2.29,3.34,3.36,2.36,3.65,3.3,2.68,4.46,3.95,0.4826,1.96,2.07,2.61,1.5,1.35,2.85,0.5755,0.7773,0.3192,3.9,4.4,8.3,9.9,5.4,over_15_goals|btts_yes|away_4_sot|total_8_corners|total_3_cards,Over 1.5 goals + BTTS yes + Tottenham 4+ SOT + 8+ corners,strong,Over 1.5 goals:lost | BTTS yes:lost | Tottenham 4+ SOT:won | 8+ corners:lost | 3+ cards:won,2,5,partial,6.0,5.0,5.0,H,,,,,
2025-12-28,14:00,2526,E0,Premier League,Sunderland,Leeds,D,No external context supplied,"Weather: rain 0.1mm, gusts 31.3km/h, snow 0.0cm",No recent H2H,No recent H2H,0.0,0.0,0.5,0.5,1.0,1.0,0.0,0.0,0.0,0.0,0.3312,0.255,0.4138,2.63,3.31,2.86,3.02,3.92,2.42,3.56,4.88,2.75,0.5097,2.19,1.96,2.44,1.6,1.4,3.0,0.6013,0.8009,0.3528,4.3,4.8,9.1,8.7,4.2,over_15_goals|btts_yes|home_4_sot|total_3_cards,Over 1.5 goals + BTTS yes + Sunderland 4+ SOT + 3+ cards,strong,Over 1.5 goals:won | BTTS yes:won | Sunderland 4+ SOT:lost | 3+ cards:lost,2,4,partial,9.0,12.0,1.0,A,,,,,
2025-12-28,19:45,2526,I1,Serie A,Atalanta,Inter,A,No external context supplied,,L L L L L,W W W W W,0.0,1.0,0.5,0.5,1.0,1.0,0.0,0.0,0.0,0.0,0.2651,0.2354,0.4995,3.64,3.64,2.07,3.77,4.25,2.0,4.65,5.39,2.22,0.5114,1.74,1.96,2.43,0.8,1.7,2.5,0.4501,0.7127,0.2424,4.5,4.7,9.2,9.4,3.2,home_4_sot,Atalanta 4+ SOT,lean,Atalanta 4+ SOT:lost,0,1,lost,4.0,11.0,3.0,A,,,,,
2025-12-28,17:00,2526,I1,Serie A,Bologna,Sassuolo,D,No external context supplied,,L W D D W,W L D D L,0.0,0.0,0.5,0.5,1.0,1.0,0.0,0.0,0.0,0.0,0.438,0.3116,0.2505,1.74,3.75,5.1,2.28,3.21,3.99,2.58,3.82,4.99,0.5297,1.98,1.89,2.33,1.5,1.05,2.55,0.505,0.7228,0.2532,5.3,4.2,9.5,9.4,4.2,over_15_goals|home_4_sot|total_3_cards,Over 1.5 goals + Bologna 4+ SOT + 3+ cards,strong,Over 1.5 goals:won | Bologna 4+ SOT:won | 3+ cards:won,3,3,won,11.0,5.0,5.0,H,,,,,
2025-12-28,14:00,2526,I1,Serie A,Cremonese,Napoli,A,No external context supplied,,L L,W W,0.0,0.0,0.5,0.5,1.0,1.0,0.0,0.0,0.0,0.0,0.1592,0.2636,0.5772,6.28,4.16,1.57,6.28,3.79,1.73,9.16,4.68,1.9,0.4784,2.04,2.09,2.64,0.95,1.1,2.05,0.4091,0.6074,0.152,3.4,3.8,7.2,9.0,4.2,total_3_cards,3+ cards,lean,3+ cards:won,1,1,won,10.0,11.0,4.0,A,,,,,
2025-12-28,11:30,2526,I1,Serie A,Milan,Verona,H,No external context supplied,,W W W W W,L L L L L,0.0,0.0,0.5,0.5,1.0,1.0,0.0,0.0,0.0,0.0,0.5923,0.2659,0.1418,1.38,4.98,8.81,1.69,3.76,7.05,1.84,4.63,10.9,0.4843,1.81,2.06,2.6,1.45,1.05,2.5,0.4976,0.7127,0.2424,4.9,4.0,8.9,8.3,5.2,home_4_sot|total_3_cards,Milan 4+ SOT + 3+ cards,lean,Milan 4+ SOT:won | 3+ cards:lost,1,2,partial,6.0,10.0,1.0,H,,,,,
2025-12-29,19:45,2526,I1,Serie A,Roma,Genoa,H,No external context supplied,,D L W D W,D W L D L,0.0,0.0,0.5,0.5,1.0,1.0,0.0,0.0,0.0,0.0,0.5141,0.2887,0.1972,1.64,3.73,6.32,1.95,3.46,5.07,2.15,4.19,6.79,0.4954,2.32,2.02,2.53,1.25,1.05,2.3,0.4638,0.6691,0.2007,4.7,5.1,9.8,7.8,5.2,home_4_sot|total_3_cards,Roma 4+ SOT + 3+ cards,lean,Roma 4+ SOT:won | 3+ cards:lost,1,2,partial,10.0,7.0,1.0,H,,,,,
2025-12-30,20:15,2526,E0,Premier League,Arsenal,Aston Villa,H,No external context supplied,"Weather: rain 0.0mm, gusts 27.4km/h, snow 0.0cm",L L W D L,W W L D W,0.0,0.0,0.5,0.5,1.0,1.0,0.0,0.0,0.0,0.0,0.6024,0.2882,0.1094,1.43,4.97,7.51,1.66,3.47,9.14,1.81,4.2,16.82,0.5554,1.67,1.8,2.2,1.45,1.45,2.9,0.5859,0.7854,0.3304,5.4,4.5,9.9,8.8,2.8,over_15_goals|btts_yes|home_4_sot,Over 1.5 goals + BTTS yes + Arsenal 4+ SOT,strong,Over 1.5 goals:won | BTTS yes:won | Arsenal 4+ SOT:won,3,3,won,10.0,6.0,5.0,H,,,,,
2025-12-30,19:30,2526,E0,Premier League,Burnley,Newcastle,A,No external context supplied,"Weather: rain 0.1mm, gusts 31.0km/h, snow 0.0cm",L L L L L,W W W W W,0.0,0.0,0.5,0.5,1.0,1.0,0.0,0.0,0.0,0.0,0.1995,0.2241,0.5764,5.67,4.28,1.61,5.01,4.46,1.73,6.69,5.75,1.9,0.556,1.77,1.8,2.19,1.3,1.75,3.05,0.6011,0.8082,0.364,3.0,4.5,7.5,12.7,3.2,over_15_goals|btts_yes|away_4_sot|total_8_corners,Over 1.5 goals + BTTS yes + Newcastle 4+ SOT + 8+ corners,strong,Over 1.5 goals:won | BTTS yes:won | Newcastle 4+ SOT:won | 8+ corners:lost,3,4,partial,13.0,7.0,3.0,A,,,,,
2025-12-30,19:30,2526,E0,Premier League,Chelsea,Bournemouth,D,No external context supplied,"Weather: rain 0.0mm, gusts 27.4km/h, snow 0.0cm",D W W D D,D L L D D,0.0,0.0,0.5,0.5,1.0,1.0,0.0,0.0,0.0,0.0,0.522,0.2272,0.2508,1.53,4.74,5.95,1.92,4.4,3.99,2.12,5.64,4.98,0.6406,1.49,1.56,1.85,1.8,1.15,2.95,0.5704,0.7933,0.3416,4.2,5.2,9.4,9.1,4.8,over_15_goals|btts_yes|home_4_sot|total_3_cards,Over 1.5 goals + BTTS yes + Chelsea 4+ SOT + 3+ cards,strong,Over 1.5 goals:won | BTTS yes:won | Chelsea 4+ SOT:lost | 3+ cards:lost,2,4,partial,9.0,15.0,2.0,H,,,,,
2025-12-30,20:15,2526,E0,Premier League,Man United,Wolves,D,No external context supplied,"Weather: rain 0.0mm, gusts 18.0km/h, snow 0.0cm",W W L L W,L L W W L,0.0,0.0,0.5,0.5,1.0,1.0,0.0,0.0,0.0,0.0,0.7152,0.1936,0.0912,1.37,5.38,8.33,1.4,5.17,10.96,1.5,6.97,24.24,0.6088,1.58,1.64,1.97,2.2,1.05,3.25,0.578,0.8352,0.4086,5.8,3.2,9.0,10.1,4.4,over_15_goals|btts_yes|home_4_sot|total_8_corners|total_3_cards,Over 1.5 goals + BTTS yes + Man United 4+ SOT + 8+ corners,strong,Over 1.5 goals:won | BTTS yes:won | Man United 4+ SOT:won | 8+ corners:won | 3+ cards:lost,4,5,partial,10.0,12.0,2.0,H,,,,,
2025-12-30,19:30,2526,E0,Premier League,Nott'm Forest,Everton,A,No external context supplied,"Weather: rain 0.0mm, gusts 25.9km/h, snow 0.0cm",L L W L L,W W L W W,0.0,0.0,0.5,0.5,1.0,1.0,0.0,0.0,0.0,0.0,0.4807,0.2685,0.2509,2.13,3.31,3.88,2.08,3.72,3.99,2.32,4.58,4.98,0.4858,2.28,2.06,2.59,1.2,1.1,2.3,0.4662,0.6691,0.2007,2.8,3.0,5.8,8.6,4.4,total_3_cards,3+ cards,lean,3+ cards:lost,0,1,lost,9.0,11.0,1.0,H,,,,,
2025-12-30,19:30,2526,E0,Premier League,West Ham,Brighton,D,No external context supplied,"Weather: rain 0.0mm, gusts 27.7km/h, snow 0.0cm",W D D L D,L D D W D,0.0,0.0,0.5,0.5,1.0,1.0,0.0,0.0,0.0,0.0,0.238,0.2462,0.5158,3.6,3.82,2.05,4.2,4.06,1.94,5.32,5.1,2.15,0.5542,1.65,1.8,2.2,1.35,1.6,2.95,0.5912,0.7933,0.3416,4.7,4.3,9.0,9.8,3.6,over_15_goals|btts_yes|home_4_sot|total_8_corners,Over 1.5 goals + BTTS yes + West Ham 4+ SOT + 8+ corners,strong,Over 1.5 goals:won | BTTS yes:won | West Ham 4+ SOT:won | 8+ corners:won,4,4,won,10.0,10.0,8.0,A,,,,,
2026-01-01,20:00,2526,E0,Premier League,Brentford,Tottenham,D,No external context supplied,"Weather: rain 0.0mm, gusts 39.6km/h, snow 0.0cm",D L L L L,D W W W W,0.0,0.0,0.5,0.5,1.0,1.0,0.0,0.0,0.0,0.0,0.5149,0.2594,0.2257,2.18,3.49,3.48,1.94,3.86,4.43,2.15,4.78,5.69,0.5677,1.87,1.76,2.14,1.65,1.35,3.0,0.5985,0.8009,0.3528,3.7,4.8,8.5,10.3,5.8,over_15_goals|btts_yes|away_4_sot|total_8_corners|total_3_cards,Over 1.5 goals + BTTS yes + Tottenham 4+ SOT + 8+ corners,strong,Over 1.5 goals:lost | BTTS yes:lost | Tottenham 4+ SOT:lost | 8+ corners:lost | 3+ cards:won,1,5,partial,5.0,4.0,3.0,H,,,,,
2026-01-01,17:30,2526,E0,Premier League,Crystal Palace,Fulham,D,No external context supplied,"Weather: rain 0.0mm, gusts 40.0km/h, snow 0.0cm",D D L W W,D D W L L,0.0,0.0,0.5,0.5,1.0,1.0,0.0,0.0,0.0,0.0,0.4469,0.2688,0.2844,2.2,3.34,3.59,2.24,3.72,3.52,2.52,4.57,4.27,0.485,2.01,2.06,2.6,1.15,1.45,2.6,0.5231,0.7326,0.264,3.8,4.5,8.3,8.8,3.6,over_15_goals|away_4_sot,Over 1.5 goals + Fulham 4+ SOT,lean,Over 1.5 goals:won | Fulham 4+ SOT:won,2,2,won,7.0,9.0,5.0,H,,,,,
2026-01-01,17:30,2526,E0,Premier League,Liverpool,Leeds,D,No external context supplied,"Weather: rain 2.2mm, gusts 68.4km/h, snow 0.0cm",W W L W D,L L W L D,1.0,0.0,0.5,0.5,1.0,1.0,0.0,0.0,0.0,0.0,0.6248,0.1888,0.1864,1.55,4.45,5.94,1.6,5.3,5.36,1.74,7.2,7.33,0.5962,1.59,1.68,2.02,1.75,1.65,3.4,0.6675,0.8532,0.4416,4.0,4.8,8.8,8.5,2.6,over_15_goals|btts_yes|away_4_sot,Over 1.5 goals + BTTS yes + Leeds 4+ SOT,strong,Over 1.5 goals:lost | BTTS yes:lost | Leeds 4+ SOT:lost,0,3,lost,6.0,11.0,2.0,H,,,,,
2026-01-01,20:00,2526,E0,Premier League,Sunderland,Man City,D,No external context supplied,"Weather: rain 0.0mm, gusts 61.2km/h, snow 0.0cm",L,W,0.0,1.0,0.5,0.5,1.0,1.0,0.0,0.0,0.0,0.0,0.1663,0.2406,0.5931,7.71,5.15,1.4,6.01,4.16,1.69,8.6,5.25,1.84,0.5279,1.62,1.89,2.34,1.1,1.9,3.0,0.5673,0.8009,0.3528,3.3,5.1,8.4,8.9,3.2,over_15_goals|btts_yes|away_4_sot,Over 1.5 goals + BTTS yes + Man City 4+ SOT,strong,Over 1.5 goals:lost | BTTS yes:lost | Man City 4+ SOT:won,1,3,partial,8.0,8.0,2.0,A,,,,,
2026-01-02,19:45,2526,F1,Ligue 1,Toulouse,Lens,A,No external context supplied,,L L L W D,W W W L D,0.0,0.0,0.5,0.5,1.0,1.0,0.0,0.0,0.0,0.0,0.3222,0.2318,0.446,2.64,3.35,2.86,3.1,4.31,2.24,3.67,5.5,2.53,0.4858,1.95,2.06,2.59,1.15,1.4,2.55,0.5148,0.7228,0.2532,3.9,4.5,8.4,8.9,3.4,over_15_goals|away_4_sot,Over 1.5 goals + Lens 4+ SOT,lean,Over 1.5 goals:won | Lens 4+ SOT:won,2,2,won,9.0,10.0,7.0,A,,,,,
2026-01-02,19:45,2526,I1,Serie A,Cagliari,Milan,A,No external context supplied,,L L L D D,W W W D D,0.0,0.0,0.5,0.5,1.0,1.0,0.0,0.0,0.0,0.0,0.1713,0.2438,0.5849,6.25,4.01,1.61,5.84,4.1,1.71,8.25,5.16,1.87,0.5341,2.03,1.87,2.3,1.15,1.7,2.85,0.5585,0.7773,0.3192,3.9,5.2,9.1,7.8,3.8,over_15_goals|btts_yes|away_4_sot,Over 1.5 goals + BTTS yes + Milan 4+ SOT,strong,Over 1.5 goals:lost | BTTS yes:lost | Milan 4+ SOT:won,1,3,partial,5.0,13.0,3.0,A,,,,,
2026-01-02,20:00,2526,SP1,La Liga,Vallecano,Getafe,D,No external context supplied,,D W D D W,D L D D L,0.0,0.0,0.5,0.5,1.0,1.0,0.0,0.0,0.0,0.0,0.491,0.2583,0.2506,2.11,2.96,4.63,2.04,3.87,3.99,2.27,4.8,4.98,0.4818,3.19,2.08,2.62,0.95,0.75,1.7,0.3236,0.5068,0.0932,5.4,3.0,8.4,10.5,7.6,home_4_sot|total_8_corners|total_3_cards,Vallecano 4+ SOT + 8+ corners + 3+ cards,strong,Vallecano 4+ SOT:won | 8+ corners:lost | 3+ cards:won,2,3,partial,8.0,5.0,7.0,H,,,,,
2026-01-03,12:30,2526,E0,Premier League,Aston Villa,Nott'm Forest,H,No external context supplied,"Weather: rain 0.0mm, gusts 37.1km/h, snow 0.0cm",W L W L W,L W L W L,0.0,0.0,0.5,0.5,1.0,1.0,0.0,0.0,0.0,0.0,0.5155,0.2752,0.2093,1.76,3.86,4.83,1.94,3.63,4.78,2.15,4.44,6.28,0.5097,1.8,1.96,2.44,1.7,1.4,3.1,0.6158,0.8153,0.3752,4.0,4.7,8.7,8.5,3.8,over_15_goals|btts_yes|away_4_sot,Over 1.5 goals + BTTS yes + Nott'm Forest 4+ SOT,strong,Over 1.5 goals:won | BTTS yes:won | Nott'm Forest 4+ SOT:won,3,3,won,9.0,8.0,3.0,H,,,,,
2026-01-03,17:30,2526,E0,Premier League,Bournemouth,Arsenal,A,No external context supplied,"Weather: rain 0.0mm, gusts 40.0km/h, snow 0.0cm",L L L W W,W W W L L,0.0,0.0,0.5,0.5,1.0,1.0,0.0,0.0,0.0,0.0,0.2184,0.214,0.5676,6.16,5.04,1.48,4.58,4.67,1.76,5.94,6.1,1.93,0.5927,1.62,1.69,2.03,1.1,2.25,3.35,0.5968,0.8474,0.4307,4.6,5.0,9.6,8.8,3.0,over_15_goals|btts_yes|home_4_sot,Over 1.5 goals + BTTS yes + Bournemouth 4+ SOT,strong,Over 1.5 goals:won | BTTS yes:won | Bournemouth 4+ SOT:lost,2,3,partial,8.0,12.0,4.0,A,,,,,
2026-01-03,15:00,2526,E0,Premier League,Brighton,Burnley,H,No external context supplied,"Weather: rain 0.0mm, gusts 49.0km/h, snow 0.0cm",D W L D D,D L W D D,0.0,0.0,0.5,0.5,1.0,1.0,0.0,0.0,0.0,0.0,0.5845,0.2939,0.1216,1.5,4.54,6.59,1.71,3.4,8.22,1.87,4.1,13.96,0.5802,1.7,1.72,2.08,1.7,1.0,2.7,0.5166,0.7513,0.2859,4.5,4.1,8.6,10.4,4.4,over_15_goals|home_4_sot|total_8_corners|total_3_cards,Over 1.5 goals + Brighton 4+ SOT + 8+ corners + 3+ cards,strong,Over 1.5 goals:won | Brighton 4+ SOT:won | 8+ corners:won | 3+ cards:won,4,4,won,7.0,8.0,4.0,H,,,,,
2026-01-03,15:00,2526,E0,Premier League,Wolves,West Ham,H,No external context supplied,"Weather: rain 0.0mm, gusts 35.6km/h, snow 0.0cm",W L L L W,L W W W L,0.0,0.0,0.5,0.5,1.0,1.0,0.0,0.0,0.0,0.0,0.3115,0.2762,0.4123,2.53,3.44,2.88,3.21,3.62,2.43,3.82,4.42,2.76,0.5311,1.91,1.88,2.32,1.1,1.75,2.85,0.5512,0.7773,0.3192,4.0,4.5,8.5,9.6,4.0,over_15_goals|btts_yes|away_4_sot|total_8_corners,Over 1.5 goals + BTTS yes + West Ham 4+ SOT + 8+ corners,strong,Over 1.5 goals:won | BTTS yes:lost | West Ham 4+ SOT:lost | 8+ corners:won,2,4,partial,8.0,13.0,1.0,A,,,,,
2026-01-03,20:05,2526,F1,Ligue 1,Lille,Rennes,A,No external context supplied,,W D D W W,L D D L L,0.0,0.0,0.5,0.5,1.0,1.0,0.0,0.0,0.0,0.0,0.4771,0.2634,0.2595,1.89,3.67,4.27,2.1,3.8,3.85,2.34,4.69,4.77,0.5554,1.66,1.8,2.2,1.8,1.55,3.35,0.6575,0.8474,0.4307,5.1,4.3,9.4,10.8,5.4,over_15_goals|btts_yes|home_4_sot|total_8_corners|total_3_cards,Over 1.5 goals + BTTS yes + Lille 4+ SOT + 8+ corners,strong,Over 1.5 goals:won | BTTS yes:lost | Lille 4+ SOT:lost | 8+ corners:won | 3+ cards:won,3,5,partial,7.0,11.0,4.0,H,,,,,
2026-01-03,16:00,2526,F1,Ligue 1,Monaco,Lyon,A,No external context supplied,,L L L W W,W W W L L,0.0,0.0,0.5,0.5,1.0,1.0,0.0,0.0,0.0,0.0,0.5332,0.2215,0.2453,2.09,3.89,3.36,1.88,4.51,4.08,2.07,5.83,5.12,0.5572,1.57,1.79,2.19,1.25,1.55,2.8,0.5621,0.7689,0.3081,4.4,6.2,10.6,9.4,6.6,over_15_goals|btts_yes|home_4_sot|total_3_cards,Over 1.5 goals + BTTS yes + Monaco 4+ SOT + 3+ cards,strong,Over 1.5 goals:won | BTTS yes:won | Monaco 4+ SOT:lost | 3+ cards:won,3,4,partial,11.0,9.0,7.0,H,,,,,
2026-01-03,18:00,2526,F1,Ligue 1,Nice,Strasbourg,D,No external context supplied,,L W W W D,W L L L D,0.0,0.0,0.5,0.5,1.0,1.0,0.0,0.0,0.0,0.0,0.1874,0.2569,0.5558,2.72,3.53,2.61,5.34,3.89,1.8,7.28,4.83,1.98,0.5079,1.75,1.97,2.45,1.25,1.75,3.0,0.5895,0.8009,0.3528,3.8,4.0,7.8,7.6,5.2,over_15_goals|btts_yes|total_3_cards,Over 1.5 goals + BTTS yes + 3+ cards,strong,Over 1.5 goals:won | BTTS yes:won | 3+ cards:won,3,3,won,11.0,12.0,3.0,A,,,,,
2026-01-03,19:45,2526,I1,Serie A,Atalanta,Roma,H,No external context supplied,,W D W W W,L D L L L,0.0,0.0,0.5,0.5,1.0,1.0,0.0,0.0,0.0,0.0,0.5843,0.2146,0.2011,2.32,3.17,3.48,1.71,4.66,4.97,1.87,6.07,6.62,0.4642,2.04,2.15,2.75,0.85,1.35,2.2,0.4241,0.6454,0.1806,5.1,3.9,9.0,8.8,4.0,home_4_sot,Atalanta 4+ SOT,lean,Atalanta 4+ SOT:lost,0,1,lost,6.0,12.0,3.0,H,,,,,
2026-01-03,11:30,2526,I1,Serie A,Como,Udinese,H,No external context supplied,,L W,W L,0.0,0.0,0.5,0.5,1.0,1.0,0.0,0.0,0.0,0.0,0.4421,0.3111,0.2468,1.75,3.62,5.26,2.26,3.21,4.05,2.55,3.83,5.08,0.5297,1.98,1.89,2.33,1.65,0.9,2.55,0.4795,0.7228,0.2532,4.7,4.7,9.4,8.7,4.8,over_15_goals|home_4_sot|total_3_cards,Over 1.5 goals + Como 4+ SOT + 3+ cards,strong,Over 1.5 goals:lost | Como 4+ SOT:lost | 3+ cards:won,1,3,partial,4.0,5.0,4.0,H,,,,,
2026-01-03,14:00,2526,I1,Serie A,Genoa,Pisa,D,No external context supplied,,No recent H2H,No recent H2H,0.0,0.0,0.5,0.5,1.0,1.0,0.0,0.0,0.0,0.0,0.4534,0.3043,0.2423,1.91,3.2,5.05,2.21,3.29,4.13,2.48,3.93,5.2,0.4546,2.5,2.2,2.82,1.4,1.35,2.75,0.5581,0.7603,0.297,3.8,3.8,7.6,9.0,4.0,over_15_goals|btts_yes,Over 1.5 goals + BTTS yes,lean,Over 1.5 goals:won | BTTS yes:won,2,2,won,6.0,9.0,4.0,H,,,,,
2026-01-03,17:00,2526,I1,Serie A,Juventus,Lecce,D,No external context supplied,,W W W D W,L L L D L,0.0,0.0,0.5,0.5,1.0,1.0,0.0,0.0,0.0,0.0,0.6977,0.2017,0.1007,1.28,5.77,12.37,1.43,4.96,9.93,1.54,6.59,19.73,0.53,1.78,1.89,2.33,1.3,0.7,2.0,0.3662,0.594,0.1429,5.2,2.8,8.0,9.4,3.0,home_4_sot,Juventus 4+ SOT,lean,Juventus 4+ SOT:won,1,1,won,6.0,11.0,3.0,H,,,,,
2026-01-03,14:00,2526,I1,Serie A,Sassuolo,Parma,D,No external context supplied,,D L L D W,D W W D L,0.0,0.0,0.5,0.5,1.0,1.0,0.0,0.0,0.0,0.0,0.4872,0.3279,0.1849,1.94,3.27,4.67,2.05,3.05,5.41,2.29,3.6,7.41,0.4383,2.05,2.28,2.96,1.25,1.05,2.3,0.4638,0.6691,0.2007,3.7,4.8,8.5,8.3,4.8,away_4_sot|total_3_cards,Parma 4+ SOT + 3+ cards,lean,Parma 4+ SOT:won | 3+ cards:won,2,2,won,8.0,11.0,3.0,H,,,,,
2026-01-03,13:00,2526,SP1,La Liga,Celta,Valencia,H,No external context supplied,,L D D W L,W D D L W,0.0,0.0,0.5,0.5,1.0,1.0,0.0,0.0,0.0,0.0,0.405,0.319,0.276,2.01,3.35,4.19,2.47,3.13,3.62,2.82,3.72,4.43,0.4383,2.09,2.28,2.96,1.4,0.85,2.25,0.4314,0.6575,0.1906,3.4,2.8,6.2,8.7,3.8,,No builder lean,none,,,0,,11.0,6.0,4.0,H,,,,,
2026-01-03,17:30,2526,SP1,La Liga,Elche,Villarreal,A,No external context supplied,,D L W L W,D W L W L,0.0,0.0,0.5,0.5,1.0,1.0,0.0,0.0,0.0,0.0,0.397,0.2711,0.3319,3.24,3.58,2.24,2.52,3.69,3.01,2.88,4.52,3.55,0.5913,1.75,1.69,2.04,1.15,1.65,2.8,0.5521,0.7689,0.3081,4.0,5.8,9.8,7.6,5.2,over_15_goals|btts_yes|away_4_sot|total_3_cards,Over 1.5 goals + BTTS yes + Villarreal 4+ SOT + 3+ cards,strong,Over 1.5 goals:won | BTTS yes:won | Villarreal 4+ SOT:won | 3+ cards:won,4,4,won,6.0,8.0,6.0,H,,,,,
2026-01-03,20:00,2526,SP1,La Liga,Espanol,Barcelona,A,No external context supplied,,D D L L L,D D W W W,0.0,1.0,0.5,0.5,1.0,1.0,0.0,0.0,0.0,0.0,0.1798,0.2953,0.5249,5.55,4.83,1.54,5.56,3.39,1.91,7.71,4.08,2.11,0.6342,1.39,1.58,1.87,1.15,1.85,3.0,0.5759,0.8009,0.3528,3.4,5.2,8.6,11.6,4.2,over_15_goals|btts_yes|away_4_sot|total_8_corners|total_3_cards,Over 1.5 goals + BTTS yes + Barcelona 4+ SOT + 8+ corners,strong,Over 1.5 goals:won | BTTS yes:lost | Barcelona 4+ SOT:won | 8+ corners:won | 3+ cards:lost,3,5,partial,13.0,12.0,1.0,A,,,,,
2026-01-03,15:15,2526,SP1,La Liga,Osasuna,Ath Bilbao,D,No external context supplied,,W L D L D,L W D W D,0.0,0.0,0.5,0.5,1.0,1.0,0.0,0.0,0.0,0.0,0.2553,0.2777,0.467,3.17,2.92,2.67,3.92,3.6,2.14,4.87,4.39,2.4,0.4695,2.38,2.13,2.71,1.35,1.0,2.35,0.4682,0.6805,0.2109,4.3,4.8,9.1,9.2,6.0,home_4_sot|total_3_cards,Osasuna 4+ SOT + 3+ cards,lean,Osasuna 4+ SOT:won | 3+ cards:won,2,2,won,10.0,10.0,6.0,A,,,,,
2026-01-04,15:00,2526,E0,Premier League,Everton,Brentford,A,No external context supplied,"Weather: rain 3.1mm, gusts 32.0km/h, snow 1.7cm",W W W D D,L L L D D,0.0,0.0,0.5,0.5,1.0,1.0,0.0,0.0,0.0,0.0,0.43,0.2805,0.2895,2.45,3.16,3.24,2.33,3.56,3.45,2.63,4.34,4.18,0.4739,2.19,2.11,2.67,1.15,1.1,2.25,0.4559,0.6575,0.1906,4.3,3.4,7.7,9.1,3.8,home_4_sot,Everton 4+ SOT,lean,Everton 4+ SOT:won,1,1,won,13.0,9.0,2.0,H,,,,,
2026-01-04,15:15,2526,E0,Premier League,Fulham,Liverpool,D,No external context supplied,"Weather: rain 0.0mm, gusts 22.7km/h, snow 0.0cm",L L L D W,W W W D L,0.0,1.0,0.5,0.5,1.0,1.0,0.0,0.0,0.0,0.0,0.2619,0.2424,0.4957,3.75,3.84,1.97,3.82,4.13,2.02,4.72,5.2,2.24,0.5733,1.77,1.74,2.11,1.45,1.35,2.8,0.567,0.7689,0.3081,3.4,4.2,7.6,9.0,4.4,over_15_goals|btts_yes|total_3_cards,Over 1.5 goals + BTTS yes + 3+ cards,strong,Over 1.5 goals:won | BTTS yes:won | 3+ cards:lost,2,3,partial,4.0,11.0,2.0,A,,,,,
2026-01-04,12:30,2526,E0,Premier League,Leeds,Man United,D,No external context supplied,"Weather: rain 0.0mm, gusts 32.8km/h, snow 0.0cm",D L L D L,D W W D W,0.0,0.0,0.5,0.5,1.0,1.0,0.0,0.0,0.0,0.0,0.4352,0.2454,0.3194,2.71,3.57,2.61,2.3,4.07,3.13,2.6,5.12,3.71,0.5221,1.8,1.92,2.37,1.55,1.8,3.35,0.6575,0.8474,0.4307,4.7,5.4,10.1,10.3,2.8,over_15_goals|btts_yes|home_4_sot|total_8_corners,Over 1.5 goals + BTTS yes + Leeds 4+ SOT + 8+ corners,strong,Over 1.5 goals:won | BTTS yes:won | Leeds 4+ SOT:lost | 8+ corners:won,3,4,partial,5.0,10.0,1.0,H,,,,,
2026-01-04,17:30,2526,E0,Premier League,Man City,Chelsea,D,No external context supplied,"Weather: rain 6.1mm, gusts 19.4km/h, snow 4.3cm",W D D W W,L D D L L,1.0,0.0,0.5,0.5,1.0,1.0,0.0,0.0,0.0,0.0,0.5706,0.1755,0.2539,1.65,4.66,4.64,1.75,5.7,3.94,1.92,7.97,4.9,0.6444,1.49,1.55,1.84,1.8,1.25,3.05,0.5956,0.8082,0.364,5.5,3.3,8.8,9.3,4.0,over_15_goals|btts_yes|home_4_sot,Over 1.5 goals + BTTS yes + Man City 4+ SOT,strong,Over 1.5 goals:won | BTTS yes:won | Man City 4+ SOT:lost,2,3,partial,6.0,10.0,6.0,H,,,,,
2026-01-04,15:00,2526,E0,Premier League,Newcastle,Crystal Palace,H,No external context supplied,"Weather: rain 0.0mm, gusts 43.6km/h, snow 0.0cm",D W L D W,D L W D L,0.0,0.0,0.5,0.5,1.0,1.0,0.0,0.0,0.0,0.0,0.5314,0.2356,0.233,1.71,4.04,4.86,1.88,4.24,4.29,2.08,5.39,5.47,0.5542,1.75,1.8,2.2,1.45,1.3,2.75,0.5568,0.7603,0.297,5.3,3.2,8.5,9.9,3.8,over_15_goals|btts_yes|home_4_sot|total_8_corners,Over 1.5 goals + BTTS yes + Newcastle 4+ SOT + 8+ corners,strong,Over 1.5 goals:won | BTTS yes:lost | Newcastle 4+ SOT:won | 8+ corners:won,3,4,partial,8.0,14.0,4.0,H,,,,,
2026-01-04,15:00,2526,E0,Premier League,Tottenham,Sunderland,D,No external context supplied,"Weather: rain 0.0mm, gusts 27.7km/h, snow 0.0cm",No recent H2H,No recent H2H,0.0,0.0,0.5,0.5,1.0,1.0,0.0,0.0,0.0,0.0,0.4919,0.2328,0.2752,1.83,3.85,4.39,2.03,4.29,3.63,2.26,5.47,4.44,0.5358,2.0,1.87,2.29,1.05,1.25,2.3,0.4638,0.6691,0.2007,4.1,3.0,7.1,8.3,5.6,total_3_cards,3+ cards,lean,3+ cards:won,1,1,won,8.0,8.0,5.0,H,,,,,
2026-01-04,16:15,2526,F1,Ligue 1,Brest,Auxerre,H,No external context supplied,,D W L D,D L W D,0.0,0.0,0.5,0.5,1.0,1.0,0.0,0.0,0.0,0.0,0.4239,0.2899,0.2862,1.96,3.33,4.47,2.36,3.45,3.49,2.67,4.17,4.23,0.5067,1.95,1.97,2.46,1.35,1.3,2.65,0.5389,0.7421,0.2749,4.6,5.1,9.7,9.0,5.6,over_15_goals|home_4_sot|total_3_cards,Over 1.5 goals + Brest 4+ SOT + 3+ cards,strong,Over 1.5 goals:won | Brest 4+ SOT:won | 3+ cards:won,3,3,won,5.0,13.0,5.0,H,,,,,
2026-01-04,16:15,2526,F1,Ligue 1,Le Havre,Angers,H,No external context supplied,,L D,W D,0.0,0.0,0.5,0.5,1.0,1.0,0.0,0.0,0.0,0.0,0.2206,0.4872,0.2922,2.08,3.38,3.87,4.53,2.05,3.42,5.86,2.29,4.13,0.44,2.17,2.27,2.94,0.95,1.4,2.35,0.462,0.6805,0.2109,4.5,4.6,9.1,8.9,3.4,home_4_sot,Le Havre 4+ SOT,lean,Le Havre 4+ SOT:won,1,1,won,9.0,12.0,2.0,D,,,,,
2026-01-04,16:15,2526,F1,Ligue 1,Lorient,Metz,D,No external context supplied,,W L W L W,L W L W L,0.0,0.0,0.5,0.5,1.0,1.0,0.0,0.0,0.0,0.0,0.6133,0.2276,0.1591,1.81,3.83,4.51,1.63,4.39,6.28,1.78,5.63,9.16,0.4455,1.83,2.24,2.89,1.7,1.3,3.0,0.5946,0.8009,0.3528,4.7,2.9,7.6,8.6,2.4,over_15_goals|btts_yes|home_4_sot,Over 1.5 goals + BTTS yes + Lorient 4+ SOT,strong,Over 1.5 goals:won | BTTS yes:won | Lorient 4+ SOT:won,3,3,won,7.0,8.0,3.0,H,,,,,
2026-01-04,14:00,2526,F1,Ligue 1,Marseille,Nantes,A,No external context supplied,,W D W W W,L D L L L,0.0,0.0,0.5,0.5,1.0,1.0,0.0,0.0,0.0,0.0,0.6408,0.2333,0.1259,1.23,6.8,11.54,1.56,4.29,7.94,1.69,5.45,13.18,0.5121,1.46,1.95,2.43,2.25,0.95,3.2,0.5486,0.8288,0.3975,6.1,3.5,9.6,9.1,3.8,over_15_goals|btts_yes|home_4_sot,Over 1.5 goals + BTTS yes + Marseille 4+ SOT,strong,Over 1.5 goals:won | BTTS yes:lost | Marseille 4+ SOT:won,2,3,partial,13.0,9.0,9.0,H,,,,,
2026-01-04,19:45,2526,F1,Ligue 1,Paris SG,Paris FC,H,No external context supplied,,No recent H2H,No recent H2H,1.0,0.0,0.5,0.5,1.0,1.0,0.0,0.0,0.0,0.0,0.6604,0.2139,0.1258,1.21,6.53,16.75,1.51,4.68,7.95,1.64,6.1,13.2,0.6576,1.35,1.52,1.79,1.95,1.05,3.0,0.5576,0.8009,0.3528,5.9,3.1,9.0,10.7,3.8,over_15_goals|btts_yes|home_4_sot|total_8_corners,Over 1.5 goals + BTTS yes + Paris SG 4+ SOT + 8+ corners,strong,Over 1.5 goals:won | BTTS yes:won | Paris SG 4+ SOT:won | 8+ corners:won,4,4,won,9.0,8.0,1.0,H,,,,,
2026-01-04,14:00,2526,I1,Serie A,Fiorentina,Cremonese,H,No external context supplied,,W W,L L,0.0,0.0,0.5,0.5,1.0,1.0,0.0,0.0,0.0,0.0,0.5326,0.2583,0.209,1.79,3.73,4.76,1.88,3.87,4.78,2.07,4.8,6.29,0.4864,1.99,2.06,2.59,1.15,1.4,2.55,0.5148,0.7228,0.2532,4.3,3.9,8.2,10.3,4.8,over_15_goals|home_4_sot|total_8_corners|total_3_cards,Over 1.5 goals + Fiorentina 4+ SOT + 8+ corners + 3+ cards,strong,Over 1.5 goals:lost | Fiorentina 4+ SOT:won | 8+ corners:won | 3+ cards:won,3,4,partial,10.0,10.0,3.0,H,,,,,
2026-01-04,19:45,2526,I1,Serie A,Inter,Bologna,H,No external context supplied,,L D W D L,W D L D W,1.0,0.0,0.5,0.5,1.0,1.0,0.0,0.0,0.0,0.0,0.6584,0.2203,0.1213,1.39,5.18,8.05,1.52,4.54,8.25,1.64,5.87,14.03,0.5717,1.69,1.75,2.12,1.35,1.05,2.4,0.4815,0.6916,0.2213,5.3,3.9,9.2,10.1,3.6,home_4_sot|total_8_corners,Inter 4+ SOT + 8+ corners,lean,Inter 4+ SOT:won | 8+ corners:won,2,2,won,12.0,8.0,6.0,H,,,,,
2026-01-04,11:30,2526,I1,Serie A,Lazio,Napoli,A,No external context supplied,,W W D W D,L L D L D,0.0,0.0,0.5,0.5,1.0,1.0,0.0,0.0,0.0,0.0,0.3099,0.2895,0.4007,3.5,3.05,2.38,3.23,3.45,2.5,3.85,4.18,2.85,0.4695,2.52,2.13,2.71,0.75,0.85,1.6,0.3021,0.4751,0.0788,3.6,4.4,8.0,7.5,6.0,away_4_sot|total_3_cards,Napoli 4+ SOT + 3+ cards,lean,Napoli 4+ SOT:lost | 3+ cards:won,1,2,partial,3.0,8.0,12.0,A,,,,,
2026-01-04,17:00,2526,I1,Serie A,Verona,Torino,A,No external context supplied,,L D L L D,W D W W D,0.0,0.0,0.5,0.5,1.0,1.0,0.0,0.0,0.0,0.0,0.4074,0.3206,0.272,2.71,3.02,3.0,2.45,3.12,3.68,2.8,3.7,4.5,0.3323,2.41,3.01,4.31,1.3,1.35,2.65,0.5389,0.7421,0.2749,3.4,5.6,9.0,8.9,5.0,over_15_goals|away_4_sot|total_3_cards,Over 1.5 goals + Torino 4+ SOT + 3+ cards,strong,Over 1.5 goals:won | Torino 4+ SOT:won | 3+ cards:lost,2,3,partial,8.0,11.0,2.0,H,,,,,
2026-01-04,17:30,2526,SP1,La Liga,Alaves,Oviedo,D,No external context supplied,,No recent H2H,No recent H2H,0.0,0.0,0.5,0.5,1.0,1.0,0.0,0.0,0.0,0.0,0.3454,0.3577,0.2969,1.92,3.12,5.17,2.89,2.8,3.37,3.38,3.25,4.05,0.3297,2.77,3.03,4.35,1.1,0.8,1.9,0.3674,0.5663,0.1253,3.8,3.5,7.3,9.7,5.6,total_8_corners|total_3_cards,8+ corners + 3+ cards,lean,8+ corners:won | 3+ cards:won,2,2,won,13.0,13.0,10.0,D,,,,,
2026-01-04,17:30,2526,SP1,La Liga,Mallorca,Girona,A,No external context supplied,,L L W W L,W W L L W,0.0,0.0,0.5,0.5,1.0,1.0,0.0,0.0,0.0,0.0,0.4267,0.2714,0.3019,2.26,3.29,3.49,2.34,3.68,3.31,2.65,4.52,3.97,0.4546,2.17,2.2,2.82,1.5,1.25,2.75,0.5543,0.7603,0.297,5.0,3.1,8.1,7.7,5.2,over_15_goals|btts_yes|home_4_sot|total_3_cards,Over 1.5 goals + BTTS yes + Mallorca 4+ SOT + 3+ cards,strong,Over 1.5 goals:won | BTTS yes:won | Mallorca 4+ SOT:lost | 3+ cards:won,3,4,partial,6.0,9.0,3.0,H,,,,,
2026-01-04,15:15,2526,SP1,La Liga,Real Madrid,Betis,H,No external context supplied,,D D D W L,D D D L W,1.0,0.0,0.5,0.5,1.0,1.0,0.0,0.0,0.0,0.0,0.7092,0.1842,0.1066,1.45,4.92,6.8,1.41,5.43,9.38,1.52,7.45,17.67,0.6512,1.44,1.54,1.81,1.45,1.25,2.7,0.5461,0.7513,0.2859,5.8,5.0,10.8,10.6,5.8,over_15_goals|btts_yes|home_4_sot|total_8_corners|total_3_cards,Over 1.5 goals + BTTS yes + Real Madrid 4+ SOT + 8+ corners,strong,Over 1.5 goals:won | BTTS yes:won | Real Madrid 4+ SOT:won | 8+ corners:won | 3+ cards:lost,4,5,partial,14.0,13.0,2.0,H,,,,,
2026-01-04,13:00,2526,SP1,La Liga,Sevilla,Levante,A,No external context supplied,,D W W W W,D L L L L,0.0,0.0,0.5,0.5,1.0,1.0,0.0,0.0,0.0,0.0,0.513,0.2972,0.1897,1.78,3.83,4.73,1.95,3.36,5.27,2.16,4.04,7.16,0.5348,1.87,1.87,2.3,1.45,1.15,2.6,0.5231,0.7326,0.264,5.1,3.7,8.8,11.1,6.8,over_15_goals|home_4_sot|total_8_corners|total_3_cards,Over 1.5 goals + Sevilla 4+ SOT + 8+ corners + 3+ cards,strong,Over 1.5 goals:won | Sevilla 4+ SOT:won | 8+ corners:lost | 3+ cards:won,3,4,partial,11.0,6.0,7.0,H,,,,,
2026-01-04,20:00,2526,SP1,La Liga,Sociedad,Ath Madrid,D,No external context supplied,,L L L D L,W W W D W,0.0,0.0,0.5,0.5,1.0,1.0,0.0,0.0,0.0,0.0,0.3008,0.2354,0.4638,3.86,3.72,1.97,3.32,4.25,2.16,3.99,5.39,2.42,0.5417,2.0,1.85,2.26,1.0,1.6,2.6,0.5045,0.7326,0.264,4.1,4.3,8.4,10.1,3.2,over_15_goals|away_4_sot|total_8_corners,Over 1.5 goals + Ath Madrid 4+ SOT + 8+ corners,strong,Over 1.5 goals:won | Ath Madrid 4+ SOT:lost | 8+ corners:won,2,3,partial,10.0,12.0,5.0,A,,,,,
2026-01-06,20:00,2526,E0,Premier League,West Ham,Nott'm Forest,A,No external context supplied,"Weather: rain 1.1mm, gusts 43.6km/h, snow 0.1cm",W L L L W,L W W W L,0.0,0.0,0.5,0.5,1.0,1.0,0.0,0.0,0.0,0.0,0.3521,0.2649,0.383,3.29,3.37,2.34,2.84,3.78,2.61,3.31,4.65,3.0,0.5554,1.91,1.8,2.2,1.25,1.6,2.85,0.5694,0.7773,0.3192,2.6,5.1,7.7,8.7,3.0,over_15_goals|btts_yes|away_4_sot,Over 1.5 goals + BTTS yes + Nott'm Forest 4+ SOT,strong,Over 1.5 goals:won | BTTS yes:won | Nott'm Forest 4+ SOT:won,3,3,won,8.0,11.0,3.0,A,,,,,
2026-01-06,17:00,2526,I1,Serie A,Lecce,Roma,A,No external context supplied,,D L D L L,D W D W W,0.0,0.0,0.5,0.5,1.0,1.0,0.0,0.0,0.0,0.0,0.1799,0.2518,0.5684,5.49,3.51,1.77,5.56,3.97,1.76,7.7,4.96,1.93,0.5097,2.26,1.96,2.44,0.8,1.25,2.05,0.3929,0.6074,0.152,3.4,4.4,7.8,9.5,4.4,away_4_sot|total_8_corners|total_3_cards,Roma 4+ SOT + 8+ corners + 3+ cards,strong,Roma 4+ SOT:lost | 8+ corners:lost | 3+ cards:won,1,3,partial,4.0,4.0,4.0,A,,,,,
2026-01-06,14:00,2526,I1,Serie A,Pisa,Como,A,No external context supplied,,No recent H2H,No recent H2H,0.0,0.0,0.5,0.5,1.0,1.0,0.0,0.0,0.0,0.0,0.2322,0.2329,0.5348,5.45,3.5,1.78,4.31,4.29,1.87,5.49,5.47,2.06,0.53,2.18,1.89,2.33,0.75,1.35,2.1,0.3908,0.6204,0.1614,2.9,4.7,7.6,8.9,5.2,away_4_sot|total_3_cards,Como 4+ SOT + 3+ cards,lean,Como 4+ SOT:won | 3+ cards:won,2,2,won,11.0,6.0,4.0,A,,,,,
2026-01-06,19:45,2526,I1,Serie A,Sassuolo,Juventus,A,No external context supplied,,L L W W L,W W L L W,0.0,0.0,0.5,0.5,1.0,1.0,0.0,0.0,0.0,0.0,0.1867,0.2592,0.5541,5.3,3.74,1.73,5.36,3.86,1.8,7.32,4.78,1.98,0.4896,1.92,2.04,2.57,1.15,1.4,2.55,0.5148,0.7228,0.2532,3.1,4.8,7.9,8.2,3.6,over_15_goals|away_4_sot,Over 1.5 goals + Juventus 4+ SOT,lean,Over 1.5 goals:won | Juventus 4+ SOT:won,2,2,won,12.0,10.0,0.0,A,,,,,
2026-01-07,19:30,2526,E0,Premier League,Bournemouth,Tottenham,H,No external context supplied,"Weather: rain 4.8mm, gusts 61.9km/h, snow 0.0cm",L L W D W,W W L D L,0.0,0.0,0.5,0.5,1.0,1.0,0.0,0.0,0.0,0.0,0.4561,0.275,0.2689,2.14,3.72,3.36,2.19,3.64,3.72,2.46,4.45,4.57,0.546,1.69,1.83,2.24,1.5,1.75,3.25,0.6419,0.8352,0.4086,4.6,4.2,8.8,9.2,5.2,over_15_goals|btts_yes|home_4_sot|total_3_cards,Over 1.5 goals + BTTS yes + Bournemouth 4+ SOT + 3+ cards,strong,Over 1.5 goals:won | BTTS yes:won | Bournemouth 4+ SOT:lost | 3+ cards:won,3,4,partial,7.0,10.0,6.0,H,,,,,
2026-01-07,19:30,2526,E0,Premier League,Brentford,Sunderland,H,No external context supplied,"Weather: rain 8.0mm, gusts 41.4km/h, snow 2.2cm",L,W,0.0,0.0,0.5,0.5,1.0,1.0,0.0,0.0,0.0,0.0,0.5287,0.2624,0.2089,1.85,3.63,4.56,1.89,3.81,4.79,2.09,4.71,6.29,0.5341,1.98,1.87,2.3,1.45,1.05,2.5,0.4976,0.7127,0.2424,4.5,4.2,8.7,8.4,4.2,home_4_sot|total_3_cards,Brentford 4+ SOT + 3+ cards,lean,Brentford 4+ SOT:won | 3+ cards:won,2,2,won,9.0,11.0,3.0,H,,,,,
2026-01-07,20:15,2526,E0,Premier League,Burnley,Man United,D,No external context supplied,"Weather: rain 3.7mm, gusts 55.4km/h, snow 2.4cm",L D L D L,W D W D W,0.0,0.0,0.5,0.5,1.0,1.0,0.0,0.0,0.0,0.0,0.1906,0.2162,0.5933,4.92,4.15,1.69,5.25,4.63,1.69,7.11,6.02,1.84,0.5383,1.71,1.86,2.28,1.1,1.85,2.95,0.5622,0.7933,0.3416,3.9,5.1,9.0,10.2,3.0,over_15_goals|btts_yes|away_4_sot|total_8_corners,Over 1.5 goals + BTTS yes + Man United 4+ SOT + 8+ corners,strong,Over 1.5 goals:won | BTTS yes:won | Man United 4+ SOT:won | 8+ corners:won,4,4,won,11.0,8.0,2.0,A,,,,,
2026-01-07,19:30,2526,E0,Premier League,Crystal Palace,Aston Villa,D,No external context supplied,"Weather: rain 10.4mm, gusts 51.1km/h, snow 2.9cm",L W D W W,W L D L L,0.0,0.0,0.5,0.5,1.0,1.0,0.0,0.0,0.0,0.0,0.3384,0.267,0.3946,3.14,3.4,2.38,2.96,3.75,2.53,3.47,4.61,2.9,0.494,1.9,2.02,2.54,1.1,1.9,3.0,0.5673,0.8009,0.3528,3.6,5.3,8.9,9.1,4.2,over_15_goals|btts_yes|away_4_sot|total_3_cards,Over 1.5 goals + BTTS yes + Aston Villa 4+ SOT + 3+ cards,strong,Over 1.5 goals:lost | BTTS yes:lost | Aston Villa 4+ SOT:lost | 3+ cards:lost,0,4,lost,8.0,8.0,2.0,A,,,,,
2026-01-07,19:30,2526,E0,Premier League,Everton,Wolves,D,No external context supplied,"Weather: rain 3.2mm, gusts 70.2km/h, snow 0.8cm",L L W D W,W W L D L,0.0,0.0,0.5,0.5,1.0,1.0,0.0,0.0,0.0,0.0,0.51,0.3082,0.1818,1.79,3.57,5.06,1.96,3.24,5.5,2.17,3.87,7.59,0.5297,2.05,1.89,2.33,1.5,0.9,2.4,0.461,0.6916,0.2213,3.6,4.0,7.6,9.7,2.8,total_8_corners,8+ corners,lean,8+ corners:won,1,1,won,6.0,9.0,8.0,H,,,,,
2026-01-07,19:30,2526,E0,Premier League,Fulham,Chelsea,H,No external context supplied,"Weather: rain 7.6mm, gusts 46.8km/h, snow 1.4cm",L L W L L,W W L W W,0.0,0.0,0.5,0.5,1.0,1.0,0.0,0.0,0.0,0.0,0.2973,0.2385,0.4641,3.45,3.76,2.09,3.36,4.19,2.15,4.04,5.3,2.41,0.5341,1.77,1.87,2.3,1.35,1.5,2.85,0.5755,0.7773,0.3192,4.0,3.4,7.4,10.8,6.4,over_15_goals|btts_yes|total_8_corners|total_3_cards,Over 1.5 goals + BTTS yes + 8+ corners + 3+ cards,strong,Over 1.5 goals:won | BTTS yes:won | 8+ corners:won | 3+ cards:won,4,4,won,11.0,13.0,8.0,A,,,,,
2026-01-07,19:30,2526,E0,Premier League,Man City,Brighton,D,No external context supplied,"Weather: rain 0.1mm, gusts 43.6km/h, snow 0.0cm",W W L D L,L L W D W,1.0,0.0,0.5,0.5,1.0,1.0,0.0,0.0,0.0,0.0,0.724,0.2011,0.0749,1.4,5.43,7.17,1.38,4.97,13.36,1.48,6.62,40.23,0.6786,1.42,1.47,1.73,1.8,1.15,2.95,0.5704,0.7933,0.3416,4.9,3.4,8.3,7.6,3.8,over_15_goals|btts_yes|home_4_sot,Over 1.5 goals + BTTS yes + Man City 4+ SOT,strong,Over 1.5 goals:won | BTTS yes:won | Man City 4+ SOT:won,3,3,won,9.0,8.0,7.0,H,,,,,
2026-01-07,20:15,2526,E0,Premier League,Newcastle,Leeds,H,No external context supplied,"Weather: rain 1.9mm, gusts 47.5km/h, snow 0.8cm",D W D D D,D L D D D,0.0,0.0,0.5,0.5,1.0,1.0,0.0,0.0,0.0,0.0,0.5753,0.2545,0.1701,1.7,3.89,5.19,1.74,3.93,5.88,1.9,4.89,8.32,0.5542,1.79,1.8,2.2,1.7,1.5,3.2,0.6349,0.8288,0.3975,4.0,3.7,7.7,10.3,2.6,over_15_goals|btts_yes|total_8_corners,Over 1.5 goals + BTTS yes + 8+ corners,strong,Over 1.5 goals:won | BTTS yes:won | 8+ corners:won,3,3,won,14.0,12.0,5.0,H,,,,,
2026-01-07,17:30,2526,I1,Serie A,Bologna,Atalanta,A,No external context supplied,,W W W D L,L L L D W,0.0,0.0,0.5,0.5,1.0,1.0,0.0,0.0,0.0,0.0,0.3276,0.2902,0.3822,2.84,3.25,2.68,3.05,3.45,2.62,3.6,4.16,3.01,0.4746,1.92,2.11,2.67,1.35,1.05,2.4,0.4815,0.6916,0.2213,4.4,5.1,9.5,10.9,4.0,home_4_sot|total_8_corners,Bologna 4+ SOT + 8+ corners,lean,Bologna 4+ SOT:lost | 8+ corners:won,1,2,partial,7.0,12.0,0.0,A,,,,,
2026-01-07,19:45,2526,I1,Serie A,Lazio,Fiorentina,D,No external context supplied,,D W L L L,D L W W W,0.0,0.0,0.5,0.5,1.0,1.0,0.0,0.0,0.0,0.0,0.5286,0.2886,0.1828,2.51,3.0,3.32,1.89,3.47,5.47,2.09,4.19,7.53,0.4898,2.23,2.04,2.57,1.15,0.9,2.05,0.4055,0.6074,0.152,3.4,4.4,7.8,8.7,7.6,away_4_sot|total_3_cards,Fiorentina 4+ SOT + 3+ cards,lean,Fiorentina 4+ SOT:won | 3+ cards:won,2,2,won,14.0,10.0,8.0,H,,,,,
2026-01-07,17:30,2526,I1,Serie A,Napoli,Verona,D,No external context supplied,,D W W L W,D L L W L,0.0,0.0,0.5,0.5,1.0,1.0,0.0,0.0,0.0,0.0,0.7631,0.1604,0.0765,1.36,5.19,8.85,1.31,6.24,13.06,1.4,9.06,37.67,0.4784,2.01,2.09,2.64,1.65,0.85,2.5,0.4626,0.7127,0.2424,4.3,3.0,7.3,8.7,4.2,home_4_sot|total_3_cards,Napoli 4+ SOT + 3+ cards,lean,Napoli 4+ SOT:won | 3+ cards:won,2,2,won,8.0,7.0,3.0,H,,,,,
2026-01-07,19:45,2526,I1,Serie A,Parma,Inter,A,No external context supplied,,L D L L D,W D W W D,0.0,1.0,0.5,0.5,1.0,1.0,0.0,0.0,0.0,0.0,0.1575,0.2167,0.6258,8.16,5.1,1.39,6.35,4.61,1.6,9.3,6.0,1.74,0.6603,1.61,1.51,1.78,0.8,1.6,2.4,0.4395,0.6916,0.2213,2.6,5.1,7.7,9.7,3.8,over_25_goals|away_4_sot|total_8_corners,Over 2.5 goals + Inter 4+ SOT + 8+ corners,strong,Over 2.5 goals:lost | Inter 4+ SOT:won | 8+ corners:lost,1,3,partial,8.0,4.0,3.0,A,,,,,
2026-01-07,19:45,2526,I1,Serie A,Torino,Udinese,A,No external context supplied,,W D W D W,L D L D L,0.0,0.0,0.5,0.5,1.0,1.0,0.0,0.0,0.0,0.0,0.362,0.2536,0.3845,2.39,2.95,3.61,2.76,3.94,2.6,3.21,4.91,2.99,0.4947,2.28,2.02,2.53,1.45,1.1,2.55,0.5106,0.7228,0.2532,4.8,3.7,8.5,7.5,4.0,over_15_goals|home_4_sot,Over 1.5 goals + Torino 4+ SOT,lean,Over 1.5 goals:won | Torino 4+ SOT:won,2,2,won,8.0,9.0,3.0,A,,,,,
2026-01-08,20:00,2526,E0,Premier League,Arsenal,Liverpool,D,No external context supplied,"Weather: rain 13.8mm, gusts 54.4km/h, snow 0.0cm",D W D D L,D L D D W,0.0,1.0,0.5,0.5,1.0,1.0,0.0,0.0,0.0,0.0,0.5163,0.2716,0.2121,1.6,4.35,5.49,1.94,3.68,4.71,2.14,4.51,6.17,0.5672,1.71,1.76,2.14,1.8,1.25,3.05,0.5956,0.8082,0.364,3.5,3.0,6.5,8.4,2.4,over_15_goals|btts_yes,Over 1.5 goals + BTTS yes,lean,Over 1.5 goals:lost | BTTS yes:lost,0,2,lost,4.0,3.0,4.0,H,,,,,
2026-01-08,17:30,2526,I1,Serie A,Cremonese,Cagliari,D,No external context supplied,,No recent H2H,No recent H2H,0.0,0.0,0.5,0.5,1.0,1.0,0.0,0.0,0.0,0.0,0.4149,0.3198,0.2653,2.48,3.1,3.26,2.41,3.13,3.77,2.74,3.71,4.65,0.4858,2.24,2.06,2.59,1.2,1.1,2.3,0.4662,0.6691,0.2007,4.0,4.4,8.4,8.9,4.2,away_4_sot|total_3_cards,Cagliari 4+ SOT + 3+ cards,lean,Cagliari 4+ SOT:won | 3+ cards:won,2,2,won,10.0,6.0,4.0,H,,,,,
2026-01-08,19:45,2526,I1,Serie A,Milan,Genoa,D,No external context supplied,,W W D D W,L L D D L,0.0,0.0,0.5,0.5,1.0,1.0,0.0,0.0,0.0,0.0,0.5497,0.2945,0.1558,1.44,4.47,8.31,1.82,3.4,6.42,2.0,4.09,9.46,0.4654,1.98,2.15,2.74,1.7,1.15,2.85,0.5585,0.7773,0.3192,5.2,3.1,8.3,9.1,2.6,over_15_goals|btts_yes|home_4_sot,Over 1.5 goals + BTTS yes + Milan 4+ SOT,strong,Over 1.5 goals:won | BTTS yes:won | Milan 4+ SOT:won,3,3,won,10.0,13.0,5.0,H,,,,,
2026-01-09,19:30,2526,D1,Bundesliga,Ein Frankfurt,Dortmund,D,No external context supplied,,L D L L W,W D W W L,0.0,0.0,0.5,0.5,1.0,1.0,0.0,0.0,0.0,0.0,0.2976,0.2691,0.4333,3.62,3.85,2.03,3.36,3.72,2.31,4.04,4.56,2.61,0.53,1.6,1.89,2.33,1.1,1.6,2.7,0.5324,0.7513,0.2859,3.9,4.1,8.0,9.0,3.2,over_15_goals,Over 1.5 goals,lean,Over 1.5 goals:won,1,1,won,12.0,7.0,6.0,A,,,,,
2026-01-09,20:00,2526,SP1,La Liga,Getafe,Sociedad,A,No external context supplied,,L L D D W,W W D D L,0.0,0.0,0.5,0.5,1.0,1.0,0.0,0.0,0.0,0.0,0.2889,0.2436,0.4674,3.54,2.88,2.52,3.46,4.1,2.14,4.19,5.16,2.4,0.5099,3.04,1.96,2.44,0.95,1.35,2.3,0.4543,0.6691,0.2007,3.0,5.1,8.1,10.2,5.8,away_4_sot|total_8_corners|total_3_cards,Sociedad 4+ SOT + 8+ corners + 3+ cards,strong,Sociedad 4+ SOT:won | 8+ corners:lost | 3+ cards:won,2,3,partial,8.0,6.0,3.0,A,,,,,
2026-01-10,14:30,2526,D1,Bundesliga,Freiburg,Hamburg,H,No external context supplied,,D L,D W,0.0,0.0,0.5,0.5,1.0,1.0,0.0,0.0,0.0,0.0,0.4378,0.2967,0.2655,1.81,3.56,4.95,2.28,3.37,3.77,2.58,4.05,4.64,0.5353,1.79,1.87,2.3,1.65,1.55,3.2,0.6365,0.8288,0.3975,4.9,4.4,9.3,8.5,3.2,over_15_goals|btts_yes|home_4_sot,Over 1.5 goals + BTTS yes + Freiburg 4+ SOT,strong,Over 1.5 goals:won | BTTS yes:won | Freiburg 4+ SOT:won,3,3,won,12.0,3.0,10.0,H,,,,,
2026-01-10,14:30,2526,D1,Bundesliga,Heidenheim,FC Koln,D,No external context supplied,,D W,D L,0.0,0.0,0.5,0.5,1.0,1.0,0.0,0.0,0.0,0.0,0.247,0.3611,0.3919,2.95,3.58,2.41,4.05,2.77,2.55,5.08,3.21,2.93,0.53,1.73,1.89,2.33,1.2,1.8,3.0,0.5833,0.8009,0.3528,3.6,4.5,8.1,9.3,3.6,over_15_goals|btts_yes|away_4_sot,Over 1.5 goals + BTTS yes + FC Koln 4+ SOT,strong,Over 1.5 goals:won | BTTS yes:won | FC Koln 4+ SOT:won,3,3,won,15.0,9.0,3.0,A,,,,,
2026-01-10,17:30,2526,D1,Bundesliga,Leverkusen,Stuttgart,A,No external context supplied,,D D D D W,D D D D L,0.0,0.0,0.5,0.5,1.0,1.0,0.0,0.0,0.0,0.0,0.4455,0.1988,0.3557,1.95,4.05,3.63,2.24,5.03,2.81,2.53,6.72,3.27,0.5995,1.48,1.67,2.0,1.95,1.5,3.45,0.6663,0.8587,0.4525,4.6,5.6,10.2,9.4,4.6,over_15_goals|btts_yes|home_4_sot|total_3_cards,Over 1.5 goals + BTTS yes + Leverkusen 4+ SOT + 3+ cards,strong,Over 1.5 goals:won | BTTS yes:won | Leverkusen 4+ SOT:won | 3+ cards:won,4,4,won,11.0,8.0,6.0,H,,,,,
2026-01-10,14:30,2526,D1,Bundesliga,Union Berlin,Mainz,D,No external context supplied,,W W D D W,L L D D L,0.0,0.0,0.5,0.5,1.0,1.0,0.0,0.0,0.0,0.0,0.4265,0.2774,0.2962,2.14,3.2,3.92,2.34,3.61,3.38,2.66,4.4,4.06,0.5303,2.18,1.89,2.32,1.6,1.0,2.6,0.5045,0.7326,0.264,5.2,2.2,7.4,10.4,5.2,over_15_goals|home_4_sot|total_8_corners|total_3_cards,Over 1.5 goals + Union Berlin 4+ SOT + 8+ corners + 3+ cards,strong,Over 1.5 goals:won | Union Berlin 4+ SOT:won | 8+ corners:lost | 3+ cards:lost,2,4,partial,11.0,3.0,2.0,H,,,,,
2026-01-10,19:45,2526,I1,Serie A,Atalanta,Torino,H,No external context supplied,,L W L D W,W L W D L,0.0,0.0,0.5,0.5,1.0,1.0,0.0,0.0,0.0,0.0,0.5775,0.2577,0.1648,1.61,4.13,5.7,1.73,3.88,6.07,1.9,4.81,8.71,0.4835,1.81,2.07,2.61,1.3,1.25,2.55,0.519,0.7228,0.2532,3.4,4.4,7.8,10.5,3.0,over_15_goals|away_4_sot|total_8_corners,Over 1.5 goals + Torino 4+ SOT + 8+ corners,strong,Over 1.5 goals:won | Torino 4+ SOT:lost | 8+ corners:won,2,3,partial,8.0,9.0,3.0,H,,,,,
2026-01-10,14:00,2526,I1,Serie A,Como,Bologna,D,No external context supplied,,D L L,D W W,0.0,0.0,0.5,0.5,1.0,1.0,0.0,0.0,0.0,0.0,0.4529,0.2577,0.2894,2.0,3.34,4.24,2.21,3.88,3.46,2.48,4.81,4.18,0.4642,2.07,2.15,2.75,1.45,0.95,2.4,0.4694,0.6916,0.2213,5.2,4.1,9.3,8.3,5.0,home_4_sot|total_3_cards,Como 4+ SOT + 3+ cards,lean,Como 4+ SOT:lost | 3+ cards:won,1,2,partial,5.0,6.0,8.0,H,,,,,
2026-01-10,17:00,2526,I1,Serie A,Roma,Sassuolo,H,No external context supplied,,D L W W W,D W L L L,0.0,0.0,0.5,0.5,1.0,1.0,0.0,0.0,0.0,0.0,0.5667,0.2636,0.1697,1.54,4.2,6.6,1.76,3.79,5.89,1.94,4.68,8.36,0.4368,1.97,2.29,2.97,1.35,1.05,2.4,0.4815,0.6916,0.2213,5.5,2.9,8.4,7.9,4.0,home_4_sot,Roma 4+ SOT,lean,Roma 4+ SOT:won,1,1,won,9.0,7.0,4.0,H,,,,,
2026-01-10,14:00,2526,I1,Serie A,Udinese,Pisa,D,No external context supplied,,W,L,0.0,0.0,0.5,0.5,1.0,1.0,0.0,0.0,0.0,0.0,0.4442,0.2808,0.275,1.85,3.41,4.91,2.25,3.56,3.64,2.54,4.33,4.44,0.4383,2.27,2.28,2.96,1.25,1.15,2.4,0.4876,0.6916,0.2213,4.4,2.5,6.9,8.0,4.6,home_4_sot|total_3_cards,Udinese 4+ SOT + 3+ cards,lean,Udinese 4+ SOT:lost | 3+ cards:won,1,2,partial,9.0,11.0,5.0,H,,,,,
2026-01-10,17:30,2526,SP1,La Liga,Girona,Osasuna,H,No external context supplied,,L W W W L,W L L L W,0.0,0.0,0.5,0.5,1.0,1.0,0.0,0.0,0.0,0.0,0.417,0.3026,0.2804,2.42,3.2,3.25,2.4,3.3,3.57,2.73,3.96,4.34,0.4546,2.08,2.2,2.82,1.25,1.4,2.65,0.5375,0.7421,0.2749,4.2,4.3,8.5,8.4,5.0,over_15_goals|home_4_sot|total_3_cards,Over 1.5 goals + Girona 4+ SOT + 3+ cards,strong,Over 1.5 goals:lost | Girona 4+ SOT:won | 3+ cards:won,2,3,partial,5.0,3.0,10.0,H,,,,,
2026-01-10,13:00,2526,SP1,La Liga,Oviedo,Betis,D,No external context supplied,,No recent H2H,No recent H2H,0.0,0.0,0.5,0.5,1.0,1.0,0.0,0.0,0.0,0.0,0.3028,0.1874,0.5098,4.34,3.41,1.95,3.3,5.34,1.96,3.96,7.28,2.17,0.4985,2.05,2.01,2.51,1.0,1.5,2.5,0.4911,0.7127,0.2424,4.4,5.8,10.2,11.0,5.6,home_4_sot|total_8_corners|total_3_cards,Oviedo 4+ SOT + 8+ corners + 3+ cards,strong,Oviedo 4+ SOT:lost | 8+ corners:lost | 3+ cards:won,1,3,partial,9.0,7.0,4.0,A,,,,,
2026-01-10,20:00,2526,SP1,La Liga,Valencia,Elche,D,No external context supplied,,W W W D W,L L L D L,0.0,0.0,0.5,0.5,1.0,1.0,0.0,0.0,0.0,0.0,0.4388,0.2797,0.2815,2.26,3.14,3.66,2.28,3.58,3.55,2.57,4.35,4.32,0.5058,2.12,1.98,2.46,1.05,1.45,2.5,0.4976,0.7127,0.2424,4.4,4.0,8.4,8.3,3.4,home_4_sot,Valencia 4+ SOT,lean,Valencia 4+ SOT:won,1,1,won,5.0,14.0,5.0,H,,,,,
2026-01-10,15:15,2526,SP1,La Liga,Villarreal,Alaves,H,No external context supplied,,L D D W L,W D D L W,0.0,0.0,0.5,0.5,1.0,1.0,0.0,0.0,0.0,0.0,0.533,0.2468,0.2202,1.48,4.54,7.03,1.88,4.05,4.54,2.07,5.08,5.88,0.5097,1.85,1.96,2.44,1.7,0.85,2.55,0.468,0.7228,0.2532,5.2,3.4,8.6,10.1,6.4,over_15_goals|home_4_sot|total_8_corners|total_3_cards,Over 1.5 goals + Villarreal 4+ SOT + 8+ corners + 3+ cards,strong,Over 1.5 goals:won | Villarreal 4+ SOT:won | 8+ corners:lost | 3+ cards:lost,2,4,partial,9.0,7.0,2.0,H,,,,,
2026-01-11,16:30,2526,D1,Bundesliga,Bayern Munich,Wolfsburg,H,No external context supplied,,W W W W W,L L L L L,1.0,0.0,0.5,0.5,1.0,1.0,0.0,0.0,0.0,0.0,0.797,0.1222,0.0808,1.1,12.15,18.99,1.25,8.18,12.38,1.34,13.85,32.49,0.6512,1.18,1.54,1.81,2.7,1.2,3.9,0.6518,0.9008,0.5468,6.9,3.5,10.4,9.3,4.0,over_15_goals|btts_yes|home_4_sot,Over 1.5 goals + BTTS yes + Bayern Munich 4+ SOT,strong,Over 1.5 goals:won | BTTS yes:won | Bayern Munich 4+ SOT:won,3,3,won,13.0,8.0,1.0,H,,,,,
2026-01-11,14:30,2526,D1,Bundesliga,M'gladbach,Augsburg,H,No external context supplied,,W D L L L,L D W W W,0.0,0.0,0.5,0.5,1.0,1.0,0.0,0.0,0.0,0.0,0.4183,0.2897,0.292,1.93,3.73,4.04,2.39,3.45,3.42,2.71,4.17,4.13,0.5595,1.77,1.79,2.18,1.45,1.05,2.5,0.4976,0.7127,0.2424,3.0,4.1,7.1,10.6,3.2,total_8_corners,8+ corners,lean,8+ corners:lost,0,1,lost,9.0,4.0,1.0,H,,,,,
2026-01-11,14:00,2526,I1,Serie A,Fiorentina,Milan,D,No external context supplied,,L L W D L,W W L D W,0.0,0.0,0.5,0.5,1.0,1.0,0.0,0.0,0.0,0.0,0.2529,0.2674,0.4797,3.89,3.5,2.03,3.95,3.74,2.08,4.93,4.6,2.33,0.4961,1.96,2.02,2.52,1.05,1.55,2.6,0.5121,0.7326,0.264,3.9,4.8,8.7,10.1,3.8,over_15_goals|away_4_sot|total_8_corners,Over 1.5 goals + Milan 4+ SOT + 8+ corners,strong,Over 1.5 goals:won | Milan 4+ SOT:lost | 8+ corners:won,2,3,partial,10.0,13.0,5.0,A,,,,,
2026-01-11,19:45,2526,I1,Serie A,Inter,Napoli,D,No external context supplied,,W D D D L,L D D D W,1.0,0.0,0.5,0.5,1.0,1.0,0.0,0.0,0.0,0.0,0.401,0.3775,0.2216,1.75,3.64,5.22,2.49,2.65,4.51,2.85,3.05,5.83,0.4552,2.04,2.2,2.82,1.4,0.85,2.25,0.4314,0.6575,0.1906,5.0,2.7,7.7,8.0,3.6,home_4_sot,Inter 4+ SOT,lean,Inter 4+ SOT:won,1,1,won,7.0,5.0,1.0,H,,,,,
2026-01-11,11:30,2526,I1,Serie A,Lecce,Parma,A,No external context supplied,,L L D W W,W W D L L,0.0,0.0,0.5,0.5,1.0,1.0,0.0,0.0,0.0,0.0,0.4771,0.287,0.2359,2.8,2.98,2.94,2.1,3.48,4.24,2.34,4.22,5.38,0.4362,2.58,2.29,2.97,0.95,1.05,2.0,0.3987,0.594,0.1429,3.3,3.2,6.5,8.8,3.8,,No builder lean,none,,,0,,3.0,6.0,8.0,H,,,,,
2026-01-11,17:00,2526,I1,Serie A,Verona,Lazio,A,No external context supplied,,D L L L L,D W W W W,0.0,0.0,0.5,0.5,1.0,1.0,0.0,0.0,0.0,0.0,0.3249,0.274,0.4011,3.45,3.07,2.4,3.08,3.65,2.49,3.64,4.46,2.85,0.4461,2.48,2.24,2.89,1.0,1.4,2.4,0.4762,0.6916,0.2213,3.7,4.1,7.8,9.1,7.2,total_3_cards,3+ cards,lean,3+ cards:won,1,1,won,4.0,3.0,3.0,A,,,,,
2026-01-11,15:15,2526,SP1,La Liga,Levante,Espanol,D,No external context supplied,,D L W L D,D W L W D,0.0,0.0,0.5,0.5,1.0,1.0,0.0,0.0,0.0,0.0,0.3654,0.2759,0.3587,3.16,3.29,2.42,2.74,3.62,2.79,3.17,4.43,3.24,0.4954,2.04,2.02,2.53,0.85,1.3,2.15,0.4165,0.6331,0.1709,3.7,4.6,8.3,9.1,6.0,away_4_sot|total_3_cards,Espanol 4+ SOT + 3+ cards,lean,Espanol 4+ SOT:lost | 3+ cards:lost,0,2,lost,5.0,7.0,1.0,H,,,,,
2026-01-11,13:00,2526,SP1,La Liga,Vallecano,Mallorca,H,No external context supplied,,L D L L D,W D W W D,0.0,0.0,0.5,0.5,1.0,1.0,0.0,0.0,0.0,0.0,0.5511,0.2509,0.198,1.93,3.24,4.78,1.81,3.99,5.05,2.0,4.98,6.76,0.4858,2.4,2.06,2.59,0.95,1.2,2.15,0.4285,0.6331,0.1709,3.9,4.2,8.1,9.7,6.6,away_4_sot|total_8_corners|total_3_cards,Mallorca 4+ SOT + 8+ corners + 3+ cards,strong,Mallorca 4+ SOT:lost | 8+ corners:won | 3+ cards:won,2,3,partial,7.0,11.0,8.0,H,,,,,
2026-01-12,17:30,2526,I1,Serie A,Genoa,Cagliari,H,No external context supplied,,L W D D D,W L D D D,0.0,0.0,0.5,0.5,1.0,1.0,0.0,0.0,0.0,0.0,0.5663,0.2444,0.1893,2.12,2.97,4.44,1.77,4.09,5.28,1.94,5.14,7.18,0.4199,2.57,2.38,3.13,1.5,1.4,2.9,0.5853,0.7854,0.3304,4.4,4.6,9.0,9.6,3.4,over_15_goals|btts_yes|home_4_sot|total_8_corners,Over 1.5 goals + BTTS yes + Genoa 4+ SOT + 8+ corners,strong,Over 1.5 goals:won | BTTS yes:lost | Genoa 4+ SOT:won | 8+ corners:lost,2,4,partial,10.0,5.0,7.0,H,,,,,
2026-01-12,19:45,2526,I1,Serie A,Juventus,Cremonese,H,No external context supplied,,W W W,L L L,0.0,0.0,0.5,0.5,1.0,1.0,0.0,0.0,0.0,0.0,0.6997,0.1991,0.1012,1.25,6.33,11.48,1.43,5.02,9.88,1.54,6.71,19.53,0.4858,1.65,2.06,2.59,1.4,0.8,2.2,0.4149,0.6454,0.1806,6.3,2.6,8.9,8.6,3.4,home_4_sot,Juventus 4+ SOT,lean,Juventus 4+ SOT:won,1,1,won,13.0,9.0,1.0,H,,,,,
2026-01-12,20:00,2526,SP1,La Liga,Sevilla,Celta,A,No external context supplied,,D D L W L,D D W L W,0.0,0.0,0.5,0.5,1.0,1.0,0.0,0.0,0.0,0.0,0.3588,0.3029,0.3383,2.65,3.39,2.77,2.79,3.3,2.96,3.24,3.95,3.47,0.5097,1.97,1.96,2.44,0.95,1.75,2.7,0.5067,0.7513,0.2859,4.2,3.9,8.1,7.3,5.6,over_15_goals|total_3_cards,Over 1.5 goals + 3+ cards,lean,Over 1.5 goals:lost | 3+ cards:won,1,2,partial,9.0,7.0,6.0,H,,,,,
2026-01-13,19:30,2526,D1,Bundesliga,Dortmund,Werder Bremen,H,No external context supplied,,W W W D D,L L L D D,0.0,0.0,0.5,0.5,1.0,1.0,0.0,0.0,0.0,0.0,0.6605,0.2037,0.1358,1.36,5.64,7.94,1.51,4.91,7.37,1.64,6.51,11.66,0.6576,1.44,1.52,1.79,1.55,1.05,2.6,0.5121,0.7326,0.264,6.1,3.6,9.7,10.6,6.6,over_15_goals|home_4_sot|total_8_corners|total_3_cards,Over 1.5 goals + Dortmund 4+ SOT + 8+ corners + 3+ cards,strong,Over 1.5 goals:won | Dortmund 4+ SOT:won | 8+ corners:lost | 3+ cards:lost,2,4,partial,11.0,6.0,2.0,H,,,,,
2026-01-13,19:30,2526,D1,Bundesliga,Mainz,Heidenheim,H,No external context supplied,,L D L W,W D W L,0.0,0.0,0.5,0.5,1.0,1.0,0.0,0.0,0.0,0.0,0.639,0.2265,0.1345,1.67,3.85,5.58,1.56,4.42,7.43,1.7,5.67,11.83,0.5303,1.73,1.89,2.32,1.75,1.45,3.2,0.6324,0.8288,0.3975,4.1,5.1,9.2,10.0,3.6,over_15_goals|btts_yes|away_4_sot|total_8_corners,Over 1.5 goals + BTTS yes + Heidenheim 4+ SOT + 8+ corners,strong,Over 1.5 goals:won | BTTS yes:won | Heidenheim 4+ SOT:won | 8+ corners:lost,3,4,partial,10.0,5.0,4.0,H,,,,,
2026-01-13,17:30,2526,D1,Bundesliga,Stuttgart,Ein Frankfurt,H,No external context supplied,,D W W L L,D L L W W,0.0,0.0,0.5,0.5,1.0,1.0,0.0,0.0,0.0,0.0,0.5593,0.2329,0.2078,1.81,4.01,4.25,1.79,4.29,4.81,1.96,5.47,6.34,0.6542,1.46,1.53,1.8,1.9,1.65,3.55,0.6871,0.8693,0.4741,4.6,3.9,8.5,8.4,4.2,over_15_goals|btts_yes|home_4_sot|total_3_cards,Over 1.5 goals + BTTS yes + Stuttgart 4+ SOT + 3+ cards,strong,Over 1.5 goals:won | BTTS yes:won | Stuttgart 4+ SOT:won | 3+ cards:won,4,4,won,16.0,12.0,4.0,H,,,,,
2026-01-14,19:30,2526,D1,Bundesliga,FC Koln,Bayern Munich,A,No external context supplied,,L D L L L,W D W W W,0.0,1.0,0.5,0.5,1.0,1.0,0.0,0.0,0.0,0.0,0.1669,0.171,0.6621,9.41,6.82,1.26,5.99,5.85,1.51,8.56,8.26,1.63,0.6406,1.24,1.56,1.85,1.1,2.75,3.85,0.6245,0.8968,0.5367,3.3,6.7,10.0,8.2,3.4,over_15_goals|btts_yes|away_4_sot,Over 1.5 goals + BTTS yes + Bayern Munich 4+ SOT,strong,Over 1.5 goals:won | BTTS yes:won | Bayern Munich 4+ SOT:won,3,3,won,11.0,10.0,0.0,A,,,,,
2026-01-14,19:30,2526,D1,Bundesliga,Hoffenheim,M'gladbach,H,No external context supplied,,L L W L D,W W L W D,0.0,0.0,0.5,0.5,1.0,1.0,0.0,0.0,0.0,0.0,0.4666,0.2678,0.2656,1.85,4.05,4.05,2.14,3.73,3.77,2.4,4.59,4.64,0.5808,1.56,1.72,2.08,1.6,1.3,2.9,0.5806,0.7854,0.3304,3.6,3.7,7.3,9.2,2.0,over_15_goals|btts_yes,Over 1.5 goals + BTTS yes,lean,Over 1.5 goals:won | BTTS yes:won,2,2,won,15.0,8.0,2.0,H,,,,,
2026-01-14,19:30,2526,D1,Bundesliga,RB Leipzig,Freiburg,H,No external context supplied,,W W W W D,L L L L D,0.0,0.0,0.5,0.5,1.0,1.0,0.0,0.0,0.0,0.0,0.5882,0.2105,0.2014,1.72,4.16,4.63,1.7,4.75,4.97,1.86,6.23,6.61,0.5672,1.57,1.76,2.14,2.05,1.5,3.55,0.6769,0.8693,0.4741,5.3,5.6,10.9,9.4,3.2,over_15_goals|btts_yes|home_4_sot,Over 1.5 goals + BTTS yes + RB Leipzig 4+ SOT,strong,Over 1.5 goals:won | BTTS yes:lost | RB Leipzig 4+ SOT:won,2,3,partial,8.0,9.0,4.0,H,,,,,
2026-01-14,17:30,2526,D1,Bundesliga,Wolfsburg,St Pauli,H,No external context supplied,,D D,D D,0.0,0.0,0.5,0.5,1.0,1.0,0.0,0.0,0.0,0.0,0.4435,0.2892,0.2672,1.9,3.75,4.14,2.25,3.46,3.74,2.54,4.18,4.6,0.5097,1.84,1.96,2.44,1.7,1.55,3.25,0.6438,0.8352,0.4086,4.4,4.2,8.6,11.1,3.8,over_15_goals|btts_yes|home_4_sot|total_8_corners,Over 1.5 goals + BTTS yes + Wolfsburg 4+ SOT + 8+ corners,strong,Over 1.5 goals:won | BTTS yes:won | Wolfsburg 4+ SOT:won | 8+ corners:won,4,4,won,9.0,11.0,3.0,H,,,,,
2026-01-14,19:45,2526,I1,Serie A,Inter,Lecce,H,No external context supplied,,W W W W W,L L L L L,1.0,0.0,0.5,0.5,1.0,1.0,0.0,0.0,0.0,0.0,0.84,0.0845,0.0756,1.14,9.03,20.01,1.19,11.84,13.24,1.27,29.02,39.13,0.5764,1.49,1.74,2.1,1.65,0.6,2.25,0.3645,0.6575,0.1906,5.0,1.9,6.9,7.9,5.4,over_25_goals|home_4_sot|total_3_cards,Over 2.5 goals + Inter 4+ SOT + 3+ cards,strong,Over 2.5 goals:lost | Inter 4+ SOT:won | 3+ cards:won,2,3,partial,8.0,14.0,3.0,H,,,,,
2026-01-14,17:30,2526,I1,Serie A,Napoli,Parma,D,No external context supplied,,L W W W D,W L L L D,0.0,0.0,0.5,0.5,1.0,1.0,0.0,0.0,0.0,0.0,0.6746,0.2377,0.0877,1.33,5.33,10.3,1.48,4.21,11.4,1.6,5.33,26.5,0.5097,1.87,1.96,2.44,1.35,0.95,2.3,0.4543,0.6691,0.2007,3.9,2.9,6.8,7.5,2.4,,No builder lean,none,,,0,,5.0,8.0,4.0,H,,,,,
2026-01-15,19:30,2526,D1,Bundesliga,Augsburg,Union Berlin,D,No external context supplied,,W D W W L,L D L L W,0.0,0.0,0.5,0.5,1.0,1.0,0.0,0.0,0.0,0.0,0.3872,0.2574,0.3554,2.63,3.26,2.89,2.58,3.88,2.81,2.97,4.82,3.27,0.5061,2.21,1.98,2.46,0.9,1.65,2.55,0.4795,0.7228,0.2532,3.5,3.8,7.3,9.3,4.8,over_15_goals|total_3_cards,Over 1.5 goals + 3+ cards,lean,Over 1.5 goals:won | 3+ cards:won,2,2,won,8.0,6.0,3.0,H,,,,,
2026-01-15,19:45,2526,I1,Serie A,Como,Milan,A,No external context supplied,,L L,W W,0.0,0.0,0.5,0.5,1.0,1.0,0.0,0.0,0.0,0.0,0.3403,0.266,0.3937,2.99,3.27,2.55,2.94,3.76,2.54,3.44,4.63,2.91,0.4784,2.03,2.09,2.64,1.15,1.15,2.3,0.467,0.6691,0.2007,3.4,4.1,7.5,9.5,4.4,total_8_corners|total_3_cards,8+ corners + 3+ cards,lean,8+ corners:won | 3+ cards:lost,1,2,partial,12.0,12.0,1.0,A,,,,,
2026-01-15,17:30,2526,I1,Serie A,Verona,Bologna,A,No external context supplied,,W D L W L,L D W L W,0.0,0.0,0.5,0.5,1.0,1.0,0.0,0.0,0.0,0.0,0.2429,0.255,0.5021,3.68,3.32,2.17,4.12,3.92,1.99,5.18,4.88,2.21,0.4546,2.24,2.2,2.82,1.15,1.5,2.65,0.5309,0.7421,0.2749,3.9,3.6,7.5,8.2,5.2,over_15_goals|total_3_cards,Over 1.5 goals + 3+ cards,lean,Over 1.5 goals:won | 3+ cards:won,2,2,won,10.0,9.0,3.0,A,,,,,
2026-01-16,19:30,2526,D1,Bundesliga,Werder Bremen,Ein Frankfurt,D,No external context supplied,,D D L W L,D D W L W,0.0,0.0,0.5,0.5,1.0,1.0,0.0,0.0,0.0,0.0,0.3451,0.2739,0.381,2.65,3.5,2.49,2.9,3.65,2.63,3.39,4.47,3.02,0.5916,1.63,1.69,2.03,1.35,1.65,3.0,0.5985,0.8009,0.3528,4.1,5.4,9.5,8.5,5.4,over_15_goals|btts_yes|away_4_sot|total_3_cards,Over 1.5 goals + BTTS yes + Ein Frankfurt 4+ SOT + 3+ cards,strong,Over 1.5 goals:won | BTTS yes:won | Ein Frankfurt 4+ SOT:won | 3+ cards:won,4,4,won,8.0,5.0,5.0,A,,,,,
2026-01-16,18:00,2526,F1,Ligue 1,Monaco,Lorient,A,No external context supplied,,D W D D L,D L D D W,0.0,0.0,0.5,0.5,1.0,1.0,0.0,0.0,0.0,0.0,0.5626,0.252,0.1853,1.65,4.15,4.66,1.78,3.97,5.4,1.95,4.95,7.39,0.6196,1.53,1.61,1.92,1.2,1.45,2.65,0.5349,0.7421,0.2749,3.0,5.5,8.5,8.4,4.4,over_15_goals|away_4_sot|total_3_cards,Over 1.5 goals + Lorient 4+ SOT + 3+ cards,strong,Over 1.5 goals:won | Lorient 4+ SOT:won | 3+ cards:lost,2,3,partial,11.0,7.0,1.0,H,,,,,
2026-01-16,20:00,2526,F1,Ligue 1,Paris SG,Lille,H,No external context supplied,,D W W W D,D L L L D,1.0,0.0,0.5,0.5,1.0,1.0,0.0,0.0,0.0,0.0,0.6639,0.2322,0.1039,1.31,5.52,8.43,1.51,4.31,9.62,1.63,5.49,18.54,0.6764,1.43,1.48,1.73,1.8,1.45,3.25,0.6389,0.8352,0.4086,6.3,4.1,10.4,10.0,4.2,over_15_goals|btts_yes|home_4_sot|total_8_corners|total_3_cards,Over 1.5 goals + BTTS yes + Paris SG 4+ SOT + 8+ corners,strong,Over 1.5 goals:won | BTTS yes:lost | Paris SG 4+ SOT:won | 8+ corners:lost | 3+ cards:lost,2,5,partial,11.0,6.0,1.0,H,,,,,
2026-01-16,19:45,2526,I1,Serie A,Pisa,Atalanta,D,No external context supplied,,D,D,1.0,0.0,0.5,0.5,1.0,1.0,0.0,0.0,0.0,0.0,0.2316,0.2506,0.5178,6.08,3.98,1.55,4.32,3.99,1.93,5.51,4.98,2.14,0.539,1.86,1.86,2.28,0.95,1.4,2.35,0.462,0.6805,0.2109,3.2,4.1,7.3,10.4,4.2,total_8_corners|total_3_cards,8+ corners + 3+ cards,lean,8+ corners:won | 3+ cards:won,2,2,won,10.0,11.0,3.0,A,,,,,
2026-01-16,20:00,2526,SP1,La Liga,Espanol,Girona,A,No external context supplied,,D L L D D,D W W D D,0.0,0.0,0.5,0.5,1.0,1.0,0.0,0.0,0.0,0.0,0.4649,0.3022,0.2329,1.87,3.43,4.26,2.15,3.31,4.29,2.41,3.97,5.47,0.4858,2.07,2.06,2.59,1.25,1.05,2.3,0.4638,0.6691,0.2007,4.0,3.5,7.5,7.9,4.6,total_3_cards,3+ cards,lean,3+ cards:won,1,1,won,6.0,9.0,10.0,H,,,,,
2026-01-17,14:30,2526,D1,Bundesliga,Dortmund,St Pauli,H,No external context supplied,,W W D,L L D,0.0,0.0,0.5,0.5,1.0,1.0,0.0,0.0,0.0,0.0,0.6266,0.2184,0.155,1.32,5.1,9.14,1.6,4.58,6.45,1.73,5.94,9.53,0.5297,1.65,1.89,2.33,1.9,0.75,2.65,0.4487,0.7421,0.2749,5.1,3.1,8.2,10.2,4.0,over_15_goals|home_4_sot|total_8_corners,Over 1.5 goals + Dortmund 4+ SOT + 8+ corners,strong,Over 1.5 goals:won | Dortmund 4+ SOT:won | 8+ corners:won,3,3,won,11.0,10.0,4.0,H,,,,,
2026-01-17,14:30,2526,D1,Bundesliga,FC Koln,Mainz,H,No external context supplied,,L D D D W,W D D D L,0.0,0.0,0.5,0.5,1.0,1.0,0.0,0.0,0.0,0.0,0.4558,0.2796,0.2646,2.15,3.53,3.14,2.19,3.58,3.78,2.46,4.36,4.66,0.4982,1.71,2.01,2.51,1.4,1.4,2.8,0.5676,0.7689,0.3081,5.2,4.1,9.3,9.1,2.6,over_15_goals|btts_yes|home_4_sot,Over 1.5 goals + BTTS yes + FC Koln 4+ SOT,strong,Over 1.5 goals:won | BTTS yes:won | FC Koln 4+ SOT:won,3,3,won,13.0,14.0,8.0,H,,,,,
2026-01-17,14:30,2526,D1,Bundesliga,Hamburg,M'gladbach,D,No external context supplied,,L W D,W L D,0.0,0.0,0.5,0.5,1.0,1.0,0.0,0.0,0.0,0.0,0.4374,0.2908,0.2719,2.39,3.44,2.79,2.29,3.44,3.68,2.58,4.15,4.51,0.4893,1.73,2.04,2.57,1.25,1.8,3.05,0.5956,0.8082,0.364,4.5,4.4,8.9,8.2,3.6,over_15_goals|btts_yes|home_4_sot,Over 1.5 goals + BTTS yes + Hamburg 4+ SOT,strong,Over 1.5 goals:lost | BTTS yes:lost | Hamburg 4+ SOT:won,1,3,partial,12.0,7.0,3.0,H,,,,,
2026-01-17,14:30,2526,D1,Bundesliga,Hoffenheim,Leverkusen,H,No external context supplied,,L L L L W,W W W W L,0.0,0.0,0.5,0.5,1.0,1.0,0.0,0.0,0.0,0.0,0.5561,0.2566,0.1873,2.37,3.74,2.65,1.8,3.9,5.34,1.98,4.84,7.29,0.5788,1.47,1.73,2.09,2.05,1.55,3.6,0.6863,0.8743,0.4848,5.1,4.5,9.6,9.5,4.2,over_15_goals|btts_yes|home_4_sot|total_8_corners,Over 1.5 goals + BTTS yes + Hoffenheim 4+ SOT + 8+ corners,strong,Over 1.5 goals:lost | BTTS yes:lost | Hoffenheim 4+ SOT:won | 8+ corners:won,2,4,partial,10.0,8.0,3.0,H,H,0.1156,Bundesliga H all 8%+,82,0.3841
2026-01-17,17:30,2526,D1,Bundesliga,RB Leipzig,Bayern Munich,A,No external context supplied,,D L L D L,D W W D W,0.0,1.0,0.5,0.5,1.0,1.0,0.0,0.0,0.0,0.0,0.2486,0.2551,0.4963,4.9,4.69,1.54,4.02,3.92,2.01,5.04,4.88,2.24,0.6154,1.3,1.62,1.94,1.65,2.5,4.15,0.7416,0.9188,0.5953,3.8,6.9,10.7,8.2,2.6,over_15_goals|btts_yes|away_4_sot,Over 1.5 goals + BTTS yes + Bayern Munich 4+ SOT,strong,Over 1.5 goals:won | BTTS yes:won | Bayern Munich 4+ SOT:won,3,3,won,16.0,14.0,1.0,A,,,,,
2026-01-17,14:30,2526,D1,Bundesliga,Wolfsburg,Heidenheim,D,No external context supplied,,W D W L W,L D L W L,0.0,0.0,0.5,0.5,1.0,1.0,0.0,0.0,0.0,0.0,0.6045,0.219,0.1766,1.65,3.99,4.76,1.65,4.57,5.66,1.8,5.92,7.9,0.5297,1.57,1.89,2.33,2.15,1.7,3.85,0.7221,0.8968,0.5367,5.6,5.3,10.9,9.6,3.4,over_15_goals|btts_yes|home_4_sot|total_8_corners,Over 1.5 goals + BTTS yes + Wolfsburg 4+ SOT + 8+ corners,strong,Over 1.5 goals:won | BTTS yes:won | Wolfsburg 4+ SOT:won | 8+ corners:won,4,4,won,7.0,15.0,7.0,H,,,,,
2026-01-17,15:00,2526,E0,Premier League,Chelsea,Brentford,H,No external context supplied,"Weather: rain 1.3mm, gusts 28.1km/h, snow 0.0cm",L D W D D,W D L D D,0.0,0.0,0.5,0.5,1.0,1.0,0.0,0.0,0.0,0.0,0.4504,0.2822,0.2674,1.69,3.97,4.75,2.22,3.54,3.74,2.5,4.31,4.6,0.546,1.63,1.83,2.24,1.2,1.55,2.75,0.5505,0.7603,0.297,4.3,5.5,9.8,10.9,6.2,over_15_goals|btts_yes|home_4_sot|total_8_corners|total_3_cards,Over 1.5 goals + BTTS yes + Chelsea 4+ SOT + 8+ corners,strong,Over 1.5 goals:won | BTTS yes:lost | Chelsea 4+ SOT:lost | 8+ corners:won | 3+ cards:won,3,5,partial,7.0,12.0,5.0,H,,,,,
2026-01-17,15:00,2526,E0,Premier League,Leeds,Fulham,H,No external context supplied,"Weather: rain 2.4mm, gusts 28.1km/h, snow 0.0cm",W W L L L,L L W W W,0.0,0.0,0.5,0.5,1.0,1.0,0.0,0.0,0.0,0.0,0.4204,0.2517,0.3279,2.17,3.33,3.41,2.38,3.97,3.05,2.7,4.96,3.6,0.4546,2.05,2.2,2.82,1.65,1.75,3.4,0.6675,0.8532,0.4416,3.9,3.7,7.6,10.7,4.4,over_15_goals|btts_yes|total_8_corners|total_3_cards,Over 1.5 goals + BTTS yes + 8+ corners + 3+ cards,strong,Over 1.5 goals:lost | BTTS yes:lost | 8+ corners:won | 3+ cards:won,2,4,partial,6.0,10.0,6.0,H,,,,,
2026-01-17,15:00,2526,E0,Premier League,Liverpool,Burnley,D,No external context supplied,"Weather: rain 0.0mm, gusts 34.9km/h, snow 0.0cm",W W W W W,L L L L L,1.0,0.0,0.5,0.5,1.0,1.0,0.0,0.0,0.0,0.0,0.69,0.2135,0.0965,1.22,6.4,12.44,1.45,4.68,10.36,1.56,6.12,21.51,0.4167,1.54,2.4,3.16,1.65,0.95,2.6,0.4955,0.7326,0.264,4.4,2.5,6.9,8.5,3.0,over_15_goals|home_4_sot,Over 1.5 goals + Liverpool 4+ SOT,lean,Over 1.5 goals:won | Liverpool 4+ SOT:won,2,2,won,12.0,10.0,3.0,H,,,,,
2026-01-17,12:30,2526,E0,Premier League,Man United,Man City,H,No external context supplied,"Weather: rain 6.8mm, gusts 32.0km/h, snow 0.0cm",L L W D L,W W L D W,0.0,1.0,0.5,0.5,1.0,1.0,0.0,0.0,0.0,0.0,0.3379,0.2518,0.4103,3.55,3.87,1.94,2.96,3.97,2.44,3.47,4.96,2.78,0.5913,1.48,1.69,2.04,1.4,1.8,3.2,0.6289,0.8288,0.3975,4.3,4.1,8.4,9.5,2.6,over_15_goals|btts_yes|home_4_sot|total_8_corners,Over 1.5 goals + BTTS yes + Man United 4+ SOT + 8+ corners,strong,Over 1.5 goals:won | BTTS yes:lost | Man United 4+ SOT:won | 8+ corners:lost,2,4,partial,8.0,7.0,5.0,A,,,,,
2026-01-17,17:30,2526,E0,Premier League,Nott'm Forest,Arsenal,D,No external context supplied,"Weather: rain 3.1mm, gusts 30.6km/h, snow 0.0cm",L L L D L,W W W D W,0.0,0.0,0.5,0.5,1.0,1.0,0.0,0.0,0.0,0.0,0.1968,0.2433,0.5599,6.1,4.16,1.54,5.08,4.11,1.79,6.81,5.17,1.96,0.5369,1.86,1.86,2.29,1.0,1.7,2.7,0.5166,0.7513,0.2859,3.0,4.0,7.0,8.1,3.4,over_15_goals,Over 1.5 goals,lean,Over 1.5 goals:lost,0,1,lost,3.0,13.0,2.0,A,,,,,
2026-01-17,15:00,2526,E0,Premier League,Sunderland,Crystal Palace,H,No external context supplied,"Weather: rain 1.8mm, gusts 29.9km/h, snow 0.0cm",D,D,0.0,0.0,0.5,0.5,1.0,1.0,0.0,0.0,0.0,0.0,0.5255,0.227,0.2475,2.69,3.15,2.74,1.9,4.41,4.04,2.1,5.65,5.06,0.5097,2.2,1.96,2.44,1.05,1.0,2.05,0.4109,0.6074,0.152,4.6,3.8,8.4,9.6,3.8,home_4_sot|total_8_corners,Sunderland 4+ SOT + 8+ corners,lean,Sunderland 4+ SOT:won | 8+ corners:lost,1,2,partial,9.0,7.0,6.0,H,,,,,
2026-01-17,15:00,2526,E0,Premier League,Tottenham,West Ham,A,No external context supplied,"Weather: rain 0.5mm, gusts 27.4km/h, snow 0.0cm",L D W D W,W D L D L,0.0,0.0,0.5,0.5,1.0,1.0,0.0,0.0,0.0,0.0,0.5537,0.2967,0.1496,1.71,3.91,4.63,1.81,3.37,6.68,1.99,4.05,10.04,0.5297,1.71,1.89,2.33,1.55,1.3,2.85,0.5731,0.7773,0.3192,5.1,2.6,7.7,8.4,4.8,over_15_goals|btts_yes|home_4_sot|total_3_cards,Over 1.5 goals + BTTS yes + Tottenham 4+ SOT + 3+ cards,strong,Over 1.5 goals:won | BTTS yes:won | Tottenham 4+ SOT:won | 3+ cards:won,4,4,won,10.0,16.0,8.0,H,,,,,
2026-01-17,20:05,2526,F1,Ligue 1,Angers,Marseille,A,No external context supplied,,L L D L D,W W D W D,0.0,0.0,0.5,0.5,1.0,1.0,0.0,0.0,0.0,0.0,0.1468,0.2315,0.6217,5.5,3.93,1.59,6.81,4.32,1.61,10.33,5.51,1.75,0.5554,1.84,1.8,2.2,1.35,1.5,2.85,0.5755,0.7773,0.3192,5.2,5.5,10.7,9.8,4.0,over_15_goals|btts_yes|home_4_sot|total_8_corners,Over 1.5 goals + BTTS yes + Angers 4+ SOT + 8+ corners,strong,Over 1.5 goals:won | BTTS yes:won | Angers 4+ SOT:lost | 8+ corners:won,3,4,partial,14.0,8.0,2.0,A,,,,,
2026-01-17,16:00,2526,F1,Ligue 1,Lens,Auxerre,H,No external context supplied,,W W D L W,L L D W L,0.0,0.0,0.5,0.5,1.0,1.0,0.0,0.0,0.0,0.0,0.6079,0.2418,0.1503,1.42,4.46,7.24,1.64,4.14,6.65,1.79,5.21,9.97,0.5353,1.69,1.87,2.3,1.9,0.8,2.7,0.4683,0.7513,0.2859,5.0,4.0,9.0,10.3,4.6,over_15_goals|home_4_sot|total_8_corners|total_3_cards,Over 1.5 goals + Lens 4+ SOT + 8+ corners + 3+ cards,strong,Over 1.5 goals:lost | Lens 4+ SOT:won | 8+ corners:lost | 3+ cards:won,2,4,partial,7.0,6.0,7.0,H,,,,,
2026-01-17,18:00,2526,F1,Ligue 1,Toulouse,Nice,H,No external context supplied,,L W D D W,W L D D L,0.0,0.0,0.5,0.5,1.0,1.0,0.0,0.0,0.0,0.0,0.4059,0.2769,0.3172,1.92,3.51,3.82,2.46,3.61,3.15,2.81,4.41,3.74,0.5206,1.85,1.92,2.38,1.55,1.05,2.6,0.5121,0.7326,0.264,5.1,3.8,8.9,9.4,4.0,over_15_goals|home_4_sot,Over 1.5 goals + Toulouse 4+ SOT,lean,Over 1.5 goals:won | Toulouse 4+ SOT:won,2,2,won,16.0,13.0,3.0,H,,,,,
2026-01-17,19:45,2526,I1,Serie A,Cagliari,Juventus,H,No external context supplied,,L D D L L,W D D W W,0.0,0.0,0.5,0.5,1.0,1.0,0.0,0.0,0.0,0.0,0.1255,0.2522,0.6223,6.65,4.03,1.5,7.97,3.97,1.61,13.24,4.95,1.75,0.5353,2.02,1.87,2.3,0.9,1.7,2.6,0.485,0.7326,0.264,2.8,7.1,9.9,8.6,3.0,over_15_goals|away_4_sot,Over 1.5 goals + Juventus 4+ SOT,lean,Over 1.5 goals:lost | Juventus 4+ SOT:won,1,2,partial,6.0,19.0,1.0,A,,,,,
2026-01-17,17:00,2526,I1,Serie A,Napoli,Sassuolo,H,No external context supplied,,W W W W W,L L L L L,0.0,0.0,0.5,0.5,1.0,1.0,0.0,0.0,0.0,0.0,0.5517,0.3132,0.1351,1.44,4.26,7.48,1.81,3.19,7.4,1.99,3.8,11.75,0.4546,1.97,2.2,2.82,1.45,1.05,2.5,0.4976,0.7127,0.2424,5.4,2.5,7.9,7.7,3.4,home_4_sot,Napoli 4+ SOT,lean,Napoli 4+ SOT:won,1,1,won,8.0,9.0,3.0,H,,,,,
2026-01-17,14:00,2526,I1,Serie A,Udinese,Inter,A,No external context supplied,,L L L L W,W W W W L,0.0,1.0,0.5,0.5,1.0,1.0,0.0,0.0,0.0,0.0,0.1887,0.2041,0.6072,7.18,4.61,1.41,5.3,4.9,1.65,7.21,6.49,1.79,0.6173,1.71,1.62,1.93,0.75,1.8,2.55,0.4404,0.7228,0.2532,2.1,5.6,7.7,8.3,4.0,over_15_goals|away_4_sot,Over 1.5 goals + Inter 4+ SOT,lean,Over 1.5 goals:lost | Inter 4+ SOT:won,1,2,partial,6.0,7.0,1.0,A,,,,,
2026-01-17,20:00,2526,SP1,La Liga,Betis,Villarreal,H,No external context supplied,,W L W L D,L W L W D,0.0,0.0,0.5,0.5,1.0,1.0,0.0,0.0,0.0,0.0,0.4488,0.2942,0.257,2.53,3.51,2.63,2.23,3.4,3.89,2.51,4.1,4.83,0.5422,1.65,1.84,2.26,1.25,1.9,3.15,0.6068,0.8222,0.3863,4.9,5.3,10.2,10.5,4.6,over_15_goals|btts_yes|home_4_sot|total_8_corners|total_3_cards,Over 1.5 goals + BTTS yes + Betis 4+ SOT + 8+ corners,strong,Over 1.5 goals:won | BTTS yes:lost | Betis 4+ SOT:won | 8+ corners:lost | 3+ cards:won,3,5,partial,9.0,5.0,7.0,H,,,,,
2026-01-17,15:15,2526,SP1,La Liga,Mallorca,Ath Bilbao,H,No external context supplied,,D L D D L,D W D D W,0.0,0.0,0.5,0.5,1.0,1.0,0.0,0.0,0.0,0.0,0.2599,0.2763,0.4638,3.62,3.04,2.2,3.85,3.62,2.16,4.76,4.42,2.42,0.5097,2.45,1.96,2.44,1.35,1.1,2.45,0.4942,0.7023,0.2318,4.2,3.6,7.8,10.0,5.8,home_4_sot|total_8_corners|total_3_cards,Mallorca 4+ SOT + 8+ corners + 3+ cards,strong,Mallorca 4+ SOT:won | 8+ corners:won | 3+ cards:won,3,3,won,20.0,10.0,10.0,A,,,,,
2026-01-17,17:30,2526,SP1,La Liga,Osasuna,Oviedo,H,No external context supplied,,D,D,0.0,0.0,0.5,0.5,1.0,1.0,0.0,0.0,0.0,0.0,0.5318,0.2986,0.1696,1.77,3.39,4.99,1.88,3.35,5.9,2.08,4.02,8.36,0.4982,2.35,2.01,2.51,1.15,0.9,2.05,0.4055,0.6074,0.152,4.8,4.1,8.9,9.1,7.2,home_4_sot|total_3_cards,Osasuna 4+ SOT + 3+ cards,lean,Osasuna 4+ SOT:won | 3+ cards:won,2,2,won,10.0,9.0,7.0,H,,,,,
2026-01-17,13:00,2526,SP1,La Liga,Real Madrid,Levante,H,No external context supplied,,W L D W W,L W D L L,1.0,0.0,0.5,0.5,1.0,1.0,0.0,0.0,0.0,0.0,0.7218,0.1842,0.0939,1.16,8.13,14.17,1.39,5.43,10.64,1.49,7.45,22.76,0.6393,1.27,1.56,1.85,1.85,0.8,2.65,0.4641,0.7421,0.2749,6.4,3.9,10.3,9.9,6.2,over_15_goals|home_4_sot|total_8_corners|total_3_cards,Over 1.5 goals + Real Madrid 4+ SOT + 8+ corners + 3+ cards,strong,Over 1.5 goals:won | Real Madrid 4+ SOT:won | 8+ corners:won | 3+ cards:won,4,4,won,11.0,8.0,3.0,H,,,,,
2026-01-18,16:30,2526,D1,Bundesliga,Augsburg,Freiburg,D,No external context supplied,,L W L D W,W L W D L,0.0,0.0,0.5,0.5,1.0,1.0,0.0,0.0,0.0,0.0,0.386,0.3016,0.3124,2.83,3.29,2.44,2.59,3.32,3.2,2.98,3.97,3.81,0.5221,1.9,1.92,2.37,1.2,1.75,2.95,0.5774,0.7933,0.3416,4.5,4.0,8.5,8.7,4.8,over_15_goals|btts_yes|home_4_sot|total_3_cards,Over 1.5 goals + BTTS yes + Augsburg 4+ SOT + 3+ cards,strong,Over 1.5 goals:won | BTTS yes:won | Augsburg 4+ SOT:won | 3+ cards:won,4,4,won,10.0,15.0,5.0,H,,,,,
2026-01-18,14:30,2526,D1,Bundesliga,Stuttgart,Union Berlin,D,No external context supplied,,W W W D L,L L L D W,0.0,0.0,0.5,0.5,1.0,1.0,0.0,0.0,0.0,0.0,0.5312,0.2287,0.2401,1.64,3.86,4.98,1.88,4.37,4.16,2.08,5.6,5.26,0.5247,1.79,1.91,2.35,1.65,1.55,3.2,0.6365,0.8288,0.3975,5.3,4.7,10.0,8.1,4.6,over_15_goals|btts_yes|home_4_sot|total_3_cards,Over 1.5 goals + BTTS yes + Stuttgart 4+ SOT + 3+ cards,strong,Over 1.5 goals:won | BTTS yes:won | Stuttgart 4+ SOT:won | 3+ cards:lost,3,4,partial,7.0,11.0,2.0,H,,,,,
2026-01-18,16:30,2526,E0,Premier League,Aston Villa,Everton,A,No external context supplied,"Weather: rain 4.8mm, gusts 20.9km/h, snow 0.0cm",W D W W D,L D L L D,0.0,0.0,0.5,0.5,1.0,1.0,0.0,0.0,0.0,0.0,0.5453,0.2708,0.184,1.66,3.87,5.09,1.83,3.69,5.44,2.02,4.53,7.46,0.5079,1.88,1.97,2.45,1.6,1.25,2.85,0.5694,0.7773,0.3192,4.1,4.4,8.5,9.0,3.4,over_15_goals|btts_yes|away_4_sot,Over 1.5 goals + BTTS yes + Everton 4+ SOT,strong,Over 1.5 goals:lost | BTTS yes:lost | Everton 4+ SOT:lost,0,3,lost,8.0,10.0,3.0,H,,,,,
2026-01-18,14:00,2526,E0,Premier League,Wolves,Newcastle,D,No external context supplied,"Weather: rain 6.3mm, gusts 19.1km/h, snow 0.0cm",D L L L L,D W W W W,0.0,0.0,0.5,0.5,1.0,1.0,0.0,0.0,0.0,0.0,0.2087,0.274,0.5173,4.6,3.98,1.7,4.79,3.65,1.93,6.3,4.47,2.14,0.5529,1.66,1.81,2.21,1.05,1.85,2.9,0.5478,0.7854,0.3304,4.1,5.0,9.1,10.7,3.6,over_15_goals|btts_yes|away_4_sot|total_8_corners,Over 1.5 goals + BTTS yes + Newcastle 4+ SOT + 8+ corners,strong,Over 1.5 goals:lost | BTTS yes:lost | Newcastle 4+ SOT:lost | 8+ corners:won,1,4,partial,4.0,11.0,4.0,A,,,,,
2026-01-18,19:45,2526,F1,Ligue 1,Lyon,Brest,H,No external context supplied,,L W L W D,W L W L D,0.0,0.0,0.5,0.5,1.0,1.0,0.0,0.0,0.0,0.0,0.5527,0.2334,0.2139,1.62,4.02,5.02,1.81,4.28,4.67,1.99,5.45,6.1,0.5835,1.72,1.71,2.07,1.6,1.2,2.8,0.5577,0.7689,0.3081,4.9,4.5,9.4,9.4,5.6,over_15_goals|btts_yes|home_4_sot|total_3_cards,Over 1.5 goals + BTTS yes + Lyon 4+ SOT + 3+ cards,strong,Over 1.5 goals:won | BTTS yes:won | Lyon 4+ SOT:won | 3+ cards:won,4,4,won,8.0,5.0,4.0,H,,,,,
2026-01-18,16:15,2526,F1,Ligue 1,Nantes,Paris FC,A,No external context supplied,,W,L,0.0,0.0,0.5,0.5,1.0,1.0,0.0,0.0,0.0,0.0,0.3293,0.2701,0.4006,2.98,3.21,2.38,3.04,3.7,2.5,3.58,4.54,2.85,0.5459,1.98,1.83,2.24,1.45,1.55,3.0,0.603,0.8009,0.3528,4.5,4.0,8.5,8.8,4.2,over_15_goals|btts_yes|home_4_sot|total_3_cards,Over 1.5 goals + BTTS yes + Nantes 4+ SOT + 3+ cards,strong,Over 1.5 goals:won | BTTS yes:won | Nantes 4+ SOT:lost | 3+ cards:won,3,4,partial,4.0,3.0,4.0,A,,,,,
2026-01-18,16:15,2526,F1,Ligue 1,Rennes,Le Havre,D,No external context supplied,,D W W W D,D L L L D,0.0,0.0,0.5,0.5,1.0,1.0,0.0,0.0,0.0,0.0,0.565,0.2113,0.2237,1.64,3.9,4.98,1.77,4.73,4.47,1.94,6.2,5.76,0.6035,1.79,1.66,1.99,1.65,1.05,2.7,0.5252,0.7513,0.2859,4.4,5.0,9.4,10.4,3.0,over_15_goals|home_4_sot|total_8_corners,Over 1.5 goals + Rennes 4+ SOT + 8+ corners,strong,Over 1.5 goals:won | Rennes 4+ SOT:won | 8+ corners:won,3,3,won,11.0,16.0,5.0,H,,,,,
2026-01-18,14:00,2526,F1,Ligue 1,Strasbourg,Metz,H,No external context supplied,,W W W W W,L L L L L,0.0,0.0,0.5,0.5,1.0,1.0,0.0,0.0,0.0,0.0,0.5685,0.2931,0.1384,1.52,4.34,5.58,1.76,3.41,7.23,1.93,4.11,11.31,0.5619,1.59,1.78,2.17,1.7,1.35,3.05,0.6054,0.8082,0.364,4.4,3.8,8.2,7.9,3.8,over_15_goals|btts_yes|home_4_sot,Over 1.5 goals + BTTS yes + Strasbourg 4+ SOT,strong,Over 1.5 goals:won | BTTS yes:won | Strasbourg 4+ SOT:won,3,3,won,8.0,5.0,5.0,H,,,,,
2026-01-18,14:00,2526,I1,Serie A,Bologna,Fiorentina,A,No external context supplied,,L W W L D,W L L W D,0.0,0.0,0.5,0.5,1.0,1.0,0.0,0.0,0.0,0.0,0.4565,0.2901,0.2535,2.14,3.3,3.41,2.19,3.45,3.95,2.46,4.17,4.92,0.5283,1.97,1.89,2.33,1.4,1.4,2.8,0.5676,0.7689,0.3081,3.7,5.9,9.6,8.9,5.0,over_15_goals|btts_yes|away_4_sot|total_3_cards,Over 1.5 goals + BTTS yes + Fiorentina 4+ SOT + 3+ cards,strong,Over 1.5 goals:won | BTTS yes:won | Fiorentina 4+ SOT:won | 3+ cards:won,4,4,won,7.0,8.0,3.0,H,,,,,
2026-01-18,19:45,2526,I1,Serie A,Milan,Lecce,H,No external context supplied,,D W W W W,D L L L L,0.0,0.0,0.5,0.5,1.0,1.0,0.0,0.0,0.0,0.0,0.5021,0.3043,0.1936,1.27,5.21,11.59,1.99,3.29,5.17,2.21,3.93,6.97,0.4455,1.85,2.24,2.89,1.6,0.7,2.3,0.4018,0.6691,0.2007,4.7,2.8,7.5,10.6,4.8,home_4_sot|total_8_corners|total_3_cards,Milan 4+ SOT + 8+ corners + 3+ cards,strong,Milan 4+ SOT:won | 8+ corners:won | 3+ cards:lost,2,3,partial,6.0,12.0,2.0,H,,,,,
2026-01-18,11:30,2526,I1,Serie A,Parma,Genoa,D,No external context supplied,,W L L L D,L W W W D,0.0,0.0,0.5,0.5,1.0,1.0,0.0,0.0,0.0,0.0,0.3939,0.332,0.2742,2.83,2.74,2.87,2.54,3.01,3.65,2.91,3.55,4.46,0.4153,2.52,2.41,3.17,1.2,1.3,2.5,0.5084,0.7127,0.2424,3.5,3.8,7.3,9.0,3.0,,No builder lean,none,,,0,,5.0,10.0,5.0,H,,,,,
2026-01-18,17:00,2526,I1,Serie A,Torino,Roma,A,No external context supplied,,D L L L W,D W W W L,0.0,0.0,0.5,0.5,1.0,1.0,0.0,0.0,0.0,0.0,0.2413,0.2339,0.5249,3.53,3.18,2.13,4.14,4.28,1.91,5.23,5.44,2.11,0.4864,2.2,2.06,2.59,0.9,1.5,2.4,0.461,0.6916,0.2213,4.4,4.3,8.7,7.8,3.6,home_4_sot,Torino 4+ SOT,lean,Torino 4+ SOT:won,1,1,won,9.0,3.0,3.0,A,,,,,
2026-01-18,15:15,2526,SP1,La Liga,Ath Madrid,Alaves,H,No external context supplied,,W L W D D,L W L D D,0.0,0.0,0.5,0.5,1.0,1.0,0.0,0.0,0.0,0.0,0.705,0.1958,0.0992,1.3,5.12,10.03,1.42,5.11,10.08,1.53,6.86,20.32,0.5663,1.82,1.77,2.14,1.7,0.7,2.4,0.4114,0.6916,0.2213,4.3,4.1,8.4,10.5,4.4,home_4_sot|total_8_corners|total_3_cards,Ath Madrid 4+ SOT + 8+ corners + 3+ cards,strong,Ath Madrid 4+ SOT:won | 8+ corners:won | 3+ cards:lost,2,3,partial,6.0,12.0,2.0,H,,,,,
2026-01-18,17:30,2526,SP1,La Liga,Celta,Vallecano,H,No external context supplied,,D D L L D,D D W W D,0.0,0.0,0.5,0.5,1.0,1.0,0.0,0.0,0.0,0.0,0.4593,0.3357,0.205,2.03,3.18,3.86,2.18,2.98,4.88,2.44,3.5,6.45,0.4681,2.2,2.14,2.72,1.45,0.7,2.15,0.3853,0.6331,0.1709,4.2,4.5,8.7,7.8,6.4,home_4_sot|total_3_cards,Celta 4+ SOT + 3+ cards,lean,Celta 4+ SOT:won | 3+ cards:won,2,2,won,10.0,12.0,9.0,H,,,,,
2026-01-18,13:00,2526,SP1,La Liga,Getafe,Valencia,A,No external context supplied,,W L D L L,L W D W W,0.0,0.0,0.5,0.5,1.0,1.0,0.0,0.0,0.0,0.0,0.3884,0.3154,0.2961,2.51,2.77,3.26,2.57,3.17,3.38,2.95,3.77,4.06,0.398,3.17,2.51,3.36,1.15,1.05,2.2,0.4442,0.6454,0.1806,2.7,4.2,6.9,9.2,5.8,away_4_sot|total_3_cards,Valencia 4+ SOT + 3+ cards,lean,Valencia 4+ SOT:lost | 3+ cards:won,1,2,partial,4.0,12.0,7.0,H,,,,,
2026-01-18,20:00,2526,SP1,La Liga,Sociedad,Barcelona,H,No external context supplied,,L L W L L,W W L W W,0.0,1.0,0.5,0.5,1.0,1.0,0.0,0.0,0.0,0.0,0.214,0.2646,0.5214,4.93,4.5,1.56,4.67,3.78,1.92,6.1,4.66,2.12,0.5661,1.39,1.77,2.15,1.3,2.15,3.45,0.6427,0.8587,0.4525,4.5,4.6,9.1,12.0,2.6,over_15_goals|btts_yes|home_4_sot|total_8_corners,Over 1.5 goals + BTTS yes + Sociedad 4+ SOT + 8+ corners,strong,Over 1.5 goals:won | BTTS yes:won | Sociedad 4+ SOT:won | 8+ corners:won,4,4,won,15.0,14.0,8.0,A,,,,,
2026-01-19,20:00,2526,E0,Premier League,Brighton,Bournemouth,D,No external context supplied,"Weather: rain 1.0mm, gusts 40.7km/h, snow 0.0cm",W L W W L,L W L L W,0.0,0.0,0.5,0.5,1.0,1.0,0.0,0.0,0.0,0.0,0.4988,0.2542,0.247,1.85,3.92,3.75,2.0,3.93,4.05,2.23,4.9,5.08,0.5705,1.5,1.75,2.13,1.8,1.5,3.3,0.6485,0.8414,0.4197,4.0,4.8,8.8,10.4,5.2,over_15_goals|btts_yes|away_4_sot|total_8_corners|total_3_cards,Over 1.5 goals + BTTS yes + Bournemouth 4+ SOT + 8+ corners,strong,Over 1.5 goals:won | BTTS yes:won | Bournemouth 4+ SOT:lost | 8+ corners:won | 3+ cards:won,4,5,partial,7.0,17.0,5.0,H,,,,,
2026-01-19,17:30,2526,I1,Serie A,Cremonese,Verona,D,No external context supplied,,L D D,W D D,0.0,0.0,0.5,0.5,1.0,1.0,0.0,0.0,0.0,0.0,0.3574,0.2783,0.3643,2.49,2.99,3.03,2.8,3.59,2.75,3.25,4.38,3.18,0.2857,2.35,3.5,5.38,1.3,1.35,2.65,0.5389,0.7421,0.2749,3.4,4.9,8.3,7.9,3.8,over_15_goals|away_4_sot,Over 1.5 goals + Verona 4+ SOT,lean,Over 1.5 goals:lost | Verona 4+ SOT:won,1,2,partial,5.0,9.0,3.0,A,,,,,
2026-01-19,19:45,2526,I1,Serie A,Lazio,Como,A,No external context supplied,,W D L,L D W,0.0,0.0,0.5,0.5,1.0,1.0,0.0,0.0,0.0,0.0,0.3939,0.265,0.3411,2.65,2.94,2.87,2.54,3.77,2.93,2.91,4.65,3.44,0.3908,2.34,2.56,3.44,0.9,1.25,2.15,0.4234,0.6331,0.1709,3.1,4.3,7.4,7.4,6.4,away_4_sot|total_3_cards,Como 4+ SOT + 3+ cards,lean,Como 4+ SOT:won | 3+ cards:won,2,2,won,10.0,5.0,7.0,H,,,,,
2026-01-19,20:00,2526,SP1,La Liga,Elche,Sevilla,D,No external context supplied,,D L L D D,D W W D D,0.0,0.0,0.5,0.5,1.0,1.0,0.0,0.0,0.0,0.0,0.4064,0.2588,0.3348,2.23,3.3,3.16,2.46,3.86,2.99,2.81,4.79,3.51,0.4858,2.11,2.06,2.59,1.5,1.15,2.65,0.5309,0.7421,0.2749,3.8,5.0,8.8,7.3,5.6,over_15_goals|away_4_sot|total_3_cards,Over 1.5 goals + Sevilla 4+ SOT + 3+ cards,strong,Over 1.5 goals:won | Sevilla 4+ SOT:won | 3+ cards:won,3,3,won,13.0,16.0,4.0,H,,,,,
2026-01-23,19:30,2526,D1,Bundesliga,St Pauli,Hamburg,D,No external context supplied,,W,L,0.0,0.0,0.5,0.5,1.0,1.0,0.0,0.0,0.0,0.0,0.3523,0.2717,0.376,2.85,2.89,2.72,2.84,3.68,2.66,3.31,4.51,3.07,0.4815,2.59,2.08,2.62,1.25,1.45,2.7,0.5461,0.7513,0.2859,3.5,5.8,9.3,9.3,4.2,over_15_goals|btts_yes|away_4_sot|total_3_cards,Over 1.5 goals + BTTS yes + Hamburg 4+ SOT + 3+ cards,strong,Over 1.5 goals:lost | BTTS yes:lost | Hamburg 4+ SOT:lost | 3+ cards:lost,0,4,lost,5.0,9.0,2.0,A,,,,,
2026-01-23,19:00,2526,F1,Ligue 1,Auxerre,Paris SG,A,No external context supplied,,L L D L L,W W D W W,0.0,1.0,0.5,0.5,1.0,1.0,0.0,0.0,0.0,0.0,0.1416,0.1621,0.6963,9.62,5.6,1.29,7.06,6.17,1.44,10.92,8.92,1.55,0.6784,1.53,1.47,1.73,0.7,2.0,2.7,0.4353,0.7513,0.2859,3.8,5.6,9.4,9.1,4.4,over_15_goals|away_4_sot|total_3_cards,Over 1.5 goals + Paris SG 4+ SOT + 3+ cards,strong,Over 1.5 goals:lost | Paris SG 4+ SOT:won | 3+ cards:lost,1,3,partial,8.0,9.0,1.0,A,,,,,
2026-01-23,19:45,2526,I1,Serie A,Inter,Pisa,H,No external context supplied,,W,L,1.0,1.0,0.5,0.5,1.0,1.0,0.0,0.0,0.0,0.0,0.605,0.1899,0.2052,1.17,7.18,15.69,1.65,5.27,4.87,1.8,7.15,6.44,0.572,1.49,1.75,2.12,1.75,0.65,2.4,0.3949,0.6916,0.2213,5.8,2.6,8.4,8.5,4.6,over_25_goals|home_4_sot|total_3_cards,Over 2.5 goals + Inter 4+ SOT + 3+ cards,strong,Over 2.5 goals:won | Inter 4+ SOT:won | 3+ cards:won,3,3,won,17.0,12.0,5.0,H,,,,,
2026-01-23,20:00,2526,SP1,La Liga,Levante,Elche,H,No external context supplied,,D L D W L,D W D L W,0.0,0.0,0.5,0.5,1.0,1.0,0.0,0.0,0.0,0.0,0.4588,0.2467,0.2945,2.23,3.24,3.21,2.18,4.05,3.4,2.45,5.08,4.09,0.4908,1.98,2.04,2.56,1.2,1.55,2.75,0.5505,0.7603,0.297,4.6,4.7,9.3,9.3,4.8,over_15_goals|btts_yes|home_4_sot|total_3_cards,Over 1.5 goals + BTTS yes + Levante 4+ SOT + 3+ cards,strong,Over 1.5 goals:won | BTTS yes:won | Levante 4+ SOT:won | 3+ cards:won,4,4,won,9.0,10.0,5.0,H,,,,,
2026-01-24,14:30,2526,D1,Bundesliga,Bayern Munich,Augsburg,A,No external context supplied,,W W W W W,L L L L L,1.0,0.0,0.5,0.5,1.0,1.0,0.0,0.0,0.0,0.0,0.6732,0.2296,0.0972,1.09,10.35,20.62,1.49,4.36,10.29,1.6,5.57,21.21,0.5822,1.22,1.72,2.07,2.8,0.9,3.7,0.5573,0.8838,0.5058,7.1,3.2,10.3,9.5,2.6,over_15_goals|btts_yes|home_4_sot|total_8_corners,Over 1.5 goals + BTTS yes + Bayern Munich 4+ SOT + 8+ corners,strong,Over 1.5 goals:won | BTTS yes:won | Bayern Munich 4+ SOT:won | 8+ corners:won,4,4,won,12.0,12.0,2.0,H,,,,,
2026-01-24,14:30,2526,D1,Bundesliga,Ein Frankfurt,Hoffenheim,A,No external context supplied,,W W W D W,L L L D L,0.0,0.0,0.5,0.5,1.0,1.0,0.0,0.0,0.0,0.0,0.4072,0.2723,0.3205,2.73,3.63,2.33,2.46,3.67,3.12,2.8,4.5,3.7,0.5406,1.52,1.85,2.27,1.3,2.2,3.5,0.6469,0.8641,0.4634,4.1,5.3,9.4,8.2,3.8,over_15_goals|btts_yes|away_4_sot,Over 1.5 goals + BTTS yes + Hoffenheim 4+ SOT,strong,Over 1.5 goals:won | BTTS yes:won | Hoffenheim 4+ SOT:won,3,3,won,8.0,12.0,4.0,H,,,,,
2026-01-24,14:30,2526,D1,Bundesliga,Heidenheim,RB Leipzig,A,No external context supplied,,L L L D L,W W W D W,0.0,0.0,0.5,0.5,1.0,1.0,0.0,0.0,0.0,0.0,0.222,0.2579,0.5201,5.08,4.31,1.56,4.5,3.88,1.92,5.81,4.81,2.13,0.691,1.48,1.45,1.69,1.25,2.3,3.55,0.642,0.8693,0.4741,5.0,6.3,11.3,9.7,3.0,over_15_goals|btts_yes|home_4_sot|total_8_corners,Over 1.5 goals + BTTS yes + Heidenheim 4+ SOT + 8+ corners,strong,Over 1.5 goals:won | BTTS yes:lost | Heidenheim 4+ SOT:lost | 8+ corners:lost,1,4,partial,10.0,4.0,1.0,A,,,,,
2026-01-24,14:30,2526,D1,Bundesliga,Leverkusen,Werder Bremen,H,No external context supplied,,W W D L D,L L D W D,0.0,0.0,0.5,0.5,1.0,1.0,0.0,0.0,0.0,0.0,0.5347,0.2711,0.1942,1.59,4.23,4.93,1.87,3.69,5.15,2.06,4.52,6.94,0.6282,1.48,1.59,1.89,1.8,1.2,3.0,0.5833,0.8009,0.3528,5.8,4.5,10.3,9.4,5.4,over_15_goals|btts_yes|home_4_sot|total_3_cards,Over 1.5 goals + BTTS yes + Leverkusen 4+ SOT + 3+ cards,strong,Over 1.5 goals:lost | BTTS yes:lost | Leverkusen 4+ SOT:won | 3+ cards:won,2,4,partial,7.0,10.0,5.0,H,,,,,
2026-01-24,14:30,2526,D1,Bundesliga,Mainz,Wolfsburg,H,No external context supplied,,D W L D D,D L W D D,0.0,0.0,0.5,0.5,1.0,1.0,0.0,0.0,0.0,0.0,0.3962,0.3072,0.2966,2.31,3.42,2.91,2.52,3.26,3.37,2.89,3.89,4.06,0.5341,1.74,1.87,2.3,1.7,1.65,3.35,0.6604,0.8474,0.4307,5.1,5.1,10.2,9.4,3.4,over_15_goals|btts_yes|home_4_sot,Over 1.5 goals + BTTS yes + Mainz 4+ SOT,strong,Over 1.5 goals:won | BTTS yes:won | Mainz 4+ SOT:won,3,3,won,11.0,16.0,5.0,H,,,,,
2026-01-24,17:30,2526,D1,Bundesliga,Union Berlin,Dortmund,A,No external context supplied,,L L W L L,W W L W W,0.0,0.0,0.5,0.5,1.0,1.0,0.0,0.0,0.0,0.0,0.3795,0.2388,0.3817,3.57,3.4,2.03,2.63,4.19,2.62,3.03,5.3,3.02,0.5097,1.91,1.96,2.44,1.2,1.65,2.85,0.5646,0.7773,0.3192,4.1,4.8,8.9,7.8,5.2,over_15_goals|btts_yes|away_4_sot|total_3_cards,Over 1.5 goals + BTTS yes + Dortmund 4+ SOT + 3+ cards,strong,Over 1.5 goals:won | BTTS yes:lost | Dortmund 4+ SOT:won | 3+ cards:lost,2,4,partial,8.0,9.0,1.0,A,H,0.0842,Bundesliga H all 8%+,82,0.3841
2026-01-24,17:30,2526,E0,Premier League,Bournemouth,Liverpool,H,No external context supplied,"Weather: rain 10.5mm, gusts 93.2km/h, snow 0.0cm",L L L L L,W W W W W,0.0,1.0,0.5,0.5,1.0,1.0,0.0,0.0,0.0,0.0,0.2212,0.307,0.4718,3.73,3.87,1.89,4.52,3.26,2.12,5.84,3.89,2.37,0.5341,1.57,1.87,2.3,1.25,1.8,3.05,0.5956,0.8082,0.364,3.7,4.5,8.2,11.6,3.2,over_15_goals|btts_yes|away_4_sot|total_8_corners,Over 1.5 goals + BTTS yes + Liverpool 4+ SOT + 8+ corners,strong,Over 1.5 goals:won | BTTS yes:won | Liverpool 4+ SOT:won | 8+ corners:won,4,4,won,9.0,14.0,2.0,A,,,,,
2026-01-24,15:00,2526,E0,Premier League,Burnley,Tottenham,D,No external context supplied,"Weather: rain 1.3mm, gusts 61.6km/h, snow 0.1cm",W L L L L,L W W W W,0.0,0.0,0.5,0.5,1.0,1.0,0.0,0.0,0.0,0.0,0.2268,0.2605,0.5128,3.64,3.39,2.05,4.41,3.84,1.95,5.66,4.75,2.16,0.5913,1.99,1.69,2.04,1.2,1.45,2.65,0.5349,0.7421,0.2749,2.3,6.2,8.5,8.7,4.8,over_15_goals|away_4_sot|total_3_cards,Over 1.5 goals + Tottenham 4+ SOT + 3+ cards,strong,Over 1.5 goals:won | Tottenham 4+ SOT:won | 3+ cards:lost,2,3,partial,15.0,4.0,1.0,A,,,,,
2026-01-24,15:00,2526,E0,Premier League,Fulham,Brighton,H,No external context supplied,"Weather: rain 3.9mm, gusts 45.4km/h, snow 0.0cm",D W W L D,D L L W D,0.0,0.0,0.5,0.5,1.0,1.0,0.0,0.0,0.0,0.0,0.4043,0.2572,0.3386,2.54,3.42,2.71,2.47,3.89,2.95,2.82,4.83,3.47,0.5097,1.76,1.96,2.44,1.5,1.4,2.9,0.5853,0.7854,0.3304,3.8,3.8,7.6,10.4,6.6,over_15_goals|btts_yes|total_8_corners|total_3_cards,Over 1.5 goals + BTTS yes + 8+ corners + 3+ cards,strong,Over 1.5 goals:won | BTTS yes:won | 8+ corners:won | 3+ cards:lost,3,4,partial,9.0,12.0,2.0,H,,,,,
2026-01-24,15:00,2526,E0,Premier League,Man City,Wolves,H,No external context supplied,"Weather: rain 1.7mm, gusts 59.0km/h, snow 0.0cm",L W W W W,W L L L L,1.0,0.0,0.5,0.5,1.0,1.0,0.0,0.0,0.0,0.0,0.6194,0.2186,0.162,1.21,6.68,12.0,1.61,4.57,6.17,1.76,5.93,8.93,0.643,1.39,1.56,1.84,1.75,0.95,2.7,0.5067,0.7513,0.2859,3.3,4.1,7.4,9.8,3.8,over_15_goals|total_8_corners,Over 1.5 goals + 8+ corners,lean,Over 1.5 goals:won | 8+ corners:won,2,2,won,5.0,10.0,4.0,H,,,,,
2026-01-24,12:30,2526,E0,Premier League,West Ham,Sunderland,H,No external context supplied,"Weather: rain 1.8mm, gusts 46.8km/h, snow 0.0cm",L,W,0.0,0.0,0.5,0.5,1.0,1.0,0.0,0.0,0.0,0.0,0.4945,0.252,0.2535,2.51,3.24,2.85,2.02,3.97,3.94,2.25,4.95,4.91,0.5412,2.08,1.85,2.27,1.05,1.4,2.45,0.4898,0.7023,0.2318,3.6,4.9,8.5,10.5,3.8,away_4_sot|total_8_corners,Sunderland 4+ SOT + 8+ corners,lean,Sunderland 4+ SOT:lost | 8+ corners:lost,0,2,lost,7.0,6.0,6.0,H,,,,,
2026-01-24,18:00,2526,F1,Ligue 1,Le Havre,Monaco,D,No external context supplied,,D D L D L,D D W D W,0.0,0.0,0.5,0.5,1.0,1.0,0.0,0.0,0.0,0.0,0.2705,0.2296,0.4998,3.38,3.71,1.99,3.7,4.35,2.0,4.53,5.57,2.22,0.5677,1.65,1.76,2.14,1.3,0.95,2.25,0.4461,0.6575,0.1906,5.2,4.1,9.3,9.3,5.0,home_4_sot|total_3_cards,Le Havre 4+ SOT + 3+ cards,lean,Le Havre 4+ SOT:lost | 3+ cards:won,1,2,partial,3.0,11.0,3.0,A,,,,,
2026-01-24,20:05,2526,F1,Ligue 1,Marseille,Lens,H,No external context supplied,,L W W L L,W L L W W,0.0,0.0,0.5,0.5,1.0,1.0,0.0,0.0,0.0,0.0,0.5129,0.2315,0.2556,1.99,3.65,3.43,1.95,4.32,3.91,2.16,5.51,4.86,0.5554,1.61,1.8,2.2,1.3,1.6,2.9,0.5806,0.7854,0.3304,4.5,5.6,10.1,9.0,3.6,over_15_goals|btts_yes|home_4_sot,Over 1.5 goals + BTTS yes + Marseille 4+ SOT,strong,Over 1.5 goals:won | BTTS yes:won | Marseille 4+ SOT:won,3,3,won,7.0,4.0,3.0,H,,,,,
2026-01-24,16:00,2526,F1,Ligue 1,Rennes,Lorient,A,No external context supplied,,L L L L L,W W W W W,0.0,0.0,0.5,0.5,1.0,1.0,0.0,0.0,0.0,0.0,0.4993,0.2762,0.2245,1.86,3.59,3.97,2.0,3.62,4.45,2.23,4.42,5.73,0.6009,1.8,1.66,2.0,1.5,1.2,2.7,0.5429,0.7513,0.2859,3.7,5.2,8.9,10.9,2.6,over_15_goals|btts_yes|away_4_sot|total_8_corners,Over 1.5 goals + BTTS yes + Lorient 4+ SOT + 8+ corners,strong,Over 1.5 goals:won | BTTS yes:lost | Lorient 4+ SOT:won | 8+ corners:won,3,4,partial,9.0,12.0,2.0,H,,,,,
2026-01-24,14:00,2526,I1,Serie A,Como,Torino,H,No external context supplied,,L W W,W L L,0.0,0.0,0.5,0.5,1.0,1.0,0.0,0.0,0.0,0.0,0.6177,0.2452,0.1371,1.63,3.72,5.51,1.62,4.08,7.29,1.76,5.12,11.48,0.4843,2.02,2.06,2.6,1.85,1.05,2.9,0.5478,0.7854,0.3304,4.8,4.1,8.9,7.4,4.2,over_15_goals|btts_yes|home_4_sot|total_3_cards,Over 1.5 goals + BTTS yes + Como 4+ SOT + 3+ cards,strong,Over 1.5 goals:won | BTTS yes:lost | Como 4+ SOT:won | 3+ cards:lost,2,4,partial,8.0,3.0,1.0,H,,,,,
2026-01-24,17:00,2526,I1,Serie A,Fiorentina,Cagliari,A,No external context supplied,,W W W W D,L L L L D,0.0,0.0,0.5,0.5,1.0,1.0,0.0,0.0,0.0,0.0,0.5086,0.2736,0.2178,1.62,3.81,5.44,1.97,3.66,4.59,2.18,4.47,5.96,0.4982,1.96,2.01,2.51,1.5,1.35,2.85,0.5755,0.7773,0.3192,5.9,3.3,9.2,10.3,3.8,over_15_goals|btts_yes|home_4_sot|total_8_corners,Over 1.5 goals + BTTS yes + Fiorentina 4+ SOT + 8+ corners,strong,Over 1.5 goals:won | BTTS yes:won | Fiorentina 4+ SOT:lost | 8+ corners:won,3,4,partial,9.0,11.0,5.0,H,,,,,
2026-01-24,19:45,2526,I1,Serie A,Lecce,Lazio,D,No external context supplied,,W L L W L,L W W L W,0.0,0.0,0.5,0.5,1.0,1.0,0.0,0.0,0.0,0.0,0.2438,0.233,0.5232,3.91,3.02,2.11,4.1,4.29,1.91,5.16,5.46,2.11,0.453,2.61,2.21,2.83,0.75,1.15,1.9,0.3606,0.5663,0.1253,2.4,4.0,6.4,8.4,7.2,total_3_cards,3+ cards,lean,3+ cards:won,1,1,won,3.0,5.0,3.0,A,,,,,
2026-01-24,17:30,2526,SP1,La Liga,Sevilla,Ath Bilbao,H,No external context supplied,,L L D L L,W W D W W,0.0,0.0,0.5,0.5,1.0,1.0,0.0,0.0,0.0,0.0,0.4566,0.2585,0.2849,2.88,3.07,2.58,2.19,3.87,3.51,2.46,4.8,4.26,0.4695,2.25,2.13,2.71,1.35,1.3,2.65,0.5389,0.7421,0.2749,5.2,5.4,10.6,9.6,7.4,over_15_goals|home_4_sot|total_8_corners|total_3_cards,Over 1.5 goals + Sevilla 4+ SOT + 8+ corners + 3+ cards,strong,Over 1.5 goals:won | Sevilla 4+ SOT:won | 8+ corners:won | 3+ cards:won,4,4,won,10.0,10.0,3.0,H,,,,,
2026-01-24,15:15,2526,SP1,La Liga,Valencia,Espanol,H,No external context supplied,,D D D D D,D D D D D,0.0,0.0,0.5,0.5,1.0,1.0,0.0,0.0,0.0,0.0,0.4018,0.2823,0.3159,2.39,3.17,3.07,2.49,3.54,3.17,2.84,4.3,3.76,0.4908,2.23,2.04,2.56,1.0,1.2,2.2,0.4417,0.6454,0.1806,3.4,3.9,7.3,10.9,4.6,total_8_corners|total_3_cards,8+ corners + 3+ cards,lean,8+ corners:won | 3+ cards:won,2,2,won,11.0,9.0,6.0,H,,,,,
2026-01-24,13:00,2526,SP1,La Liga,Vallecano,Osasuna,A,No external context supplied,,L W W D L,W L L D W,0.0,0.0,0.5,0.5,1.0,1.0,0.0,0.0,0.0,0.0,0.4053,0.2577,0.337,2.13,3.15,3.68,2.47,3.88,2.97,2.81,4.81,3.48,0.4954,2.32,2.02,2.53,0.8,1.35,2.15,0.4079,0.6331,0.1709,5.2,4.4,9.6,9.4,7.0,home_4_sot|total_3_cards,Vallecano 4+ SOT + 3+ cards,lean,Vallecano 4+ SOT:won | 3+ cards:won,2,2,won,9.0,7.0,4.0,H,,,,,
2026-01-24,20:00,2526,SP1,La Liga,Villarreal,Real Madrid,A,No external context supplied,,L D L L L,W D W W W,0.0,1.0,0.5,0.5,1.0,1.0,0.0,0.0,0.0,0.0,0.1991,0.21,0.5909,3.32,3.84,2.0,5.02,4.76,1.69,6.71,6.25,1.85,0.6488,1.46,1.54,1.82,1.4,1.5,2.9,0.5853,0.7854,0.3304,3.8,5.9,9.7,9.6,6.0,over_15_goals|btts_yes|away_4_sot|total_8_corners|total_3_cards,Over 1.5 goals + BTTS yes + Real Madrid 4+ SOT + 8+ corners,strong,Over 1.5 goals:won | BTTS yes:lost | Real Madrid 4+ SOT:won | 8+ corners:won | 3+ cards:won,4,5,partial,5.0,12.0,4.0,A,,,,,
2026-01-25,16:30,2526,D1,Bundesliga,Freiburg,FC Koln,H,No external context supplied,,W W W D L,L L L D W,0.0,0.0,0.5,0.5,1.0,1.0,0.0,0.0,0.0,0.0,0.4443,0.2836,0.2721,1.9,3.59,3.78,2.25,3.53,3.68,2.54,4.28,4.5,0.5199,1.78,1.92,2.38,1.85,1.65,3.5,0.6809,0.8641,0.4634,5.7,5.1,10.8,9.4,4.6,over_15_goals|btts_yes|home_4_sot|total_3_cards,Over 1.5 goals + BTTS yes + Freiburg 4+ SOT + 3+ cards,strong,Over 1.5 goals:won | BTTS yes:won | Freiburg 4+ SOT:won | 3+ cards:won,4,4,won,9.0,10.0,3.0,H,,,,,
2026-01-25,14:30,2526,D1,Bundesliga,M'gladbach,Stuttgart,A,No external context supplied,,W L L W L,L W W L W,0.0,0.0,0.5,0.5,1.0,1.0,0.0,0.0,0.0,0.0,0.2857,0.2599,0.4544,2.89,3.65,2.23,3.5,3.85,2.2,4.24,4.76,2.47,0.5554,1.52,1.8,2.2,1.8,1.55,3.35,0.6575,0.8474,0.4307,3.3,7.1,10.4,8.4,2.4,over_15_goals|btts_yes|away_4_sot,Over 1.5 goals + BTTS yes + Stuttgart 4+ SOT,strong,Over 1.5 goals:won | BTTS yes:lost | Stuttgart 4+ SOT:won,2,3,partial,11.0,5.0,2.0,A,,,,,
2026-01-25,16:30,2526,E0,Premier League,Arsenal,Man United,A,No external context supplied,"Weather: rain 4.4mm, gusts 42.8km/h, snow 0.0cm",W W W D W,L L L D L,0.0,0.0,0.5,0.5,1.0,1.0,0.0,0.0,0.0,0.0,0.6049,0.2396,0.1555,1.55,4.08,5.89,1.65,4.17,6.43,1.8,5.28,9.48,0.5731,1.69,1.74,2.11,1.45,1.35,2.8,0.567,0.7689,0.3081,3.7,3.8,7.5,9.3,2.6,over_15_goals|btts_yes,Over 1.5 goals + BTTS yes,lean,Over 1.5 goals:won | BTTS yes:won,2,2,won,7.0,11.0,2.0,H,,,,,
2026-01-25,14:00,2526,E0,Premier League,Brentford,Nott'm Forest,A,No external context supplied,"Weather: rain 3.4mm, gusts 37.1km/h, snow 0.0cm",D W L W L,D L W L W,0.0,0.0,0.5,0.5,1.0,1.0,0.0,0.0,0.0,0.0,0.4476,0.2981,0.2543,1.9,3.49,4.02,2.23,3.35,3.93,2.52,4.03,4.9,0.5422,1.92,1.84,2.26,1.55,0.95,2.5,0.4831,0.7127,0.2424,4.5,4.2,8.7,10.6,2.8,home_4_sot|total_8_corners,Brentford 4+ SOT + 8+ corners,lean,Brentford 4+ SOT:lost | 8+ corners:won,1,2,partial,3.0,11.0,1.0,H,,,,,
2026-01-25,14:00,2526,E0,Premier League,Crystal Palace,Chelsea,A,No external context supplied,"Weather: rain 1.6mm, gusts 42.1km/h, snow 0.0cm",L L D D D,W W D D D,0.0,0.0,0.5,0.5,1.0,1.0,0.0,0.0,0.0,0.0,0.2896,0.2609,0.4495,3.5,3.66,2.0,3.45,3.83,2.22,4.17,4.74,2.5,0.55,1.74,1.82,2.22,1.0,1.45,2.45,0.4838,0.7023,0.2318,3.9,4.3,8.2,10.6,5.6,away_4_sot|total_8_corners|total_3_cards,Chelsea 4+ SOT + 8+ corners + 3+ cards,strong,Chelsea 4+ SOT:won | 8+ corners:won | 3+ cards:won,3,3,won,13.0,9.0,6.0,A,,,,,
2026-01-25,14:00,2526,E0,Premier League,Newcastle,Aston Villa,A,No external context supplied,"Weather: rain 2.4mm, gusts 55.8km/h, snow 0.0cm",W W W L D,L L L W D,0.0,0.0,0.5,0.5,1.0,1.0,0.0,0.0,0.0,0.0,0.502,0.2455,0.2525,1.98,3.66,3.54,1.99,4.07,3.96,2.21,5.12,4.94,0.5542,1.64,1.8,2.2,1.65,1.5,3.15,0.6277,0.8222,0.3863,5.2,4.0,9.2,10.2,3.2,over_15_goals|btts_yes|home_4_sot|total_8_corners,Over 1.5 goals + BTTS yes + Newcastle 4+ SOT + 8+ corners,strong,Over 1.5 goals:won | BTTS yes:lost | Newcastle 4+ SOT:won | 8+ corners:won,3,4,partial,12.0,11.0,3.0,H,,,,,
2026-01-25,16:15,2526,F1,Ligue 1,Brest,Toulouse,A,No external context supplied,,D W W W L,D L L L W,0.0,0.0,0.5,0.5,1.0,1.0,0.0,0.0,0.0,0.0,0.4151,0.251,0.334,2.73,3.03,2.69,2.41,3.98,2.99,2.74,4.98,3.52,0.494,2.09,2.02,2.54,1.05,1.45,2.5,0.4976,0.7127,0.2424,4.1,4.3,8.4,8.7,5.0,away_4_sot|total_3_cards,Toulouse 4+ SOT + 3+ cards,lean,Toulouse 4+ SOT:won | 3+ cards:won,2,2,won,10.0,5.0,5.0,H,,,,,
2026-01-25,19:45,2526,F1,Ligue 1,Lille,Strasbourg,A,No external context supplied,,L W D L L,W L D W W,0.0,0.0,0.5,0.5,1.0,1.0,0.0,0.0,0.0,0.0,0.3886,0.244,0.3674,2.0,3.52,3.51,2.57,4.1,2.72,2.95,5.15,3.15,0.5097,1.77,1.96,2.44,1.45,1.3,2.75,0.5568,0.7603,0.297,3.3,4.7,8.0,8.4,4.8,over_15_goals|btts_yes|away_4_sot|total_3_cards,Over 1.5 goals + BTTS yes + Strasbourg 4+ SOT + 3+ cards,strong,Over 1.5 goals:won | BTTS yes:won | Strasbourg 4+ SOT:won | 3+ cards:won,4,4,won,12.0,9.0,4.0,H,,,,,
2026-01-25,16:15,2526,F1,Ligue 1,Metz,Lyon,A,No external context supplied,,D W D L L,D L D W W,0.0,0.0,0.5,0.5,1.0,1.0,0.0,0.0,0.0,0.0,0.241,0.2444,0.5145,4.54,3.85,1.7,4.15,4.09,1.94,5.23,5.14,2.15,0.5058,1.69,1.98,2.46,1.2,1.8,3.0,0.5833,0.8009,0.3528,3.3,6.0,9.3,7.6,4.0,over_15_goals|btts_yes|away_4_sot,Over 1.5 goals + BTTS yes + Lyon 4+ SOT,strong,Over 1.5 goals:won | BTTS yes:won | Lyon 4+ SOT:won,3,3,won,16.0,10.0,1.0,A,,,,,
2026-01-25,14:00,2526,F1,Ligue 1,Nantes,Nice,A,No external context supplied,,W W D W L,L L D L W,0.0,0.0,0.5,0.5,1.0,1.0,0.0,0.0,0.0,0.0,0.3679,0.2992,0.333,2.88,3.4,2.34,2.72,3.34,3.0,3.15,4.01,3.53,0.533,1.75,1.88,2.31,1.65,1.5,3.15,0.6277,0.8222,0.3863,5.1,5.1,10.2,8.8,4.4,over_15_goals|btts_yes|home_4_sot|total_3_cards,Over 1.5 goals + BTTS yes + Nantes 4+ SOT + 3+ cards,strong,Over 1.5 goals:won | BTTS yes:won | Nantes 4+ SOT:won | 3+ cards:won,4,4,won,9.0,6.0,5.0,H,,,,,
2026-01-25,16:15,2526,F1,Ligue 1,Paris FC,Angers,D,No external context supplied,,L,W,0.0,0.0,0.5,0.5,1.0,1.0,0.0,0.0,0.0,0.0,0.5102,0.2726,0.2172,1.82,3.39,4.5,1.96,3.67,4.6,2.17,4.49,5.98,0.4982,2.03,2.01,2.51,1.2,1.65,2.85,0.5646,0.7773,0.3192,4.2,4.0,8.2,8.2,3.0,over_15_goals|btts_yes|home_4_sot,Over 1.5 goals + BTTS yes + Paris FC 4+ SOT,strong,Over 1.5 goals:lost | BTTS yes:lost | Paris FC 4+ SOT:lost,0,3,lost,2.0,3.0,2.0,H,,,,,
2026-01-25,14:00,2526,I1,Serie A,Atalanta,Parma,H,No external context supplied,,W W W L D,L L L W D,0.0,0.0,0.5,0.5,1.0,1.0,0.0,0.0,0.0,0.0,0.6053,0.2546,0.1401,1.4,4.54,7.65,1.65,3.93,7.14,1.8,4.89,11.1,0.546,1.71,1.83,2.24,1.05,0.8,1.85,0.358,0.5519,0.1169,3.5,2.9,6.4,9.4,2.8,,No builder lean,none,,,0,,11.0,15.0,1.0,H,,,,,
2026-01-25,14:00,2526,I1,Serie A,Genoa,Bologna,H,No external context supplied,,D W D W L,D L D L W,0.0,0.0,0.5,0.5,1.0,1.0,0.0,0.0,0.0,0.0,0.2646,0.2586,0.4768,2.93,3.0,2.56,3.78,3.87,2.1,4.66,4.79,2.34,0.4458,2.38,2.24,2.89,1.5,1.25,2.75,0.5543,0.7603,0.297,4.5,3.7,8.2,8.7,4.0,over_15_goals|btts_yes|home_4_sot,Over 1.5 goals + BTTS yes + Genoa 4+ SOT,strong,Over 1.5 goals:won | BTTS yes:won | Genoa 4+ SOT:won,3,3,won,9.0,7.0,6.0,A,,,,,
2026-01-25,17:00,2526,I1,Serie A,Juventus,Napoli,H,No external context supplied,,W L D L L,L W D W W,0.0,0.0,0.5,0.5,1.0,1.0,0.0,0.0,0.0,0.0,0.5352,0.291,0.1738,2.06,3.08,3.9,1.87,3.44,5.75,2.06,4.15,8.08,0.4739,2.53,2.11,2.67,1.25,1.1,2.35,0.476,0.6805,0.2109,5.1,2.4,7.5,9.6,1.4,home_4_sot|total_8_corners,Juventus 4+ SOT + 8+ corners,lean,Juventus 4+ SOT:won | 8+ corners:lost,1,2,partial,7.0,4.0,3.0,H,,,,,
2026-01-25,19:45,2526,I1,Serie A,Roma,Milan,D,No external context supplied,,L L D W L,W W D L W,0.0,0.0,0.5,0.5,1.0,1.0,0.0,0.0,0.0,0.0,0.4271,0.3006,0.2724,2.62,3.0,2.87,2.34,3.33,3.67,2.65,3.99,4.5,0.4739,2.17,2.11,2.67,1.05,1.2,2.25,0.4543,0.6575,0.1906,4.4,3.7,8.1,9.6,3.0,home_4_sot|total_8_corners,Roma 4+ SOT + 8+ corners,lean,Roma 4+ SOT:won | 8+ corners:won,2,2,won,9.0,8.0,4.0,H,,,,,
2026-01-25,11:30,2526,I1,Serie A,Sassuolo,Cremonese,H,No external context supplied,,D W L,D L W,0.0,0.0,0.5,0.5,1.0,1.0,0.0,0.0,0.0,0.0,0.3975,0.3276,0.275,1.91,3.31,4.13,2.52,3.05,3.64,2.88,3.6,4.44,0.3841,2.11,2.6,3.52,1.2,1.2,2.4,0.4883,0.6916,0.2213,5.3,4.3,9.6,8.7,4.0,home_4_sot,Sassuolo 4+ SOT,lean,Sassuolo 4+ SOT:won,1,1,won,11.0,8.0,3.0,H,,,,,
2026-01-25,20:00,2526,SP1,La Liga,Alaves,Betis,H,No external context supplied,,D D D W L,D D D L W,0.0,0.0,0.5,0.5,1.0,1.0,0.0,0.0,0.0,0.0,0.3858,0.2815,0.3328,2.8,3.05,2.61,2.59,3.55,3.01,2.98,4.32,3.54,0.3565,2.24,2.8,3.9,1.0,1.7,2.7,0.5166,0.7513,0.2859,4.2,6.0,10.2,10.1,3.8,over_15_goals|home_4_sot|total_8_corners,Over 1.5 goals + Alaves 4+ SOT + 8+ corners,strong,Over 1.5 goals:won | Alaves 4+ SOT:won | 8+ corners:won,3,3,won,13.0,10.0,2.0,H,,,,,
2026-01-25,13:00,2526,SP1,La Liga,Ath Madrid,Mallorca,H,No external context supplied,,W W W W D,L L L L D,0.0,0.0,0.5,0.5,1.0,1.0,0.0,0.0,0.0,0.0,0.6542,0.235,0.1108,1.28,5.36,10.0,1.53,4.26,9.02,1.66,5.41,16.44,0.5103,1.66,1.96,2.44,1.6,1.0,2.6,0.5045,0.7326,0.264,4.5,3.8,8.3,10.1,4.4,over_15_goals|home_4_sot|total_8_corners|total_3_cards,Over 1.5 goals + Ath Madrid 4+ SOT + 8+ corners + 3+ cards,strong,Over 1.5 goals:won | Ath Madrid 4+ SOT:won | 8+ corners:won | 3+ cards:won,4,4,won,9.0,13.0,3.0,H,,,,,
2026-01-25,15:15,2526,SP1,La Liga,Barcelona,Oviedo,H,No external context supplied,,W,L,1.0,1.0,0.5,0.5,1.0,1.0,0.0,0.0,0.0,0.0,0.7489,0.1531,0.098,1.09,9.93,20.27,1.34,6.53,10.21,1.43,9.7,20.84,0.6488,1.22,1.54,1.82,2.05,0.7,2.75,0.4386,0.7603,0.297,6.2,4.3,10.5,11.4,4.8,over_15_goals|home_4_sot|total_8_corners|total_3_cards,Over 1.5 goals + Barcelona 4+ SOT + 8+ corners + 3+ cards,strong,Over 1.5 goals:won | Barcelona 4+ SOT:won | 8+ corners:won | 3+ cards:won,4,4,won,10.0,11.0,3.0,H,,,,,
2026-01-25,17:30,2526,SP1,La Liga,Sociedad,Celta,H,No external context supplied,,D W L L D,D L W W D,0.0,0.0,0.5,0.5,1.0,1.0,0.0,0.0,0.0,0.0,0.4433,0.2472,0.3094,1.99,3.37,3.77,2.26,4.04,3.23,2.54,5.07,3.85,0.4858,2.01,2.06,2.59,1.15,1.55,2.7,0.5383,0.7513,0.2859,4.4,4.4,8.8,9.3,4.8,over_15_goals|home_4_sot|total_3_cards,Over 1.5 goals + Sociedad 4+ SOT + 3+ cards,strong,Over 1.5 goals:won | Sociedad 4+ SOT:won | 3+ cards:won,3,3,won,8.0,11.0,4.0,H,,,,,
2026-01-26,20:00,2526,E0,Premier League,Everton,Leeds,D,No external context supplied,"Weather: rain 0.3mm, gusts 54.4km/h, snow 0.0cm",D W D W L,D L D L W,0.0,0.0,0.5,0.5,1.0,1.0,0.0,0.0,0.0,0.0,0.4004,0.2729,0.3267,2.48,3.15,2.92,2.5,3.66,3.06,2.85,4.49,3.61,0.4167,2.19,2.4,3.16,1.3,1.55,2.85,0.5731,0.7773,0.3192,3.8,4.4,8.2,10.5,2.8,over_15_goals|btts_yes|away_4_sot|total_8_corners,Over 1.5 goals + BTTS yes + Leeds 4+ SOT + 8+ corners,strong,Over 1.5 goals:won | BTTS yes:won | Leeds 4+ SOT:won | 8+ corners:won,4,4,won,7.0,8.0,3.0,H,,,,,
2026-01-26,19:45,2526,I1,Serie A,Verona,Udinese,A,No external context supplied,,D W D W D,D L D L D,0.0,0.0,0.5,0.5,1.0,1.0,0.0,0.0,0.0,0.0,0.3963,0.3576,0.2461,2.72,2.99,2.75,2.52,2.8,4.06,2.89,3.25,5.1,0.4576,2.49,2.19,2.8,1.35,1.4,2.75,0.5581,0.7603,0.297,3.9,2.9,6.8,8.2,2.8,over_15_goals|btts_yes,Over 1.5 goals + BTTS yes,lean,Over 1.5 goals:won | BTTS yes:won,2,2,won,11.0,11.0,2.0,H,,,,,
2026-01-26,20:00,2526,SP1,La Liga,Girona,Getafe,D,No external context supplied,,W L W L L,L W L W W,0.0,0.0,0.5,0.5,1.0,1.0,0.0,0.0,0.0,0.0,0.4352,0.2927,0.2721,2.08,3.01,3.93,2.3,3.42,3.68,2.6,4.12,4.5,0.494,2.76,2.02,2.54,1.25,0.85,2.1,0.4085,0.6204,0.1614,3.9,2.9,6.8,8.0,5.6,total_3_cards,3+ cards,lean,3+ cards:won,1,1,won,6.0,7.0,8.0,H,,,,,
2026-01-27,19:30,2526,D1,Bundesliga,St Pauli,RB Leipzig,D,No external context supplied,,D L,D W,0.0,0.0,0.5,0.5,1.0,1.0,0.0,0.0,0.0,0.0,0.2838,0.2556,0.4607,4.49,3.47,1.81,3.52,3.91,2.17,4.28,4.86,2.43,0.5097,2.05,1.96,2.44,1.15,1.85,3.0,0.5759,0.8009,0.3528,4.7,5.0,9.7,10.6,2.6,over_15_goals|btts_yes|home_4_sot|total_8_corners,Over 1.5 goals + BTTS yes + St Pauli 4+ SOT + 8+ corners,strong,Over 1.5 goals:won | BTTS yes:won | St Pauli 4+ SOT:lost | 8+ corners:lost,2,4,partial,7.0,7.0,1.0,A,,,,,
2026-01-27,19:30,2526,D1,Bundesliga,Werder Bremen,Hoffenheim,A,No external context supplied,,L L L W L,W W W L W,0.0,0.0,0.5,0.5,1.0,1.0,0.0,0.0,0.0,0.0,0.3379,0.2483,0.4138,3.49,3.61,2.0,2.96,4.03,2.42,3.47,5.04,2.75,0.6124,1.65,1.63,1.95,0.9,2.1,3.0,0.5208,0.8009,0.3528,3.1,6.4,9.5,8.7,4.4,over_15_goals|away_4_sot|total_3_cards,Over 1.5 goals + Hoffenheim 4+ SOT + 3+ cards,strong,Over 1.5 goals:won | Hoffenheim 4+ SOT:lost | 3+ cards:won,2,3,partial,6.0,13.0,6.0,A,,,,,
2026-01-30,19:30,2526,D1,Bundesliga,FC Koln,Wolfsburg,H,No external context supplied,,W L L D D,L W W D D,0.0,0.0,0.5,0.5,1.0,1.0,0.0,0.0,0.0,0.0,0.495,0.2297,0.2753,1.97,3.73,3.44,2.02,4.35,3.63,2.25,5.56,4.44,0.5158,1.57,1.94,2.41,1.85,1.85,3.7,0.7102,0.8838,0.5058,5.8,4.9,10.7,11.0,4.0,over_15_goals|btts_yes|home_4_sot|total_8_corners,Over 1.5 goals + BTTS yes + FC Koln 4+ SOT + 8+ corners,strong,Over 1.5 goals:lost | BTTS yes:lost | FC Koln 4+ SOT:lost | 8+ corners:lost,0,4,lost,6.0,7.0,5.0,H,,,,,
2026-01-30,19:45,2526,F1,Ligue 1,Lens,Le Havre,H,No external context supplied,,D D W L W,D D L W L,0.0,0.0,0.5,0.5,1.0,1.0,0.0,0.0,0.0,0.0,0.6369,0.2049,0.1582,1.38,4.9,7.25,1.57,4.88,6.32,1.7,6.46,9.24,0.566,1.56,1.77,2.15,1.35,0.65,2.0,0.354,0.594,0.1429,4.5,3.2,7.7,9.7,3.4,over_25_goals|home_4_sot|total_8_corners,Over 2.5 goals + Lens 4+ SOT + 8+ corners,strong,Over 2.5 goals:lost | Lens 4+ SOT:lost | 8+ corners:lost,0,3,lost,5.0,7.0,3.0,H,,,,,
2026-01-30,19:45,2526,I1,Serie A,Lazio,Genoa,H,No external context supplied,,L W W W W,W L L L L,0.0,0.0,0.5,0.5,1.0,1.0,0.0,0.0,0.0,0.0,0.4792,0.2498,0.271,2.14,2.93,3.94,2.09,4.0,3.69,2.33,5.01,4.52,0.3613,2.77,2.77,3.83,0.9,1.2,2.1,0.4147,0.6204,0.1614,3.4,4.0,7.4,7.5,5.2,total_3_cards,3+ cards,lean,3+ cards:won,1,1,won,8.0,8.0,5.0,H,,,,,
2026-01-30,20:00,2526,SP1,La Liga,Espanol,Alaves,A,No external context supplied,,W L W W L,L W L L W,0.0,0.0,0.5,0.5,1.0,1.0,0.0,0.0,0.0,0.0,0.5136,0.2817,0.2047,1.95,3.07,4.47,1.95,3.55,4.89,2.16,4.32,6.46,0.4695,2.51,2.13,2.71,1.3,0.95,2.25,0.4461,0.6575,0.1906,5.0,4.8,9.8,10.0,5.0,home_4_sot|total_8_corners|total_3_cards,Espanol 4+ SOT + 8+ corners + 3+ cards,strong,Espanol 4+ SOT:lost | 8+ corners:lost | 3+ cards:lost,0,3,lost,10.0,6.0,1.0,H,,,,,
2026-01-31,14:30,2526,D1,Bundesliga,Augsburg,St Pauli,H,No external context supplied,,W D L,L D W,0.0,0.0,0.5,0.5,1.0,1.0,0.0,0.0,0.0,0.0,0.4444,0.2861,0.2695,1.97,3.22,4.02,2.25,3.5,3.71,2.54,4.24,4.56,0.4383,2.21,2.28,2.96,1.2,1.2,2.4,0.4883,0.6916,0.2213,4.3,3.6,7.9,10.5,2.8,home_4_sot|total_8_corners,Augsburg 4+ SOT + 8+ corners,lean,Augsburg 4+ SOT:won | 8+ corners:won,2,2,won,11.0,10.0,4.0,H,,,,,
2026-01-31,14:30,2526,D1,Bundesliga,Ein Frankfurt,Leverkusen,A,No external context supplied,,L L L L L,W W W W W,0.0,0.0,0.5,0.5,1.0,1.0,0.0,0.0,0.0,0.0,0.3118,0.291,0.3972,2.92,3.67,2.21,3.21,3.44,2.52,3.82,4.15,2.88,0.5753,1.52,1.74,2.1,1.55,2.0,3.55,0.6811,0.8693,0.4741,5.0,5.3,10.3,9.3,4.0,over_15_goals|btts_yes|home_4_sot,Over 1.5 goals + BTTS yes + Ein Frankfurt 4+ SOT,strong,Over 1.5 goals:won | BTTS yes:won | Ein Frankfurt 4+ SOT:won,3,3,won,8.0,11.0,6.0,A,,,,,
2026-01-31,17:30,2526,D1,Bundesliga,Hamburg,Bayern Munich,D,No external context supplied,,L L L,W W W,0.0,1.0,0.5,0.5,1.0,1.0,0.0,0.0,0.0,0.0,0.0901,0.1302,0.7797,8.81,6.15,1.26,11.1,7.68,1.28,24.92,12.47,1.37,0.5726,1.3,1.75,2.12,1.1,2.75,3.85,0.6245,0.8968,0.5367,4.4,6.6,11.0,8.5,2.6,over_15_goals|btts_yes|home_4_sot,Over 1.5 goals + BTTS yes + Hamburg 4+ SOT,strong,Over 1.5 goals:won | BTTS yes:won | Hamburg 4+ SOT:won,3,3,won,11.0,12.0,10.0,A,,,,,
2026-01-31,14:30,2526,D1,Bundesliga,Hoffenheim,Union Berlin,H,No external context supplied,,W L L L W,L W W W L,0.0,0.0,0.5,0.5,1.0,1.0,0.0,0.0,0.0,0.0,0.4438,0.286,0.2702,1.78,3.69,4.3,2.25,3.5,3.7,2.54,4.24,4.54,0.5297,1.79,1.89,2.33,1.85,1.0,2.85,0.5327,0.7773,0.3192,4.9,3.3,8.2,8.5,4.6,over_15_goals|home_4_sot|total_3_cards,Over 1.5 goals + Hoffenheim 4+ SOT + 3+ cards,strong,Over 1.5 goals:won | Hoffenheim 4+ SOT:won | 3+ cards:won,3,3,won,7.0,13.0,4.0,H,,,,,
2026-01-31,14:30,2526,D1,Bundesliga,RB Leipzig,Mainz,A,No external context supplied,,L D W L W,W D L W L,0.0,0.0,0.5,0.5,1.0,1.0,0.0,0.0,0.0,0.0,0.5783,0.2265,0.1952,1.52,4.44,5.41,1.73,4.41,5.12,1.89,5.67,6.89,0.5753,1.5,1.74,2.1,1.65,1.3,2.95,0.5878,0.7933,0.3416,4.9,5.4,10.3,9.6,2.6,over_15_goals|btts_yes|home_4_sot|total_8_corners,Over 1.5 goals + BTTS yes + RB Leipzig 4+ SOT + 8+ corners,strong,Over 1.5 goals:won | BTTS yes:won | RB Leipzig 4+ SOT:won | 8+ corners:won,4,4,won,8.0,9.0,4.0,H,,,,,
2026-01-31,14:30,2526,D1,Bundesliga,Werder Bremen,M'gladbach,D,No external context supplied,,D D L L W,D D W W L,0.0,0.0,0.5,0.5,1.0,1.0,0.0,0.0,0.0,0.0,0.3213,0.2784,0.4002,2.35,3.49,2.79,3.11,3.59,2.5,3.69,4.38,2.86,0.5554,1.66,1.8,2.2,1.1,1.65,2.75,0.539,0.7603,0.297,4.9,4.1,9.0,8.5,3.0,over_15_goals|home_4_sot,Over 1.5 goals + Werder Bremen 4+ SOT,lean,Over 1.5 goals:won | Werder Bremen 4+ SOT:won,2,2,won,8.0,10.0,1.0,A,,,,,
2026-01-31,15:00,2526,E0,Premier League,Brighton,Everton,D,No external context supplied,"Weather: rain 2.8mm, gusts 46.4km/h, snow 0.0cm",D D W L L,D D L W W,0.0,0.0,0.5,0.5,1.0,1.0,0.0,0.0,0.0,0.0,0.4141,0.2531,0.3327,1.86,3.6,4.13,2.41,3.95,3.01,2.75,4.92,3.54,0.5341,1.83,1.87,2.3,1.05,1.3,2.35,0.4729,0.6805,0.2109,4.9,3.6,8.5,10.2,4.2,home_4_sot|total_8_corners,Brighton 4+ SOT + 8+ corners,lean,Brighton 4+ SOT:lost | 8+ corners:lost,0,2,lost,6.0,7.0,3.0,H,,,,,
2026-01-31,17:30,2526,E0,Premier League,Chelsea,West Ham,H,No external context supplied,"Weather: rain 0.6mm, gusts 32.0km/h, snow 0.0cm",L W W W W,W L L L L,0.0,0.0,0.5,0.5,1.0,1.0,0.0,0.0,0.0,0.0,0.5747,0.2248,0.2005,1.49,4.53,6.05,1.74,4.45,4.99,1.91,5.72,6.64,0.5158,1.53,1.94,2.41,1.65,1.25,2.9,0.5765,0.7854,0.3304,4.7,4.2,8.9,11.5,5.0,over_15_goals|btts_yes|home_4_sot|total_8_corners|total_3_cards,Over 1.5 goals + BTTS yes + Chelsea 4+ SOT + 8+ corners,strong,Over 1.5 goals:won | BTTS yes:won | Chelsea 4+ SOT:won | 8+ corners:won | 3+ cards:won,5,5,won,12.0,12.0,7.0,H,,,,,
2026-01-31,15:00,2526,E0,Premier League,Leeds,Arsenal,A,No external context supplied,"Weather: rain 4.9mm, gusts 45.4km/h, snow 0.0cm",L L L L L,W W W W W,0.0,0.0,0.5,0.5,1.0,1.0,0.0,0.0,0.0,0.0,0.2821,0.2473,0.4707,6.16,4.1,1.54,3.55,4.04,2.12,4.31,5.07,2.38,0.5353,1.92,1.87,2.3,1.4,1.5,2.9,0.5853,0.7854,0.3304,2.9,4.1,7.0,9.6,3.2,over_15_goals|btts_yes|total_8_corners,Over 1.5 goals + BTTS yes + 8+ corners,strong,Over 1.5 goals:won | BTTS yes:lost | 8+ corners:won,2,3,partial,9.0,16.0,2.0,A,,,,,
2026-01-31,20:00,2526,E0,Premier League,Liverpool,Newcastle,H,No external context supplied,"Weather: rain 6.0mm, gusts 54.0km/h, snow 0.0cm",W W D W W,L L D L L,1.0,0.0,0.5,0.5,1.0,1.0,0.0,0.0,0.0,0.0,0.5463,0.2054,0.2483,1.77,3.99,4.12,1.83,4.87,4.03,2.01,6.44,5.04,0.5156,1.61,1.94,2.41,1.4,1.35,2.75,0.5581,0.7603,0.297,4.2,4.4,8.6,10.4,2.6,over_15_goals|btts_yes|home_4_sot|total_8_corners,Over 1.5 goals + BTTS yes + Liverpool 4+ SOT + 8+ corners,strong,Over 1.5 goals:won | BTTS yes:won | Liverpool 4+ SOT:won | 8+ corners:won,4,4,won,9.0,18.0,4.0,H,,,,,
2026-01-31,15:00,2526,E0,Premier League,Wolves,Bournemouth,A,No external context supplied,"Weather: rain 4.2mm, gusts 45.4km/h, snow 0.0cm",W L L W L,L W W L W,0.0,0.0,0.5,0.5,1.0,1.0,0.0,0.0,0.0,0.0,0.3178,0.2761,0.4061,2.95,3.5,2.31,3.15,3.62,2.46,3.73,4.42,2.81,0.5079,1.73,1.97,2.45,1.4,1.6,3.0,0.6013,0.8009,0.3528,4.0,3.3,7.3,12.3,4.4,over_15_goals|btts_yes|total_8_corners|total_3_cards,Over 1.5 goals + BTTS yes + 8+ corners + 3+ cards,strong,Over 1.5 goals:won | BTTS yes:lost | 8+ corners:won | 3+ cards:won,3,4,partial,11.0,11.0,6.0,A,,,,,
2026-01-31,18:00,2526,F1,Ligue 1,Lorient,Nantes,H,No external context supplied,,W L L L D,L W W W D,0.0,0.0,0.5,0.5,1.0,1.0,0.0,0.0,0.0,0.0,0.3483,0.3388,0.3129,1.82,3.48,4.31,2.87,2.95,3.2,3.35,3.46,3.8,0.4383,2.02,2.28,2.96,1.85,1.0,2.85,0.5327,0.7773,0.3192,4.7,4.3,9.0,8.9,2.6,over_15_goals|home_4_sot,Over 1.5 goals + Lorient 4+ SOT,lean,Over 1.5 goals:won | Lorient 4+ SOT:won,2,2,won,6.0,5.0,9.0,H,,,,,
2026-01-31,20:05,2526,F1,Ligue 1,Monaco,Rennes,H,No external context supplied,,W W W W L,L L L L W,0.0,0.0,0.5,0.5,1.0,1.0,0.0,0.0,0.0,0.0,0.5364,0.2396,0.224,1.98,3.83,3.31,1.86,4.17,4.46,2.06,5.27,5.75,0.6686,1.47,1.5,1.76,1.15,1.9,3.05,0.5812,0.8082,0.364,4.7,4.9,9.6,10.7,4.8,over_15_goals|btts_yes|home_4_sot|total_8_corners|total_3_cards,Over 1.5 goals + BTTS yes + Monaco 4+ SOT + 8+ corners,strong,Over 1.5 goals:won | BTTS yes:lost | Monaco 4+ SOT:won | 8+ corners:lost | 3+ cards:won,3,5,partial,10.0,7.0,3.0,H,,,,,
2026-01-31,16:00,2526,F1,Ligue 1,Paris FC,Marseille,D,No external context supplied,,L,W,0.0,0.0,0.5,0.5,1.0,1.0,0.0,0.0,0.0,0.0,0.277,0.2421,0.4809,3.78,3.68,1.88,3.61,4.13,2.08,4.41,5.2,2.32,0.5554,1.7,1.8,2.2,1.05,1.85,2.9,0.5478,0.7854,0.3304,3.4,4.4,7.8,7.2,3.8,over_15_goals|btts_yes|away_4_sot,Over 1.5 goals + BTTS yes + Marseille 4+ SOT,strong,Over 1.5 goals:won | BTTS yes:won | Marseille 4+ SOT:won,3,3,won,8.0,8.0,5.0,A,,,,,
2026-01-31,19:45,2526,I1,Serie A,Cagliari,Verona,H,No external context supplied,,L D W W D,W D L L D,0.0,0.0,0.5,0.5,1.0,1.0,0.0,0.0,0.0,0.0,0.4931,0.2795,0.2275,2.18,2.99,3.71,2.03,3.58,4.4,2.26,4.36,5.63,0.2687,2.49,3.72,5.93,1.55,1.25,2.8,0.5621,0.7689,0.3081,3.5,4.3,7.8,9.3,4.0,over_15_goals|btts_yes|away_4_sot,Over 1.5 goals + BTTS yes + Verona 4+ SOT,strong,Over 1.5 goals:won | BTTS yes:lost | Verona 4+ SOT:lost,1,3,partial,10.0,9.0,4.0,H,,,,,
2026-01-31,17:00,2526,I1,Serie A,Napoli,Fiorentina,H,No external context supplied,,L D W W W,W D L L L,0.0,0.0,0.5,0.5,1.0,1.0,0.0,0.0,0.0,0.0,0.5828,0.2433,0.174,1.78,3.46,4.78,1.72,4.11,5.75,1.88,5.17,8.07,0.4864,2.0,2.06,2.59,1.35,1.15,2.5,0.5062,0.7127,0.2424,3.9,4.6,8.5,8.5,2.8,away_4_sot,Fiorentina 4+ SOT,lean,Fiorentina 4+ SOT:won,1,1,won,11.0,8.0,2.0,H,,,,,
2026-01-31,14:00,2526,I1,Serie A,Pisa,Sassuolo,A,No external context supplied,,D,D,1.0,0.0,0.5,0.5,1.0,1.0,0.0,0.0,0.0,0.0,0.2335,0.2497,0.5167,2.85,3.06,2.59,4.28,4.0,1.94,5.45,5.01,2.14,0.4954,2.2,2.02,2.53,1.1,1.45,2.55,0.5106,0.7228,0.2532,5.1,5.0,10.1,9.4,4.2,over_15_goals|home_4_sot|total_3_cards,Over 1.5 goals + Pisa 4+ SOT + 3+ cards,strong,Over 1.5 goals:won | Pisa 4+ SOT:won | 3+ cards:won,3,3,won,11.0,7.0,6.0,A,A,0.1107,Serie A A mid 8%+,21,0.3548
2026-01-31,20:00,2526,SP1,La Liga,Elche,Barcelona,A,No external context supplied,,L L L L L,W W W W W,0.0,1.0,0.5,0.5,1.0,1.0,0.0,0.0,0.0,0.0,0.1407,0.1431,0.7162,7.55,5.66,1.33,7.11,6.99,1.4,11.02,10.74,1.5,0.6179,1.33,1.62,1.93,1.3,2.25,3.55,0.6508,0.8693,0.4741,4.0,6.4,10.4,12.4,3.8,over_15_goals|btts_yes|away_4_sot|total_8_corners,Over 1.5 goals + BTTS yes + Barcelona 4+ SOT + 8+ corners,strong,Over 1.5 goals:won | BTTS yes:won | Barcelona 4+ SOT:won | 8+ corners:won,4,4,won,11.0,10.0,3.0,A,,,,,
2026-01-31,17:30,2526,SP1,La Liga,Levante,Ath Madrid,D,No external context supplied,,D W D W L,D L D L W,0.0,0.0,0.5,0.5,1.0,1.0,0.0,0.0,0.0,0.0,0.1785,0.2528,0.5687,5.25,4.08,1.6,5.6,3.96,1.76,7.78,4.93,1.93,0.4982,1.74,2.01,2.51,0.85,1.65,2.5,0.4626,0.7127,0.2424,2.8,5.8,8.6,10.4,4.2,away_4_sot|total_8_corners|total_3_cards,Ath Madrid 4+ SOT + 8+ corners + 3+ cards,strong,Ath Madrid 4+ SOT:won | 8+ corners:won | 3+ cards:won,3,3,won,6.0,11.0,3.0,A,,,,,
2026-01-31,15:15,2526,SP1,La Liga,Osasuna,Villarreal,D,No external context supplied,,L D D L L,W D D W W,0.0,0.0,0.5,0.5,1.0,1.0,0.0,0.0,0.0,0.0,0.3602,0.2522,0.3877,2.75,3.31,2.53,2.78,3.97,2.58,3.22,4.95,2.96,0.4864,1.87,2.06,2.59,1.3,1.6,2.9,0.5806,0.7854,0.3304,4.4,3.9,8.3,8.5,5.8,over_15_goals|btts_yes|home_4_sot|total_3_cards,Over 1.5 goals + BTTS yes + Osasuna 4+ SOT + 3+ cards,strong,Over 1.5 goals:won | BTTS yes:won | Osasuna 4+ SOT:won | 3+ cards:won,4,4,won,9.0,8.0,4.0,A,,,,,
2026-01-31,13:00,2526,SP1,La Liga,Oviedo,Girona,H,No external context supplied,,D,D,1.0,0.0,0.5,0.5,1.0,1.0,0.0,0.0,0.0,0.0,0.2922,0.257,0.4508,2.67,3.08,2.77,3.42,3.89,2.22,4.13,4.83,2.5,0.4552,2.23,2.2,2.82,0.75,1.3,2.05,0.3838,0.6074,0.152,3.3,4.5,7.8,8.2,6.6,away_4_sot|total_3_cards,Girona 4+ SOT + 3+ cards,lean,Girona 4+ SOT:lost | 3+ cards:lost,0,2,lost,5.0,8.0,2.0,A,,,,,
2026-02-01,16:30,2526,D1,Bundesliga,Dortmund,Heidenheim,H,No external context supplied,,D D W W W,D D L L L,0.0,0.0,0.5,0.5,1.0,1.0,0.0,0.0,0.0,0.0,0.671,0.1954,0.1335,1.22,6.22,11.13,1.49,5.12,7.49,1.61,6.88,11.97,0.5785,1.42,1.73,2.09,2.4,1.0,3.4,0.5748,0.8532,0.4416,6.7,3.4,10.1,8.1,3.8,over_15_goals|btts_yes|home_4_sot,Over 1.5 goals + BTTS yes + Dortmund 4+ SOT,strong,Over 1.5 goals:won | BTTS yes:won | Dortmund 4+ SOT:won,3,3,won,8.0,15.0,4.0,H,,,,,
2026-02-01,14:30,2526,D1,Bundesliga,Stuttgart,Freiburg,H,No external context supplied,,W W L W L,L L W L W,0.0,0.0,0.5,0.5,1.0,1.0,0.0,0.0,0.0,0.0,0.5025,0.2217,0.2759,1.67,3.99,4.53,1.99,4.51,3.62,2.21,5.82,4.43,0.5802,1.6,1.72,2.08,2.05,1.8,3.85,0.7272,0.8968,0.5367,6.0,4.2,10.2,8.7,4.0,over_15_goals|btts_yes|home_4_sot,Over 1.5 goals + BTTS yes + Stuttgart 4+ SOT,strong,Over 1.5 goals:lost | BTTS yes:lost | Stuttgart 4+ SOT:won,1,3,partial,9.0,8.0,4.0,H,,,,,
2026-02-01,14:00,2526,E0,Premier League,Aston Villa,Brentford,A,No external context supplied,"Weather: rain 2.2mm, gusts 22.0km/h, snow 0.0cm",W D W W L,L D L L W,0.0,0.0,0.5,0.5,1.0,1.0,0.0,0.0,0.0,0.0,0.4518,0.2503,0.2979,2.08,3.47,3.46,2.21,3.99,3.36,2.49,4.99,4.03,0.4961,1.78,2.02,2.52,1.55,1.4,2.95,0.5935,0.7933,0.3416,3.9,4.5,8.4,9.0,3.0,over_15_goals|btts_yes|away_4_sot,Over 1.5 goals + BTTS yes + Brentford 4+ SOT,strong,Over 1.5 goals:lost | BTTS yes:lost | Brentford 4+ SOT:lost,0,3,lost,7.0,13.0,3.0,H,,,,,
2026-02-01,14:00,2526,E0,Premier League,Man United,Fulham,H,No external context supplied,"Weather: rain 1.5mm, gusts 21.6km/h, snow 0.0cm",W L W W D,L W L L D,0.0,0.0,0.5,0.5,1.0,1.0,0.0,0.0,0.0,0.0,0.5524,0.2314,0.2162,1.58,4.32,5.2,1.81,4.32,4.63,1.99,5.51,6.02,0.651,1.65,1.54,1.81,1.75,1.55,3.3,0.6509,0.8414,0.4197,4.8,3.0,7.8,10.3,3.6,over_15_goals|btts_yes|home_4_sot|total_8_corners,Over 1.5 goals + BTTS yes + Man United 4+ SOT + 8+ corners,strong,Over 1.5 goals:won | BTTS yes:won | Man United 4+ SOT:won | 8+ corners:won,4,4,won,12.0,10.0,3.0,H,,,,,
2026-02-01,14:00,2526,E0,Premier League,Nott'm Forest,Crystal Palace,D,No external context supplied,"Weather: rain 0.8mm, gusts 23.0km/h, snow 0.0cm",D D W D D,D D L D D,0.0,0.0,0.5,0.5,1.0,1.0,0.0,0.0,0.0,0.0,0.4263,0.2983,0.2754,1.95,3.48,3.88,2.35,3.35,3.63,2.66,4.03,4.44,0.5232,1.97,1.91,2.36,1.35,0.95,2.3,0.4543,0.6691,0.2007,4.6,3.1,7.7,10.1,3.2,home_4_sot|total_8_corners,Nott'm Forest 4+ SOT + 8+ corners,lean,Nott'm Forest 4+ SOT:lost | 8+ corners:won,1,2,partial,4.0,12.0,4.0,H,,,,,
2026-02-01,16:30,2526,E0,Premier League,Tottenham,Man City,D,No external context supplied,"Weather: rain 2.9mm, gusts 23.4km/h, snow 0.0cm",D L W L W,D W L W L,0.0,1.0,0.5,0.5,1.0,1.0,0.0,0.0,0.0,0.0,0.1866,0.2754,0.538,4.41,4.06,1.71,5.36,3.63,1.86,7.32,4.44,2.05,0.4864,1.61,2.06,2.59,1.05,1.75,2.8,0.5371,0.7689,0.3081,4.7,3.4,8.1,8.5,4.2,over_15_goals|home_4_sot|total_3_cards,Over 1.5 goals + Tottenham 4+ SOT + 3+ cards,strong,Over 1.5 goals:won | Tottenham 4+ SOT:won | 3+ cards:won,3,3,won,9.0,7.0,6.0,A,,,,,
2026-02-01,16:15,2526,F1,Ligue 1,Angers,Metz,H,No external context supplied,,D W W L D,D L L W D,0.0,0.0,0.5,0.5,1.0,1.0,0.0,0.0,0.0,0.0,0.368,0.2577,0.3743,2.09,3.32,3.48,2.72,3.88,2.67,3.14,4.81,3.08,0.4858,2.04,2.06,2.59,1.65,1.4,3.05,0.6087,0.8082,0.364,5.7,4.3,10.0,7.6,2.8,over_15_goals|btts_yes|home_4_sot,Over 1.5 goals + BTTS yes + Angers 4+ SOT,strong,Over 1.5 goals:lost | BTTS yes:lost | Angers 4+ SOT:won,1,3,partial,7.0,7.0,6.0,A,,,,,
2026-02-01,14:00,2526,F1,Ligue 1,Lyon,Lille,H,No external context supplied,,L W D W W,W L D L L,0.0,0.0,0.5,0.5,1.0,1.0,0.0,0.0,0.0,0.0,0.4705,0.2276,0.302,1.89,3.63,3.83,2.13,4.39,3.31,2.38,5.63,3.97,0.5554,1.76,1.8,2.2,1.85,1.15,3.0,0.5759,0.8009,0.3528,6.0,4.0,10.0,8.7,4.8,over_15_goals|btts_yes|home_4_sot|total_3_cards,Over 1.5 goals + BTTS yes + Lyon 4+ SOT + 3+ cards,strong,Over 1.5 goals:lost | BTTS yes:lost | Lyon 4+ SOT:lost | 3+ cards:won,1,4,partial,6.0,9.0,5.0,H,,,,,
2026-02-01,16:15,2526,F1,Ligue 1,Nice,Brest,D,No external context supplied,,D D W W L,D D L L W,0.0,0.0,0.5,0.5,1.0,1.0,0.0,0.0,0.0,0.0,0.4171,0.3279,0.255,2.09,3.35,3.45,2.4,3.05,3.92,2.72,3.6,4.88,0.545,1.78,1.83,2.25,1.25,1.55,2.8,0.5621,0.7689,0.3081,4.2,5.1,9.3,8.3,5.0,over_15_goals|btts_yes|away_4_sot|total_3_cards,Over 1.5 goals + BTTS yes + Brest 4+ SOT + 3+ cards,strong,Over 1.5 goals:won | BTTS yes:won | Brest 4+ SOT:lost | 3+ cards:won,3,4,partial,9.0,11.0,8.0,H,,,,,
2026-02-01,19:45,2526,F1,Ligue 1,Strasbourg,Paris SG,A,No external context supplied,,L L L W D,W W W L D,0.0,1.0,0.5,0.5,1.0,1.0,0.0,0.0,0.0,0.0,0.2004,0.2831,0.5165,5.02,4.27,1.58,4.99,3.53,1.94,6.65,4.29,2.14,0.5808,1.52,1.72,2.08,1.05,1.65,2.7,0.5252,0.7513,0.2859,3.3,5.8,9.1,8.8,2.6,over_15_goals|away_4_sot,Over 1.5 goals + Paris SG 4+ SOT,lean,Over 1.5 goals:won | Paris SG 4+ SOT:won,2,2,won,8.0,11.0,3.0,A,,,,,
2026-02-01,16:15,2526,F1,Ligue 1,Toulouse,Auxerre,D,No external context supplied,,W D W D L,L D L D W,0.0,0.0,0.5,0.5,1.0,1.0,0.0,0.0,0.0,0.0,0.4747,0.2527,0.2726,1.73,3.49,4.93,2.11,3.96,3.67,2.35,4.93,4.49,0.482,2.19,2.07,2.62,1.6,0.85,2.45,0.457,0.7023,0.2318,5.1,3.6,8.7,9.1,6.0,home_4_sot|total_3_cards,Toulouse 4+ SOT + 3+ cards,lean,Toulouse 4+ SOT:won | 3+ cards:won,2,2,won,6.0,9.0,3.0,H,,,,,
2026-02-01,14:00,2526,I1,Serie A,Como,Atalanta,D,No external context supplied,,W L D,L W D,0.0,0.0,0.5,0.5,1.0,1.0,0.0,0.0,0.0,0.0,0.3931,0.2314,0.3755,2.32,3.27,3.06,2.54,4.32,2.66,2.91,5.51,3.07,0.5183,1.91,1.93,2.39,1.3,1.25,2.55,0.519,0.7228,0.2532,4.8,4.0,8.8,9.1,2.8,over_15_goals|home_4_sot,Over 1.5 goals + Como 4+ SOT,lean,Over 1.5 goals:lost | Como 4+ SOT:won,1,2,partial,11.0,8.0,9.0,H,,,,,
2026-02-01,17:00,2526,I1,Serie A,Cremonese,Inter,A,No external context supplied,,L L L,W W W,0.0,1.0,0.5,0.5,1.0,1.0,0.0,0.0,0.0,0.0,0.0999,0.1398,0.7603,10.14,5.38,1.28,10.01,7.15,1.32,20.04,11.14,1.41,0.5369,1.63,1.86,2.29,0.65,1.85,2.5,0.4028,0.7127,0.2424,2.2,7.3,9.5,8.4,3.6,away_4_sot,Inter 4+ SOT,lean,Inter 4+ SOT:won,1,1,won,7.0,7.0,3.0,A,,,,,
2026-02-01,19:45,2526,I1,Serie A,Parma,Juventus,A,No external context supplied,,L L D W L,W W D L W,0.0,0.0,0.5,0.5,1.0,1.0,0.0,0.0,0.0,0.0,0.0944,0.186,0.7196,7.14,4.3,1.44,10.59,5.38,1.39,22.52,7.35,1.49,0.5095,1.91,1.96,2.44,0.55,1.55,2.1,0.3333,0.6204,0.1614,1.4,6.2,7.6,9.6,1.8,away_4_sot|total_8_corners,Juventus 4+ SOT + 8+ corners,lean,Juventus 4+ SOT:won | 8+ corners:won,2,2,won,12.0,8.0,4.0,A,,,,,
2026-02-01,11:30,2526,I1,Serie A,Torino,Lecce,H,No external context supplied,,W W D L L,L L D W W,0.0,0.0,0.5,0.5,1.0,1.0,0.0,0.0,0.0,0.0,0.376,0.3895,0.2345,1.95,3.05,4.43,2.66,2.57,4.26,3.07,2.95,5.42,0.4546,2.52,2.2,2.82,1.15,1.2,2.35,0.4775,0.6805,0.2109,3.6,2.9,6.5,7.6,4.6,total_3_cards,3+ cards,lean,3+ cards:won,1,1,won,7.0,11.0,4.0,D,,,,,
2026-02-01,20:00,2526,SP1,La Liga,Ath Bilbao,Sociedad,D,No external context supplied,,L W W D L,W L L D W,0.0,0.0,0.5,0.5,1.0,1.0,0.0,0.0,0.0,0.0,0.4504,0.2844,0.2652,2.24,3.1,3.33,2.22,3.52,3.77,2.5,4.27,4.65,0.53,2.19,1.89,2.33,1.1,1.65,2.75,0.539,0.7603,0.297,5.0,5.6,10.6,10.7,6.8,over_15_goals|home_4_sot|total_8_corners|total_3_cards,Over 1.5 goals + Ath Bilbao 4+ SOT + 8+ corners + 3+ cards,strong,Over 1.5 goals:won | Ath Bilbao 4+ SOT:won | 8+ corners:won | 3+ cards:won,4,4,won,10.0,9.0,8.0,H,,,,,
2026-02-01,15:15,2526,SP1,La Liga,Betis,Valencia,H,No external context supplied,,W W L D D,L L W D D,0.0,0.0,0.5,0.5,1.0,1.0,0.0,0.0,0.0,0.0,0.4428,0.2978,0.2594,1.83,3.47,4.31,2.26,3.36,3.85,2.55,4.04,4.77,0.55,1.86,1.82,2.22,1.45,1.35,2.8,0.567,0.7689,0.3081,4.7,4.4,9.1,10.3,3.8,over_15_goals|btts_yes|home_4_sot|total_8_corners,Over 1.5 goals + BTTS yes + Betis 4+ SOT + 8+ corners,strong,Over 1.5 goals:won | BTTS yes:won | Betis 4+ SOT:lost | 8+ corners:won,3,4,partial,6.0,8.0,4.0,H,,,,,
2026-02-01,17:30,2526,SP1,La Liga,Getafe,Celta,D,No external context supplied,,D W L L W,D L W W L,0.0,0.0,0.5,0.5,1.0,1.0,0.0,0.0,0.0,0.0,0.4074,0.2904,0.3022,2.82,2.85,2.76,2.45,3.44,3.31,2.8,4.16,3.96,0.4546,2.86,2.2,2.82,0.65,1.5,2.15,0.3713,0.6331,0.1709,3.2,4.8,8.0,8.5,4.4,away_4_sot|total_3_cards,Celta 4+ SOT + 3+ cards,lean,Celta 4+ SOT:lost | 3+ cards:won,1,2,partial,3.0,8.0,3.0,H,,,,,
2026-02-01,13:00,2526,SP1,La Liga,Real Madrid,Vallecano,H,No external context supplied,,D D D W D,D D D L D,1.0,0.0,0.5,0.5,1.0,1.0,0.0,0.0,0.0,0.0,0.617,0.246,0.137,1.24,5.96,10.69,1.62,4.07,7.3,1.76,5.1,11.5,0.5955,1.46,1.68,2.02,1.65,0.6,2.25,0.3645,0.6575,0.1906,6.2,3.7,9.9,10.0,4.6,over_25_goals|home_4_sot|total_8_corners|total_3_cards,Over 2.5 goals + Real Madrid 4+ SOT + 8+ corners + 3+ cards,strong,Over 2.5 goals:won | Real Madrid 4+ SOT:won | 8+ corners:won | 3+ cards:won,4,4,won,10.0,13.0,14.0,H,,,,,
2026-02-02,20:00,2526,E0,Premier League,Sunderland,Burnley,H,No external context supplied,"Weather: rain 2.6mm, gusts 51.8km/h, snow 0.0cm",L,W,0.0,0.0,0.5,0.5,1.0,1.0,0.0,0.0,0.0,0.0,0.5037,0.2846,0.2117,1.8,3.42,4.73,1.99,3.51,4.72,2.2,4.26,6.19,0.4858,2.21,2.06,2.59,1.2,1.15,2.35,0.4775,0.6805,0.2109,6.4,3.5,9.9,7.7,4.6,home_4_sot|total_3_cards,Sunderland 4+ SOT + 3+ cards,lean,Sunderland 4+ SOT:won | 3+ cards:won,2,2,won,5.0,3.0,5.0,H,,,,,
2026-02-02,19:45,2526,I1,Serie A,Udinese,Roma,H,No external context supplied,,L L L L L,W W W W W,0.0,0.0,0.5,0.5,1.0,1.0,0.0,0.0,0.0,0.0,0.245,0.2201,0.5349,4.11,3.32,1.91,4.08,4.54,1.87,5.13,5.88,2.06,0.4985,2.17,2.01,2.51,1.0,1.3,2.3,0.4598,0.6691,0.2007,2.7,4.8,7.5,7.7,2.2,away_4_sot,Roma 4+ SOT,lean,Roma 4+ SOT:lost,0,1,lost,7.0,11.0,9.0,A,,,,,
2026-02-02,20:00,2526,SP1,La Liga,Mallorca,Sevilla,H,No external context supplied,,W L D D W,L W D D L,0.0,0.0,0.5,0.5,1.0,1.0,0.0,0.0,0.0,0.0,0.4037,0.3094,0.2869,2.39,3.12,3.05,2.48,3.23,3.49,2.83,3.86,4.22,0.4303,2.2,2.32,3.03,1.35,1.3,2.65,0.5389,0.7421,0.2749,4.3,5.9,10.2,10.8,5.6,over_15_goals|home_4_sot|total_8_corners|total_3_cards,Over 1.5 goals + Mallorca 4+ SOT + 8+ corners + 3+ cards,strong,Over 1.5 goals:won | Mallorca 4+ SOT:won | 8+ corners:won | 3+ cards:lost,3,4,partial,12.0,12.0,2.0,H,,,,,
2026-02-03,19:45,2526,I1,Serie A,Bologna,Milan,A,No external context supplied,,L D W L L,W D L W W,0.0,0.0,0.5,0.5,1.0,1.0,0.0,0.0,0.0,0.0,0.4604,0.2585,0.2811,2.94,3.12,2.5,2.17,3.87,3.56,2.44,4.8,4.33,0.53,2.1,1.89,2.33,0.95,1.8,2.75,0.5119,0.7603,0.297,3.9,4.6,8.5,10.0,5.2,over_15_goals|away_4_sot|total_8_corners|total_3_cards,Over 1.5 goals + Milan 4+ SOT + 8+ corners + 3+ cards,strong,Over 1.5 goals:won | Milan 4+ SOT:lost | 8+ corners:lost | 3+ cards:won,2,4,partial,5.0,5.0,3.0,H,,,,,
2026-02-06,19:30,2526,D1,Bundesliga,Union Berlin,Ein Frankfurt,D,No external context supplied,,L D D W W,W D D L L,0.0,0.0,0.5,0.5,1.0,1.0,0.0,0.0,0.0,0.0,0.5376,0.1845,0.2779,2.04,3.46,3.52,1.86,5.42,3.6,2.05,7.43,4.39,0.5472,1.87,1.83,2.24,1.9,1.65,3.55,0.6871,0.8693,0.4741,4.7,4.6,9.3,8.9,4.2,over_15_goals|btts_yes|home_4_sot,Over 1.5 goals + BTTS yes + Union Berlin 4+ SOT,strong,Over 1.5 goals:won | BTTS yes:won | Union Berlin 4+ SOT:lost,2,3,partial,4.0,7.0,9.0,H,,,,,
2026-02-06,20:00,2526,E0,Premier League,Leeds,Nott'm Forest,H,No external context supplied,"Weather: rain 13.4mm, gusts 37.1km/h, snow 0.3cm",L W L,W L W,0.0,0.0,0.5,0.5,1.0,1.0,0.0,0.0,0.0,0.0,0.3688,0.2668,0.3643,2.21,3.26,3.37,2.71,3.75,2.74,3.14,4.61,3.18,0.4954,2.08,2.02,2.53,1.4,1.3,2.7,0.5481,0.7513,0.2859,3.3,3.5,6.8,11.1,2.2,over_15_goals|btts_yes|total_8_corners,Over 1.5 goals + BTTS yes + 8+ corners,strong,Over 1.5 goals:won | BTTS yes:won | 8+ corners:won,3,3,won,11.0,15.0,2.0,H,,,,,
2026-02-06,19:45,2526,F1,Ligue 1,Metz,Lille,D,No external context supplied,,D D L L L,D D W W W,0.0,0.0,0.5,0.5,1.0,1.0,0.0,0.0,0.0,0.0,0.1599,0.2289,0.6112,5.71,4.16,1.55,6.25,4.37,1.64,9.1,5.59,1.78,0.5412,1.73,1.85,2.27,1.5,1.6,3.1,0.62,0.8153,0.3752,4.2,5.9,10.1,8.6,5.6,over_15_goals|btts_yes|home_4_sot|total_3_cards,Over 1.5 goals + BTTS yes + Metz 4+ SOT + 3+ cards,strong,Over 1.5 goals:lost | BTTS yes:lost | Metz 4+ SOT:lost | 3+ cards:lost,0,4,lost,3.0,7.0,2.0,A,,,,,
2026-02-06,19:45,2526,I1,Serie A,Verona,Pisa,D,No external context supplied,,D,D,0.0,1.0,0.5,0.5,1.0,1.0,0.0,0.0,0.0,0.0,0.4715,0.3385,0.1901,2.49,2.97,3.1,2.12,2.95,5.26,2.37,3.47,7.14,0.3591,2.37,2.78,3.86,1.6,1.5,3.1,0.62,0.8153,0.3752,5.0,4.8,9.8,8.8,4.4,over_15_goals|btts_yes|home_4_sot|total_3_cards,Over 1.5 goals + BTTS yes + Verona 4+ SOT + 3+ cards,strong,Over 1.5 goals:lost | BTTS yes:lost | Verona 4+ SOT:lost | 3+ cards:won,1,4,partial,3.0,12.0,3.0,H,,,,,
2026-02-06,20:00,2526,SP1,La Liga,Celta,Osasuna,A,No external context supplied,,L W L W W,W L W L L,0.0,0.0,0.5,0.5,1.0,1.0,0.0,0.0,0.0,0.0,0.4871,0.2433,0.2696,1.97,3.27,4.06,2.05,4.11,3.71,2.29,5.17,4.55,0.4681,2.19,2.14,2.72,1.4,1.1,2.5,0.5026,0.7127,0.2424,4.8,3.6,8.4,8.1,5.4,home_4_sot|total_3_cards,Celta 4+ SOT + 3+ cards,lean,Celta 4+ SOT:won | 3+ cards:won,2,2,won,6.0,10.0,4.0,H,,,,,
2026-02-07,14:30,2526,D1,Bundesliga,Freiburg,Werder Bremen,H,No external context supplied,,W L W W W,L W L L L,0.0,0.0,0.5,0.5,1.0,1.0,0.0,0.0,0.0,0.0,0.4255,0.3305,0.2441,1.79,3.7,4.17,2.35,3.03,4.1,2.66,3.57,5.15,0.5358,1.74,1.87,2.29,1.9,1.3,3.2,0.6187,0.8288,0.3975,4.1,4.7,8.8,8.9,3.4,over_15_goals|btts_yes|away_4_sot,Over 1.5 goals + BTTS yes + Werder Bremen 4+ SOT,strong,Over 1.5 goals:lost | BTTS yes:lost | Werder Bremen 4+ SOT:won,1,3,partial,7.0,12.0,3.0,H,,,,,
2026-02-07,14:30,2526,D1,Bundesliga,Heidenheim,Hamburg,A,No external context supplied,,L,W,0.0,0.0,0.5,0.5,1.0,1.0,0.0,0.0,0.0,0.0,0.2517,0.2757,0.4726,2.78,3.41,2.41,3.97,3.63,2.12,4.96,4.43,2.37,0.5542,1.77,1.8,2.2,1.25,1.65,2.9,0.5765,0.7854,0.3304,3.8,5.8,9.6,8.9,5.0,over_15_goals|btts_yes|away_4_sot|total_3_cards,Over 1.5 goals + BTTS yes + Hamburg 4+ SOT + 3+ cards,strong,Over 1.5 goals:won | BTTS yes:lost | Hamburg 4+ SOT:won | 3+ cards:lost,2,4,partial,9.0,18.0,2.0,A,,,,,
2026-02-07,17:30,2526,D1,Bundesliga,M'gladbach,Leverkusen,D,No external context supplied,,L D L L D,W D W W D,0.0,0.0,0.5,0.5,1.0,1.0,0.0,0.0,0.0,0.0,0.2814,0.2853,0.4333,3.41,3.67,1.99,3.55,3.51,2.31,4.32,4.25,2.61,0.5806,1.6,1.72,2.08,1.15,1.7,2.85,0.5585,0.7773,0.3192,4.6,6.0,10.6,8.1,3.0,over_15_goals|btts_yes|home_4_sot,Over 1.5 goals + BTTS yes + M'gladbach 4+ SOT,strong,Over 1.5 goals:won | BTTS yes:won | M'gladbach 4+ SOT:won,3,3,won,8.0,4.0,5.0,A,,,,,
2026-02-07,14:30,2526,D1,Bundesliga,Mainz,Augsburg,H,No external context supplied,,L W W D W,W L L D L,0.0,0.0,0.5,0.5,1.0,1.0,0.0,0.0,0.0,0.0,0.3864,0.3162,0.2975,2.04,3.51,3.41,2.59,3.16,3.36,2.97,3.76,4.04,0.5348,1.8,1.87,2.3,1.3,1.25,2.55,0.519,0.7228,0.2532,5.8,4.5,10.3,9.4,4.4,over_15_goals|home_4_sot|total_3_cards,Over 1.5 goals + Mainz 4+ SOT + 3+ cards,strong,Over 1.5 goals:won | Mainz 4+ SOT:won | 3+ cards:won,3,3,won,12.0,10.0,4.0,H,,,,,
2026-02-07,14:30,2526,D1,Bundesliga,St Pauli,Stuttgart,H,No external context supplied,,W L L,L W W,0.0,0.0,0.5,0.5,1.0,1.0,0.0,0.0,0.0,0.0,0.2738,0.2819,0.4443,4.2,3.63,1.8,3.65,3.55,2.25,4.47,4.31,2.54,0.4908,1.87,2.04,2.56,1.15,1.7,2.85,0.5585,0.7773,0.3192,3.6,6.1,9.7,9.1,2.8,over_15_goals|btts_yes|away_4_sot,Over 1.5 goals + BTTS yes + Stuttgart 4+ SOT,strong,Over 1.5 goals:won | BTTS yes:won | Stuttgart 4+ SOT:lost,2,3,partial,10.0,10.0,2.0,A,,,,,
2026-02-07,14:30,2526,D1,Bundesliga,Wolfsburg,Dortmund,A,No external context supplied,,L D L L L,W D W W W,0.0,0.0,0.5,0.5,1.0,1.0,0.0,0.0,0.0,0.0,0.2233,0.2822,0.4946,4.24,4.01,1.71,4.48,3.54,2.02,5.77,4.31,2.25,0.6083,1.56,1.64,1.97,1.4,2.45,3.85,0.6884,0.8968,0.5367,3.7,5.9,9.6,10.4,4.6,over_15_goals|btts_yes|away_4_sot|total_8_corners|total_3_cards,Over 1.5 goals + BTTS yes + Dortmund 4+ SOT + 8+ corners,strong,Over 1.5 goals:won | BTTS yes:won | Dortmund 4+ SOT:won | 8+ corners:won | 3+ cards:lost,4,5,partial,6.0,12.0,2.0,A,,,,,
2026-02-07,15:00,2526,E0,Premier League,Arsenal,Sunderland,H,No external context supplied,"Weather: rain 3.0mm, gusts 39.2km/h, snow 0.0cm",D,D,0.0,0.0,0.5,0.5,1.0,1.0,0.0,0.0,0.0,0.0,0.656,0.2049,0.1391,1.21,6.23,14.08,1.52,4.88,7.19,1.65,6.45,11.23,0.5401,1.69,1.85,2.27,1.55,0.95,2.5,0.4831,0.7127,0.2424,4.2,2.7,6.9,9.0,3.8,home_4_sot,Arsenal 4+ SOT,lean,Arsenal 4+ SOT:won,1,1,won,8.0,7.0,3.0,H,,,,,
2026-02-07,15:00,2526,E0,Premier League,Bournemouth,Aston Villa,D,No external context supplied,"Weather: rain 5.4mm, gusts 64.4km/h, snow 0.0cm",D L D L L,D W D W W,0.0,0.0,0.5,0.5,1.0,1.0,0.0,0.0,0.0,0.0,0.3816,0.2819,0.3365,2.68,3.6,2.46,2.62,3.55,2.97,3.02,4.31,3.49,0.5103,1.66,1.96,2.44,1.55,1.7,3.25,0.6438,0.8352,0.4086,3.6,5.0,8.6,11.4,3.4,over_15_goals|btts_yes|away_4_sot|total_8_corners,Over 1.5 goals + BTTS yes + Aston Villa 4+ SOT + 8+ corners,strong,Over 1.5 goals:won | BTTS yes:won | Aston Villa 4+ SOT:won | 8+ corners:won,4,4,won,13.0,15.0,2.0,H,,,,,
2026-02-07,15:00,2526,E0,Premier League,Burnley,West Ham,A,No external context supplied,"Weather: rain 8.8mm, gusts 44.6km/h, snow 0.0cm",D D L D L,D D W D W,0.0,0.0,0.5,0.5,1.0,1.0,0.0,0.0,0.0,0.0,0.3877,0.2476,0.3648,3.28,3.5,2.14,2.58,4.04,2.74,2.96,5.06,3.18,0.5411,1.86,1.85,2.27,1.5,1.6,3.1,0.62,0.8153,0.3752,3.6,5.9,9.5,9.1,5.0,over_15_goals|btts_yes|away_4_sot|total_3_cards,Over 1.5 goals + BTTS yes + West Ham 4+ SOT + 3+ cards,strong,Over 1.5 goals:won | BTTS yes:lost | West Ham 4+ SOT:won | 3+ cards:won,3,4,partial,9.0,7.0,4.0,H,,,,,
2026-02-07,15:00,2526,E0,Premier League,Fulham,Everton,A,No external context supplied,"Weather: rain 3.1mm, gusts 41.4km/h, snow 0.0cm",W D D L L,L D D W W,0.0,0.0,0.5,0.5,1.0,1.0,0.0,0.0,0.0,0.0,0.4023,0.2323,0.3654,2.1,3.27,3.64,2.49,4.31,2.74,2.84,5.49,3.17,0.4893,2.18,2.04,2.57,1.25,1.2,2.45,0.4986,0.7023,0.2318,4.0,4.2,8.2,9.9,4.0,away_4_sot|total_8_corners,Everton 4+ SOT + 8+ corners,lean,Everton 4+ SOT:lost | 8+ corners:won,1,2,partial,6.0,12.0,6.0,H,,,,,
2026-02-07,12:30,2526,E0,Premier League,Man United,Tottenham,H,No external context supplied,"Weather: rain 16.4mm, gusts 37.4km/h, snow 0.0cm",L D L L D,W D W W D,0.0,0.0,0.5,0.5,1.0,1.0,0.0,0.0,0.0,0.0,0.5226,0.2226,0.2548,1.57,4.54,4.97,1.91,4.49,3.92,2.12,5.79,4.88,0.5872,1.46,1.7,2.05,1.85,1.35,3.2,0.6243,0.8288,0.3975,4.5,4.7,9.2,9.1,3.6,over_15_goals|btts_yes|home_4_sot,Over 1.5 goals + BTTS yes + Man United 4+ SOT,strong,Over 1.5 goals:won | BTTS yes:lost | Man United 4+ SOT:won,2,3,partial,11.0,7.0,5.0,H,,,,,
2026-02-07,17:30,2526,E0,Premier League,Newcastle,Brentford,A,No external context supplied,"Weather: rain 1.4mm, gusts 33.5km/h, snow 0.0cm",W W L W L,L L W L W,0.0,0.0,0.5,0.5,1.0,1.0,0.0,0.0,0.0,0.0,0.5682,0.2293,0.2025,2.05,3.53,3.51,1.76,4.36,4.94,1.93,5.58,6.56,0.5661,1.67,1.77,2.15,1.2,1.5,2.7,0.5429,0.7513,0.2859,4.1,4.5,8.6,12.2,4.0,over_15_goals|btts_yes|away_4_sot|total_8_corners,Over 1.5 goals + BTTS yes + Brentford 4+ SOT + 8+ corners,strong,Over 1.5 goals:won | BTTS yes:won | Brentford 4+ SOT:won | 8+ corners:won,4,4,won,9.0,12.0,4.0,H,,,,,
2026-02-07,15:00,2526,E0,Premier League,Wolves,Chelsea,A,No external context supplied,"Weather: rain 9.7mm, gusts 39.6km/h, snow 0.0cm",W W L L L,L L W W W,0.0,0.0,0.5,0.5,1.0,1.0,0.0,0.0,0.0,0.0,0.2511,0.2383,0.5106,4.9,4.05,1.65,3.98,4.2,1.96,4.97,5.31,2.17,0.5221,1.68,1.92,2.37,1.0,1.65,2.65,0.5107,0.7421,0.2749,4.8,3.5,8.3,11.0,5.6,over_15_goals|home_4_sot|total_8_corners|total_3_cards,Over 1.5 goals + Wolves 4+ SOT + 8+ corners + 3+ cards,strong,Over 1.5 goals:won | Wolves 4+ SOT:lost | 8+ corners:lost | 3+ cards:lost,1,4,partial,9.0,7.0,2.0,A,,,,,
2026-02-07,18:00,2526,F1,Ligue 1,Brest,Lorient,H,No external context supplied,,L L W W D,W W L L D,0.0,0.0,0.5,0.5,1.0,1.0,0.0,0.0,0.0,0.0,0.4278,0.2719,0.3002,2.22,3.13,3.35,2.34,3.68,3.33,2.65,4.51,4.0,0.4843,2.05,2.06,2.6,1.05,1.45,2.5,0.4976,0.7127,0.2424,3.8,4.3,8.1,9.2,3.6,away_4_sot,Lorient 4+ SOT,lean,Lorient 4+ SOT:lost,0,1,lost,7.0,14.0,2.0,H,,,,,
2026-02-07,16:00,2526,F1,Ligue 1,Lens,Rennes,H,No external context supplied,,D D D W D,D D D L D,0.0,0.0,0.5,0.5,1.0,1.0,0.0,0.0,0.0,0.0,0.4799,0.3238,0.1963,1.76,3.81,4.19,2.08,3.09,5.1,2.33,3.65,6.84,0.53,1.58,1.89,2.33,1.75,1.1,2.85,0.5512,0.7773,0.3192,4.8,3.8,8.6,9.2,3.4,over_15_goals|btts_yes|home_4_sot,Over 1.5 goals + BTTS yes + Lens 4+ SOT,strong,Over 1.5 goals:won | BTTS yes:won | Lens 4+ SOT:lost,2,3,partial,4.0,8.0,8.0,H,,,,,
2026-02-07,20:05,2526,F1,Ligue 1,Nantes,Lyon,A,No external context supplied,,L L L D L,W W W D W,0.0,0.0,0.5,0.5,1.0,1.0,0.0,0.0,0.0,0.0,0.2828,0.294,0.4231,4.87,3.72,1.69,3.54,3.4,2.36,4.3,4.1,2.68,0.5353,1.87,1.87,2.3,0.85,1.9,2.75,0.4869,0.7603,0.297,3.9,5.5,9.4,7.4,4.2,over_15_goals|away_4_sot|total_3_cards,Over 1.5 goals + Lyon 4+ SOT + 3+ cards,strong,Over 1.5 goals:lost | Lyon 4+ SOT:lost | 3+ cards:won,1,3,partial,5.0,9.0,8.0,A,,,,,
2026-02-07,19:45,2526,I1,Serie A,Fiorentina,Torino,D,No external context supplied,,W D W D D,L D L D D,0.0,0.0,0.5,0.5,1.0,1.0,0.0,0.0,0.0,0.0,0.5077,0.2726,0.2196,1.75,3.63,4.7,1.97,3.67,4.55,2.18,4.49,5.89,0.5677,1.9,1.76,2.14,1.6,1.25,2.85,0.5694,0.7773,0.3192,4.7,4.4,9.1,8.5,3.8,over_15_goals|btts_yes|home_4_sot,Over 1.5 goals + BTTS yes + Fiorentina 4+ SOT,strong,Over 1.5 goals:won | BTTS yes:won | Fiorentina 4+ SOT:won,3,3,won,9.0,13.0,7.0,H,,,,,
2026-02-07,17:00,2526,I1,Serie A,Genoa,Napoli,A,No external context supplied,,D D L D L,D D W D W,0.0,0.0,0.5,0.5,1.0,1.0,0.0,0.0,0.0,0.0,0.2652,0.27,0.4648,4.42,3.21,1.91,3.77,3.7,2.15,4.65,4.55,2.41,0.4642,2.52,2.15,2.75,1.2,1.35,2.55,0.5176,0.7228,0.2532,4.2,3.8,8.0,7.7,3.0,over_15_goals|home_4_sot,Over 1.5 goals + Genoa 4+ SOT,lean,Over 1.5 goals:won | Genoa 4+ SOT:lost,1,2,partial,8.0,7.0,8.0,A,,,,,
2026-02-07,15:15,2526,SP1,La Liga,Barcelona,Mallorca,H,No external context supplied,,D W W W W,D L L L L,1.0,0.0,0.5,0.5,1.0,1.0,0.0,0.0,0.0,0.0,0.757,0.1487,0.0944,1.15,8.3,14.69,1.32,6.73,10.59,1.41,10.14,22.53,0.6512,1.25,1.54,1.81,2.2,1.2,3.4,0.6214,0.8532,0.4416,6.8,4.5,11.3,11.7,3.2,over_15_goals|btts_yes|home_4_sot|total_8_corners,Over 1.5 goals + BTTS yes + Barcelona 4+ SOT + 8+ corners,strong,Over 1.5 goals:won | BTTS yes:lost | Barcelona 4+ SOT:won | 8+ corners:won,3,4,partial,11.0,15.0,0.0,H,,,,,
2026-02-07,20:00,2526,SP1,La Liga,Sociedad,Elche,H,No external context supplied,,W W W W D,L L L L D,0.0,0.0,0.5,0.5,1.0,1.0,0.0,0.0,0.0,0.0,0.5271,0.2455,0.2275,1.64,3.97,5.04,1.9,4.07,4.4,2.1,5.12,5.64,0.54,1.8,1.85,2.27,1.7,1.5,3.2,0.6349,0.8288,0.3975,5.9,3.6,9.5,11.0,6.0,over_15_goals|btts_yes|home_4_sot|total_8_corners|total_3_cards,Over 1.5 goals + BTTS yes + Sociedad 4+ SOT + 8+ corners,strong,Over 1.5 goals:won | BTTS yes:won | Sociedad 4+ SOT:lost | 8+ corners:lost | 3+ cards:won,3,5,partial,8.0,6.0,4.0,H,,,,,
2026-02-08,16:30,2526,D1,Bundesliga,Bayern Munich,Hoffenheim,H,No external context supplied,,W L W W W,L W L L L,1.0,0.0,0.5,0.5,1.0,1.0,0.0,0.0,0.0,0.0,0.593,0.263,0.144,1.26,6.34,8.44,1.69,3.8,6.95,1.84,4.69,10.64,0.5591,1.23,1.79,2.18,2.3,1.7,4.0,0.7354,0.9084,0.5665,5.9,5.0,10.9,11.0,3.6,over_15_goals|btts_yes|home_4_sot|total_8_corners,Over 1.5 goals + BTTS yes + Bayern Munich 4+ SOT + 8+ corners,strong,Over 1.5 goals:won | BTTS yes:won | Bayern Munich 4+ SOT:won | 8+ corners:won,4,4,won,18.0,11.0,6.0,H,D,0.0832,all D very_long 8%+,34,0.365
2026-02-08,14:30,2526,D1,Bundesliga,FC Koln,RB Leipzig,A,No external context supplied,,D D L L L,D D W W W,0.0,0.0,0.5,0.5,1.0,1.0,0.0,0.0,0.0,0.0,0.2741,0.263,0.463,3.14,3.81,2.05,3.65,3.8,2.16,4.46,4.7,2.42,0.5925,1.46,1.69,2.03,1.3,1.75,3.05,0.6011,0.8082,0.364,4.6,5.7,10.3,9.3,2.0,over_15_goals|btts_yes|home_4_sot,Over 1.5 goals + BTTS yes + FC Koln 4+ SOT,strong,Over 1.5 goals:won | BTTS yes:won | FC Koln 4+ SOT:lost,2,3,partial,7.0,7.0,5.0,A,,,,,
2026-02-08,14:00,2526,E0,Premier League,Brighton,Crystal Palace,A,No external context supplied,"Weather: rain 2.6mm, gusts 39.6km/h, snow 0.0cm",D W L L D,D L W W D,0.0,0.0,0.5,0.5,1.0,1.0,0.0,0.0,0.0,0.0,0.4203,0.3002,0.2796,1.96,3.57,3.68,2.38,3.33,3.58,2.7,4.0,4.36,0.4835,1.79,2.07,2.61,1.4,0.95,2.35,0.462,0.6805,0.2109,4.3,3.7,8.0,10.2,5.0,home_4_sot|total_8_corners|total_3_cards,Brighton 4+ SOT + 8+ corners + 3+ cards,strong,Brighton 4+ SOT:lost | 8+ corners:lost | 3+ cards:won,1,3,partial,6.0,7.0,4.0,H,,,,,
2026-02-08,16:30,2526,E0,Premier League,Liverpool,Man City,A,No external context supplied,"Weather: rain 1.9mm, gusts 33.5km/h, snow 0.0cm",D D W W L,D D L L W,1.0,1.0,0.5,0.5,1.0,1.0,0.0,0.0,0.0,0.0,0.4584,0.2411,0.3005,2.34,3.68,2.76,2.18,4.15,3.33,2.45,5.23,3.99,0.5663,1.56,1.77,2.14,1.25,1.45,2.7,0.5461,0.7513,0.2859,4.4,3.1,7.5,9.8,3.4,over_15_goals|btts_yes|home_4_sot|total_8_corners,Over 1.5 goals + BTTS yes + Liverpool 4+ SOT + 8+ corners,strong,Over 1.5 goals:won | BTTS yes:won | Liverpool 4+ SOT:won | 8+ corners:won,4,4,won,11.0,9.0,8.0,H,,,,,
2026-02-08,16:15,2526,F1,Ligue 1,Angers,Toulouse,H,No external context supplied,,L L D L W,W W D W L,0.0,0.0,0.5,0.5,1.0,1.0,0.0,0.0,0.0,0.0,0.242,0.262,0.496,3.43,3.1,2.21,4.13,3.82,2.02,5.21,4.72,2.24,0.4858,2.34,2.06,2.59,1.05,1.25,2.3,0.4638,0.6691,0.2007,4.5,4.7,9.2,8.7,3.2,home_4_sot,Angers 4+ SOT,lean,Angers 4+ SOT:won,1,1,won,9.0,8.0,5.0,A,,,,,
2026-02-08,16:15,2526,F1,Ligue 1,Auxerre,Paris FC,D,No external context supplied,,D,D,0.0,0.0,0.5,0.5,1.0,1.0,0.0,0.0,0.0,0.0,0.3867,0.3105,0.3028,2.46,3.18,2.87,2.59,3.22,3.3,2.97,3.84,3.96,0.4681,2.11,2.14,2.72,1.05,1.1,2.15,0.4337,0.6331,0.1709,2.7,4.1,6.8,8.3,5.2,total_3_cards,3+ cards,lean,3+ cards:won,1,1,won,6.0,11.0,5.0,H,,,,,
2026-02-08,16:15,2526,F1,Ligue 1,Le Havre,Strasbourg,H,No external context supplied,,L W L W L,W L W L W,0.0,0.0,0.5,0.5,1.0,1.0,0.0,0.0,0.0,0.0,0.2605,0.2478,0.4917,3.91,3.47,1.91,3.84,4.04,2.03,4.75,5.06,2.26,0.5079,1.93,1.97,2.45,0.85,1.05,1.9,0.3722,0.5663,0.1253,3.7,4.2,7.9,10.6,3.8,total_8_corners,8+ corners,lean,8+ corners:won,1,1,won,10.0,12.0,5.0,A,,,,,
2026-02-08,14:00,2526,F1,Ligue 1,Nice,Monaco,D,No external context supplied,,W L W L D,L W L W D,0.0,0.0,0.5,0.5,1.0,1.0,0.0,0.0,0.0,0.0,0.2726,0.2853,0.4421,3.01,3.76,2.13,3.67,3.51,2.26,4.49,4.25,2.55,0.5808,1.48,1.72,2.08,1.4,1.6,3.0,0.6013,0.8009,0.3528,5.3,5.1,10.4,9.3,4.6,over_15_goals|btts_yes|home_4_sot|total_3_cards,Over 1.5 goals + BTTS yes + Nice 4+ SOT + 3+ cards,strong,Over 1.5 goals:lost | BTTS yes:lost | Nice 4+ SOT:lost | 3+ cards:won,1,4,partial,5.0,14.0,4.0,A,,,,,
2026-02-08,19:45,2526,F1,Ligue 1,Paris SG,Marseille,H,No external context supplied,,W W W W L,L L L L W,1.0,0.0,0.5,0.5,1.0,1.0,0.0,0.0,0.0,0.0,0.6014,0.2504,0.1482,1.39,5.02,6.54,1.66,3.99,6.75,1.81,4.99,10.19,0.6737,1.41,1.48,1.74,1.7,1.45,3.15,0.6256,0.8222,0.3863,5.9,4.8,10.7,8.1,3.6,over_15_goals|btts_yes|home_4_sot,Over 1.5 goals + BTTS yes + Paris SG 4+ SOT,strong,Over 1.5 goals:won | BTTS yes:lost | Paris SG 4+ SOT:won,2,3,partial,10.0,7.0,4.0,H,,,,,
2026-02-08,11:30,2526,I1,Serie A,Bologna,Parma,A,No external context supplied,,W W D L W,L L D W L,0.0,0.0,0.5,0.5,1.0,1.0,0.0,0.0,0.0,0.0,0.5123,0.2758,0.2118,1.59,3.91,5.63,1.95,3.63,4.72,2.16,4.43,6.18,0.5058,1.95,1.98,2.46,1.15,1.25,2.4,0.4876,0.6916,0.2213,4.0,3.2,7.2,8.2,5.0,total_3_cards,3+ cards,lean,3+ cards:won,1,1,won,3.0,9.0,8.0,H,,,,,
2026-02-08,19:45,2526,I1,Serie A,Juventus,Lazio,D,No external context supplied,,W L W D L,L W L D W,0.0,0.0,0.5,0.5,1.0,1.0,0.0,0.0,0.0,0.0,0.6654,0.2301,0.1045,1.45,4.09,7.57,1.5,4.35,9.57,1.62,5.55,18.36,0.5058,2.1,1.98,2.46,1.65,0.75,2.4,0.4263,0.6916,0.2213,5.9,3.0,8.9,8.1,3.2,home_4_sot,Juventus 4+ SOT,lean,Juventus 4+ SOT:won,1,1,won,10.0,9.0,2.0,H,,,,,
2026-02-08,14:00,2526,I1,Serie A,Lecce,Udinese,H,No external context supplied,,D L L L L,D W W W W,0.0,0.0,0.5,0.5,1.0,1.0,0.0,0.0,0.0,0.0,0.3619,0.3009,0.3372,3.04,2.86,2.59,2.76,3.32,2.97,3.21,3.99,3.48,0.3613,2.75,2.77,3.83,0.85,1.25,2.1,0.4085,0.6204,0.1614,2.9,3.9,6.8,9.7,4.0,total_8_corners,8+ corners,lean,8+ corners:lost,0,1,lost,6.0,7.0,3.0,H,,,,,
2026-02-08,17:00,2526,I1,Serie A,Sassuolo,Inter,A,No external context supplied,,L L W W L,W W L L W,0.0,1.0,0.5,0.5,1.0,1.0,0.0,0.0,0.0,0.0,0.1746,0.2573,0.5681,6.87,4.42,1.44,5.73,3.89,1.76,8.02,4.82,1.93,0.5044,1.76,1.98,2.47,0.85,1.85,2.7,0.4826,0.7513,0.2859,3.2,6.4,9.6,8.6,2.8,over_15_goals|away_4_sot,Over 1.5 goals + Inter 4+ SOT,lean,Over 1.5 goals:won | Inter 4+ SOT:won,2,2,won,13.0,11.0,5.0,A,,,,,
2026-02-08,13:00,2526,SP1,La Liga,Alaves,Getafe,A,No external context supplied,,L W L L D,W L W W D,0.0,0.0,0.5,0.5,1.0,1.0,0.0,0.0,0.0,0.0,0.4235,0.3091,0.2674,2.3,2.78,3.69,2.36,3.24,3.74,2.68,3.86,4.6,0.3775,3.34,2.65,3.6,1.1,1.0,2.1,0.4217,0.6204,0.1614,4.3,3.7,8.0,8.6,4.4,home_4_sot|total_3_cards,Alaves 4+ SOT + 3+ cards,lean,Alaves 4+ SOT:won | 3+ cards:won,2,2,won,10.0,9.0,7.0,H,,,,,
2026-02-08,15:15,2526,SP1,La Liga,Ath Bilbao,Levante,H,No external context supplied,,W D D W W,L D D L L,0.0,0.0,0.5,0.5,1.0,1.0,0.0,0.0,0.0,0.0,0.5727,0.2833,0.1439,1.61,3.8,5.52,1.75,3.53,6.95,1.91,4.29,10.65,0.5261,1.94,1.9,2.35,1.15,1.35,2.5,0.5062,0.7127,0.2424,5.9,4.5,10.4,9.3,6.2,home_4_sot|total_3_cards,Ath Bilbao 4+ SOT + 3+ cards,lean,Ath Bilbao 4+ SOT:won | 3+ cards:won,2,2,won,10.0,7.0,5.0,H,,,,,
2026-02-08,17:30,2526,SP1,La Liga,Ath Madrid,Betis,A,No external context supplied,,D W L W W,D L W L L,0.0,0.0,0.5,0.5,1.0,1.0,0.0,0.0,0.0,0.0,0.5659,0.2412,0.1929,1.47,4.47,6.15,1.77,4.15,5.18,1.94,5.23,7.0,0.6029,1.65,1.66,1.99,1.45,1.15,2.6,0.5231,0.7326,0.264,5.4,3.6,9.0,9.8,2.4,over_15_goals|home_4_sot|total_8_corners,Over 1.5 goals + Ath Madrid 4+ SOT + 8+ corners,strong,Over 1.5 goals:lost | Ath Madrid 4+ SOT:won | 8+ corners:won,2,3,partial,9.0,10.0,4.0,H,,,,,
2026-02-08,15:15,2526,SP1,La Liga,Sevilla,Girona,D,No external context supplied,,L L L W W,W W W L L,0.0,0.0,0.5,0.5,1.0,1.0,0.0,0.0,0.0,0.0,0.473,0.2871,0.2398,2.09,3.33,3.51,2.11,3.48,4.17,2.36,4.22,5.27,0.5247,1.97,1.91,2.35,1.15,1.4,2.55,0.5148,0.7228,0.2532,4.0,4.3,8.3,8.7,5.2,over_15_goals|away_4_sot|total_3_cards,Over 1.5 goals + Girona 4+ SOT + 3+ cards,strong,Over 1.5 goals:won | Girona 4+ SOT:won | 3+ cards:won,3,3,won,9.0,12.0,6.0,H,,,,,
2026-02-08,20:00,2526,SP1,La Liga,Valencia,Real Madrid,A,No external context supplied,,L D L W L,W D W L W,0.0,1.0,0.5,0.5,1.0,1.0,0.0,0.0,0.0,0.0,0.1874,0.2323,0.5803,5.59,4.47,1.51,5.34,4.31,1.72,7.28,5.49,1.89,0.6338,1.55,1.58,1.87,1.0,1.75,2.75,0.5223,0.7603,0.297,3.4,5.6,9.0,10.6,4.6,over_15_goals|away_4_sot|total_8_corners|total_3_cards,Over 1.5 goals + Real Madrid 4+ SOT + 8+ corners + 3+ cards,strong,Over 1.5 goals:won | Real Madrid 4+ SOT:won | 8+ corners:won | 3+ cards:lost,3,4,partial,6.0,13.0,2.0,A,,,,,
2026-02-09,17:30,2526,I1,Serie A,Atalanta,Cremonese,H,No external context supplied,,D W D,D L D,0.0,0.0,0.5,0.5,1.0,1.0,0.0,0.0,0.0,0.0,0.5479,0.2676,0.1845,1.34,4.88,8.42,1.83,3.74,5.42,2.01,4.59,7.43,0.4843,1.68,2.06,2.6,1.4,0.5,1.9,0.2964,0.5663,0.1253,5.6,3.7,9.3,9.4,4.0,home_4_sot,Atalanta 4+ SOT,lean,Atalanta 4+ SOT:won,1,1,won,11.0,15.0,2.0,H,,,,,
2026-02-09,19:45,2526,I1,Serie A,Roma,Cagliari,H,No external context supplied,,W W D W L,L L D L W,0.0,0.0,0.5,0.5,1.0,1.0,0.0,0.0,0.0,0.0,0.6197,0.2724,0.1079,1.45,4.08,7.68,1.61,3.67,9.27,1.76,4.5,17.28,0.4383,2.01,2.28,2.96,1.2,1.1,2.3,0.4662,0.6691,0.2007,4.7,3.6,8.3,8.3,3.6,home_4_sot,Roma 4+ SOT,lean,Roma 4+ SOT:won,1,1,won,6.0,8.0,6.0,H,,,,,
2026-02-09,20:00,2526,SP1,La Liga,Villarreal,Espanol,H,No external context supplied,,W W W W W,L L L L L,0.0,0.0,0.5,0.5,1.0,1.0,0.0,0.0,0.0,0.0,0.5599,0.259,0.1811,1.67,3.99,4.53,1.79,3.86,5.52,1.96,4.78,7.63,0.536,1.72,1.87,2.29,1.45,1.2,2.65,0.5349,0.7421,0.2749,4.0,4.3,8.3,8.3,4.8,over_15_goals|away_4_sot|total_3_cards,Over 1.5 goals + Espanol 4+ SOT + 3+ cards,strong,Over 1.5 goals:won | Espanol 4+ SOT:lost | 3+ cards:won,2,3,partial,5.0,13.0,6.0,H,,,,,
2026-02-10,19:30,2526,E0,Premier League,Chelsea,Leeds,D,No external context supplied,"Weather: rain 3.7mm, gusts 34.6km/h, snow 0.0cm",W W L W L,L L W L W,0.0,0.0,0.5,0.5,1.0,1.0,0.0,0.0,0.0,0.0,0.6481,0.1885,0.1634,1.55,4.28,5.66,1.54,5.3,6.12,1.67,7.22,8.82,0.6336,1.61,1.58,1.87,1.7,1.4,3.1,0.6158,0.8153,0.3752,5.2,4.7,9.9,11.4,4.4,over_15_goals|btts_yes|home_4_sot|total_8_corners|total_3_cards,Over 1.5 goals + BTTS yes + Chelsea 4+ SOT + 8+ corners,strong,Over 1.5 goals:won | BTTS yes:won | Chelsea 4+ SOT:won | 8+ corners:lost | 3+ cards:won,4,5,partial,6.0,5.0,8.0,H,,,,,
2026-02-10,19:30,2526,E0,Premier League,Everton,Bournemouth,A,No external context supplied,"Weather: rain 4.8mm, gusts 44.6km/h, snow 0.0cm",W L L L W,L W W W L,0.0,0.0,0.5,0.5,1.0,1.0,0.0,0.0,0.0,0.0,0.4336,0.3091,0.2572,2.41,3.35,2.91,2.31,3.23,3.89,2.61,3.86,4.83,0.5419,1.82,1.85,2.26,1.5,1.55,3.05,0.612,0.8082,0.364,3.9,4.1,8.0,11.3,5.0,over_15_goals|btts_yes|total_8_corners|total_3_cards,Over 1.5 goals + BTTS yes + 8+ corners + 3+ cards,strong,Over 1.5 goals:won | BTTS yes:won | 8+ corners:won | 3+ cards:won,4,4,won,10.0,9.0,6.0,H,,,,,
2026-02-10,19:30,2526,E0,Premier League,Tottenham,Newcastle,A,No external context supplied,"Weather: rain 3.7mm, gusts 32.4km/h, snow 0.0cm",W L L L D,L W W W D,0.0,0.0,0.5,0.5,1.0,1.0,0.0,0.0,0.0,0.0,0.3279,0.2331,0.439,3.18,3.48,2.2,3.05,4.29,2.28,3.6,5.46,2.57,0.5601,1.7,1.79,2.17,1.35,1.55,2.9,0.5835,0.7854,0.3304,5.6,4.4,10.0,10.8,5.2,over_15_goals|btts_yes|home_4_sot|total_8_corners|total_3_cards,Over 1.5 goals + BTTS yes + Tottenham 4+ SOT + 8+ corners,strong,Over 1.5 goals:won | BTTS yes:won | Tottenham 4+ SOT:lost | 8+ corners:won | 3+ cards:won,4,5,partial,7.0,14.0,5.0,A,,,,,
2026-02-10,20:15,2526,E0,Premier League,West Ham,Man United,D,No external context supplied,"Weather: rain 3.0mm, gusts 31.7km/h, snow 0.0cm",W L W W D,L W L L D,0.0,0.0,0.5,0.5,1.0,1.0,0.0,0.0,0.0,0.0,0.1963,0.2675,0.5363,4.36,4.23,1.7,5.09,3.74,1.86,6.84,4.6,2.06,0.5353,1.47,1.87,2.3,1.4,1.95,3.35,0.6462,0.8474,0.4307,3.5,6.0,9.5,9.5,3.6,over_15_goals|btts_yes|away_4_sot|total_8_corners,Over 1.5 goals + BTTS yes + Man United 4+ SOT + 8+ corners,strong,Over 1.5 goals:won | BTTS yes:won | Man United 4+ SOT:lost | 8+ corners:won,3,4,partial,6.0,8.0,2.0,A,,,,,
2026-02-11,19:30,2526,E0,Premier League,Aston Villa,Brighton,H,No external context supplied,"Weather: rain 5.0mm, gusts 46.8km/h, snow 0.0cm",W L D W W,L W D L L,0.0,0.0,0.5,0.5,1.0,1.0,0.0,0.0,0.0,0.0,0.4386,0.2997,0.2617,1.92,3.67,3.79,2.28,3.34,3.82,2.57,4.0,4.72,0.5371,1.75,1.86,2.29,1.3,1.05,2.35,0.4729,0.6805,0.2109,4.5,4.0,8.5,10.8,3.0,home_4_sot|total_8_corners,Aston Villa 4+ SOT + 8+ corners,lean,Aston Villa 4+ SOT:lost | 8+ corners:won,1,2,partial,4.0,12.0,5.0,H,,,,,
2026-02-11,19:30,2526,E0,Premier League,Crystal Palace,Burnley,A,No external context supplied,"Weather: rain 3.0mm, gusts 52.9km/h, snow 0.0cm",D D W W W,D D L L L,0.0,0.0,0.5,0.5,1.0,1.0,0.0,0.0,0.0,0.0,0.591,0.2643,0.1447,1.55,3.98,6.18,1.69,3.78,6.91,1.85,4.67,10.56,0.55,1.91,1.82,2.22,1.25,1.3,2.55,0.519,0.7228,0.2532,6.2,3.0,9.2,7.5,5.4,over_15_goals|home_4_sot|total_3_cards,Over 1.5 goals + Crystal Palace 4+ SOT + 3+ cards,strong,Over 1.5 goals:won | Crystal Palace 4+ SOT:lost | 3+ cards:won,2,3,partial,6.0,10.0,3.0,H,,,,,
2026-02-11,19:30,2526,E0,Premier League,Man City,Fulham,H,No external context supplied,"Weather: rain 9.0mm, gusts 23.0km/h, snow 0.0cm",W W W W W,L L L L L,1.0,0.0,0.5,0.5,1.0,1.0,0.0,0.0,0.0,0.0,0.7168,0.1448,0.1384,1.34,5.33,8.08,1.4,6.9,7.22,1.5,10.54,11.31,0.5941,1.52,1.68,2.02,1.45,1.15,2.6,0.5231,0.7326,0.264,4.6,4.0,8.6,9.8,4.6,over_15_goals|home_4_sot|total_8_corners|total_3_cards,Over 1.5 goals + Man City 4+ SOT + 8+ corners + 3+ cards,strong,Over 1.5 goals:won | Man City 4+ SOT:won | 8+ corners:won | 3+ cards:won,4,4,won,8.0,8.0,4.0,H,,,,,
2026-02-11,19:30,2526,E0,Premier League,Nott'm Forest,Wolves,D,No external context supplied,"Weather: rain 10.1mm, gusts 38.5km/h, snow 0.0cm",D D D W W,D D D L L,0.0,0.0,0.5,0.5,1.0,1.0,0.0,0.0,0.0,0.0,0.6231,0.2293,0.1476,1.69,3.72,5.09,1.6,4.36,6.77,1.75,5.58,10.25,0.534,1.94,1.87,2.3,1.3,1.05,2.35,0.4729,0.6805,0.2109,3.2,3.2,6.4,11.0,3.0,total_8_corners,8+ corners,lean,8+ corners:won,1,1,won,13.0,10.0,2.0,H,,,,,
2026-02-11,20:15,2526,E0,Premier League,Sunderland,Liverpool,A,No external context supplied,"Weather: rain 23.0mm, gusts 61.2km/h, snow 0.0cm",D,D,0.0,1.0,0.5,0.5,1.0,1.0,0.0,0.0,0.0,0.0,0.2031,0.261,0.5358,4.65,3.83,1.72,4.92,3.83,1.87,6.53,4.74,2.06,0.5668,1.79,1.76,2.14,1.0,1.4,2.4,0.4762,0.6916,0.2213,3.9,4.4,8.3,8.8,4.0,away_4_sot,Liverpool 4+ SOT,lean,Liverpool 4+ SOT:lost,0,1,lost,5.0,14.0,1.0,A,,,,,
2026-02-12,20:00,2526,E0,Premier League,Brentford,Arsenal,D,No external context supplied,"Weather: rain 4.6mm, gusts 30.2km/h, snow 0.0cm",L L L D L,W W W D W,0.0,0.0,0.5,0.5,1.0,1.0,0.0,0.0,0.0,0.0,0.2364,0.234,0.5295,4.83,3.86,1.69,4.23,4.27,1.89,5.36,5.43,2.09,0.5158,1.83,1.94,2.41,1.3,1.55,2.85,0.5731,0.7773,0.3192,2.6,4.0,6.6,10.9,3.4,over_15_goals|btts_yes|total_8_corners,Over 1.5 goals + BTTS yes + 8+ corners,strong,Over 1.5 goals:won | BTTS yes:won | 8+ corners:won,3,3,won,5.0,10.0,5.0,A,,,,,
2026-02-13,19:30,2526,D1,Bundesliga,Dortmund,Mainz,H,No external context supplied,,D L L W W,D W W L L,0.0,0.0,0.5,0.5,1.0,1.0,0.0,0.0,0.0,0.0,0.557,0.2703,0.1727,1.52,4.35,5.52,1.8,3.7,5.79,1.97,4.54,8.15,0.5872,1.52,1.7,2.05,1.9,1.2,3.1,0.5943,0.8153,0.3752,5.0,4.8,9.8,10.6,4.8,over_15_goals|btts_yes|home_4_sot|total_8_corners|total_3_cards,Over 1.5 goals + BTTS yes + Dortmund 4+ SOT + 8+ corners,strong,Over 1.5 goals:won | BTTS yes:lost | Dortmund 4+ SOT:won | 8+ corners:won | 3+ cards:won,4,5,partial,13.0,9.0,5.0,H,,,,,
2026-02-13,20:05,2526,F1,Ligue 1,Monaco,Nantes,H,No external context supplied,,D W D W W,D L D L L,0.0,0.0,0.5,0.5,1.0,1.0,0.0,0.0,0.0,0.0,0.5539,0.2799,0.1663,1.45,4.59,6.18,1.81,3.57,6.01,1.98,4.35,8.6,0.545,1.51,1.83,2.25,1.45,1.25,2.7,0.5461,0.7513,0.2859,3.7,4.0,7.7,8.0,5.2,over_15_goals|btts_yes|total_3_cards,Over 1.5 goals + BTTS yes + 3+ cards,strong,Over 1.5 goals:won | BTTS yes:won | 3+ cards:won,3,3,won,8.0,12.0,9.0,H,,,,,
2026-02-13,18:00,2526,F1,Ligue 1,Rennes,Paris SG,H,No external context supplied,,L D L L L,W D W W W,0.0,1.0,0.5,0.5,1.0,1.0,0.0,0.0,0.0,0.0,0.1607,0.2674,0.5719,6.51,5.05,1.4,6.22,3.74,1.75,9.04,4.6,1.92,0.549,1.38,1.82,2.23,1.0,2.2,3.2,0.5621,0.8288,0.3975,3.5,5.2,8.7,9.5,2.8,over_15_goals|btts_yes|away_4_sot|total_8_corners,Over 1.5 goals + BTTS yes + Paris SG 4+ SOT + 8+ corners,strong,Over 1.5 goals:won | BTTS yes:won | Paris SG 4+ SOT:won | 8+ corners:won,4,4,won,11.0,13.0,0.0,A,,,,,
2026-02-13,19:45,2526,I1,Serie A,Pisa,Milan,A,No external context supplied,,D,D,1.0,0.0,0.5,0.5,1.0,1.0,0.0,0.0,0.0,0.0,0.2331,0.2402,0.5267,6.42,4.21,1.49,4.29,4.16,1.9,5.46,5.26,2.1,0.4579,1.87,2.18,2.79,0.85,2.0,2.85,0.4951,0.7773,0.3192,4.9,4.3,9.2,10.3,4.2,over_15_goals|home_4_sot|total_8_corners|total_3_cards,Over 1.5 goals + Pisa 4+ SOT + 8+ corners + 3+ cards,strong,Over 1.5 goals:won | Pisa 4+ SOT:lost | 8+ corners:lost | 3+ cards:won,2,4,partial,4.0,4.0,6.0,A,,,,,
2026-02-13,20:00,2526,SP1,La Liga,Elche,Osasuna,D,No external context supplied,,D D D L D,D D D W D,0.0,0.0,0.5,0.5,1.0,1.0,0.0,0.0,0.0,0.0,0.3555,0.3334,0.3111,2.77,3.11,2.64,2.81,3.0,3.21,3.27,3.53,3.83,0.4546,2.01,2.2,2.82,1.4,1.85,3.25,0.6349,0.8352,0.4086,3.8,4.7,8.5,9.3,6.0,over_15_goals|btts_yes|away_4_sot|total_3_cards,Over 1.5 goals + BTTS yes + Osasuna 4+ SOT + 3+ cards,strong,Over 1.5 goals:lost | BTTS yes:lost | Osasuna 4+ SOT:lost | 3+ cards:won,1,4,partial,7.0,13.0,6.0,H,,,,,
2026-02-14,14:30,2526,D1,Bundesliga,Ein Frankfurt,M'gladbach,H,No external context supplied,,W D W D W,L D L D L,0.0,0.0,0.5,0.5,1.0,1.0,0.0,0.0,0.0,0.0,0.3557,0.3259,0.3185,1.92,3.58,3.71,2.81,3.07,3.14,3.27,3.63,3.72,0.55,1.72,1.82,2.22,1.45,1.65,3.1,0.6184,0.8153,0.3752,5.5,4.3,9.8,8.1,4.6,over_15_goals|btts_yes|home_4_sot|total_3_cards,Over 1.5 goals + BTTS yes + Ein Frankfurt 4+ SOT + 3+ cards,strong,Over 1.5 goals:won | BTTS yes:lost | Ein Frankfurt 4+ SOT:won | 3+ cards:won,3,4,partial,12.0,10.0,5.0,H,,,,,
2026-02-14,14:30,2526,D1,Bundesliga,Hamburg,Union Berlin,H,No external context supplied,,D,D,0.0,0.0,0.5,0.5,1.0,1.0,0.0,0.0,0.0,0.0,0.4371,0.395,0.1679,2.49,3.16,2.86,2.29,2.53,5.96,2.58,2.9,8.48,0.4546,2.07,2.2,2.82,1.45,1.25,2.7,0.5461,0.7513,0.2859,4.7,3.6,8.3,9.5,5.2,over_15_goals|btts_yes|home_4_sot|total_8_corners|total_3_cards,Over 1.5 goals + BTTS yes + Hamburg 4+ SOT + 8+ corners,strong,Over 1.5 goals:won | BTTS yes:won | Hamburg 4+ SOT:won | 8+ corners:won | 3+ cards:won,5,5,won,9.0,9.0,3.0,H,,,,,
2026-02-14,14:30,2526,D1,Bundesliga,Hoffenheim,Freiburg,H,No external context supplied,,L L D L D,W W D W D,0.0,0.0,0.5,0.5,1.0,1.0,0.0,0.0,0.0,0.0,0.4789,0.2477,0.2735,1.72,3.85,4.4,2.09,4.04,3.66,2.33,5.06,4.47,0.5353,1.66,1.87,2.3,1.75,1.4,3.15,0.6225,0.8222,0.3863,5.2,4.0,9.2,11.1,5.2,over_15_goals|btts_yes|home_4_sot|total_8_corners|total_3_cards,Over 1.5 goals + BTTS yes + Hoffenheim 4+ SOT + 8+ corners,strong,Over 1.5 goals:won | BTTS yes:lost | Hoffenheim 4+ SOT:won | 8+ corners:won | 3+ cards:won,4,5,partial,10.0,12.0,4.0,H,,,,,
2026-02-14,14:30,2526,D1,Bundesliga,Leverkusen,St Pauli,H,No external context supplied,,W D W,L D L,0.0,0.0,0.5,0.5,1.0,1.0,0.0,0.0,0.0,0.0,0.602,0.2795,0.1185,1.45,4.21,6.77,1.66,3.58,8.44,1.81,4.36,14.6,0.55,1.82,1.82,2.22,1.45,1.2,2.65,0.5349,0.7421,0.2749,3.8,5.0,8.8,8.7,2.8,over_15_goals|away_4_sot,Over 1.5 goals + St Pauli 4+ SOT,lean,Over 1.5 goals:won | St Pauli 4+ SOT:lost,1,2,partial,8.0,11.0,1.0,H,,,,,
2026-02-14,17:30,2526,D1,Bundesliga,Stuttgart,FC Koln,H,No external context supplied,,D W W D W,D L L D L,0.0,0.0,0.5,0.5,1.0,1.0,0.0,0.0,0.0,0.0,0.6438,0.2272,0.1291,1.43,4.77,6.21,1.55,4.4,7.75,1.68,5.64,12.65,0.5802,1.43,1.72,2.08,1.65,1.15,2.8,0.5521,0.7689,0.3081,6.0,3.9,9.9,9.4,3.4,over_15_goals|btts_yes|home_4_sot,Over 1.5 goals + BTTS yes + Stuttgart 4+ SOT,strong,Over 1.5 goals:won | BTTS yes:won | Stuttgart 4+ SOT:won,3,3,won,7.0,7.0,5.0,H,,,,,
2026-02-14,14:30,2526,D1,Bundesliga,Werder Bremen,Bayern Munich,A,No external context supplied,,L W L L L,W L W W W,0.0,1.0,0.5,0.5,1.0,1.0,0.0,0.0,0.0,0.0,0.2018,0.2488,0.5494,8.06,5.79,1.29,4.96,4.02,1.82,6.59,5.03,2.0,0.5808,1.31,1.72,2.08,0.9,2.85,3.75,0.5591,0.8883,0.5162,4.2,6.2,10.4,10.9,2.8,over_15_goals|btts_yes|home_4_sot|total_8_corners,Over 1.5 goals + BTTS yes + Werder Bremen 4+ SOT + 8+ corners,strong,Over 1.5 goals:won | BTTS yes:lost | Werder Bremen 4+ SOT:lost | 8+ corners:lost,1,4,partial,11.0,6.0,4.0,A,,,,,
2026-02-14,18:00,2526,F1,Ligue 1,Lille,Brest,D,No external context supplied,,W D W L D,L D L W D,0.0,0.0,0.5,0.5,1.0,1.0,0.0,0.0,0.0,0.0,0.6111,0.2118,0.1771,1.73,3.77,4.48,1.64,4.72,5.65,1.78,6.18,7.87,0.5764,1.84,1.74,2.1,1.3,1.55,2.85,0.5731,0.7773,0.3192,3.9,3.9,7.8,9.0,4.6,over_15_goals|btts_yes|total_3_cards,Over 1.5 goals + BTTS yes + 3+ cards,strong,Over 1.5 goals:won | BTTS yes:won | 3+ cards:lost,2,3,partial,9.0,14.0,1.0,H,,,,,
2026-02-14,16:00,2526,F1,Ligue 1,Marseille,Strasbourg,D,No external context supplied,,D D L D W,D D W D L,0.0,0.0,0.5,0.5,1.0,1.0,0.0,0.0,0.0,0.0,0.5296,0.2576,0.2128,1.66,4.06,4.54,1.89,3.88,4.7,2.09,4.82,6.14,0.5916,1.59,1.69,2.03,1.6,1.4,3.0,0.6013,0.8009,0.3528,5.2,4.9,10.1,8.5,4.6,over_15_goals|btts_yes|home_4_sot|total_3_cards,Over 1.5 goals + BTTS yes + Marseille 4+ SOT + 3+ cards,strong,Over 1.5 goals:won | BTTS yes:won | Marseille 4+ SOT:won | 3+ cards:won,4,4,won,10.0,10.0,6.0,H,,,,,
2026-02-14,20:05,2526,F1,Ligue 1,Paris FC,Lens,A,No external context supplied,,L,W,0.0,0.0,0.5,0.5,1.0,1.0,0.0,0.0,0.0,0.0,0.2542,0.2632,0.4826,3.97,3.57,1.87,3.93,3.8,2.07,4.9,4.69,2.31,0.5353,1.8,1.87,2.3,0.75,1.7,2.45,0.4312,0.7023,0.2318,2.5,3.6,6.1,6.8,4.8,total_3_cards,3+ cards,lean,3+ cards:won,1,1,won,12.0,8.0,3.0,A,,,,,
2026-02-14,14:00,2526,I1,Serie A,Como,Fiorentina,A,No external context supplied,,L W W,W L L,0.0,0.0,0.5,0.5,1.0,1.0,0.0,0.0,0.0,0.0,0.5634,0.2355,0.2011,1.72,3.77,4.55,1.77,4.25,4.97,1.95,5.39,6.62,0.5717,1.79,1.75,2.12,1.6,1.25,2.85,0.5694,0.7773,0.3192,5.5,3.7,9.2,8.7,3.6,over_15_goals|btts_yes|home_4_sot,Over 1.5 goals + BTTS yes + Como 4+ SOT,strong,Over 1.5 goals:won | BTTS yes:won | Como 4+ SOT:lost,2,3,partial,6.0,6.0,8.0,H,,,,,
2026-02-14,19:45,2526,I1,Serie A,Inter,Juventus,H,No external context supplied,,D W D L L,D L D W W,1.0,0.0,0.5,0.5,1.0,1.0,0.0,0.0,0.0,0.0,0.3902,0.3142,0.2956,1.94,3.41,3.92,2.56,3.18,3.38,2.94,3.79,4.07,0.4739,1.93,2.11,2.67,1.55,1.45,3.0,0.603,0.8009,0.3528,5.1,4.8,9.9,10.0,2.2,over_15_goals|btts_yes|home_4_sot|total_8_corners,Over 1.5 goals + BTTS yes + Inter 4+ SOT + 8+ corners,strong,Over 1.5 goals:won | BTTS yes:won | Inter 4+ SOT:won | 8+ corners:lost,3,4,partial,17.0,5.0,8.0,H,,,,,
2026-02-14,17:00,2526,I1,Serie A,Lazio,Atalanta,A,No external context supplied,,W L D W D,L W D L D,0.0,0.0,0.5,0.5,1.0,1.0,0.0,0.0,0.0,0.0,0.3006,0.2838,0.4156,3.46,3.26,2.13,3.33,3.52,2.41,3.99,4.28,2.74,0.5014,2.05,1.99,2.49,0.7,1.35,2.05,0.3729,0.6074,0.152,3.5,5.1,8.6,8.8,4.2,away_4_sot|total_3_cards,Atalanta 4+ SOT + 3+ cards,lean,Atalanta 4+ SOT:won | 3+ cards:won,2,2,won,10.0,9.0,5.0,A,,,,,
2026-02-14,13:00,2526,SP1,La Liga,Espanol,Celta,D,No external context supplied,,D L W W W,D W L L L,0.0,0.0,0.5,0.5,1.0,1.0,0.0,0.0,0.0,0.0,0.3853,0.2383,0.3764,2.41,3.16,2.97,2.6,4.2,2.66,2.98,5.31,3.06,0.4954,2.16,2.02,2.53,0.85,1.45,2.3,0.4383,0.6691,0.2007,2.9,4.4,7.3,9.2,5.2,away_4_sot|total_3_cards,Celta 4+ SOT + 3+ cards,lean,Celta 4+ SOT:won | 3+ cards:lost,1,2,partial,8.0,4.0,1.0,H,,,,,
2026-02-14,15:15,2526,SP1,La Liga,Getafe,Villarreal,H,No external context supplied,,D D D L L,D D D W W,0.0,0.0,0.5,0.5,1.0,1.0,0.0,0.0,0.0,0.0,0.3969,0.2929,0.3102,3.23,3.07,2.31,2.52,3.41,3.22,2.88,4.12,3.84,0.4173,2.39,2.4,3.15,1.0,1.55,2.55,0.498,0.7228,0.2532,3.7,3.1,6.8,8.7,5.0,over_15_goals|total_3_cards,Over 1.5 goals + 3+ cards,lean,Over 1.5 goals:won | 3+ cards:won,2,2,won,4.0,7.0,5.0,H,,,,,
2026-02-14,20:00,2526,SP1,La Liga,Real Madrid,Sociedad,H,No external context supplied,,W W W W W,L L L L L,1.0,0.0,0.5,0.5,1.0,1.0,0.0,0.0,0.0,0.0,0.593,0.2646,0.1424,1.34,5.27,7.59,1.69,3.78,7.02,1.84,4.66,10.82,0.6029,1.42,1.66,1.99,1.7,1.1,2.8,0.5453,0.7689,0.3081,6.1,3.4,9.5,10.5,4.0,over_15_goals|btts_yes|home_4_sot|total_8_corners,Over 1.5 goals + BTTS yes + Real Madrid 4+ SOT + 8+ corners,strong,Over 1.5 goals:won | BTTS yes:won | Real Madrid 4+ SOT:won | 8+ corners:won,4,4,won,8.0,10.0,2.0,H,,,,,
2026-02-14,17:30,2526,SP1,La Liga,Sevilla,Alaves,D,No external context supplied,,L L L D W,W W W D L,0.0,0.0,0.5,0.5,1.0,1.0,0.0,0.0,0.0,0.0,0.4345,0.3818,0.1837,2.09,3.12,3.71,2.3,2.62,5.44,2.6,3.01,7.48,0.4576,2.34,2.19,2.8,1.4,1.3,2.7,0.5481,0.7513,0.2859,4.7,5.4,10.1,10.1,3.4,over_15_goals|btts_yes|home_4_sot|total_8_corners,Over 1.5 goals + BTTS yes + Sevilla 4+ SOT + 8+ corners,strong,Over 1.5 goals:won | BTTS yes:won | Sevilla 4+ SOT:lost | 8+ corners:lost,2,4,partial,3.0,3.0,9.0,H,,,,,
2026-02-15,14:30,2526,D1,Bundesliga,Augsburg,Heidenheim,H,No external context supplied,,W W L W L,L L W L W,0.0,0.0,0.5,0.5,1.0,1.0,0.0,0.0,0.0,0.0,0.5424,0.2776,0.18,1.81,3.67,4.06,1.84,3.6,5.55,2.03,4.39,7.69,0.5082,1.71,1.97,2.45,1.5,1.3,2.8,0.5651,0.7689,0.3081,5.6,4.1,9.7,11.0,3.6,over_15_goals|btts_yes|home_4_sot|total_8_corners,Over 1.5 goals + BTTS yes + Augsburg 4+ SOT + 8+ corners,strong,Over 1.5 goals:lost | BTTS yes:lost | Augsburg 4+ SOT:won | 8+ corners:won,2,4,partial,6.0,9.0,3.0,H,,,,,
2026-02-15,16:30,2526,D1,Bundesliga,RB Leipzig,Wolfsburg,D,No external context supplied,,L W L W W,W L W L L,0.0,0.0,0.5,0.5,1.0,1.0,0.0,0.0,0.0,0.0,0.6931,0.1866,0.1203,1.44,4.81,6.03,1.44,5.36,8.31,1.55,7.32,14.22,0.6665,1.38,1.5,1.77,2.05,1.55,3.6,0.6863,0.8743,0.4848,4.8,3.9,8.7,10.2,3.6,over_15_goals|btts_yes|home_4_sot|total_8_corners,Over 1.5 goals + BTTS yes + RB Leipzig 4+ SOT + 8+ corners,strong,Over 1.5 goals:won | BTTS yes:won | RB Leipzig 4+ SOT:won | 8+ corners:won,4,4,won,13.0,8.0,3.0,H,,,,,
2026-02-15,14:00,2526,F1,Ligue 1,Le Havre,Toulouse,H,No external context supplied,,W W L L D,L L W W D,0.0,0.0,0.5,0.5,1.0,1.0,0.0,0.0,0.0,0.0,0.2674,0.2964,0.4361,3.28,3.15,2.25,3.74,3.37,2.29,4.6,4.06,2.59,0.4982,2.19,2.01,2.51,0.75,1.2,1.95,0.3687,0.5803,0.134,4.4,4.4,8.8,10.3,4.0,home_4_sot|total_8_corners,Le Havre 4+ SOT + 8+ corners,lean,Le Havre 4+ SOT:lost | 8+ corners:won,1,2,partial,11.0,11.0,7.0,A,,,,,
2026-02-15,16:15,2526,F1,Ligue 1,Lorient,Angers,H,No external context supplied,,L D W D L,W D L D W,0.0,0.0,0.5,0.5,1.0,1.0,0.0,0.0,0.0,0.0,0.4415,0.288,0.2705,1.93,3.11,4.41,2.27,3.47,3.7,2.55,4.2,4.54,0.4898,2.25,2.04,2.57,1.2,1.1,2.3,0.4662,0.6691,0.2007,4.2,3.9,8.1,8.4,2.6,,No builder lean,none,,,0,,5.0,5.0,0.0,H,,,,,
2026-02-15,19:45,2526,F1,Ligue 1,Lyon,Nice,H,No external context supplied,,D W W W L,D L L L W,0.0,0.0,0.5,0.5,1.0,1.0,0.0,0.0,0.0,0.0,0.5495,0.232,0.2185,1.59,4.05,5.26,1.82,4.31,4.58,2.0,5.49,5.93,0.5666,1.68,1.77,2.14,2.0,0.95,2.95,0.5303,0.7933,0.3416,5.4,4.2,9.6,9.8,4.6,over_15_goals|home_4_sot|total_8_corners|total_3_cards,Over 1.5 goals + Lyon 4+ SOT + 8+ corners + 3+ cards,strong,Over 1.5 goals:won | Lyon 4+ SOT:lost | 8+ corners:won | 3+ cards:won,3,4,partial,5.0,13.0,4.0,H,,,,,
2026-02-15,16:15,2526,F1,Ligue 1,Metz,Auxerre,A,No external context supplied,,L,W,0.0,0.0,0.5,0.5,1.0,1.0,0.0,0.0,0.0,0.0,0.3109,0.3,0.3891,2.78,2.96,2.71,3.22,3.33,2.57,3.83,4.0,2.95,0.4858,2.17,2.06,2.59,1.15,1.35,2.5,0.5062,0.7127,0.2424,3.9,3.4,7.3,8.5,4.2,total_3_cards,3+ cards,lean,3+ cards:won,1,1,won,7.0,7.0,5.0,A,,,,,
2026-02-15,14:00,2526,I1,Serie A,Cremonese,Genoa,D,No external context supplied,,W,L,0.0,0.0,0.5,0.5,1.0,1.0,0.0,0.0,0.0,0.0,0.2108,0.3298,0.4593,3.11,2.96,2.46,4.74,3.03,2.18,6.22,3.57,2.44,0.4383,2.52,2.28,2.96,0.95,1.5,2.45,0.4764,0.7023,0.2318,2.9,5.8,8.7,8.5,4.0,away_4_sot,Genoa 4+ SOT,lean,Genoa 4+ SOT:won,1,1,won,14.0,17.0,2.0,A,,,,,
2026-02-15,19:45,2526,I1,Serie A,Napoli,Roma,D,No external context supplied,,L D W D W,W D L D L,0.0,0.0,0.5,0.5,1.0,1.0,0.0,0.0,0.0,0.0,0.5028,0.2589,0.2384,2.27,3.0,3.43,1.99,3.86,4.19,2.21,4.79,5.31,0.3137,2.45,3.19,4.68,1.0,1.25,2.25,0.451,0.6575,0.1906,3.4,4.5,7.9,7.3,3.8,away_4_sot,Roma 4+ SOT,lean,Roma 4+ SOT:lost,0,1,lost,9.0,3.0,2.0,H,,,,,
2026-02-15,14:00,2526,I1,Serie A,Parma,Verona,H,No external context supplied,,W L L D W,L W W D L,0.0,0.0,0.5,0.5,1.0,1.0,0.0,0.0,0.0,0.0,0.4427,0.2865,0.2708,2.33,2.94,3.38,2.26,3.49,3.69,2.55,4.23,4.53,0.4383,2.47,2.28,2.96,1.3,1.0,2.3,0.4598,0.6691,0.2007,3.3,4.2,7.5,10.0,4.0,away_4_sot|total_8_corners,Verona 4+ SOT + 8+ corners,lean,Verona 4+ SOT:lost | 8+ corners:won,1,2,partial,9.0,13.0,5.0,H,,,,,
2026-02-15,17:00,2526,I1,Serie A,Torino,Bologna,A,No external context supplied,,L D L L D,W D W W D,0.0,0.0,0.5,0.5,1.0,1.0,0.0,0.0,0.0,0.0,0.2517,0.2595,0.4888,3.18,3.23,2.27,3.97,3.85,2.05,4.96,4.77,2.28,0.4546,2.02,2.2,2.82,1.45,1.25,2.7,0.5461,0.7513,0.2859,3.6,3.9,7.5,7.7,5.4,over_15_goals|btts_yes|total_3_cards,Over 1.5 goals + BTTS yes + 3+ cards,strong,Over 1.5 goals:won | BTTS yes:won | 3+ cards:won,3,3,won,8.0,6.0,4.0,A,,,,,
2026-02-15,11:30,2526,I1,Serie A,Udinese,Sassuolo,A,No external context supplied,,W D D D L,L D D D W,0.0,0.0,0.5,0.5,1.0,1.0,0.0,0.0,0.0,0.0,0.3541,0.2764,0.3696,2.37,2.98,3.26,2.82,3.62,2.71,3.29,4.42,3.13,0.4681,2.22,2.14,2.72,1.45,1.1,2.55,0.5106,0.7228,0.2532,4.6,4.5,9.1,8.9,4.2,over_15_goals|home_4_sot|total_3_cards,Over 1.5 goals + Udinese 4+ SOT + 3+ cards,strong,Over 1.5 goals:won | Udinese 4+ SOT:lost | 3+ cards:won,2,3,partial,5.0,13.0,6.0,A,,,,,
2026-02-15,17:30,2526,SP1,La Liga,Levante,Valencia,A,No external context supplied,,L W L D L,W L W D W,0.0,0.0,0.5,0.5,1.0,1.0,0.0,0.0,0.0,0.0,0.3147,0.3302,0.3551,2.69,3.25,2.56,3.18,3.03,2.82,3.78,3.57,3.28,0.4858,1.95,2.06,2.59,1.3,1.3,2.6,0.5292,0.7326,0.264,3.1,4.2,7.3,9.9,4.2,over_15_goals|total_8_corners|total_3_cards,Over 1.5 goals + 8+ corners + 3+ cards,strong,Over 1.5 goals:won | 8+ corners:lost | 3+ cards:won,2,3,partial,3.0,5.0,7.0,A,,,,,
2026-02-15,20:00,2526,SP1,La Liga,Mallorca,Betis,A,No external context supplied,,L L W L L,W W L W W,0.0,0.0,0.5,0.5,1.0,1.0,0.0,0.0,0.0,0.0,0.2794,0.298,0.4227,2.93,3.21,2.41,3.58,3.36,2.37,4.36,4.03,2.68,0.4835,1.99,2.07,2.61,1.45,1.7,3.15,0.6256,0.8222,0.3863,4.7,5.8,10.5,10.1,2.8,over_15_goals|btts_yes|home_4_sot|total_8_corners,Over 1.5 goals + BTTS yes + Mallorca 4+ SOT + 8+ corners,strong,Over 1.5 goals:won | BTTS yes:won | Mallorca 4+ SOT:lost | 8+ corners:won,3,4,partial,11.0,10.0,7.0,A,,,,,
2026-02-15,13:00,2526,SP1,La Liga,Oviedo,Ath Bilbao,A,No external context supplied,,L,W,1.0,0.0,0.5,0.5,1.0,1.0,0.0,0.0,0.0,0.0,0.3245,0.1999,0.4756,3.55,3.1,2.16,3.08,5.0,2.1,3.64,6.67,2.35,0.4801,2.32,2.08,2.63,1.05,1.35,2.4,0.4815,0.6916,0.2213,5.0,5.7,10.7,9.4,6.8,home_4_sot|total_3_cards,Oviedo 4+ SOT + 3+ cards,lean,Oviedo 4+ SOT:lost | 3+ cards:won,1,2,partial,5.0,5.0,5.0,A,,,,,
2026-02-15,15:15,2526,SP1,La Liga,Vallecano,Ath Madrid,H,No external context supplied,,L L D L L,W W D W W,0.0,0.0,0.5,0.5,1.0,1.0,0.0,0.0,0.0,0.0,0.2024,0.2474,0.5502,4.1,3.45,1.86,4.94,4.04,1.82,6.56,5.07,2.0,0.5114,2.04,1.96,2.43,0.65,1.45,2.1,0.3658,0.6204,0.1614,3.5,4.9,8.4,10.6,6.8,away_4_sot|total_8_corners|total_3_cards,Ath Madrid 4+ SOT + 8+ corners + 3+ cards,strong,Ath Madrid 4+ SOT:lost | 8+ corners:won | 3+ cards:won,2,3,partial,12.0,12.0,4.0,A,,,,,
2026-02-16,19:45,2526,I1,Serie A,Cagliari,Lecce,A,No external context supplied,,D D L W W,D D W L L,0.0,0.0,0.5,0.5,1.0,1.0,0.0,0.0,0.0,0.0,0.4903,0.254,0.2557,2.15,3.0,3.73,2.04,3.94,3.91,2.27,4.9,4.86,0.4642,2.57,2.15,2.75,1.3,0.95,2.25,0.4461,0.6575,0.1906,3.8,3.3,7.1,10.1,3.8,total_8_corners,8+ corners,lean,8+ corners:won,1,1,won,4.0,10.0,0.0,H,,,,,
2026-02-16,20:00,2526,SP1,La Liga,Girona,Barcelona,H,No external context supplied,,W W L L L,L L W W W,0.0,1.0,0.5,0.5,1.0,1.0,0.0,0.0,0.0,0.0,0.2045,0.2653,0.5302,6.57,5.37,1.37,4.89,3.77,1.89,6.47,4.64,2.08,0.5645,1.3,1.77,2.15,0.9,1.95,2.85,0.509,0.7773,0.3192,4.2,4.9,9.1,10.1,4.6,over_15_goals|away_4_sot|total_8_corners|total_3_cards,Over 1.5 goals + Barcelona 4+ SOT + 8+ corners + 3+ cards,strong,Over 1.5 goals:won | Barcelona 4+ SOT:won | 8+ corners:won | 3+ cards:won,4,4,won,13.0,10.0,5.0,A,,,,,
2026-02-18,20:00,2526,E0,Premier League,Wolves,Arsenal,D,No external context supplied,"Weather: rain 3.2mm, gusts 67.3km/h, snow 1.0cm",L L L L L,W W W W W,0.0,0.0,0.5,0.5,1.0,1.0,0.0,0.0,0.0,0.0,0.1349,0.1804,0.6847,10.94,5.48,1.28,7.41,5.54,1.46,11.78,7.67,1.58,0.4958,1.69,2.02,2.53,0.75,1.65,2.4,0.4263,0.6916,0.2213,2.6,4.8,7.4,10.6,3.6,away_4_sot|total_8_corners,Arsenal 4+ SOT + 8+ corners,lean,Arsenal 4+ SOT:won | 8+ corners:lost,1,2,partial,6.0,4.0,3.0,A,,,,,
2026-02-18,19:45,2526,I1,Serie A,Milan,Como,D,No external context supplied,,W W W,L L L,0.0,0.0,0.5,0.5,1.0,1.0,0.0,0.0,0.0,0.0,0.3856,0.2517,0.3627,2.25,3.3,3.16,2.59,3.97,2.76,2.98,4.96,3.2,0.4688,1.92,2.13,2.71,1.25,1.3,2.55,0.519,0.7228,0.2532,3.1,5.2,8.3,7.5,4.8,over_15_goals|away_4_sot|total_3_cards,Over 1.5 goals + Como 4+ SOT + 3+ cards,strong,Over 1.5 goals:won | Como 4+ SOT:won | 3+ cards:won,3,3,won,8.0,8.0,5.0,H,,,,,
2026-02-18,19:00,2526,SP1,La Liga,Levante,Villarreal,A,No external context supplied,,L L L L W,W W W W L,0.0,0.0,0.5,0.5,1.0,1.0,0.0,0.0,0.0,0.0,0.3121,0.2561,0.4318,3.97,3.84,1.81,3.2,3.9,2.32,3.82,4.85,2.62,0.5542,1.65,1.8,2.2,1.25,1.7,2.95,0.5832,0.7933,0.3416,3.1,4.0,7.1,8.6,5.6,over_15_goals|btts_yes|total_3_cards,Over 1.5 goals + BTTS yes + 3+ cards,strong,Over 1.5 goals:lost | BTTS yes:lost | 3+ cards:won,1,3,partial,10.0,5.0,7.0,A,,,,,
2026-02-20,19:30,2526,D1,Bundesliga,Mainz,Hamburg,D,No external context supplied,,W D L,L D W,0.0,0.0,0.5,0.5,1.0,1.0,0.0,0.0,0.0,0.0,0.4352,0.2759,0.2889,2.05,3.45,3.5,2.3,3.62,3.46,2.6,4.43,4.19,0.4954,1.76,2.02,2.53,1.4,1.45,2.85,0.5767,0.7773,0.3192,5.0,5.3,10.3,11.3,5.6,over_15_goals|btts_yes|home_4_sot|total_8_corners|total_3_cards,Over 1.5 goals + BTTS yes + Mainz 4+ SOT + 8+ corners,strong,Over 1.5 goals:won | BTTS yes:won | Mainz 4+ SOT:lost | 8+ corners:won | 3+ cards:won,4,5,partial,8.0,9.0,5.0,H,,,,,
2026-02-20,19:45,2526,F1,Ligue 1,Brest,Marseille,H,No external context supplied,,L W L L L,W L W W W,0.0,0.0,0.5,0.5,1.0,1.0,0.0,0.0,0.0,0.0,0.306,0.2334,0.4606,3.71,3.66,1.91,3.27,4.28,2.17,3.91,5.45,2.44,0.6076,1.68,1.65,1.97,1.65,1.65,3.3,0.6528,0.8414,0.4197,3.8,5.4,9.2,8.6,4.2,over_15_goals|btts_yes|away_4_sot|total_3_cards,Over 1.5 goals + BTTS yes + Marseille 4+ SOT + 3+ cards,strong,Over 1.5 goals:won | BTTS yes:lost | Marseille 4+ SOT:won | 3+ cards:won,3,4,partial,8.0,5.0,5.0,A,,,,,
2026-02-20,19:45,2526,I1,Serie A,Sassuolo,Verona,H,No external context supplied,,W L W L W,L W L W L,0.0,0.0,0.5,0.5,1.0,1.0,0.0,0.0,0.0,0.0,0.5861,0.2511,0.1628,1.74,3.39,5.12,1.71,3.98,6.14,1.87,4.97,8.87,0.5548,2.22,1.8,2.2,1.45,1.1,2.55,0.5106,0.7228,0.2532,4.7,3.9,8.6,10.2,4.8,over_15_goals|home_4_sot|total_8_corners|total_3_cards,Over 1.5 goals + Sassuolo 4+ SOT + 8+ corners + 3+ cards,strong,Over 1.5 goals:won | Sassuolo 4+ SOT:won | 8+ corners:won | 3+ cards:won,4,4,won,5.0,11.0,7.0,H,,,,,
2026-02-20,20:00,2526,SP1,La Liga,Ath Bilbao,Elche,H,No external context supplied,,D W W L D,D L L W D,0.0,0.0,0.5,0.5,1.0,1.0,0.0,0.0,0.0,0.0,0.5625,0.2655,0.172,1.66,3.83,5.03,1.78,3.77,5.81,1.95,4.64,8.2,0.5158,1.83,1.94,2.41,1.55,1.65,3.2,0.6365,0.8288,0.3975,5.6,4.7,10.3,9.6,6.6,over_15_goals|btts_yes|home_4_sot|total_8_corners|total_3_cards,Over 1.5 goals + BTTS yes + Ath Bilbao 4+ SOT + 8+ corners,strong,Over 1.5 goals:won | BTTS yes:won | Ath Bilbao 4+ SOT:won | 8+ corners:lost | 3+ cards:won,4,5,partial,10.0,5.0,6.0,H,,,,,
2026-02-21,14:30,2526,D1,Bundesliga,Bayern Munich,Ein Frankfurt,H,No external context supplied,,L W D W W,W L D L L,1.0,0.0,0.5,0.5,1.0,1.0,0.0,0.0,0.0,0.0,0.6413,0.141,0.2177,1.14,8.63,14.22,1.56,7.09,4.59,1.69,10.99,5.96,0.5871,1.19,1.7,2.05,3.05,1.3,4.35,0.693,0.9309,0.6318,6.6,4.2,10.8,10.0,5.0,over_15_goals|btts_yes|home_4_sot|total_8_corners|total_3_cards,Over 1.5 goals + BTTS yes + Bayern Munich 4+ SOT + 8+ corners,strong,Over 1.5 goals:won | BTTS yes:won | Bayern Munich 4+ SOT:won | 8+ corners:won | 3+ cards:won,5,5,won,14.0,10.0,3.0,H,,,,,
2026-02-21,14:30,2526,D1,Bundesliga,FC Koln,Hoffenheim,D,No external context supplied,,D W L D W,D L W D L,0.0,0.0,0.5,0.5,1.0,1.0,0.0,0.0,0.0,0.0,0.303,0.3276,0.3694,3.22,3.7,2.05,3.3,3.05,2.71,3.95,3.6,3.13,0.5082,1.56,1.97,2.45,1.05,1.95,3.0,0.5576,0.8009,0.3528,4.5,4.6,9.1,10.6,5.2,over_15_goals|btts_yes|home_4_sot|total_8_corners|total_3_cards,Over 1.5 goals + BTTS yes + FC Koln 4+ SOT + 8+ corners,strong,Over 1.5 goals:won | BTTS yes:won | FC Koln 4+ SOT:won | 8+ corners:won | 3+ cards:won,5,5,won,10.0,13.0,4.0,A,,,,,
2026-02-21,17:30,2526,D1,Bundesliga,RB Leipzig,Dortmund,D,No external context supplied,,W W L W D,L L W L D,0.0,0.0,0.5,0.5,1.0,1.0,0.0,0.0,0.0,0.0,0.5459,0.25,0.204,2.14,3.88,2.92,1.83,4.0,4.9,2.02,5.0,6.49,0.6792,1.43,1.47,1.73,1.45,2.15,3.6,0.6763,0.8743,0.4848,4.9,4.2,9.1,9.0,3.2,over_15_goals|btts_yes|home_4_sot,Over 1.5 goals + BTTS yes + RB Leipzig 4+ SOT,strong,Over 1.5 goals:won | BTTS yes:won | RB Leipzig 4+ SOT:lost,2,3,partial,8.0,8.0,7.0,H,,,,,
2026-02-21,14:30,2526,D1,Bundesliga,Union Berlin,Leverkusen,H,No external context supplied,,L L L D L,W W W D W,0.0,0.0,0.5,0.5,1.0,1.0,0.0,0.0,0.0,0.0,0.3451,0.3091,0.3459,2.89,3.35,2.36,2.9,3.24,2.89,3.39,3.86,3.38,0.53,1.88,1.89,2.33,1.25,1.7,2.95,0.5832,0.7933,0.3416,3.9,3.7,7.6,9.3,2.8,over_15_goals|btts_yes,Over 1.5 goals + BTTS yes,lean,Over 1.5 goals:lost | BTTS yes:lost,0,2,lost,5.0,9.0,7.0,A,,,,,
2026-02-21,14:30,2526,D1,Bundesliga,Wolfsburg,Augsburg,A,No external context supplied,,L L D L L,W W D W W,0.0,0.0,0.5,0.5,1.0,1.0,0.0,0.0,0.0,0.0,0.3834,0.3521,0.2644,2.04,3.41,3.52,2.61,2.84,3.78,3.0,3.31,4.66,0.5358,1.68,1.87,2.29,1.45,1.7,3.15,0.6256,0.8222,0.3863,3.8,5.6,9.4,11.4,4.6,over_15_goals|btts_yes|away_4_sot|total_8_corners|total_3_cards,Over 1.5 goals + BTTS yes + Augsburg 4+ SOT + 8+ corners,strong,Over 1.5 goals:won | BTTS yes:won | Augsburg 4+ SOT:won | 8+ corners:won | 3+ cards:won,5,5,won,10.0,14.0,7.0,H,,,,,
2026-02-21,15:00,2526,E0,Premier League,Aston Villa,Leeds,D,No external context supplied,"Weather: rain 1.0mm, gusts 52.2km/h, snow 0.0cm",D W D W W,D L D L L,0.0,0.0,0.5,0.5,1.0,1.0,0.0,0.0,0.0,0.0,0.4768,0.2545,0.2687,1.84,3.62,4.24,2.1,3.93,3.72,2.34,4.89,4.57,0.6173,1.81,1.62,1.93,1.35,1.3,2.65,0.5389,0.7421,0.2749,4.5,3.8,8.3,11.5,3.2,over_15_goals|home_4_sot|total_8_corners,Over 1.5 goals + Aston Villa 4+ SOT + 8+ corners,strong,Over 1.5 goals:won | Aston Villa 4+ SOT:won | 8+ corners:won,3,3,won,8.0,9.0,5.0,H,,,,,
2026-02-21,15:00,2526,E0,Premier League,Brentford,Brighton,A,No external context supplied,"Weather: rain 2.5mm, gusts 51.1km/h, snow 0.0cm",L D D W L,W D D L W,0.0,0.0,0.5,0.5,1.0,1.0,0.0,0.0,0.0,0.0,0.2822,0.3055,0.4122,2.01,3.7,3.45,3.54,3.27,2.43,4.31,3.91,2.76,0.5863,1.74,1.71,2.06,1.45,0.95,2.4,0.4694,0.6916,0.2213,3.1,3.2,6.3,11.3,3.8,total_8_corners,8+ corners,lean,8+ corners:won,1,1,won,10.0,10.0,3.0,A,A,0.0995,Premier League A all 8%+,62,0.6148
2026-02-21,15:00,2526,E0,Premier League,Chelsea,Burnley,D,No external context supplied,"Weather: rain 3.9mm, gusts 52.6km/h, snow 0.0cm",D W W D W,D L L D L,0.0,0.0,0.5,0.5,1.0,1.0,0.0,0.0,0.0,0.0,0.6812,0.2054,0.1134,1.2,6.7,12.88,1.47,4.87,8.82,1.58,6.44,15.77,0.5808,1.42,1.72,2.08,1.9,1.25,3.15,0.6068,0.8222,0.3863,5.8,3.6,9.4,7.9,4.8,over_15_goals|btts_yes|home_4_sot|total_3_cards,Over 1.5 goals + BTTS yes + Chelsea 4+ SOT + 3+ cards,strong,Over 1.5 goals:won | BTTS yes:won | Chelsea 4+ SOT:lost | 3+ cards:won,3,4,partial,6.0,14.0,6.0,H,,,,,
2026-02-21,20:00,2526,E0,Premier League,Man City,Newcastle,H,No external context supplied,"Weather: rain 8.7mm, gusts 42.8km/h, snow 0.0cm",W W D W L,L L D L W,1.0,0.0,0.5,0.5,1.0,1.0,0.0,0.0,0.0,0.0,0.6499,0.1653,0.1848,1.46,4.92,5.82,1.54,6.05,5.41,1.67,8.67,7.42,0.6792,1.41,1.47,1.73,1.65,1.2,2.85,0.5646,0.7773,0.3192,4.4,3.8,8.2,10.7,4.8,over_15_goals|btts_yes|home_4_sot|total_8_corners|total_3_cards,Over 1.5 goals + BTTS yes + Man City 4+ SOT + 8+ corners,strong,Over 1.5 goals:won | BTTS yes:won | Man City 4+ SOT:won | 8+ corners:won | 3+ cards:won,5,5,won,14.0,10.0,7.0,H,,,,,
2026-02-21,17:30,2526,E0,Premier League,West Ham,Bournemouth,D,No external context supplied,"Weather: rain 3.6mm, gusts 52.2km/h, snow 0.0cm",D D D D D,D D D D D,0.0,0.0,0.5,0.5,1.0,1.0,0.0,0.0,0.0,0.0,0.2703,0.27,0.4597,2.41,3.65,2.71,3.7,3.7,2.18,4.54,4.55,2.44,0.5492,1.54,1.82,2.23,1.5,1.75,3.25,0.6419,0.8352,0.4086,4.8,4.6,9.4,11.5,4.4,over_15_goals|btts_yes|home_4_sot|total_8_corners|total_3_cards,Over 1.5 goals + BTTS yes + West Ham 4+ SOT + 8+ corners,strong,Over 1.5 goals:lost | BTTS yes:lost | West Ham 4+ SOT:lost | 8+ corners:won | 3+ cards:lost,1,5,partial,8.0,14.0,2.0,A,,,,,
2026-02-21,16:00,2526,F1,Ligue 1,Lens,Monaco,A,No external context supplied,,L L D W W,W W D L L,0.0,0.0,0.5,0.5,1.0,1.0,0.0,0.0,0.0,0.0,0.525,0.2651,0.2099,1.63,4.21,4.63,1.9,3.77,4.76,2.11,4.65,6.25,0.6576,1.46,1.52,1.79,1.7,0.85,2.55,0.468,0.7228,0.2532,3.5,3.7,7.2,8.4,5.4,over_15_goals|total_3_cards,Over 1.5 goals + 3+ cards,lean,Over 1.5 goals:won | 3+ cards:won,2,2,won,12.0,9.0,3.0,H,,,,,
2026-02-21,20:05,2526,F1,Ligue 1,Paris SG,Metz,H,No external context supplied,,W W W W W,L L L L L,1.0,0.0,0.5,0.5,1.0,1.0,0.0,0.0,0.0,0.0,0.7636,0.1978,0.0386,1.13,8.92,15.03,1.31,5.06,25.9,1.4,6.77,0.0,0.6179,1.24,1.62,1.93,2.35,0.9,3.25,0.5368,0.8352,0.4086,6.0,2.9,8.9,8.2,3.2,over_15_goals|home_4_sot,Over 1.5 goals + Paris SG 4+ SOT,lean,Over 1.5 goals:won | Paris SG 4+ SOT:won,2,2,won,7.0,5.0,2.0,H,,,,,
2026-02-21,18:00,2526,F1,Ligue 1,Toulouse,Paris FC,D,No external context supplied,,W,L,0.0,0.0,0.5,0.5,1.0,1.0,0.0,0.0,0.0,0.0,0.4783,0.2931,0.2286,1.9,3.28,4.21,2.09,3.41,4.37,2.33,4.11,5.6,0.2215,2.19,4.51,8.23,1.6,0.9,2.5,0.4736,0.7127,0.2424,4.7,3.7,8.4,7.9,4.4,home_4_sot|total_3_cards,Toulouse 4+ SOT + 3+ cards,lean,Toulouse 4+ SOT:won | 3+ cards:won,2,2,won,12.0,15.0,6.0,H,,,,,
2026-02-21,19:45,2526,I1,Serie A,Cagliari,Lazio,D,No external context supplied,,L L L L L,W W W W W,0.0,0.0,0.5,0.5,1.0,1.0,0.0,0.0,0.0,0.0,0.2837,0.2557,0.4606,3.3,3.05,2.3,3.52,3.91,2.17,4.28,4.86,2.44,0.3565,2.33,2.8,3.9,1.35,1.15,2.5,0.5062,0.7127,0.2424,4.0,3.6,7.6,9.3,3.4,,No builder lean,none,,,0,,5.0,9.0,7.0,A,,,,,
2026-02-21,14:00,2526,I1,Serie A,Juventus,Como,A,No external context supplied,,W W L,L L W,0.0,0.0,0.5,0.5,1.0,1.0,0.0,0.0,0.0,0.0,0.4054,0.2339,0.3607,2.05,3.4,3.56,2.47,4.28,2.77,2.81,5.44,3.22,0.4954,1.98,2.02,2.53,1.55,1.45,3.0,0.603,0.8009,0.3528,4.9,4.6,9.5,7.5,5.0,over_15_goals|btts_yes|home_4_sot|total_3_cards,Over 1.5 goals + BTTS yes + Juventus 4+ SOT + 3+ cards,strong,Over 1.5 goals:won | BTTS yes:lost | Juventus 4+ SOT:lost | 3+ cards:lost,1,4,partial,5.0,9.0,1.0,H,,,,,
2026-02-21,17:00,2526,I1,Serie A,Lecce,Inter,A,No external context supplied,,L L L L L,W W W W W,0.0,1.0,0.5,0.5,1.0,1.0,0.0,0.0,0.0,0.0,0.1498,0.1982,0.6519,8.06,4.22,1.42,6.68,5.04,1.53,10.02,6.75,1.66,0.5727,2.03,1.75,2.12,0.65,1.9,2.55,0.4065,0.7228,0.2532,3.0,5.6,8.6,8.7,2.8,over_15_goals|away_4_sot,Over 1.5 goals + Inter 4+ SOT,lean,Over 1.5 goals:won | Inter 4+ SOT:won,2,2,won,9.0,12.0,3.0,A,,,,,
2026-02-21,20:00,2526,SP1,La Liga,Ath Madrid,Espanol,H,No external context supplied,,D D D D L,D D D D W,0.0,0.0,0.5,0.5,1.0,1.0,0.0,0.0,0.0,0.0,0.6428,0.2223,0.1349,1.47,4.25,6.87,1.56,4.5,7.41,1.69,5.81,11.78,0.5925,1.83,1.69,2.03,1.4,1.05,2.45,0.4898,0.7023,0.2318,5.0,3.2,8.2,9.9,4.8,home_4_sot|total_8_corners|total_3_cards,Ath Madrid 4+ SOT + 8+ corners + 3+ cards,strong,Ath Madrid 4+ SOT:won | 8+ corners:won | 3+ cards:lost,2,3,partial,11.0,8.0,1.0,H,,,,,
2026-02-21,15:15,2526,SP1,La Liga,Betis,Vallecano,D,No external context supplied,,W L D D D,L W D D D,0.0,0.0,0.5,0.5,1.0,1.0,0.0,0.0,0.0,0.0,0.4514,0.3119,0.2368,1.88,3.45,4.19,2.22,3.21,4.22,2.49,3.82,5.35,0.5261,1.88,1.9,2.35,1.65,1.2,2.85,0.5646,0.7773,0.3192,4.7,4.9,9.6,9.8,6.2,over_15_goals|btts_yes|home_4_sot|total_8_corners|total_3_cards,Over 1.5 goals + BTTS yes + Betis 4+ SOT + 8+ corners,strong,Over 1.5 goals:won | BTTS yes:won | Betis 4+ SOT:lost | 8+ corners:won | 3+ cards:won,4,5,partial,6.0,8.0,7.0,H,,,,,
2026-02-21,17:30,2526,SP1,La Liga,Osasuna,Real Madrid,H,No external context supplied,,L L L D L,W W W D W,0.0,1.0,0.5,0.5,1.0,1.0,0.0,0.0,0.0,0.0,0.1745,0.2411,0.5844,4.67,3.98,1.68,5.73,4.15,1.71,8.03,5.23,1.87,0.6294,1.65,1.59,1.89,1.1,1.7,2.8,0.5453,0.7689,0.3081,2.7,5.4,8.1,10.3,4.0,over_15_goals|btts_yes|away_4_sot|total_8_corners,Over 1.5 goals + BTTS yes + Real Madrid 4+ SOT + 8+ corners,strong,Over 1.5 goals:won | BTTS yes:won | Real Madrid 4+ SOT:won | 8+ corners:won,4,4,won,7.0,10.0,6.0,A,,,,,
2026-02-21,13:00,2526,SP1,La Liga,Sociedad,Oviedo,D,No external context supplied,,L,W,0.0,1.0,0.5,0.5,1.0,1.0,0.0,0.0,0.0,0.0,0.5807,0.2658,0.1535,1.46,4.06,7.52,1.72,3.76,6.51,1.88,4.63,9.66,0.5911,1.91,1.69,2.04,1.55,1.0,2.55,0.498,0.7228,0.2532,4.5,4.3,8.8,9.0,5.0,over_15_goals|home_4_sot|total_3_cards,Over 1.5 goals + Sociedad 4+ SOT + 3+ cards,strong,Over 1.5 goals:won | Sociedad 4+ SOT:won | 3+ cards:won,3,3,won,14.0,13.0,3.0,H,,,,,
2026-02-22,14:30,2526,D1,Bundesliga,Freiburg,M'gladbach,H,No external context supplied,,D W W W D,D L L L D,0.0,0.0,0.5,0.5,1.0,1.0,0.0,0.0,0.0,0.0,0.4695,0.255,0.2755,1.96,3.27,3.95,2.13,3.92,3.63,2.38,4.88,4.44,0.5388,1.86,1.86,2.28,1.55,1.25,2.8,0.5621,0.7689,0.3081,5.4,4.2,9.6,9.3,3.0,over_15_goals|btts_yes|home_4_sot,Over 1.5 goals + BTTS yes + Freiburg 4+ SOT,strong,Over 1.5 goals:won | BTTS yes:won | Freiburg 4+ SOT:won,3,3,won,8.0,6.0,3.0,H,,,,,
2026-02-22,18:30,2526,D1,Bundesliga,Heidenheim,Stuttgart,D,No external context supplied,,W D L W L,L D W L W,0.0,0.0,0.5,0.5,1.0,1.0,0.0,0.0,0.0,0.0,0.3025,0.3299,0.3676,4.4,4.06,1.68,3.31,3.03,2.72,3.96,3.57,3.15,0.5097,1.53,1.96,2.44,1.05,2.05,3.1,0.5664,0.8153,0.3752,3.2,5.2,8.4,10.2,3.8,over_15_goals|btts_yes|away_4_sot|total_8_corners,Over 1.5 goals + BTTS yes + Stuttgart 4+ SOT + 8+ corners,strong,Over 1.5 goals:won | BTTS yes:won | Stuttgart 4+ SOT:won | 8+ corners:lost,3,4,partial,14.0,7.0,3.0,A,,,,,
2026-02-22,16:30,2526,D1,Bundesliga,St Pauli,Werder Bremen,H,No external context supplied,,L D L,W D W,0.0,0.0,0.5,0.5,1.0,1.0,0.0,0.0,0.0,0.0,0.4299,0.3066,0.2636,2.7,3.08,2.67,2.33,3.26,3.79,2.63,3.9,4.68,0.5199,2.27,1.92,2.38,1.55,1.05,2.6,0.5121,0.7326,0.264,3.7,4.3,8.0,9.8,2.4,over_15_goals|away_4_sot|total_8_corners,Over 1.5 goals + Werder Bremen 4+ SOT + 8+ corners,strong,Over 1.5 goals:won | Werder Bremen 4+ SOT:won | 8+ corners:lost,2,3,partial,8.0,6.0,8.0,H,,,,,
2026-02-22,14:00,2526,E0,Premier League,Crystal Palace,Wolves,H,No external context supplied,"Weather: rain 2.1mm, gusts 46.1km/h, snow 0.0cm",W W D W W,L L D L L,0.0,0.0,0.5,0.5,1.0,1.0,0.0,0.0,0.0,0.0,0.5243,0.3067,0.1689,1.62,3.99,5.26,1.91,3.26,5.92,2.11,3.9,8.41,0.4954,1.89,2.02,2.53,1.05,1.3,2.35,0.4729,0.6805,0.2109,4.7,3.5,8.2,8.7,5.2,home_4_sot|total_3_cards,Crystal Palace 4+ SOT + 3+ cards,lean,Crystal Palace 4+ SOT:lost | 3+ cards:won,1,2,partial,10.0,10.0,8.0,H,,,,,
2026-02-22,14:00,2526,E0,Premier League,Nott'm Forest,Liverpool,A,No external context supplied,"Weather: rain 0.5mm, gusts 64.8km/h, snow 0.0cm",L L W D W,W W L D L,0.0,1.0,0.5,0.5,1.0,1.0,0.0,0.0,0.0,0.0,0.1856,0.2581,0.5563,4.08,3.88,1.8,5.39,3.87,1.8,7.37,4.8,1.98,0.5347,1.68,1.87,2.3,0.95,1.4,2.35,0.462,0.6805,0.2109,3.6,4.4,8.0,12.6,2.0,away_4_sot|total_8_corners,Liverpool 4+ SOT + 8+ corners,lean,Liverpool 4+ SOT:won | 8+ corners:won,2,2,won,6.0,9.0,2.0,A,,,,,
2026-02-22,14:00,2526,E0,Premier League,Sunderland,Fulham,A,No external context supplied,"Weather: rain 0.4mm, gusts 54.7km/h, snow 0.0cm",L,W,0.0,0.0,0.5,0.5,1.0,1.0,0.0,0.0,0.0,0.0,0.2716,0.2781,0.4503,2.65,3.27,2.67,3.68,3.6,2.22,4.51,4.38,2.5,0.4858,2.12,2.06,2.59,1.1,1.25,2.35,0.476,0.6805,0.2109,4.3,3.2,7.5,8.9,4.0,home_4_sot,Sunderland 4+ SOT,lean,Sunderland 4+ SOT:lost,0,1,lost,6.0,10.0,2.0,A,,,,,
2026-02-22,16:30,2526,E0,Premier League,Tottenham,Arsenal,A,No external context supplied,"Weather: rain 1.8mm, gusts 51.8km/h, snow 0.0cm",D L L L L,D W W W W,0.0,0.0,0.5,0.5,1.0,1.0,0.0,0.0,0.0,0.0,0.16,0.2169,0.6232,5.83,3.98,1.56,6.25,4.61,1.6,9.09,5.99,1.74,0.5369,1.77,1.86,2.29,1.05,1.85,2.9,0.5478,0.7854,0.3304,3.8,4.9,8.7,9.6,4.4,over_15_goals|btts_yes|away_4_sot|total_8_corners|total_3_cards,Over 1.5 goals + BTTS yes + Arsenal 4+ SOT + 8+ corners,strong,Over 1.5 goals:won | BTTS yes:won | Arsenal 4+ SOT:won | 8+ corners:lost | 3+ cards:won,4,5,partial,12.0,7.0,3.0,A,,,,,
2026-02-22,16:15,2526,F1,Ligue 1,Angers,Lille,A,No external context supplied,,L W L L L,W L W W W,0.0,0.0,0.5,0.5,1.0,1.0,0.0,0.0,0.0,0.0,0.2123,0.2372,0.5505,4.12,3.44,1.87,4.71,4.22,1.82,6.16,5.34,2.0,0.5356,2.01,1.87,2.3,1.4,1.2,2.6,0.5265,0.7326,0.264,3.9,3.9,7.8,7.6,3.0,over_15_goals,Over 1.5 goals,lean,Over 1.5 goals:lost,0,1,lost,7.0,8.0,4.0,A,,,,,
2026-02-22,14:00,2526,F1,Ligue 1,Auxerre,Rennes,A,No external context supplied,,L D W W D,W D L L D,0.0,0.0,0.5,0.5,1.0,1.0,0.0,0.0,0.0,0.0,0.2959,0.2632,0.4408,2.91,3.33,2.36,3.38,3.8,2.27,4.07,4.69,2.56,0.5085,1.85,1.97,2.45,1.4,1.3,2.7,0.5481,0.7513,0.2859,3.1,4.8,7.9,9.8,3.6,over_15_goals|btts_yes|away_4_sot|total_8_corners,Over 1.5 goals + BTTS yes + Rennes 4+ SOT + 8+ corners,strong,Over 1.5 goals:won | BTTS yes:lost | Rennes 4+ SOT:won | 8+ corners:won,3,4,partial,9.0,9.0,5.0,A,,,,,
2026-02-22,16:15,2526,F1,Ligue 1,Nantes,Le Havre,H,No external context supplied,,D W L L D,D L W W D,0.0,0.0,0.5,0.5,1.0,1.0,0.0,0.0,0.0,0.0,0.3182,0.3414,0.3403,2.4,3.2,2.95,3.14,2.93,2.94,3.73,3.43,3.44,0.3667,2.08,2.73,3.75,0.95,1.45,2.4,0.4694,0.6916,0.2213,3.6,3.6,7.2,9.2,5.0,total_3_cards,3+ cards,lean,3+ cards:won,1,1,won,3.0,11.0,7.0,D,,,,,
2026-02-22,16:15,2526,F1,Ligue 1,Nice,Lorient,D,No external context supplied,,W D D W L,L D D L W,0.0,0.0,0.5,0.5,1.0,1.0,0.0,0.0,0.0,0.0,0.4546,0.3046,0.2408,2.07,3.46,3.39,2.2,3.28,4.15,2.47,3.93,5.24,0.5353,1.8,1.87,2.3,0.85,1.85,2.7,0.4826,0.7513,0.2859,4.5,3.7,8.2,10.0,3.4,over_15_goals|home_4_sot|total_8_corners,Over 1.5 goals + Nice 4+ SOT + 8+ corners,strong,Over 1.5 goals:won | Nice 4+ SOT:won | 8+ corners:won,3,3,won,9.0,10.0,5.0,H,,,,,
2026-02-22,19:45,2526,F1,Ligue 1,Strasbourg,Lyon,H,No external context supplied,,W L L W L,L W W L W,0.0,0.0,0.5,0.5,1.0,1.0,0.0,0.0,0.0,0.0,0.5008,0.2303,0.2689,2.34,3.47,2.85,2.0,4.34,3.72,2.22,5.55,4.57,0.566,1.76,1.77,2.15,0.85,1.55,2.4,0.4511,0.6916,0.2213,4.0,4.8,8.8,9.3,4.0,away_4_sot,Lyon 4+ SOT,lean,Lyon 4+ SOT:lost,0,1,lost,9.0,6.0,3.0,H,,,,,
2026-02-22,14:00,2526,I1,Serie A,Atalanta,Napoli,H,No external context supplied,,L W W L L,W L L W W,0.0,0.0,0.5,0.5,1.0,1.0,0.0,0.0,0.0,0.0,0.4143,0.2738,0.3119,2.42,3.16,2.98,2.41,3.65,3.21,2.75,4.47,3.82,0.4278,2.07,2.34,3.05,1.35,0.95,2.3,0.4543,0.6691,0.2007,4.9,4.7,9.6,8.9,4.8,home_4_sot|total_3_cards,Atalanta 4+ SOT + 3+ cards,lean,Atalanta 4+ SOT:won | 3+ cards:lost,1,2,partial,11.0,7.0,2.0,H,,,,,
2026-02-22,11:30,2526,I1,Serie A,Genoa,Torino,H,No external context supplied,,L D D D L,W D D D W,0.0,0.0,0.5,0.5,1.0,1.0,0.0,0.0,0.0,0.0,0.4153,0.2964,0.2884,2.23,3.04,3.47,2.41,3.37,3.47,2.74,4.06,4.2,0.4954,2.26,2.02,2.53,1.55,1.2,2.75,0.5505,0.7603,0.297,4.7,3.8,8.5,8.5,4.4,over_15_goals|btts_yes|home_4_sot|total_3_cards,Over 1.5 goals + BTTS yes + Genoa 4+ SOT + 3+ cards,strong,Over 1.5 goals:won | BTTS yes:lost | Genoa 4+ SOT:won | 3+ cards:won,3,4,partial,8.0,4.0,3.0,H,,,,,
2026-02-22,17:00,2526,I1,Serie A,Milan,Parma,A,No external context supplied,,D W L W D,D L W L D,0.0,0.0,0.5,0.5,1.0,1.0,0.0,0.0,0.0,0.0,0.6838,0.2385,0.0777,1.32,4.95,9.48,1.46,4.19,12.87,1.58,5.3,36.11,0.5097,1.78,1.96,2.44,1.5,0.7,2.2,0.3911,0.6454,0.1806,4.0,3.2,7.2,9.2,4.6,total_3_cards,3+ cards,lean,3+ cards:won,1,1,won,9.0,7.0,3.0,H,,,,,
2026-02-22,19:45,2526,I1,Serie A,Roma,Cremonese,H,No external context supplied,,W L W,L W L,0.0,0.0,0.5,0.5,1.0,1.0,0.0,0.0,0.0,0.0,0.6959,0.208,0.0961,1.35,4.62,9.29,1.44,4.81,10.41,1.55,6.33,21.71,0.5384,1.91,1.86,2.28,1.5,0.55,2.05,0.3287,0.6074,0.152,5.2,3.6,8.8,8.9,3.6,home_4_sot,Roma 4+ SOT,lean,Roma 4+ SOT:won,1,1,won,5.0,10.0,2.0,H,,,,,
2026-02-22,15:15,2526,SP1,La Liga,Barcelona,Levante,H,No external context supplied,,W D W W W,L D L L L,1.0,0.0,0.5,0.5,1.0,1.0,0.0,0.0,0.0,0.0,0.7989,0.1067,0.0945,1.1,9.98,17.54,1.25,9.37,10.59,1.34,17.65,22.49,0.6883,1.21,1.45,1.7,2.0,0.95,2.95,0.5303,0.7933,0.3416,5.7,4.1,9.8,9.8,4.4,over_15_goals|home_4_sot|total_8_corners|total_3_cards,Over 1.5 goals + Barcelona 4+ SOT + 8+ corners + 3+ cards,strong,Over 1.5 goals:won | Barcelona 4+ SOT:won | 8+ corners:won | 3+ cards:won,4,4,won,11.0,19.0,3.0,H,,,,,
2026-02-22,17:30,2526,SP1,La Liga,Celta,Mallorca,H,No external context supplied,,L D W W D,W D L L D,0.0,0.0,0.5,0.5,1.0,1.0,0.0,0.0,0.0,0.0,0.4459,0.2886,0.2655,1.81,3.4,4.53,2.24,3.47,3.77,2.53,4.19,4.64,0.53,2.14,1.89,2.33,1.65,1.1,2.75,0.539,0.7603,0.297,6.0,3.8,9.8,10.5,3.2,over_15_goals|home_4_sot|total_8_corners,Over 1.5 goals + Celta 4+ SOT + 8+ corners,strong,Over 1.5 goals:won | Celta 4+ SOT:won | 8+ corners:won,3,3,won,7.0,9.0,6.0,H,,,,,
2026-02-22,13:00,2526,SP1,La Liga,Getafe,Sevilla,A,No external context supplied,,W L L D W,L W W D L,0.0,0.0,0.5,0.5,1.0,1.0,0.0,0.0,0.0,0.0,0.3783,0.3347,0.2871,2.39,2.87,3.31,2.64,2.99,3.48,3.05,3.51,4.22,0.2177,2.87,4.59,8.49,1.15,1.25,2.4,0.4876,0.6916,0.2213,3.6,3.8,7.4,9.6,5.8,total_8_corners|total_3_cards,8+ corners + 3+ cards,lean,8+ corners:lost | 3+ cards:won,1,2,partial,4.0,4.0,4.0,H,,,,,
2026-02-22,20:00,2526,SP1,La Liga,Villarreal,Valencia,H,No external context supplied,,L W D D W,W L D D L,0.0,0.0,0.5,0.5,1.0,1.0,0.0,0.0,0.0,0.0,0.5154,0.263,0.2216,1.69,3.86,4.62,1.94,3.8,4.51,2.15,4.69,5.83,0.5913,1.76,1.69,2.04,1.55,1.25,2.8,0.5621,0.7689,0.3081,3.4,2.9,6.3,9.2,5.6,over_15_goals|btts_yes|total_3_cards,Over 1.5 goals + BTTS yes + 3+ cards,strong,Over 1.5 goals:won | BTTS yes:won | 3+ cards:won,3,3,won,8.0,9.0,6.0,H,,,,,
2026-02-23,20:00,2526,E0,Premier League,Everton,Man United,A,No external context supplied,"Weather: rain 2.7mm, gusts 61.6km/h, snow 0.0cm",L L L D W,W W W D L,0.0,0.0,0.5,0.5,1.0,1.0,0.0,0.0,0.0,0.0,0.2294,0.2993,0.4713,3.57,3.73,1.94,4.36,3.34,2.12,5.57,4.01,2.37,0.5341,1.68,1.87,2.3,1.1,1.4,2.5,0.5026,0.7127,0.2424,3.4,4.7,8.1,8.9,3.6,away_4_sot,Man United 4+ SOT,lean,Man United 4+ SOT:lost,0,1,lost,7.0,11.0,5.0,A,,,,,
2026-02-23,19:45,2526,I1,Serie A,Bologna,Udinese,H,No external context supplied,,L D D D W,W D D D L,0.0,0.0,0.5,0.5,1.0,1.0,0.0,0.0,0.0,0.0,0.4765,0.3224,0.201,1.85,3.46,4.23,2.1,3.1,4.97,2.34,3.67,6.62,0.4908,2.1,2.04,2.56,1.35,1.55,2.9,0.5835,0.7854,0.3304,3.6,3.1,6.7,8.4,4.8,over_15_goals|btts_yes|total_3_cards,Over 1.5 goals + BTTS yes + 3+ cards,strong,Over 1.5 goals:lost | BTTS yes:lost | 3+ cards:lost,0,3,lost,9.0,11.0,2.0,H,,,,,
2026-02-23,17:30,2526,I1,Serie A,Fiorentina,Pisa,H,No external context supplied,,D,D,0.0,1.0,0.5,0.5,1.0,1.0,0.0,0.0,0.0,0.0,0.5908,0.2538,0.1555,1.64,3.88,5.0,1.69,3.94,6.43,1.85,4.91,9.48,0.6124,1.76,1.63,1.95,1.95,1.15,3.1,0.5861,0.8153,0.3752,4.5,4.2,8.7,9.2,3.4,over_15_goals|btts_yes|home_4_sot,Over 1.5 goals + BTTS yes + Fiorentina 4+ SOT,strong,Over 1.5 goals:lost | BTTS yes:lost | Fiorentina 4+ SOT:won,1,3,partial,6.0,7.0,6.0,H,,,,,
2026-02-23,20:00,2526,SP1,La Liga,Alaves,Girona,D,No external context supplied,,L D L W L,W D W L W,0.0,0.0,0.5,0.5,1.0,1.0,0.0,0.0,0.0,0.0,0.3841,0.3165,0.2994,2.29,2.96,3.4,2.6,3.16,3.34,2.99,3.75,4.01,0.3565,2.41,2.8,3.9,1.05,1.3,2.35,0.4729,0.6805,0.2109,3.7,4.4,8.1,8.6,4.4,away_4_sot|total_3_cards,Girona 4+ SOT + 3+ cards,lean,Girona 4+ SOT:won | 3+ cards:won,2,2,won,11.0,13.0,4.0,H,,,,,
2026-02-27,19:30,2526,D1,Bundesliga,Augsburg,FC Koln,H,No external context supplied,,L L D D D,W W D D D,0.0,0.0,0.5,0.5,1.0,1.0,0.0,0.0,0.0,0.0,0.3801,0.2948,0.3251,2.19,3.4,3.18,2.63,3.39,3.08,3.03,4.08,3.64,0.5102,1.81,1.96,2.44,1.45,1.25,2.7,0.5461,0.7513,0.2859,5.0,4.0,9.0,9.9,3.4,over_15_goals|btts_yes|home_4_sot|total_8_corners,Over 1.5 goals + BTTS yes + Augsburg 4+ SOT + 8+ corners,strong,Over 1.5 goals:won | BTTS yes:lost | Augsburg 4+ SOT:won | 8+ corners:won,3,4,partial,7.0,15.0,5.0,H,,,,,
2026-02-27,20:00,2526,E0,Premier League,Wolves,Aston Villa,H,No external context supplied,"Weather: rain 12.4mm, gusts 32.8km/h, snow 0.0cm",D L L W L,D W W L W,0.0,0.0,0.5,0.5,1.0,1.0,0.0,0.0,0.0,0.0,0.2529,0.2628,0.4844,4.17,3.64,1.84,3.95,3.81,2.06,4.93,4.7,2.3,0.4858,1.84,2.06,2.59,0.9,1.15,2.05,0.4055,0.6074,0.152,4.4,4.9,9.3,10.2,3.4,home_4_sot|total_8_corners,Wolves 4+ SOT + 8+ corners,lean,Wolves 4+ SOT:lost | 8+ corners:lost,0,2,lost,7.0,5.0,6.0,A,,,,,
2026-02-27,19:45,2526,F1,Ligue 1,Strasbourg,Lens,D,No external context supplied,,L L D W L,W W D L W,0.0,0.0,0.5,0.5,1.0,1.0,0.0,0.0,0.0,0.0,0.51,0.2406,0.2494,2.23,3.54,2.99,1.96,4.16,4.01,2.17,5.25,5.01,0.5753,1.62,1.74,2.1,1.2,1.75,2.95,0.5774,0.7933,0.3416,4.3,4.6,8.9,8.4,4.4,over_15_goals|btts_yes|home_4_sot|total_3_cards,Over 1.5 goals + BTTS yes + Strasbourg 4+ SOT + 3+ cards,strong,Over 1.5 goals:won | BTTS yes:won | Strasbourg 4+ SOT:won | 3+ cards:won,4,4,won,10.0,10.0,4.0,H,,,,,
2026-02-27,19:45,2526,I1,Serie A,Parma,Cagliari,D,No external context supplied,,D L L L L,D W W W W,0.0,0.0,0.5,0.5,1.0,1.0,0.0,0.0,0.0,0.0,0.4752,0.2895,0.2353,2.28,2.92,3.52,2.1,3.45,4.25,2.35,4.17,5.4,0.3565,2.43,2.8,3.9,1.0,1.2,2.2,0.4417,0.6454,0.1806,3.6,4.2,7.8,9.9,4.2,away_4_sot|total_8_corners|total_3_cards,Cagliari 4+ SOT + 8+ corners + 3+ cards,strong,Cagliari 4+ SOT:won | 8+ corners:won | 3+ cards:won,3,3,won,9.0,9.0,6.0,H,,,,,
2026-02-27,20:00,2526,SP1,La Liga,Levante,Alaves,H,No external context supplied,,D D L W L,D D W L W,0.0,0.0,0.5,0.5,1.0,1.0,0.0,0.0,0.0,0.0,0.4113,0.2558,0.3329,2.63,3.08,2.81,2.43,3.91,3.0,2.77,4.86,3.53,0.4576,2.23,2.19,2.8,1.35,1.3,2.65,0.5389,0.7421,0.2749,3.1,5.6,8.7,8.8,4.0,over_15_goals|away_4_sot,Over 1.5 goals + Alaves 4+ SOT,lean,Over 1.5 goals:won | Alaves 4+ SOT:won,2,2,won,12.0,16.0,9.0,H,,,,,
2026-02-28,17:30,2526,D1,Bundesliga,Dortmund,Bayern Munich,A,No external context supplied,,L W D D L,W L D D W,0.0,1.0,0.5,0.5,1.0,1.0,0.0,0.0,0.0,0.0,0.2766,0.3209,0.4025,4.37,4.51,1.61,3.62,3.12,2.48,4.41,3.69,2.84,0.5363,1.3,1.86,2.29,1.9,2.35,4.25,0.7693,0.9251,0.6138,4.7,6.2,10.9,10.4,3.8,over_15_goals|btts_yes|home_4_sot|total_8_corners,Over 1.5 goals + BTTS yes + Dortmund 4+ SOT + 8+ corners,strong,Over 1.5 goals:won | BTTS yes:won | Dortmund 4+ SOT:lost | 8+ corners:lost,2,4,partial,8.0,7.0,1.0,A,,,,,
2026-02-28,14:30,2526,D1,Bundesliga,Hoffenheim,St Pauli,A,No external context supplied,,L L W,W W L,0.0,0.0,0.5,0.5,1.0,1.0,0.0,0.0,0.0,0.0,0.5471,0.267,0.1859,1.47,4.33,6.29,1.83,3.75,5.38,2.01,4.61,7.36,0.5158,1.73,1.94,2.41,1.95,1.1,3.05,0.5722,0.8082,0.364,4.9,4.6,9.5,10.6,4.0,over_15_goals|btts_yes|home_4_sot|total_8_corners,Over 1.5 goals + BTTS yes + Hoffenheim 4+ SOT + 8+ corners,strong,Over 1.5 goals:lost | BTTS yes:lost | Hoffenheim 4+ SOT:won | 8+ corners:won,2,4,partial,14.0,13.0,3.0,H,,,,,
2026-02-28,14:30,2526,D1,Bundesliga,Leverkusen,Mainz,D,No external context supplied,,W W W D W,L L L D L,0.0,0.0,0.5,0.5,1.0,1.0,0.0,0.0,0.0,0.0,0.4957,0.2697,0.2346,1.67,3.97,4.54,2.02,3.71,4.26,2.24,4.55,5.42,0.5279,1.64,1.89,2.34,1.45,1.3,2.75,0.5568,0.7603,0.297,4.3,4.5,8.8,9.8,4.4,over_15_goals|btts_yes|home_4_sot|total_8_corners|total_3_cards,Over 1.5 goals + BTTS yes + Leverkusen 4+ SOT + 8+ corners,strong,Over 1.5 goals:won | BTTS yes:won | Leverkusen 4+ SOT:won | 8+ corners:won | 3+ cards:won,5,5,won,9.0,8.0,3.0,H,,,,,
2026-02-28,14:30,2526,D1,Bundesliga,M'gladbach,Union Berlin,H,No external context supplied,,L D W W L,W D L L W,0.0,0.0,0.5,0.5,1.0,1.0,0.0,0.0,0.0,0.0,0.3881,0.2574,0.3545,2.36,3.22,2.97,2.58,3.89,2.82,2.96,4.82,3.28,0.5155,2.0,1.94,2.41,1.2,1.65,2.85,0.5646,0.7773,0.3192,3.1,4.9,8.0,8.2,3.8,over_15_goals|btts_yes|away_4_sot,Over 1.5 goals + BTTS yes + Union Berlin 4+ SOT,strong,Over 1.5 goals:lost | BTTS yes:lost | Union Berlin 4+ SOT:lost,0,3,lost,9.0,8.0,9.0,H,,,,,
2026-02-28,14:30,2526,D1,Bundesliga,Werder Bremen,Heidenheim,H,No external context supplied,,L L D W D,W W D L D,0.0,0.0,0.5,0.5,1.0,1.0,0.0,0.0,0.0,0.0,0.5677,0.2344,0.1979,1.77,3.82,4.1,1.76,4.27,5.05,1.93,5.42,6.76,0.5985,1.67,1.67,2.01,1.4,1.5,2.9,0.5853,0.7854,0.3304,5.1,3.6,8.7,10.0,3.6,over_15_goals|btts_yes|home_4_sot|total_8_corners,Over 1.5 goals + BTTS yes + Werder Bremen 4+ SOT + 8+ corners,strong,Over 1.5 goals:won | BTTS yes:lost | Werder Bremen 4+ SOT:won | 8+ corners:lost,2,4,partial,6.0,5.0,1.0,H,,,,,
2026-02-28,12:30,2526,E0,Premier League,Bournemouth,Sunderland,D,No external context supplied,"Weather: rain 9.4mm, gusts 51.5km/h, snow 0.0cm",L,W,0.0,0.0,0.5,0.5,1.0,1.0,0.0,0.0,0.0,0.0,0.4584,0.3069,0.2348,1.77,3.8,4.34,2.18,3.26,4.26,2.45,3.89,5.41,0.5152,1.77,1.94,2.41,1.65,1.25,2.9,0.5765,0.7854,0.3304,4.4,3.8,8.2,10.3,3.6,over_15_goals|btts_yes|home_4_sot|total_8_corners,Over 1.5 goals + BTTS yes + Bournemouth 4+ SOT + 8+ corners,strong,Over 1.5 goals:won | BTTS yes:won | Bournemouth 4+ SOT:won | 8+ corners:won,4,4,won,9.0,10.0,6.0,H,,,,,
2026-02-28,15:00,2526,E0,Premier League,Burnley,Brentford,A,No external context supplied,"Weather: rain 1.2mm, gusts 34.2km/h, snow 0.1cm",W L L W L,L W W L W,0.0,0.0,0.5,0.5,1.0,1.0,0.0,0.0,0.0,0.0,0.2603,0.2713,0.4683,4.58,3.81,1.73,3.84,3.69,2.14,4.76,4.52,2.39,0.5542,1.81,1.8,2.2,1.1,1.7,2.8,0.5453,0.7689,0.3081,3.6,3.9,7.5,9.4,4.2,over_15_goals|btts_yes|total_3_cards,Over 1.5 goals + BTTS yes + 3+ cards,strong,Over 1.5 goals:won | BTTS yes:won | 3+ cards:won,3,3,won,10.0,12.0,4.0,A,,,,,
2026-02-28,17:30,2526,E0,Premier League,Leeds,Man City,A,No external context supplied,"Weather: rain 0.9mm, gusts 31.0km/h, snow 0.0cm",L L L L L,W W W W W,0.0,1.0,0.5,0.5,1.0,1.0,0.0,0.0,0.0,0.0,0.3358,0.3045,0.3596,5.0,4.25,1.6,2.98,3.28,2.78,3.5,3.93,3.23,0.5158,1.61,1.94,2.41,1.1,1.5,2.6,0.5183,0.7326,0.264,3.7,5.1,8.8,9.7,5.2,over_15_goals|away_4_sot|total_8_corners|total_3_cards,Over 1.5 goals + Man City 4+ SOT + 8+ corners + 3+ cards,strong,Over 1.5 goals:lost | Man City 4+ SOT:won | 8+ corners:won | 3+ cards:won,3,4,partial,7.0,8.0,3.0,A,,,,,
2026-02-28,15:00,2526,E0,Premier League,Liverpool,West Ham,H,No external context supplied,"Weather: rain 7.4mm, gusts 35.3km/h, snow 0.6cm",W D W W W,L D L L L,1.0,0.0,0.5,0.5,1.0,1.0,0.0,0.0,0.0,0.0,0.5936,0.2432,0.1633,1.41,5.02,6.68,1.68,4.11,6.12,1.84,5.18,8.83,0.5619,1.42,1.78,2.16,1.4,1.15,2.55,0.5148,0.7228,0.2532,4.3,3.9,8.2,11.1,3.0,over_15_goals|home_4_sot|total_8_corners,Over 1.5 goals + Liverpool 4+ SOT + 8+ corners,strong,Over 1.5 goals:won | Liverpool 4+ SOT:won | 8+ corners:won,3,3,won,11.0,15.0,4.0,H,,,,,
2026-02-28,15:00,2526,E0,Premier League,Newcastle,Everton,A,No external context supplied,"Weather: rain 1.0mm, gusts 24.5km/h, snow 0.0cm",L D D L W,W D D W L,0.0,0.0,0.5,0.5,1.0,1.0,0.0,0.0,0.0,0.0,0.5188,0.2671,0.2141,1.69,3.92,4.67,1.93,3.74,4.67,2.13,4.61,6.09,0.55,1.73,1.82,2.22,1.3,1.4,2.7,0.5481,0.7513,0.2859,3.8,4.9,8.7,11.2,5.0,over_15_goals|btts_yes|away_4_sot|total_8_corners|total_3_cards,Over 1.5 goals + BTTS yes + Everton 4+ SOT + 8+ corners,strong,Over 1.5 goals:won | BTTS yes:won | Everton 4+ SOT:won | 8+ corners:won | 3+ cards:won,5,5,won,12.0,9.0,5.0,H,,,,,
2026-02-28,20:05,2526,F1,Ligue 1,Le Havre,Paris SG,A,No external context supplied,,L D L L L,W D W W W,0.0,1.0,0.5,0.5,1.0,1.0,0.0,0.0,0.0,0.0,0.1419,0.1934,0.6647,9.19,5.79,1.27,7.05,5.17,1.5,10.88,6.97,1.63,0.5995,1.41,1.67,2.0,0.75,1.7,2.45,0.4312,0.7023,0.2318,2.4,5.2,7.6,9.7,3.0,over_25_goals|away_4_sot|total_8_corners,Over 2.5 goals + Paris SG 4+ SOT + 8+ corners,strong,Over 2.5 goals:lost | Paris SG 4+ SOT:won | 8+ corners:lost,1,3,partial,11.0,6.0,3.0,A,,,,,
2026-02-28,18:00,2526,F1,Ligue 1,Monaco,Angers,H,No external context supplied,,W W L W D,L L W L D,0.0,0.0,0.5,0.5,1.0,1.0,0.0,0.0,0.0,0.0,0.5856,0.2586,0.1558,1.49,4.38,5.96,1.71,3.87,6.42,1.87,4.79,9.45,0.5793,1.66,1.73,2.09,1.3,1.1,2.4,0.4853,0.6916,0.2213,3.4,3.4,6.8,8.4,4.6,total_3_cards,3+ cards,lean,3+ cards:won,1,1,won,6.0,7.0,3.0,H,,,,,
2026-02-28,16:00,2526,F1,Ligue 1,Rennes,Toulouse,H,No external context supplied,,D L L L D,D W W W D,0.0,0.0,0.5,0.5,1.0,1.0,0.0,0.0,0.0,0.0,0.4451,0.2701,0.2847,1.98,3.45,3.64,2.25,3.7,3.51,2.53,4.54,4.26,0.5261,1.83,1.9,2.35,1.2,1.6,2.8,0.5577,0.7689,0.3081,3.6,5.5,9.1,9.7,4.2,over_15_goals|btts_yes|away_4_sot|total_8_corners|total_3_cards,Over 1.5 goals + BTTS yes + Toulouse 4+ SOT + 8+ corners,strong,Over 1.5 goals:lost | BTTS yes:lost | Toulouse 4+ SOT:lost | 8+ corners:lost | 3+ cards:won,1,5,partial,4.0,7.0,4.0,H,,,,,
2026-02-28,14:00,2526,I1,Serie A,Como,Lecce,H,No external context supplied,,W W W,L L L,0.0,0.0,0.5,0.5,1.0,1.0,0.0,0.0,0.0,0.0,0.6188,0.242,0.1392,1.37,4.49,9.12,1.62,4.13,7.19,1.76,5.21,11.21,0.5487,1.96,1.82,2.23,1.5,0.65,2.15,0.3713,0.6331,0.1709,4.1,2.6,6.7,7.9,3.8,,No builder lean,none,,,0,,9.0,6.0,1.0,H,,,,,
2026-02-28,19:45,2526,I1,Serie A,Inter,Genoa,H,No external context supplied,,D W D W W,D L D L L,1.0,0.0,0.5,0.5,1.0,1.0,0.0,0.0,0.0,0.0,0.6844,0.2161,0.0994,1.3,5.13,9.77,1.46,4.63,10.06,1.58,6.02,20.23,0.6034,1.7,1.66,1.99,2.0,1.15,3.15,0.5909,0.8222,0.3863,7.0,4.0,11.0,9.0,3.2,over_15_goals|btts_yes|home_4_sot,Over 1.5 goals + BTTS yes + Inter 4+ SOT,strong,Over 1.5 goals:won | BTTS yes:lost | Inter 4+ SOT:won,2,3,partial,8.0,12.0,3.0,H,,,,,
2026-02-28,17:00,2526,I1,Serie A,Verona,Napoli,A,No external context supplied,,L L W L D,W W L W D,0.0,0.0,0.5,0.5,1.0,1.0,0.0,0.0,0.0,0.0,0.271,0.2318,0.4972,7.14,3.87,1.5,3.69,4.31,2.01,4.53,5.5,2.24,0.4342,2.23,2.3,2.99,1.0,1.8,2.8,0.5276,0.7689,0.3081,3.2,5.2,8.4,8.5,5.2,over_15_goals|away_4_sot|total_3_cards,Over 1.5 goals + Napoli 4+ SOT + 3+ cards,strong,Over 1.5 goals:won | Napoli 4+ SOT:won | 3+ cards:won,3,3,won,7.0,7.0,7.0,A,H,0.1004,all H very_long 10%+,37,0.5508
2026-02-28,15:15,2526,SP1,La Liga,Barcelona,Villarreal,H,No external context supplied,,W L W L W,L W L W L,1.0,0.0,0.5,0.5,1.0,1.0,0.0,0.0,0.0,0.0,0.7013,0.1817,0.117,1.29,6.15,8.02,1.43,5.5,8.55,1.54,7.59,14.93,0.6393,1.26,1.56,1.85,1.95,1.2,3.15,0.5994,0.8222,0.3863,5.1,4.1,9.2,10.7,4.0,over_15_goals|btts_yes|home_4_sot|total_8_corners,Over 1.5 goals + BTTS yes + Barcelona 4+ SOT + 8+ corners,strong,Over 1.5 goals:won | BTTS yes:won | Barcelona 4+ SOT:won | 8+ corners:lost,3,4,partial,9.0,5.0,3.0,H,,,,,
2026-02-28,17:30,2526,SP1,La Liga,Mallorca,Sociedad,A,No external context supplied,,L L W W L,W W L L W,0.0,0.0,0.5,0.5,1.0,1.0,0.0,0.0,0.0,0.0,0.2865,0.29,0.4235,2.97,3.24,2.39,3.49,3.45,2.36,4.23,4.17,2.68,0.4858,2.03,2.06,2.59,1.5,1.85,3.35,0.6547,0.8474,0.4307,3.9,5.9,9.8,10.8,4.2,over_15_goals|btts_yes|away_4_sot|total_8_corners|total_3_cards,Over 1.5 goals + BTTS yes + Sociedad 4+ SOT + 8+ corners,strong,Over 1.5 goals:lost | BTTS yes:lost | Sociedad 4+ SOT:lost | 8+ corners:won | 3+ cards:lost,1,5,partial,3.0,10.0,2.0,A,,,,,
2026-02-28,20:00,2526,SP1,La Liga,Oviedo,Ath Madrid,A,No external context supplied,,L,W,1.0,0.0,0.5,0.5,1.0,1.0,0.0,0.0,0.0,0.0,0.3608,0.2506,0.3886,5.33,3.6,1.67,2.77,3.99,2.57,3.22,4.99,2.95,0.4831,1.98,2.07,2.61,0.9,1.55,2.45,0.4675,0.7023,0.2318,3.7,5.4,9.1,10.0,3.8,away_4_sot|total_8_corners,Ath Madrid 4+ SOT + 8+ corners,lean,Ath Madrid 4+ SOT:lost | 8+ corners:won,1,2,partial,7.0,11.0,4.0,A,,,,,
2026-02-28,13:00,2526,SP1,La Liga,Vallecano,Ath Bilbao,D,No external context supplied,,L L L L L,W W W W W,0.0,0.0,0.5,0.5,1.0,1.0,0.0,0.0,0.0,0.0,0.3103,0.2968,0.3929,2.41,3.09,3.1,3.22,3.37,2.55,3.84,4.05,2.92,0.4858,2.26,2.06,2.59,1.2,1.55,2.75,0.5505,0.7603,0.297,4.2,5.0,9.2,8.8,7.2,over_15_goals|btts_yes|away_4_sot|total_3_cards,Over 1.5 goals + BTTS yes + Ath Bilbao 4+ SOT + 3+ cards,strong,Over 1.5 goals:won | BTTS yes:won | Ath Bilbao 4+ SOT:lost | 3+ cards:won,3,4,partial,9.0,9.0,5.0,A,,,,,
2026-03-01,16:30,2526,D1,Bundesliga,Ein Frankfurt,Freiburg,H,No external context supplied,,D D W W D,D D L L D,0.0,0.0,0.5,0.5,1.0,1.0,0.0,0.0,0.0,0.0,0.4006,0.3261,0.2734,2.18,3.44,3.1,2.5,3.07,3.66,2.85,3.62,4.48,0.4982,1.75,2.01,2.51,1.65,1.7,3.35,0.6604,0.8474,0.4307,4.5,4.4,8.9,9.8,4.4,over_15_goals|btts_yes|home_4_sot|total_8_corners|total_3_cards,Over 1.5 goals + BTTS yes + Ein Frankfurt 4+ SOT + 8+ corners,strong,Over 1.5 goals:won | BTTS yes:lost | Ein Frankfurt 4+ SOT:won | 8+ corners:won | 3+ cards:won,4,5,partial,9.0,11.0,3.0,H,,,,,
2026-03-01,18:30,2526,D1,Bundesliga,Hamburg,RB Leipzig,A,No external context supplied,,L D L,W D W,0.0,0.0,0.5,0.5,1.0,1.0,0.0,0.0,0.0,0.0,0.295,0.2667,0.4384,3.12,3.67,2.09,3.39,3.75,2.28,4.08,4.62,2.57,0.5619,1.56,1.78,2.17,1.65,1.5,3.15,0.6277,0.8222,0.3863,3.7,4.8,8.5,9.6,4.6,over_15_goals|btts_yes|away_4_sot|total_8_corners|total_3_cards,Over 1.5 goals + BTTS yes + RB Leipzig 4+ SOT + 8+ corners,strong,Over 1.5 goals:won | BTTS yes:won | RB Leipzig 4+ SOT:won | 8+ corners:won | 3+ cards:won,5,5,won,8.0,13.0,5.0,A,,,,,
2026-03-01,14:30,2526,D1,Bundesliga,Stuttgart,Wolfsburg,H,No external context supplied,,W W D L W,L L D W L,0.0,0.0,0.5,0.5,1.0,1.0,0.0,0.0,0.0,0.0,0.4751,0.2263,0.2986,1.51,4.56,5.24,2.1,4.42,3.35,2.35,5.67,4.02,0.5925,1.42,1.69,2.03,2.45,1.3,3.75,0.6647,0.8883,0.5162,6.2,3.5,9.7,9.4,4.8,over_15_goals|btts_yes|home_4_sot|total_3_cards,Over 1.5 goals + BTTS yes + Stuttgart 4+ SOT + 3+ cards,strong,Over 1.5 goals:won | BTTS yes:lost | Stuttgart 4+ SOT:won | 3+ cards:lost,2,4,partial,14.0,10.0,1.0,H,,,,,
2026-03-01,16:30,2526,E0,Premier League,Arsenal,Chelsea,H,No external context supplied,"Weather: rain 0.6mm, gusts 49.0km/h, snow 0.0cm",D W D W D,D L D L D,0.0,0.0,0.5,0.5,1.0,1.0,0.0,0.0,0.0,0.0,0.6125,0.2216,0.1659,1.6,3.98,5.28,1.63,4.51,6.03,1.78,5.83,8.63,0.6207,1.7,1.61,1.92,1.85,1.45,3.3,0.6451,0.8414,0.4197,4.8,3.8,8.6,9.1,4.0,over_15_goals|btts_yes|home_4_sot,Over 1.5 goals + BTTS yes + Arsenal 4+ SOT,strong,Over 1.5 goals:won | BTTS yes:won | Arsenal 4+ SOT:won,3,3,won,8.0,15.0,6.0,H,,,,,
2026-03-01,14:00,2526,E0,Premier League,Brighton,Nott'm Forest,H,No external context supplied,"Weather: rain 2.6mm, gusts 68.4km/h, snow 0.0cm",W W D L W,L L D W L,0.0,0.0,0.5,0.5,1.0,1.0,0.0,0.0,0.0,0.0,0.4011,0.308,0.2908,2.05,3.54,3.42,2.49,3.25,3.44,2.85,3.88,4.15,0.4858,1.79,2.06,2.59,1.2,0.95,2.15,0.4285,0.6331,0.1709,3.5,3.7,7.2,10.5,2.4,total_8_corners,8+ corners,lean,8+ corners:won,1,1,won,11.0,8.0,4.0,H,,,,,
2026-03-01,14:00,2526,E0,Premier League,Fulham,Tottenham,H,No external context supplied,"Weather: rain 0.6mm, gusts 48.2km/h, snow 0.0cm",L W D W W,W L D L L,0.0,0.0,0.5,0.5,1.0,1.0,0.0,0.0,0.0,0.0,0.4372,0.2719,0.2909,2.08,3.57,3.3,2.29,3.68,3.44,2.58,4.51,4.15,0.5097,1.72,1.96,2.44,1.6,1.3,2.9,0.5806,0.7854,0.3304,4.9,4.6,9.5,9.1,3.4,over_15_goals|btts_yes|home_4_sot,Over 1.5 goals + BTTS yes + Fulham 4+ SOT,strong,Over 1.5 goals:won | BTTS yes:won | Fulham 4+ SOT:won,3,3,won,5.0,13.0,6.0,H,,,,,
2026-03-01,14:00,2526,E0,Premier League,Man United,Crystal Palace,H,No external context supplied,"Weather: rain 3.0mm, gusts 52.9km/h, snow 0.0cm",L L D L W,W W D W L,0.0,0.0,0.5,0.5,1.0,1.0,0.0,0.0,0.0,0.0,0.5446,0.2676,0.1878,1.53,4.31,5.61,1.84,3.74,5.32,2.02,4.6,7.26,0.536,1.62,1.87,2.29,1.5,0.85,2.35,0.4448,0.6805,0.2109,4.4,3.8,8.2,9.5,4.8,home_4_sot|total_8_corners|total_3_cards,Man United 4+ SOT + 8+ corners + 3+ cards,strong,Man United 4+ SOT:won | 8+ corners:won | 3+ cards:won,3,3,won,14.0,8.0,6.0,H,,,,,
2026-03-01,16:15,2526,F1,Ligue 1,Lille,Nantes,H,No external context supplied,,W W D L W,L L D W L,0.0,0.0,0.5,0.5,1.0,1.0,0.0,0.0,0.0,0.0,0.5522,0.2696,0.1782,1.45,4.34,6.79,1.81,3.71,5.61,1.99,4.55,7.8,0.5619,1.74,1.78,2.17,1.5,1.2,2.7,0.5429,0.7513,0.2859,3.9,2.9,6.8,9.0,5.0,over_15_goals|btts_yes|total_3_cards,Over 1.5 goals + BTTS yes + 3+ cards,strong,Over 1.5 goals:lost | BTTS yes:lost | 3+ cards:won,1,3,partial,4.0,5.0,4.0,H,,,,,
2026-03-01,16:15,2526,F1,Ligue 1,Lorient,Auxerre,D,No external context supplied,,W L L,L W W,0.0,0.0,0.5,0.5,1.0,1.0,0.0,0.0,0.0,0.0,0.395,0.2818,0.3232,2.03,3.22,3.73,2.53,3.55,3.09,2.9,4.31,3.66,0.5099,2.19,1.96,2.44,1.55,0.95,2.5,0.4831,0.7127,0.2424,4.4,2.8,7.2,9.1,2.8,home_4_sot,Lorient 4+ SOT,lean,Lorient 4+ SOT:won,1,1,won,8.0,10.0,4.0,H,,,,,
2026-03-01,19:45,2526,F1,Ligue 1,Marseille,Lyon,H,No external context supplied,,W L W W L,L W L L W,0.0,0.0,0.5,0.5,1.0,1.0,0.0,0.0,0.0,0.0,0.5684,0.2473,0.1843,1.93,3.65,3.61,1.76,4.04,5.43,1.93,5.07,7.44,0.5752,1.66,1.74,2.1,1.15,1.9,3.05,0.5812,0.8082,0.364,4.4,4.0,8.4,8.1,4.8,over_15_goals|btts_yes|home_4_sot|total_3_cards,Over 1.5 goals + BTTS yes + Marseille 4+ SOT + 3+ cards,strong,Over 1.5 goals:won | BTTS yes:won | Marseille 4+ SOT:won | 3+ cards:won,4,4,won,13.0,9.0,5.0,H,,,,,
2026-03-01,16:15,2526,F1,Ligue 1,Metz,Brest,A,No external context supplied,,W L L L L,L W W W W,0.0,0.0,0.5,0.5,1.0,1.0,0.0,0.0,0.0,0.0,0.2244,0.3322,0.4434,3.38,3.35,2.09,4.46,3.01,2.26,5.73,3.54,2.54,0.4511,1.9,2.22,2.85,0.95,1.8,2.75,0.5119,0.7603,0.297,3.5,4.8,8.3,8.5,3.8,over_15_goals|away_4_sot,Over 1.5 goals + Brest 4+ SOT,lean,Over 1.5 goals:lost | Brest 4+ SOT:lost,0,2,lost,7.0,16.0,5.0,A,,,,,
2026-03-01,14:00,2526,F1,Ligue 1,Paris FC,Nice,H,No external context supplied,,D,D,0.0,0.0,0.5,0.5,1.0,1.0,0.0,0.0,0.0,0.0,0.3715,0.2486,0.3799,2.36,3.34,2.89,2.69,4.02,2.63,3.11,5.03,3.03,0.5218,1.86,1.92,2.37,1.35,1.35,2.7,0.5487,0.7513,0.2859,3.3,4.4,7.7,9.9,5.2,over_15_goals|btts_yes|away_4_sot|total_8_corners|total_3_cards,Over 1.5 goals + BTTS yes + Nice 4+ SOT + 8+ corners,strong,Over 1.5 goals:lost | BTTS yes:lost | Nice 4+ SOT:lost | 8+ corners:won | 3+ cards:won,2,5,partial,9.0,14.0,11.0,A,,,,,
2026-03-01,11:30,2526,I1,Serie A,Cremonese,Milan,A,No external context supplied,,D D W,D D L,0.0,0.0,0.5,0.5,1.0,1.0,0.0,0.0,0.0,0.0,0.1478,0.1796,0.6726,6.63,4.14,1.49,6.77,5.57,1.49,10.23,7.72,1.61,0.5297,1.88,1.89,2.33,0.5,1.6,2.1,0.314,0.6204,0.1614,3.5,4.8,8.3,8.9,4.2,away_4_sot|total_3_cards,Milan 4+ SOT + 3+ cards,lean,Milan 4+ SOT:won | 3+ cards:lost,1,2,partial,9.0,13.0,2.0,A,,,,,
2026-03-01,19:45,2526,I1,Serie A,Roma,Juventus,D,No external context supplied,,L D D D L,W D D D W,0.0,0.0,0.5,0.5,1.0,1.0,0.0,0.0,0.0,0.0,0.3676,0.3251,0.3073,2.57,3.06,2.84,2.72,3.08,3.25,3.15,3.63,3.89,0.4739,2.25,2.11,2.67,1.35,1.4,2.75,0.5581,0.7603,0.297,4.0,4.7,8.7,7.5,3.4,over_15_goals|btts_yes|away_4_sot,Over 1.5 goals + BTTS yes + Juventus 4+ SOT,strong,Over 1.5 goals:won | BTTS yes:won | Juventus 4+ SOT:won,3,3,won,10.0,5.0,1.0,H,,,,,
2026-03-01,14:00,2526,I1,Serie A,Sassuolo,Atalanta,H,No external context supplied,,L W L L W,W L W W L,0.0,0.0,0.5,0.5,1.0,1.0,0.0,0.0,0.0,0.0,0.2494,0.2635,0.4871,3.7,3.51,1.95,4.01,3.79,2.05,5.02,4.68,2.29,0.4791,1.82,2.09,2.64,0.75,1.55,2.3,0.4156,0.6691,0.2007,4.3,5.6,9.9,10.4,5.2,home_4_sot|total_8_corners|total_3_cards,Sassuolo 4+ SOT + 8+ corners + 3+ cards,strong,Sassuolo 4+ SOT:won | 8+ corners:won | 3+ cards:won,3,3,won,12.0,12.0,6.0,A,,,,,
2026-03-01,17:00,2526,I1,Serie A,Torino,Lazio,H,No external context supplied,,L L L D D,W W W D D,0.0,0.0,0.5,0.5,1.0,1.0,0.0,0.0,0.0,0.0,0.267,0.3105,0.4226,2.81,2.89,2.73,3.75,3.22,2.37,4.61,3.84,2.68,0.3613,2.41,2.77,3.83,1.15,1.5,2.65,0.5309,0.7421,0.2749,3.6,4.0,7.6,7.7,4.4,over_15_goals|total_3_cards,Over 1.5 goals + 3+ cards,lean,Over 1.5 goals:won | 3+ cards:won,2,2,won,8.0,15.0,5.0,A,,,,,
2026-03-01,17:30,2526,SP1,La Liga,Betis,Sevilla,D,No external context supplied,,D D L W W,D D W L L,0.0,0.0,0.5,0.5,1.0,1.0,0.0,0.0,0.0,0.0,0.4933,0.2771,0.2296,1.77,3.63,4.42,2.03,3.61,4.36,2.26,4.4,5.57,0.5297,1.93,1.89,2.33,1.5,1.15,2.65,0.5309,0.7421,0.2749,4.1,4.2,8.3,8.7,5.0,over_15_goals|away_4_sot|total_3_cards,Over 1.5 goals + Sevilla 4+ SOT + 3+ cards,strong,Over 1.5 goals:won | Sevilla 4+ SOT:won | 3+ cards:won,3,3,won,8.0,7.0,6.0,H,,,,,
2026-03-01,13:00,2526,SP1,La Liga,Elche,Espanol,D,No external context supplied,,D W D L L,D L D W W,0.0,0.0,0.5,0.5,1.0,1.0,0.0,0.0,0.0,0.0,0.4182,0.3171,0.2647,2.38,3.17,3.0,2.39,3.15,3.78,2.72,3.74,4.66,0.5097,1.99,1.96,2.44,1.75,1.6,3.35,0.6594,0.8474,0.4307,4.7,4.3,9.0,8.4,4.8,over_15_goals|btts_yes|home_4_sot|total_3_cards,Over 1.5 goals + BTTS yes + Elche 4+ SOT + 3+ cards,strong,Over 1.5 goals:won | BTTS yes:won | Elche 4+ SOT:won | 3+ cards:won,4,4,won,13.0,4.0,9.0,H,,,,,
2026-03-01,20:00,2526,SP1,La Liga,Girona,Celta,A,No external context supplied,,W W D D D,L L D D D,0.0,0.0,0.5,0.5,1.0,1.0,0.0,0.0,0.0,0.0,0.4141,0.2338,0.3521,2.4,3.28,2.86,2.41,4.28,2.84,2.75,5.44,3.31,0.5297,1.95,1.89,2.33,1.05,1.35,2.4,0.4815,0.6916,0.2213,3.6,4.0,7.6,9.2,4.0,,No builder lean,none,,,0,,12.0,16.0,4.0,H,,,,,
2026-03-01,15:15,2526,SP1,La Liga,Valencia,Osasuna,H,No external context supplied,,L W D D L,W L D D W,0.0,0.0,0.5,0.5,1.0,1.0,0.0,0.0,0.0,0.0,0.3914,0.3115,0.2971,2.33,3.12,3.13,2.55,3.21,3.37,2.93,3.82,4.05,0.4739,2.19,2.11,2.67,1.15,1.6,2.75,0.5454,0.7603,0.297,3.6,3.6,7.2,9.2,4.8,over_15_goals|btts_yes|total_3_cards,Over 1.5 goals + BTTS yes + 3+ cards,strong,Over 1.5 goals:lost | BTTS yes:lost | 3+ cards:won,1,3,partial,1.0,9.0,6.0,H,,,,,
2026-03-02,17:30,2526,I1,Serie A,Pisa,Bologna,A,No external context supplied,,L,W,1.0,0.0,0.5,0.5,1.0,1.0,0.0,0.0,0.0,0.0,0.1814,0.1845,0.634,3.8,3.32,1.98,5.51,5.42,1.58,7.61,7.43,1.71,0.509,2.08,1.96,2.44,1.3,1.6,2.9,0.5806,0.7854,0.3304,3.0,4.5,7.5,8.0,4.8,over_15_goals|btts_yes|away_4_sot|total_3_cards,Over 1.5 goals + BTTS yes + Bologna 4+ SOT + 3+ cards,strong,Over 1.5 goals:lost | BTTS yes:lost | Bologna 4+ SOT:lost | 3+ cards:lost,0,4,lost,4.0,11.0,2.0,A,A,0.1165,Serie A A mid 8%+,21,0.3548
2026-03-02,19:45,2526,I1,Serie A,Udinese,Fiorentina,H,No external context supplied,,L D W L L,W D L W W,0.0,0.0,0.5,0.5,1.0,1.0,0.0,0.0,0.0,0.0,0.2652,0.2435,0.4913,3.07,3.27,2.3,3.77,4.11,2.04,4.65,5.17,2.27,0.5102,2.0,1.96,2.44,1.15,1.25,2.4,0.4876,0.6916,0.2213,3.7,4.2,7.9,9.8,4.2,away_4_sot|total_8_corners|total_3_cards,Fiorentina 4+ SOT + 8+ corners + 3+ cards,strong,Fiorentina 4+ SOT:lost | 8+ corners:lost | 3+ cards:won,1,3,partial,7.0,7.0,5.0,A,,,,,
2026-03-02,20:00,2526,SP1,La Liga,Real Madrid,Getafe,A,No external context supplied,,W W W W W,L L L L L,1.0,0.0,0.5,0.5,1.0,1.0,0.0,0.0,0.0,0.0,0.6439,0.2463,0.1098,1.28,5.12,10.52,1.55,4.06,9.11,1.68,5.09,16.72,0.4982,1.77,2.01,2.51,1.7,0.75,2.45,0.4312,0.7023,0.2318,3.9,2.4,6.3,9.3,4.6,total_3_cards,3+ cards,lean,3+ cards:won,1,1,won,10.0,12.0,14.0,H,,,,,
2026-03-03,19:30,2526,E0,Premier League,Bournemouth,Brentford,D,No external context supplied,"Weather: rain 0.0mm, gusts 26.6km/h, snow 0.0cm",D L L L L,D W W W W,0.0,0.0,0.5,0.5,1.0,1.0,0.0,0.0,0.0,0.0,0.5031,0.2651,0.2318,2.48,3.59,2.65,1.99,3.77,4.31,2.21,4.65,5.5,0.5554,1.58,1.8,2.2,1.55,1.45,3.0,0.603,0.8009,0.3528,4.8,4.4,9.2,11.6,4.6,over_15_goals|btts_yes|home_4_sot|total_8_corners|total_3_cards,Over 1.5 goals + BTTS yes + Bournemouth 4+ SOT + 8+ corners,strong,Over 1.5 goals:lost | BTTS yes:lost | Bournemouth 4+ SOT:lost | 8+ corners:lost | 3+ cards:won,1,5,partial,4.0,7.0,3.0,H,,,,,
2026-03-03,19:30,2526,E0,Premier League,Everton,Burnley,H,No external context supplied,"Weather: rain 0.0mm, gusts 28.1km/h, snow 0.0cm",W L W W D,L W L L D,0.0,0.0,0.5,0.5,1.0,1.0,0.0,0.0,0.0,0.0,0.6022,0.2315,0.1664,1.56,3.96,6.06,1.66,4.32,6.01,1.81,5.51,8.59,0.5061,1.92,1.98,2.46,1.8,1.3,3.1,0.6072,0.8153,0.3752,4.3,3.4,7.7,9.4,5.4,over_15_goals|btts_yes|home_4_sot|total_3_cards,Over 1.5 goals + BTTS yes + Everton 4+ SOT + 3+ cards,strong,Over 1.5 goals:won | BTTS yes:lost | Everton 4+ SOT:won | 3+ cards:lost,2,4,partial,7.0,9.0,1.0,H,,,,,
2026-03-03,19:30,2526,E0,Premier League,Leeds,Sunderland,A,No external context supplied,"Weather: rain 0.0mm, gusts 18.4km/h, snow 0.0cm",D,D,0.0,0.0,0.5,0.5,1.0,1.0,0.0,0.0,0.0,0.0,0.5051,0.3024,0.1925,1.86,3.43,4.31,1.98,3.31,5.19,2.2,3.96,7.02,0.4982,2.08,2.01,2.51,1.4,1.2,2.6,0.5265,0.7326,0.264,3.1,4.3,7.4,9.7,3.4,over_15_goals|away_4_sot|total_8_corners,Over 1.5 goals + Sunderland 4+ SOT + 8+ corners,strong,Over 1.5 goals:lost | Sunderland 4+ SOT:lost | 8+ corners:won,1,3,partial,5.0,11.0,4.0,H,,,,,
2026-03-03,20:15,2526,E0,Premier League,Wolves,Liverpool,H,No external context supplied,"Weather: rain 0.1mm, gusts 25.2km/h, snow 0.0cm",L L L L L,W W W W W,0.0,1.0,0.5,0.5,1.0,1.0,0.0,0.0,0.0,0.0,0.1559,0.2605,0.5837,6.08,4.61,1.48,6.42,3.84,1.71,9.45,4.75,1.87,0.5584,1.57,1.79,2.18,1.0,1.4,2.4,0.4762,0.6916,0.2213,3.4,5.3,8.7,10.1,3.6,over_25_goals|away_4_sot|total_8_corners,Over 2.5 goals + Liverpool 4+ SOT + 8+ corners,strong,Over 2.5 goals:won | Liverpool 4+ SOT:won | 8+ corners:won,3,3,won,10.0,13.0,3.0,A,,,,,
2026-03-04,19:30,2526,D1,Bundesliga,Hamburg,Leverkusen,A,No external context supplied,,L L,W W,0.0,0.0,0.5,0.5,1.0,1.0,0.0,0.0,0.0,0.0,0.3727,0.2328,0.3946,3.35,3.57,2.03,2.68,4.3,2.53,3.1,5.47,2.9,0.5591,1.7,1.79,2.18,1.1,1.5,2.6,0.5183,0.7326,0.264,4.0,4.3,8.3,10.4,4.6,over_15_goals|away_4_sot|total_8_corners|total_3_cards,Over 1.5 goals + Leverkusen 4+ SOT + 8+ corners + 3+ cards,strong,Over 1.5 goals:lost | Leverkusen 4+ SOT:won | 8+ corners:won | 3+ cards:lost,2,4,partial,7.0,9.0,2.0,A,,,,,
2026-03-04,19:30,2526,E0,Premier League,Aston Villa,Chelsea,A,No external context supplied,"Weather: rain 0.0mm, gusts 28.8km/h, snow 0.0cm",W D L W W,L D W L L,0.0,0.0,0.5,0.5,1.0,1.0,0.0,0.0,0.0,0.0,0.3948,0.2842,0.321,2.67,3.57,2.46,2.53,3.52,3.12,2.9,4.27,3.69,0.55,1.67,1.82,2.22,1.15,1.5,2.65,0.5309,0.7421,0.2749,3.9,4.1,8.0,10.7,4.8,over_15_goals|total_8_corners|total_3_cards,Over 1.5 goals + 8+ corners + 3+ cards,strong,Over 1.5 goals:won | 8+ corners:won | 3+ cards:won,3,3,won,12.0,11.0,5.0,H,,,,,
2026-03-04,19:30,2526,E0,Premier League,Brighton,Arsenal,A,No external context supplied,"Weather: rain 0.0mm, gusts 33.5km/h, snow 0.0cm",L L D D L,W W D D W,0.0,0.0,0.5,0.5,1.0,1.0,0.0,0.0,0.0,0.0,0.2154,0.3193,0.4653,5.03,3.92,1.64,4.64,3.13,2.15,6.05,3.71,2.41,0.5105,1.89,1.96,2.44,1.1,1.55,2.65,0.5255,0.7421,0.2749,3.7,3.9,7.6,8.7,3.2,over_15_goals,Over 1.5 goals,lean,Over 1.5 goals:lost,0,1,lost,5.0,7.0,5.0,A,,,,,
2026-03-04,19:30,2526,E0,Premier League,Fulham,West Ham,A,No external context supplied,"Weather: rain 0.0mm, gusts 22.7km/h, snow 0.0cm",W W D L W,L L D W L,0.0,0.0,0.5,0.5,1.0,1.0,0.0,0.0,0.0,0.0,0.4682,0.3201,0.2117,2.03,3.56,3.52,2.14,3.12,4.72,2.39,3.7,6.18,0.536,1.72,1.87,2.29,1.65,1.55,3.2,0.6365,0.8288,0.3975,4.6,3.7,8.3,10.9,3.2,over_15_goals|btts_yes|home_4_sot|total_8_corners,Over 1.5 goals + BTTS yes + Fulham 4+ SOT + 8+ corners,strong,Over 1.5 goals:lost | BTTS yes:lost | Fulham 4+ SOT:won | 8+ corners:won,2,4,partial,8.0,12.0,6.0,H,,,,,
2026-03-04,19:30,2526,E0,Premier League,Man City,Nott'm Forest,D,No external context supplied,"Weather: rain 0.0mm, gusts 28.1km/h, snow 0.0cm",W W W L W,L L L W L,1.0,0.0,0.5,0.5,1.0,1.0,0.0,0.0,0.0,0.0,0.5937,0.2231,0.1832,1.37,4.95,7.65,1.68,4.48,5.46,1.84,5.78,7.51,0.5082,1.57,1.97,2.45,1.35,0.8,2.15,0.4079,0.6331,0.1709,4.9,4.5,9.4,9.6,4.0,over_25_goals|home_4_sot|total_8_corners,Over 2.5 goals + Man City 4+ SOT + 8+ corners,strong,Over 2.5 goals:won | Man City 4+ SOT:won | 8+ corners:lost,2,3,partial,11.0,7.0,4.0,H,,,,,
2026-03-04,20:15,2526,E0,Premier League,Newcastle,Man United,H,No external context supplied,"Weather: rain 0.0mm, gusts 32.0km/h, snow 0.0cm",W L W W L,L W L L W,0.0,0.0,0.5,0.5,1.0,1.0,0.0,0.0,0.0,0.0,0.4855,0.3006,0.2139,2.56,3.66,2.53,2.06,3.33,4.68,2.3,3.99,6.1,0.537,1.52,1.86,2.29,1.35,1.85,3.2,0.6243,0.8288,0.3975,4.2,5.9,10.1,10.7,4.6,over_15_goals|btts_yes|home_4_sot|total_8_corners|total_3_cards,Over 1.5 goals + BTTS yes + Newcastle 4+ SOT + 8+ corners,strong,Over 1.5 goals:won | BTTS yes:won | Newcastle 4+ SOT:won | 8+ corners:lost | 3+ cards:won,4,5,partial,10.0,6.0,7.0,H,,,,,
2026-03-04,18:00,2526,SP1,La Liga,Vallecano,Oviedo,H,No external context supplied,,D,D,0.0,1.0,0.5,0.5,1.0,1.0,0.0,0.0,0.0,0.0,0.5281,0.2808,0.1911,1.68,3.63,5.22,1.89,3.56,5.23,2.09,4.33,7.09,0.5097,2.09,1.96,2.44,1.4,1.25,2.65,0.5375,0.7421,0.2749,4.8,3.9,8.7,9.7,5.6,over_15_goals|home_4_sot|total_8_corners|total_3_cards,Over 1.5 goals + Vallecano 4+ SOT + 8+ corners + 3+ cards,strong,Over 1.5 goals:won | Vallecano 4+ SOT:won | 8+ corners:won | 3+ cards:lost,3,4,partial,9.0,14.0,2.0,H,,,,,
2026-03-05,20:00,2526,E0,Premier League,Tottenham,Crystal Palace,A,No external context supplied,"Weather: rain 0.0mm, gusts 29.2km/h, snow 0.0cm",W W L L W,L L W W L,0.0,0.0,0.5,0.5,1.0,1.0,0.0,0.0,0.0,0.0,0.4098,0.2602,0.33,2.34,3.32,2.97,2.44,3.84,3.03,2.78,4.76,3.57,0.52,1.78,1.92,2.38,1.25,1.45,2.7,0.5461,0.7513,0.2859,3.9,4.5,8.4,9.5,6.4,over_15_goals|btts_yes|away_4_sot|total_8_corners|total_3_cards,Over 1.5 goals + BTTS yes + Crystal Palace 4+ SOT + 8+ corners,strong,Over 1.5 goals:won | BTTS yes:won | Crystal Palace 4+ SOT:won | 8+ corners:won | 3+ cards:won,5,5,won,8.0,9.0,5.0,H,,,,,
2026-03-06,19:30,2526,D1,Bundesliga,Bayern Munich,M'gladbach,H,No external context supplied,,W W W W W,L L L L L,1.0,0.0,0.5,0.5,1.0,1.0,0.0,0.0,0.0,0.0,0.6322,0.2566,0.1112,1.19,7.43,11.55,1.58,3.9,9.0,1.72,4.84,16.35,0.556,1.25,1.8,2.19,2.7,1.05,3.75,0.6064,0.8883,0.5162,7.1,3.6,10.7,8.4,3.6,over_15_goals|btts_yes|home_4_sot,Over 1.5 goals + BTTS yes + Bayern Munich 4+ SOT,strong,Over 1.5 goals:won | BTTS yes:won | Bayern Munich 4+ SOT:won,3,3,won,14.0,8.0,3.0,H,D,0.0935,all D very_long 8%+,34,0.365
2026-03-06,19:45,2526,F1,Ligue 1,Paris SG,Monaco,A,No external context supplied,,W D W W L,L D L L W,1.0,0.0,0.5,0.5,1.0,1.0,0.0,0.0,0.0,0.0,0.6355,0.2235,0.141,1.34,5.55,7.27,1.57,4.47,7.09,1.71,5.76,10.99,0.6764,1.32,1.48,1.73,1.85,1.05,2.9,0.5478,0.7854,0.3304,5.2,3.6,8.8,9.1,3.0,over_15_goals|btts_yes|home_4_sot,Over 1.5 goals + BTTS yes + Paris SG 4+ SOT,strong,Over 1.5 goals:won | BTTS yes:won | Paris SG 4+ SOT:won,3,3,won,12.0,10.0,4.0,H,,,,,
2026-03-06,19:45,2526,I1,Serie A,Napoli,Torino,H,No external context supplied,,L D W W L,W D L L W,0.0,0.0,0.5,0.5,1.0,1.0,0.0,0.0,0.0,0.0,0.5652,0.263,0.1718,1.56,3.75,6.32,1.77,3.8,5.82,1.94,4.69,8.21,0.5061,2.15,1.98,2.46,1.7,1.25,2.95,0.5832,0.7933,0.3416,4.8,3.8,8.6,8.1,6.0,over_15_goals|btts_yes|home_4_sot|total_3_cards,Over 1.5 goals + BTTS yes + Napoli 4+ SOT + 3+ cards,strong,Over 1.5 goals:won | BTTS yes:won | Napoli 4+ SOT:won | 3+ cards:won,4,4,won,13.0,13.0,3.0,H,,,,,
2026-03-06,20:00,2526,SP1,La Liga,Celta,Real Madrid,A,No external context supplied,,L L L L W,W W W W L,0.0,1.0,0.5,0.5,1.0,1.0,0.0,0.0,0.0,0.0,0.2805,0.2433,0.4761,3.15,3.33,2.25,3.56,4.11,2.1,4.34,5.17,2.35,0.4858,1.98,2.06,2.59,1.15,1.55,2.7,0.5383,0.7513,0.2859,3.4,4.3,7.7,10.5,4.2,over_15_goals|away_4_sot|total_8_corners,Over 1.5 goals + Real Madrid 4+ SOT + 8+ corners,strong,Over 1.5 goals:won | Real Madrid 4+ SOT:lost | 8+ corners:lost,1,3,partial,7.0,7.0,3.0,A,,,,,
2026-03-07,17:30,2526,D1,Bundesliga,FC Koln,Dortmund,A,No external context supplied,,W L L L L,L W W W W,0.0,0.0,0.5,0.5,1.0,1.0,0.0,0.0,0.0,0.0,0.2734,0.3227,0.4039,4.1,3.97,1.73,3.66,3.1,2.48,4.48,3.67,2.83,0.5717,1.55,1.75,2.12,1.2,2.25,3.45,0.6252,0.8587,0.4525,3.5,4.5,8.0,10.0,3.2,over_15_goals|btts_yes|away_4_sot|total_8_corners,Over 1.5 goals + BTTS yes + Dortmund 4+ SOT + 8+ corners,strong,Over 1.5 goals:won | BTTS yes:won | Dortmund 4+ SOT:won | 8+ corners:won,4,4,won,9.0,13.0,4.0,A,,,,,
2026-03-07,14:30,2526,D1,Bundesliga,Freiburg,Leverkusen,D,No external context supplied,,L L L D L,W W W D W,0.0,0.0,0.5,0.5,1.0,1.0,0.0,0.0,0.0,0.0,0.3466,0.3097,0.3438,2.86,3.35,2.35,2.89,3.23,2.91,3.37,3.85,3.4,0.55,1.85,1.82,2.22,1.15,1.55,2.7,0.5383,0.7513,0.2859,3.3,4.7,8.0,9.0,3.0,over_15_goals|away_4_sot,Over 1.5 goals + Leverkusen 4+ SOT,lean,Over 1.5 goals:won | Leverkusen 4+ SOT:won,2,2,won,14.0,7.0,6.0,H,,,,,
2026-03-07,14:30,2526,D1,Bundesliga,Heidenheim,Hoffenheim,A,No external context supplied,,L D D D L,W D D D W,0.0,0.0,0.5,0.5,1.0,1.0,0.0,0.0,0.0,0.0,0.1692,0.2508,0.58,4.87,4.31,1.58,5.91,3.99,1.72,8.39,4.98,1.89,0.5619,1.47,1.78,2.17,1.0,2.15,3.15,0.5585,0.8222,0.3863,4.2,6.0,10.2,11.6,3.6,over_15_goals|btts_yes|home_4_sot|total_8_corners,Over 1.5 goals + BTTS yes + Heidenheim 4+ SOT + 8+ corners,strong,Over 1.5 goals:won | BTTS yes:won | Heidenheim 4+ SOT:lost | 8+ corners:lost,2,4,partial,9.0,7.0,0.0,A,,,,,
2026-03-07,14:30,2526,D1,Bundesliga,Mainz,Stuttgart,D,No external context supplied,,L L D W L,W W D L W,0.0,0.0,0.5,0.5,1.0,1.0,0.0,0.0,0.0,0.0,0.3627,0.2586,0.3787,3.05,3.65,2.12,2.76,3.87,2.64,3.2,4.79,3.04,0.556,1.58,1.8,2.19,1.2,1.8,3.0,0.5833,0.8009,0.3528,4.3,6.1,10.4,8.7,5.0,over_15_goals|btts_yes|home_4_sot|total_3_cards,Over 1.5 goals + BTTS yes + Mainz 4+ SOT + 3+ cards,strong,Over 1.5 goals:won | BTTS yes:won | Mainz 4+ SOT:won | 3+ cards:lost,3,4,partial,10.0,11.0,2.0,A,,,,,
2026-03-07,14:30,2526,D1,Bundesliga,RB Leipzig,Augsburg,H,No external context supplied,,W D W D W,L D L D L,0.0,0.0,0.5,0.5,1.0,1.0,0.0,0.0,0.0,0.0,0.6716,0.2111,0.1173,1.41,4.88,6.35,1.49,4.74,8.53,1.61,6.21,14.86,0.6617,1.43,1.51,1.78,1.5,1.5,3.0,0.6035,0.8009,0.3528,4.6,4.4,9.0,10.3,4.8,over_15_goals|btts_yes|home_4_sot|total_8_corners|total_3_cards,Over 1.5 goals + BTTS yes + RB Leipzig 4+ SOT + 8+ corners,strong,Over 1.5 goals:won | BTTS yes:won | RB Leipzig 4+ SOT:won | 8+ corners:won | 3+ cards:lost,4,5,partial,13.0,14.0,2.0,H,,,,,
2026-03-07,14:30,2526,D1,Bundesliga,Wolfsburg,Hamburg,A,No external context supplied,,D L W,D W L,0.0,0.0,0.5,0.5,1.0,1.0,0.0,0.0,0.0,0.0,0.2416,0.2861,0.4723,2.3,3.52,2.82,4.14,3.49,2.12,5.22,4.23,2.37,0.5018,1.67,1.99,2.49,1.2,2.0,3.2,0.6042,0.8288,0.3975,3.6,5.4,9.0,10.9,4.0,over_15_goals|btts_yes|away_4_sot|total_8_corners,Over 1.5 goals + BTTS yes + Hamburg 4+ SOT + 8+ corners,strong,Over 1.5 goals:won | BTTS yes:won | Hamburg 4+ SOT:won | 8+ corners:won,4,4,won,11.0,10.0,8.0,A,,,,,
2026-03-07,18:00,2526,F1,Ligue 1,Auxerre,Strasbourg,D,No external context supplied,,W L L L L,L W W W W,0.0,0.0,0.5,0.5,1.0,1.0,0.0,0.0,0.0,0.0,0.2513,0.2677,0.481,3.51,3.32,2.07,3.98,3.73,2.08,4.97,4.59,2.32,0.5306,1.94,1.88,2.32,1.15,1.5,2.65,0.5309,0.7421,0.2749,3.6,4.7,8.3,9.5,3.8,over_15_goals|away_4_sot|total_8_corners,Over 1.5 goals + Strasbourg 4+ SOT + 8+ corners,strong,Over 1.5 goals:lost | Strasbourg 4+ SOT:won | 8+ corners:won,2,3,partial,9.0,9.0,3.0,A,,,,,
2026-03-07,16:00,2526,F1,Ligue 1,Nantes,Angers,A,No external context supplied,,D W D L L,D L D W W,0.0,0.0,0.5,0.5,1.0,1.0,0.0,0.0,0.0,0.0,0.4302,0.2797,0.2901,2.17,3.15,3.42,2.32,3.58,3.45,2.63,4.35,4.16,0.4858,2.27,2.06,2.59,1.15,1.45,2.6,0.5231,0.7326,0.264,2.5,3.5,6.0,7.7,5.4,over_15_goals|total_3_cards,Over 1.5 goals + 3+ cards,lean,Over 1.5 goals:lost | 3+ cards:lost,0,2,lost,7.0,7.0,2.0,H,,,,,
2026-03-07,20:05,2526,F1,Ligue 1,Toulouse,Marseille,A,No external context supplied,,D D L L D,D D W W D,0.0,0.0,0.5,0.5,1.0,1.0,0.0,0.0,0.0,0.0,0.2609,0.2133,0.5259,2.93,3.46,2.28,3.83,4.69,1.9,4.74,6.13,2.1,0.5913,1.81,1.69,2.04,1.6,1.25,2.85,0.5694,0.7773,0.3192,5.5,3.6,9.1,8.9,5.6,over_15_goals|btts_yes|home_4_sot|total_3_cards,Over 1.5 goals + BTTS yes + Toulouse 4+ SOT + 3+ cards,strong,Over 1.5 goals:lost | BTTS yes:lost | Toulouse 4+ SOT:lost | 3+ cards:won,1,4,partial,5.0,6.0,5.0,A,,,,,
2026-03-07,17:00,2526,I1,Serie A,Atalanta,Udinese,D,No external context supplied,,D W W D L,D L L D W,0.0,0.0,0.5,0.5,1.0,1.0,0.0,0.0,0.0,0.0,0.5392,0.2644,0.1963,1.65,3.7,5.28,1.85,3.78,5.09,2.04,4.66,6.83,0.5097,1.88,1.96,2.44,1.4,0.9,2.3,0.4471,0.6691,0.2007,4.7,4.2,8.9,10.0,5.2,home_4_sot|total_8_corners|total_3_cards,Atalanta 4+ SOT + 8+ corners + 3+ cards,strong,Atalanta 4+ SOT:won | 8+ corners:won | 3+ cards:won,3,3,won,6.0,14.0,3.0,H,,,,,
2026-03-07,14:00,2526,I1,Serie A,Cagliari,Como,A,No external context supplied,,D L D,D W D,0.0,0.0,0.5,0.5,1.0,1.0,0.0,0.0,0.0,0.0,0.1962,0.2594,0.5444,5.58,3.84,1.6,5.1,3.85,1.84,6.84,4.78,2.02,0.4383,2.01,2.28,2.96,0.9,1.65,2.55,0.4795,0.7228,0.2532,2.9,4.4,7.3,8.2,5.2,over_15_goals|away_4_sot|total_3_cards,Over 1.5 goals + Como 4+ SOT + 3+ cards,strong,Over 1.5 goals:won | Como 4+ SOT:lost | 3+ cards:won,2,3,partial,5.0,5.0,4.0,A,,,,,
2026-03-07,19:45,2526,I1,Serie A,Juventus,Pisa,H,No external context supplied,,W,L,0.0,1.0,0.5,0.5,1.0,1.0,0.0,0.0,0.0,0.0,0.6404,0.197,0.1626,1.23,5.94,12.02,1.56,5.08,6.15,1.69,6.8,8.88,0.554,1.6,1.8,2.2,2.15,1.05,3.2,0.5743,0.8288,0.3975,4.5,3.7,8.2,7.7,3.4,over_15_goals|btts_yes|home_4_sot,Over 1.5 goals + BTTS yes + Juventus 4+ SOT,strong,Over 1.5 goals:won | BTTS yes:lost | Juventus 4+ SOT:won,2,3,partial,9.0,8.0,4.0,H,,,,,
2026-03-07,20:00,2526,SP1,La Liga,Ath Bilbao,Barcelona,A,No external context supplied,,L D L L L,W D W W W,0.0,1.0,0.5,0.5,1.0,1.0,0.0,0.0,0.0,0.0,0.2026,0.3112,0.4862,4.75,4.31,1.61,4.94,3.21,2.06,6.55,3.83,2.29,0.6088,1.47,1.64,1.97,1.05,2.0,3.05,0.5621,0.8082,0.364,4.4,5.5,9.9,9.4,4.4,over_15_goals|btts_yes|home_4_sot|total_3_cards,Over 1.5 goals + BTTS yes + Ath Bilbao 4+ SOT + 3+ cards,strong,Over 1.5 goals:lost | BTTS yes:lost | Ath Bilbao 4+ SOT:lost | 3+ cards:won,1,4,partial,5.0,6.0,3.0,A,,,,,
2026-03-07,17:30,2526,SP1,La Liga,Ath Madrid,Sociedad,H,No external context supplied,,W W D W D,L L D L D,0.0,0.0,0.5,0.5,1.0,1.0,0.0,0.0,0.0,0.0,0.6015,0.2179,0.1806,1.6,3.98,5.32,1.66,4.59,5.54,1.81,5.96,7.65,0.5672,1.75,1.76,2.14,1.45,1.3,2.75,0.5568,0.7603,0.297,4.3,4.5,8.8,10.0,3.6,over_15_goals|btts_yes|home_4_sot|total_8_corners,Over 1.5 goals + BTTS yes + Ath Madrid 4+ SOT + 8+ corners,strong,Over 1.5 goals:won | BTTS yes:won | Ath Madrid 4+ SOT:won | 8+ corners:won,4,4,won,12.0,9.0,2.0,H,,,,,
2026-03-07,15:15,2526,SP1,La Liga,Levante,Girona,D,No external context supplied,,L D D W W,W D D L L,0.0,0.0,0.5,0.5,1.0,1.0,0.0,0.0,0.0,0.0,0.3973,0.3039,0.2988,2.78,3.35,2.46,2.52,3.29,3.35,2.88,3.94,4.02,0.5358,1.89,1.87,2.29,1.15,1.35,2.5,0.5062,0.7127,0.2424,3.7,5.9,9.6,11.1,4.8,away_4_sot|total_8_corners|total_3_cards,Girona 4+ SOT + 8+ corners + 3+ cards,strong,Girona 4+ SOT:won | 8+ corners:lost | 3+ cards:won,2,3,partial,9.0,5.0,6.0,H,,,,,
2026-03-07,13:00,2526,SP1,La Liga,Osasuna,Mallorca,D,No external context supplied,,L D W D D,W D L D D,0.0,0.0,0.5,0.5,1.0,1.0,0.0,0.0,0.0,0.0,0.4941,0.276,0.23,1.74,3.55,4.93,2.02,3.62,4.35,2.25,4.43,5.56,0.5061,2.16,1.98,2.46,1.75,1.05,2.8,0.5371,0.7689,0.3081,4.0,3.4,7.4,10.6,4.6,over_15_goals|total_8_corners|total_3_cards,Over 1.5 goals + 8+ corners + 3+ cards,strong,Over 1.5 goals:won | 8+ corners:won | 3+ cards:won,3,3,won,9.0,8.0,11.0,H,,,,,
2026-03-08,14:30,2526,D1,Bundesliga,St Pauli,Ein Frankfurt,D,No external context supplied,,L D L,W D W,0.0,0.0,0.5,0.5,1.0,1.0,0.0,0.0,0.0,0.0,0.3442,0.3067,0.3491,2.64,3.3,2.56,2.9,3.26,2.86,3.4,3.9,3.34,0.5103,1.96,1.96,2.44,1.5,1.65,3.15,0.6277,0.8222,0.3863,4.3,5.5,9.8,9.9,4.6,over_15_goals|btts_yes|home_4_sot|total_8_corners|total_3_cards,Over 1.5 goals + BTTS yes + St Pauli 4+ SOT + 8+ corners,strong,Over 1.5 goals:lost | BTTS yes:lost | St Pauli 4+ SOT:lost | 8+ corners:won | 3+ cards:won,2,5,partial,4.0,11.0,3.0,A,,,,,
2026-03-08,16:30,2526,D1,Bundesliga,Union Berlin,Werder Bremen,A,No external context supplied,,L W L D L,W L W D W,0.0,0.0,0.5,0.5,1.0,1.0,0.0,0.0,0.0,0.0,0.323,0.2967,0.3803,2.2,3.3,3.2,3.1,3.37,2.63,3.66,4.05,3.03,0.4546,1.97,2.2,2.82,1.3,1.1,2.4,0.4853,0.6916,0.2213,3.3,4.1,7.4,8.5,5.4,total_3_cards,3+ cards,lean,3+ cards:won,1,1,won,7.0,4.0,6.0,A,,,,,
2026-03-08,16:15,2526,F1,Ligue 1,Brest,Le Havre,H,No external context supplied,,W W W W L,L L L L W,0.0,0.0,0.5,0.5,1.0,1.0,0.0,0.0,0.0,0.0,0.4608,0.2979,0.2412,1.86,3.46,3.97,2.17,3.36,4.15,2.43,4.03,5.23,0.4695,1.97,2.13,2.71,1.1,0.85,1.95,0.382,0.5803,0.134,4.2,3.8,8.0,10.7,4.6,home_4_sot|total_8_corners|total_3_cards,Brest 4+ SOT + 8+ corners + 3+ cards,strong,Brest 4+ SOT:lost | 8+ corners:lost | 3+ cards:won,1,3,partial,2.0,4.0,4.0,H,,,,,
2026-03-08,14:00,2526,F1,Ligue 1,Lens,Metz,H,No external context supplied,,W D L L L,L D W W W,0.0,0.0,0.5,0.5,1.0,1.0,0.0,0.0,0.0,0.0,0.5715,0.2561,0.1724,1.26,5.74,9.96,1.75,3.9,5.8,1.92,4.85,8.17,0.6461,1.47,1.55,1.83,2.15,0.85,3.0,0.5059,0.8009,0.3528,4.3,3.1,7.4,8.4,4.6,over_15_goals|home_4_sot|total_3_cards,Over 1.5 goals + Lens 4+ SOT + 3+ cards,strong,Over 1.5 goals:won | Lens 4+ SOT:won | 3+ cards:won,3,3,won,7.0,10.0,3.0,H,,,,,
2026-03-08,16:15,2526,F1,Ligue 1,Lille,Lorient,D,No external context supplied,,L W L W W,W L W L L,0.0,0.0,0.5,0.5,1.0,1.0,0.0,0.0,0.0,0.0,0.5668,0.2521,0.1811,1.55,4.0,5.74,1.76,3.97,5.52,1.93,4.95,7.63,0.5611,1.82,1.78,2.17,0.95,1.5,2.45,0.4764,0.7023,0.2318,3.5,2.9,6.4,8.7,3.4,,No builder lean,none,,,0,,7.0,6.0,5.0,H,,,,,
2026-03-08,19:45,2526,F1,Ligue 1,Lyon,Paris FC,D,No external context supplied,,D,D,0.0,0.0,0.5,0.5,1.0,1.0,0.0,0.0,0.0,0.0,0.5556,0.247,0.1975,1.64,3.86,4.97,1.8,4.05,5.06,1.98,5.08,6.78,0.5971,1.79,1.67,2.01,1.6,0.9,2.5,0.4736,0.7127,0.2424,4.0,4.5,8.5,10.2,6.4,away_4_sot|total_8_corners|total_3_cards,Paris FC 4+ SOT + 8+ corners + 3+ cards,strong,Paris FC 4+ SOT:won | 8+ corners:won | 3+ cards:lost,2,3,partial,8.0,10.0,2.0,H,,,,,
2026-03-08,16:15,2526,F1,Ligue 1,Nice,Rennes,A,No external context supplied,,W L W L W,L W L W L,0.0,0.0,0.5,0.5,1.0,1.0,0.0,0.0,0.0,0.0,0.3726,0.2989,0.3284,2.74,3.56,2.36,2.68,3.35,3.04,3.1,4.02,3.59,0.5247,1.63,1.91,2.35,1.4,1.6,3.0,0.6013,0.8009,0.3528,4.0,3.5,7.5,10.6,4.4,over_15_goals|btts_yes|total_8_corners|total_3_cards,Over 1.5 goals + BTTS yes + 8+ corners + 3+ cards,strong,Over 1.5 goals:won | BTTS yes:lost | 8+ corners:won | 3+ cards:won,3,4,partial,8.0,8.0,3.0,H,,,,,
2026-03-08,14:00,2526,I1,Serie A,Bologna,Verona,A,No external context supplied,,D W L W W,D L W L L,0.0,0.0,0.5,0.5,1.0,1.0,0.0,0.0,0.0,0.0,0.5573,0.2756,0.1671,1.54,3.89,6.2,1.79,3.63,5.98,1.97,4.43,8.54,0.5306,1.99,1.88,2.32,1.55,1.1,2.65,0.5255,0.7421,0.2749,4.4,1.9,6.3,9.4,5.2,over_15_goals|home_4_sot|total_3_cards,Over 1.5 goals + Bologna 4+ SOT + 3+ cards,strong,Over 1.5 goals:won | Bologna 4+ SOT:lost | 3+ cards:won,2,3,partial,7.0,8.0,3.0,H,,,,,
2026-03-08,14:00,2526,I1,Serie A,Fiorentina,Parma,D,No external context supplied,,D D D D L,D D D D W,0.0,0.0,0.5,0.5,1.0,1.0,0.0,0.0,0.0,0.0,0.4622,0.3164,0.2214,1.7,3.64,4.89,2.16,3.16,4.52,2.43,3.75,5.83,0.4858,1.86,2.06,2.59,1.3,1.1,2.4,0.4853,0.6916,0.2213,4.0,4.1,8.1,8.7,4.6,total_3_cards,3+ cards,lean,3+ cards:lost,0,1,lost,1.0,8.0,2.0,H,,,,,
2026-03-08,17:00,2526,I1,Serie A,Genoa,Roma,H,No external context supplied,,W L D L L,L W D W W,0.0,0.0,0.5,0.5,1.0,1.0,0.0,0.0,0.0,0.0,0.2196,0.2224,0.5579,4.22,3.32,1.89,4.55,4.5,1.79,5.89,5.8,1.97,0.4546,2.32,2.2,2.82,1.15,1.45,2.6,0.5231,0.7326,0.264,3.7,4.6,8.3,8.5,3.0,over_15_goals|away_4_sot,Over 1.5 goals + Roma 4+ SOT,lean,Over 1.5 goals:won | Roma 4+ SOT:lost,1,2,partial,6.0,9.0,4.0,A,,,,,
2026-03-08,11:30,2526,I1,Serie A,Lecce,Cremonese,H,No external context supplied,,D W L,D L W,0.0,0.0,0.5,0.5,1.0,1.0,0.0,0.0,0.0,0.0,0.512,0.3148,0.1732,2.11,2.96,3.89,1.95,3.18,5.77,2.16,3.78,8.12,0.4261,2.64,2.35,3.07,1.2,0.8,2.0,0.3848,0.594,0.1429,4.3,3.8,8.1,10.8,2.6,home_4_sot|total_8_corners,Lecce 4+ SOT + 8+ corners,lean,Lecce 4+ SOT:lost | 8+ corners:won,1,2,partial,8.0,8.0,7.0,H,,,,,
2026-03-08,19:45,2526,I1,Serie A,Milan,Inter,H,No external context supplied,,L L W D W,W W L D L,0.0,1.0,0.5,0.5,1.0,1.0,0.0,0.0,0.0,0.0,0.2125,0.2819,0.5057,3.41,3.14,2.19,4.71,3.55,1.98,6.16,4.31,2.19,0.4681,1.95,2.14,2.72,1.05,1.65,2.7,0.5252,0.7513,0.2859,3.6,5.3,8.9,8.4,3.6,over_15_goals|away_4_sot,Over 1.5 goals + Inter 4+ SOT,lean,Over 1.5 goals:lost | Inter 4+ SOT:lost,0,2,lost,4.0,7.0,4.0,A,,,,,
2026-03-08,15:15,2526,SP1,La Liga,Getafe,Betis,H,No external context supplied,,D D L L L,D D W W W,0.0,0.0,0.5,0.5,1.0,1.0,0.0,0.0,0.0,0.0,0.3498,0.3108,0.3394,2.8,2.84,2.72,2.86,3.22,2.95,3.34,3.83,3.46,0.1523,2.69,6.57,19.12,1.05,1.4,2.45,0.4898,0.7023,0.2318,3.6,3.5,7.1,8.3,6.0,total_3_cards,3+ cards,lean,3+ cards:won,1,1,won,10.0,11.0,5.0,H,,,,,
2026-03-08,17:30,2526,SP1,La Liga,Sevilla,Vallecano,D,No external context supplied,,D W W D W,D L L D L,0.0,0.0,0.5,0.5,1.0,1.0,0.0,0.0,0.0,0.0,0.4432,0.2889,0.2679,2.47,3.1,2.93,2.26,3.46,3.73,2.54,4.19,4.59,0.3806,2.17,2.63,3.56,1.3,1.5,2.8,0.5651,0.7689,0.3081,3.3,4.9,8.2,9.4,7.0,over_15_goals|btts_yes|away_4_sot|total_3_cards,Over 1.5 goals + BTTS yes + Vallecano 4+ SOT + 3+ cards,strong,Over 1.5 goals:won | BTTS yes:won | Vallecano 4+ SOT:lost | 3+ cards:won,3,4,partial,4.0,8.0,4.0,H,,,,,
2026-03-08,20:00,2526,SP1,La Liga,Valencia,Alaves,H,No external context supplied,,L L D L D,W W D W D,0.0,0.0,0.5,0.5,1.0,1.0,0.0,0.0,0.0,0.0,0.4402,0.3335,0.2263,2.06,3.1,3.85,2.27,3.0,4.42,2.56,3.53,5.67,0.4843,2.38,2.06,2.6,1.45,1.15,2.6,0.5231,0.7326,0.264,3.0,4.0,7.0,9.1,5.4,over_15_goals|total_3_cards,Over 1.5 goals + 3+ cards,lean,Over 1.5 goals:won | 3+ cards:won,2,2,won,12.0,12.0,11.0,H,,,,,
2026-03-08,13:00,2526,SP1,La Liga,Villarreal,Elche,H,No external context supplied,,W L W L W,L W L W L,0.0,0.0,0.5,0.5,1.0,1.0,0.0,0.0,0.0,0.0,0.5603,0.2794,0.1603,1.47,4.49,5.99,1.78,3.58,6.24,1.96,4.36,9.06,0.5425,1.56,1.84,2.26,1.8,1.55,3.35,0.6575,0.8474,0.4307,4.2,4.3,8.5,7.7,5.0,over_15_goals|btts_yes|home_4_sot|total_3_cards,Over 1.5 goals + BTTS yes + Villarreal 4+ SOT + 3+ cards,strong,Over 1.5 goals:won | BTTS yes:won | Villarreal 4+ SOT:won | 3+ cards:won,4,4,won,13.0,10.0,3.0,H,,,,,
2026-03-09,19:45,2526,I1,Serie A,Lazio,Sassuolo,H,No external context supplied,,W W W D L,L L L D W,0.0,0.0,0.5,0.5,1.0,1.0,0.0,0.0,0.0,0.0,0.4047,0.2653,0.3301,2.16,3.18,3.42,2.47,3.77,3.03,2.82,4.65,3.57,0.4858,2.17,2.06,2.59,1.15,1.35,2.5,0.5062,0.7127,0.2424,4.4,4.3,8.7,10.4,4.8,home_4_sot|total_8_corners|total_3_cards,Lazio 4+ SOT + 8+ corners + 3+ cards,strong,Lazio 4+ SOT:won | 8+ corners:lost | 3+ cards:won,2,3,partial,9.0,7.0,4.0,H,,,,,
2026-03-09,20:00,2526,SP1,La Liga,Espanol,Oviedo,D,No external context supplied,,W,L,0.0,1.0,0.5,0.5,1.0,1.0,0.0,0.0,0.0,0.0,0.383,0.3347,0.2823,1.88,3.31,4.25,2.61,2.99,3.54,3.0,3.51,4.3,0.4642,2.15,2.15,2.75,1.5,1.6,3.1,0.62,0.8153,0.3752,3.5,5.2,8.7,8.6,4.2,over_15_goals|btts_yes|away_4_sot|total_3_cards,Over 1.5 goals + BTTS yes + Oviedo 4+ SOT + 3+ cards,strong,Over 1.5 goals:won | BTTS yes:won | Oviedo 4+ SOT:lost | 3+ cards:won,3,4,partial,12.0,8.0,5.0,H,,,,,
2026-03-13,19:30,2526,D1,Bundesliga,M'gladbach,St Pauli,H,No external context supplied,,W D W,L D L,0.0,0.0,0.5,0.5,1.0,1.0,0.0,0.0,0.0,0.0,0.4869,0.2827,0.2304,1.9,3.31,4.22,2.05,3.54,4.34,2.29,4.3,5.54,0.4455,2.21,2.24,2.89,1.2,1.45,2.65,0.5349,0.7421,0.2749,5.0,4.5,9.5,8.7,3.8,over_15_goals|home_4_sot,Over 1.5 goals + M'gladbach 4+ SOT,lean,Over 1.5 goals:won | M'gladbach 4+ SOT:won,2,2,won,5.0,4.0,3.0,H,,,,,
2026-03-13,19:45,2526,F1,Ligue 1,Marseille,Auxerre,H,No external context supplied,,W W L L W,L L W W L,0.0,0.0,0.5,0.5,1.0,1.0,0.0,0.0,0.0,0.0,0.5626,0.2531,0.1843,1.41,4.76,6.79,1.78,3.95,5.43,1.95,4.92,7.45,0.5503,1.56,1.82,2.22,1.55,1.3,2.85,0.5731,0.7773,0.3192,4.8,3.7,8.5,8.3,5.0,over_15_goals|btts_yes|home_4_sot|total_3_cards,Over 1.5 goals + BTTS yes + Marseille 4+ SOT + 3+ cards,strong,Over 1.5 goals:lost | BTTS yes:lost | Marseille 4+ SOT:lost | 3+ cards:won,1,4,partial,6.0,11.0,6.0,H,,,,,
2026-03-13,19:45,2526,I1,Serie A,Torino,Parma,H,No external context supplied,,W W D D L,L L D D W,0.0,0.0,0.5,0.5,1.0,1.0,0.0,0.0,0.0,0.0,0.4442,0.2864,0.2693,2.13,2.98,3.84,2.25,3.49,3.71,2.54,4.23,4.56,0.4383,2.29,2.28,2.96,0.95,1.45,2.4,0.4694,0.6916,0.2213,3.3,4.4,7.7,9.7,5.6,away_4_sot|total_8_corners|total_3_cards,Parma 4+ SOT + 8+ corners + 3+ cards,strong,Parma 4+ SOT:lost | 8+ corners:won | 3+ cards:won,2,3,partial,9.0,9.0,4.0,H,,,,,
2026-03-13,20:00,2526,SP1,La Liga,Alaves,Villarreal,D,No external context supplied,,D D L W L,D D W L W,0.0,0.0,0.5,0.5,1.0,1.0,0.0,0.0,0.0,0.0,0.2983,0.2741,0.4276,3.25,3.35,2.19,3.35,3.65,2.34,4.03,4.46,2.65,0.5133,1.93,1.95,2.42,1.35,1.65,3.0,0.5985,0.8009,0.3528,4.6,4.6,9.2,8.9,6.6,over_15_goals|btts_yes|home_4_sot|total_3_cards,Over 1.5 goals + BTTS yes + Alaves 4+ SOT + 3+ cards,strong,Over 1.5 goals:won | BTTS yes:won | Alaves 4+ SOT:lost | 3+ cards:won,3,4,partial,4.0,7.0,5.0,A,,,,,
2026-03-14,14:30,2526,D1,Bundesliga,Dortmund,Augsburg,H,No external context supplied,,D W L L W,D L W W L,0.0,0.0,0.5,0.5,1.0,1.0,0.0,0.0,0.0,0.0,0.66,0.2147,0.1253,1.4,4.88,6.75,1.52,4.66,7.98,1.64,6.07,13.28,0.5742,1.51,1.74,2.11,2.1,1.4,3.5,0.6611,0.8641,0.4634,4.7,4.5,9.2,11.1,4.6,over_15_goals|btts_yes|home_4_sot|total_8_corners|total_3_cards,Over 1.5 goals + BTTS yes + Dortmund 4+ SOT + 8+ corners,strong,Over 1.5 goals:won | BTTS yes:lost | Dortmund 4+ SOT:won | 8+ corners:won | 3+ cards:lost,3,5,partial,8.0,14.0,0.0,H,,,,,
2026-03-14,14:30,2526,D1,Bundesliga,Ein Frankfurt,Heidenheim,H,No external context supplied,,W W W W D,L L L L D,0.0,0.0,0.5,0.5,1.0,1.0,0.0,0.0,0.0,0.0,0.5349,0.2891,0.176,1.52,4.38,5.44,1.87,3.46,5.68,2.06,4.18,7.93,0.4642,1.54,2.15,2.75,2.05,1.5,3.55,0.6769,0.8693,0.4741,5.2,3.5,8.7,9.5,3.2,over_15_goals|btts_yes|home_4_sot|total_8_corners,Over 1.5 goals + BTTS yes + Ein Frankfurt 4+ SOT + 8+ corners,strong,Over 1.5 goals:lost | BTTS yes:lost | Ein Frankfurt 4+ SOT:won | 8+ corners:won,2,4,partial,5.0,9.0,7.0,H,,,,,
2026-03-14,17:30,2526,D1,Bundesliga,Hamburg,FC Koln,D,No external context supplied,,W L L,L W W,0.0,0.0,0.5,0.5,1.0,1.0,0.0,0.0,0.0,0.0,0.3568,0.2856,0.3576,2.09,3.52,3.21,2.8,3.5,2.8,3.26,4.24,3.25,0.4954,1.74,2.02,2.53,1.55,1.15,2.7,0.5383,0.7513,0.2859,4.5,3.8,8.3,10.5,3.6,over_15_goals|home_4_sot|total_8_corners,Over 1.5 goals + Hamburg 4+ SOT + 8+ corners,strong,Over 1.5 goals:won | Hamburg 4+ SOT:lost | 8+ corners:won,2,3,partial,3.0,9.0,6.0,A,,,,,
2026-03-14,14:30,2526,D1,Bundesliga,Hoffenheim,Wolfsburg,D,No external context supplied,,W D L D W,L D W D L,0.0,0.0,0.5,0.5,1.0,1.0,0.0,0.0,0.0,0.0,0.5463,0.2334,0.2203,1.44,4.78,6.04,1.83,4.28,4.54,2.01,5.45,5.87,0.6488,1.42,1.54,1.82,2.55,1.2,3.75,0.6442,0.8883,0.5162,7.3,4.2,11.5,11.0,4.4,over_15_goals|btts_yes|home_4_sot|total_8_corners|total_3_cards,Over 1.5 goals + BTTS yes + Hoffenheim 4+ SOT + 8+ corners,strong,Over 1.5 goals:won | BTTS yes:won | Hoffenheim 4+ SOT:won | 8+ corners:won | 3+ cards:won,5,5,won,8.0,20.0,3.0,H,,,,,
2026-03-14,14:30,2526,D1,Bundesliga,Leverkusen,Bayern Munich,D,No external context supplied,,D W D D L,D L D D W,0.0,1.0,0.5,0.5,1.0,1.0,0.0,0.0,0.0,0.0,0.2629,0.3493,0.3878,4.98,4.59,1.53,3.8,2.86,2.58,4.7,3.34,2.96,0.5358,1.36,1.87,2.29,1.4,2.45,3.85,0.6884,0.8968,0.5367,3.9,6.9,10.8,8.6,2.4,over_15_goals|btts_yes|away_4_sot,Over 1.5 goals + BTTS yes + Bayern Munich 4+ SOT,strong,Over 1.5 goals:won | BTTS yes:won | Bayern Munich 4+ SOT:won,3,3,won,12.0,5.0,11.0,A,,,,,
2026-03-14,17:30,2526,E0,Premier League,Arsenal,Everton,H,No external context supplied,"Weather: rain 0.6mm, gusts 32.8km/h, snow 0.1cm",W W D D W,L L D D L,0.0,0.0,0.5,0.5,1.0,1.0,0.0,0.0,0.0,0.0,0.6327,0.2397,0.1276,1.37,4.56,8.83,1.58,4.17,7.83,1.72,5.27,12.88,0.5422,1.9,1.84,2.26,1.6,1.1,2.7,0.5324,0.7513,0.2859,3.9,3.9,7.8,9.3,3.8,over_15_goals,Over 1.5 goals,lean,Over 1.5 goals:won,1,1,won,10.0,11.0,0.0,H,,,,,
2026-03-14,15:00,2526,E0,Premier League,Burnley,Bournemouth,D,No external context supplied,"Weather: rain 0.1mm, gusts 39.2km/h, snow 0.0cm",W W L L D,L L W W D,0.0,0.0,0.5,0.5,1.0,1.0,0.0,0.0,0.0,0.0,0.2896,0.2794,0.431,4.02,3.83,1.82,3.45,3.58,2.32,4.17,4.36,2.62,0.5569,1.68,1.8,2.19,1.15,1.8,2.95,0.5704,0.7933,0.3416,3.6,4.6,8.2,10.7,4.0,over_15_goals|btts_yes|away_4_sot|total_8_corners,Over 1.5 goals + BTTS yes + Bournemouth 4+ SOT + 8+ corners,strong,Over 1.5 goals:lost | BTTS yes:lost | Bournemouth 4+ SOT:lost | 8+ corners:won,1,4,partial,5.0,13.0,1.0,A,,,,,
2026-03-14,17:30,2526,E0,Premier League,Chelsea,Newcastle,A,No external context supplied,"Weather: rain 0.7mm, gusts 32.0km/h, snow 0.2cm",L W W L D,W L L W D,0.0,0.0,0.5,0.5,1.0,1.0,0.0,0.0,0.0,0.0,0.5641,0.1904,0.2455,1.79,4.12,3.86,1.77,5.25,4.07,1.95,7.12,5.11,0.6792,1.47,1.47,1.73,2.0,1.45,3.45,0.6618,0.8587,0.4525,4.7,4.6,9.3,10.3,6.2,over_15_goals|btts_yes|home_4_sot|total_8_corners|total_3_cards,Over 1.5 goals + BTTS yes + Chelsea 4+ SOT + 8+ corners,strong,Over 1.5 goals:lost | BTTS yes:lost | Chelsea 4+ SOT:lost | 8+ corners:won | 3+ cards:won,2,5,partial,8.0,9.0,4.0,H,,,,,
2026-03-14,15:00,2526,E0,Premier League,Sunderland,Brighton,A,No external context supplied,"Weather: rain 0.3mm, gusts 38.5km/h, snow 0.0cm",D,D,0.0,0.0,0.5,0.5,1.0,1.0,0.0,0.0,0.0,0.0,0.2123,0.3131,0.4746,3.26,3.27,2.23,4.71,3.19,2.11,6.16,3.8,2.36,0.5422,2.04,1.84,2.26,0.95,1.3,2.25,0.4461,0.6575,0.1906,2.6,4.3,6.9,9.6,4.4,away_4_sot|total_8_corners|total_3_cards,Brighton 4+ SOT + 8+ corners + 3+ cards,strong,Brighton 4+ SOT:won | 8+ corners:won | 3+ cards:won,3,3,won,8.0,10.0,3.0,A,,,,,
2026-03-14,20:00,2526,E0,Premier League,West Ham,Man City,D,No external context supplied,"Weather: rain 0.9mm, gusts 33.8km/h, snow 0.3cm",L L L L L,W W W W W,0.0,1.0,0.5,0.5,1.0,1.0,0.0,0.0,0.0,0.0,0.1798,0.3697,0.4504,4.43,4.15,1.69,5.56,2.7,2.22,7.7,3.13,2.5,0.5986,1.52,1.67,2.01,1.2,1.6,2.8,0.5577,0.7689,0.3081,3.7,5.6,9.3,9.8,4.2,over_15_goals|btts_yes|away_4_sot|total_8_corners|total_3_cards,Over 1.5 goals + BTTS yes + Man City 4+ SOT + 8+ corners,strong,Over 1.5 goals:won | BTTS yes:won | Man City 4+ SOT:won | 8+ corners:won | 3+ cards:won,5,5,won,7.0,16.0,4.0,A,,,,,
2026-03-14,18:00,2526,F1,Ligue 1,Angers,Nice,A,No external context supplied,,W D L L W,L D W W L,0.0,0.0,0.5,0.5,1.0,1.0,0.0,0.0,0.0,0.0,0.2499,0.2646,0.4854,2.98,3.16,2.39,4.0,3.78,2.06,5.0,4.66,2.3,0.5155,2.0,1.94,2.41,1.55,1.2,2.75,0.5505,0.7603,0.297,3.6,3.4,7.0,9.4,4.0,over_15_goals|btts_yes,Over 1.5 goals + BTTS yes,lean,Over 1.5 goals:won | BTTS yes:lost,1,2,partial,9.0,13.0,4.0,A,,,,,
2026-03-14,16:00,2526,F1,Ligue 1,Lorient,Lens,H,No external context supplied,,L L D L L,W W D W W,0.0,0.0,0.5,0.5,1.0,1.0,0.0,0.0,0.0,0.0,0.2654,0.1852,0.5494,4.04,3.6,1.84,3.77,5.4,1.82,4.64,7.39,2.0,0.5808,1.79,1.72,2.08,1.2,1.65,2.85,0.5646,0.7773,0.3192,3.6,4.5,8.1,9.0,3.2,over_15_goals|btts_yes|away_4_sot,Over 1.5 goals + BTTS yes + Lens 4+ SOT,strong,Over 1.5 goals:won | BTTS yes:won | Lens 4+ SOT:won,3,3,won,9.0,11.0,5.0,A,,,,,
2026-03-14,20:05,2526,F1,Ligue 1,Monaco,Brest,H,No external context supplied,,W W W L L,L L L W W,0.0,0.0,0.5,0.5,1.0,1.0,0.0,0.0,0.0,0.0,0.4738,0.3038,0.2225,1.64,4.03,4.67,2.11,3.29,4.5,2.36,3.94,5.8,0.5672,1.61,1.76,2.14,1.35,1.25,2.6,0.5285,0.7326,0.264,4.0,3.6,7.6,10.5,4.6,over_15_goals|total_8_corners|total_3_cards,Over 1.5 goals + 8+ corners + 3+ cards,strong,Over 1.5 goals:won | 8+ corners:won | 3+ cards:won,3,3,won,5.0,11.0,3.0,H,,,,,
2026-03-14,14:00,2526,I1,Serie A,Inter,Atalanta,D,No external context supplied,,W W W W W,L L L L L,1.0,0.0,0.5,0.5,1.0,1.0,0.0,0.0,0.0,0.0,0.5199,0.2818,0.1983,1.53,4.23,5.79,1.92,3.55,5.04,2.13,4.31,6.75,0.5727,1.7,1.75,2.12,1.55,1.25,2.8,0.5621,0.7689,0.3081,5.5,4.6,10.1,10.4,4.2,over_15_goals|btts_yes|home_4_sot|total_8_corners|total_3_cards,Over 1.5 goals + BTTS yes + Inter 4+ SOT + 8+ corners,strong,Over 1.5 goals:won | BTTS yes:won | Inter 4+ SOT:lost | 8+ corners:lost | 3+ cards:won,3,5,partial,6.0,5.0,4.0,H,,,,,
2026-03-14,17:00,2526,I1,Serie A,Napoli,Lecce,H,No external context supplied,,W D W W W,L D L L L,0.0,0.0,0.5,0.5,1.0,1.0,0.0,0.0,0.0,0.0,0.5871,0.277,0.1359,1.34,4.53,9.86,1.7,3.61,7.36,1.86,4.4,11.64,0.4141,2.14,2.42,3.18,1.35,1.1,2.45,0.4942,0.7023,0.2318,5.2,3.2,8.4,8.0,3.2,home_4_sot,Napoli 4+ SOT,lean,Napoli 4+ SOT:won,1,1,won,6.0,14.0,1.0,H,,,,,
2026-03-14,19:45,2526,I1,Serie A,Udinese,Juventus,A,No external context supplied,,L W L L L,W L W W W,0.0,0.0,0.5,0.5,1.0,1.0,0.0,0.0,0.0,0.0,0.1763,0.2787,0.545,6.03,4.02,1.53,5.67,3.59,1.83,7.92,4.37,2.02,0.4552,1.92,2.2,2.82,1.35,1.9,3.25,0.63,0.8352,0.4086,3.5,4.9,8.4,8.8,3.0,over_15_goals|btts_yes|away_4_sot,Over 1.5 goals + BTTS yes + Juventus 4+ SOT,strong,Over 1.5 goals:lost | BTTS yes:lost | Juventus 4+ SOT:won,1,3,partial,10.0,8.0,4.0,A,,,,,
2026-03-14,15:15,2526,SP1,La Liga,Ath Madrid,Getafe,H,No external context supplied,,D W W L W,D L L W L,0.0,0.0,0.5,0.5,1.0,1.0,0.0,0.0,0.0,0.0,0.545,0.2773,0.1777,1.55,3.67,6.91,1.83,3.61,5.63,2.02,4.4,7.83,0.4864,2.34,2.06,2.59,1.15,0.95,2.1,0.4191,0.6204,0.1614,4.7,4.2,8.9,9.3,6.0,home_4_sot|total_3_cards,Ath Madrid 4+ SOT + 3+ cards,lean,Ath Madrid 4+ SOT:won | 3+ cards:won,2,2,won,8.0,13.0,8.0,H,,,,,
2026-03-14,13:00,2526,SP1,La Liga,Girona,Ath Bilbao,H,No external context supplied,,D L W L D,D W L W D,0.0,0.0,0.5,0.5,1.0,1.0,0.0,0.0,0.0,0.0,0.3141,0.2573,0.4285,2.66,3.31,2.59,3.18,3.89,2.33,3.79,4.82,2.64,0.4954,1.99,2.02,2.53,1.4,1.25,2.65,0.5375,0.7421,0.2749,4.7,4.6,9.3,8.8,5.0,over_15_goals|home_4_sot|total_3_cards,Over 1.5 goals + Girona 4+ SOT + 3+ cards,strong,Over 1.5 goals:won | Girona 4+ SOT:won | 3+ cards:lost,2,3,partial,15.0,11.0,2.0,A,,,,,
2026-03-14,17:30,2526,SP1,La Liga,Oviedo,Valencia,H,No external context supplied,,W,L,1.0,0.0,0.5,0.5,1.0,1.0,0.0,0.0,0.0,0.0,0.3639,0.2461,0.39,2.86,3.11,2.53,2.75,4.06,2.56,3.19,5.1,2.94,0.407,2.31,2.46,3.26,1.25,1.6,2.85,0.5694,0.7773,0.3192,3.4,4.3,7.7,9.9,4.0,over_15_goals|btts_yes|away_4_sot|total_8_corners,Over 1.5 goals + BTTS yes + Valencia 4+ SOT + 8+ corners,strong,Over 1.5 goals:lost | BTTS yes:lost | Valencia 4+ SOT:lost | 8+ corners:won,1,4,partial,8.0,11.0,5.0,A,,,,,
2026-03-14,20:00,2526,SP1,La Liga,Real Madrid,Elche,H,No external context supplied,,W D W W D,L D L L D,1.0,0.0,0.5,0.5,1.0,1.0,0.0,0.0,0.0,0.0,0.6473,0.2308,0.1219,1.3,5.66,8.41,1.54,4.33,8.2,1.67,5.53,13.91,0.618,1.42,1.62,1.93,2.15,0.95,3.1,0.5418,0.8153,0.3752,5.0,3.9,8.9,9.0,5.2,over_15_goals|btts_yes|home_4_sot|total_3_cards,Over 1.5 goals + BTTS yes + Real Madrid 4+ SOT + 3+ cards,strong,Over 1.5 goals:won | BTTS yes:won | Real Madrid 4+ SOT:won | 3+ cards:won,4,4,won,7.0,9.0,4.0,H,,,,,
2026-03-15,16:30,2526,D1,Bundesliga,Freiburg,Union Berlin,A,No external context supplied,,D L D L D,D W D W D,0.0,0.0,0.5,0.5,1.0,1.0,0.0,0.0,0.0,0.0,0.4434,0.3024,0.2542,2.11,3.26,3.45,2.26,3.31,3.93,2.54,3.96,4.9,0.5297,2.1,1.89,2.33,1.55,1.3,2.85,0.5731,0.7773,0.3192,4.0,4.2,8.2,8.5,5.2,over_15_goals|btts_yes|away_4_sot|total_3_cards,Over 1.5 goals + BTTS yes + Union Berlin 4+ SOT + 3+ cards,strong,Over 1.5 goals:lost | BTTS yes:lost | Union Berlin 4+ SOT:won | 3+ cards:lost,1,4,partial,10.0,8.0,2.0,H,,,,,
2026-03-15,18:30,2526,D1,Bundesliga,Stuttgart,RB Leipzig,H,No external context supplied,,L W W W L,W L L L W,0.0,0.0,0.5,0.5,1.0,1.0,0.0,0.0,0.0,0.0,0.4979,0.2028,0.2993,2.26,3.85,2.69,2.01,4.93,3.34,2.23,6.54,4.01,0.6792,1.36,1.47,1.73,2.0,1.5,3.5,0.6717,0.8641,0.4634,4.9,5.5,10.4,9.5,4.2,over_15_goals|btts_yes|home_4_sot|total_8_corners|total_3_cards,Over 1.5 goals + BTTS yes + Stuttgart 4+ SOT + 8+ corners,strong,Over 1.5 goals:lost | BTTS yes:lost | Stuttgart 4+ SOT:won | 8+ corners:won | 3+ cards:won,3,5,partial,8.0,11.0,3.0,H,,,,,
2026-03-15,14:30,2526,D1,Bundesliga,Werder Bremen,Mainz,A,No external context supplied,,W W W W D,L L L L D,0.0,0.0,0.5,0.5,1.0,1.0,0.0,0.0,0.0,0.0,0.3664,0.2811,0.3525,2.2,3.46,3.05,2.73,3.56,2.84,3.16,4.33,3.31,0.5199,1.73,1.92,2.38,1.3,1.65,2.95,0.5878,0.7933,0.3416,5.1,4.0,9.1,8.0,4.6,over_15_goals|btts_yes|home_4_sot|total_3_cards,Over 1.5 goals + BTTS yes + Werder Bremen 4+ SOT + 3+ cards,strong,Over 1.5 goals:won | BTTS yes:lost | Werder Bremen 4+ SOT:lost | 3+ cards:won,2,4,partial,5.0,13.0,3.0,H,,,,,
2026-03-15,14:00,2526,E0,Premier League,Crystal Palace,Leeds,D,No external context supplied,"Weather: rain 1.8mm, gusts 62.6km/h, snow 0.0cm",L D W W L,W D L L W,0.0,0.0,0.5,0.5,1.0,1.0,0.0,0.0,0.0,0.0,0.3238,0.2659,0.4103,2.49,3.24,2.85,3.09,3.76,2.44,3.65,4.63,2.78,0.4688,2.03,2.13,2.71,1.35,1.3,2.65,0.5389,0.7421,0.2749,3.7,4.4,8.1,9.2,5.2,over_15_goals|away_4_sot|total_3_cards,Over 1.5 goals + Leeds 4+ SOT + 3+ cards,strong,Over 1.5 goals:lost | Leeds 4+ SOT:lost | 3+ cards:won,1,3,partial,3.0,11.0,5.0,A,,,,,
2026-03-15,16:30,2526,E0,Premier League,Liverpool,Tottenham,D,No external context supplied,"Weather: rain 8.6mm, gusts 63.0km/h, snow 0.4cm",L W W W W,W L L L L,1.0,0.0,0.5,0.5,1.0,1.0,0.0,0.0,0.0,0.0,0.7606,0.1619,0.0775,1.29,5.79,8.72,1.31,6.18,12.9,1.41,8.94,36.36,0.5314,1.42,1.88,2.32,2.05,1.25,3.3,0.6216,0.8414,0.4197,5.5,3.1,8.6,11.0,4.4,over_15_goals|btts_yes|home_4_sot|total_8_corners|total_3_cards,Over 1.5 goals + BTTS yes + Liverpool 4+ SOT + 8+ corners,strong,Over 1.5 goals:won | BTTS yes:won | Liverpool 4+ SOT:won | 8+ corners:lost | 3+ cards:lost,3,5,partial,11.0,7.0,0.0,H,,,,,
2026-03-15,14:00,2526,E0,Premier League,Man United,Aston Villa,H,No external context supplied,"Weather: rain 6.7mm, gusts 64.4km/h, snow 0.1cm",W W D W L,L L D L W,0.0,0.0,0.5,0.5,1.0,1.0,0.0,0.0,0.0,0.0,0.5618,0.2179,0.2203,1.71,4.02,4.38,1.78,4.59,4.54,1.95,5.96,5.87,0.5727,1.64,1.75,2.12,1.45,1.0,2.45,0.4838,0.7023,0.2318,5.8,3.4,9.2,9.2,4.0,home_4_sot,Man United 4+ SOT,lean,Man United 4+ SOT:won,1,1,won,8.0,12.0,5.0,H,,,,,
2026-03-15,14:00,2526,E0,Premier League,Nott'm Forest,Fulham,D,No external context supplied,"Weather: rain 2.6mm, gusts 66.6km/h, snow 0.0cm",L W L L L,W L W W W,0.0,0.0,0.5,0.5,1.0,1.0,0.0,0.0,0.0,0.0,0.3848,0.2681,0.3471,2.19,3.4,3.24,2.6,3.73,2.88,2.99,4.59,3.37,0.5341,1.86,1.87,2.3,1.3,1.35,2.65,0.5389,0.7421,0.2749,4.0,4.5,8.5,10.4,3.2,over_15_goals|away_4_sot|total_8_corners,Over 1.5 goals + Fulham 4+ SOT + 8+ corners,strong,Over 1.5 goals:lost | Fulham 4+ SOT:lost | 8+ corners:won,1,3,partial,2.0,9.0,5.0,H,,,,,
2026-03-15,16:15,2526,F1,Ligue 1,Le Havre,Lyon,D,No external context supplied,,D W L L L,D L W W W,0.0,0.0,0.5,0.5,1.0,1.0,0.0,0.0,0.0,0.0,0.2812,0.2523,0.4665,3.67,3.37,1.99,3.56,3.96,2.14,4.33,4.94,2.4,0.5097,2.04,1.96,2.44,0.9,1.5,2.4,0.461,0.6916,0.2213,3.5,4.2,7.7,9.1,5.0,away_4_sot|total_3_cards,Lyon 4+ SOT + 3+ cards,lean,Lyon 4+ SOT:won | 3+ cards:won,2,2,won,8.0,4.0,6.0,A,,,,,
2026-03-15,16:15,2526,F1,Ligue 1,Metz,Toulouse,A,No external context supplied,,D D L L L,D D W W W,0.0,0.0,0.5,0.5,1.0,1.0,0.0,0.0,0.0,0.0,0.1938,0.2601,0.5462,3.84,3.3,1.97,5.16,3.85,1.83,6.96,4.76,2.02,0.5222,2.13,1.91,2.37,0.85,1.7,2.55,0.468,0.7228,0.2532,2.5,4.7,7.2,9.2,4.4,over_15_goals|away_4_sot|total_3_cards,Over 1.5 goals + Toulouse 4+ SOT + 3+ cards,strong,Over 1.5 goals:won | Toulouse 4+ SOT:won | 3+ cards:won,3,3,won,14.0,8.0,3.0,A,,,,,
2026-03-15,19:45,2526,F1,Ligue 1,Rennes,Lille,A,No external context supplied,,D D L L W,D D W W L,0.0,0.0,0.5,0.5,1.0,1.0,0.0,0.0,0.0,0.0,0.4504,0.28,0.2697,2.22,3.34,3.12,2.22,3.57,3.71,2.5,4.35,4.55,0.5318,1.79,1.88,2.32,1.65,1.05,2.7,0.5252,0.7513,0.2859,3.4,3.2,6.6,8.5,3.4,over_15_goals,Over 1.5 goals,lean,Over 1.5 goals:won,1,1,won,7.0,7.0,7.0,H,,,,,
2026-03-15,14:00,2526,F1,Ligue 1,Strasbourg,Paris FC,D,No external context supplied,,W,L,0.0,0.0,0.5,0.5,1.0,1.0,0.0,0.0,0.0,0.0,0.5184,0.2727,0.2089,1.73,3.75,4.39,1.93,3.67,4.79,2.14,4.49,6.29,0.5995,1.77,1.67,2.0,1.5,0.95,2.45,0.4764,0.7023,0.2318,4.9,4.6,9.5,10.5,5.8,home_4_sot|total_8_corners|total_3_cards,Strasbourg 4+ SOT + 8+ corners + 3+ cards,strong,Strasbourg 4+ SOT:lost | 8+ corners:won | 3+ cards:lost,1,3,partial,5.0,16.0,1.0,H,,,,,
2026-03-15,17:00,2526,I1,Serie A,Como,Roma,H,No external context supplied,,W L L,L W W,0.0,0.0,0.5,0.5,1.0,1.0,0.0,0.0,0.0,0.0,0.4454,0.2497,0.3049,2.08,3.29,3.51,2.25,4.0,3.28,2.53,5.01,3.92,0.4746,2.1,2.11,2.67,1.45,1.35,2.8,0.567,0.7689,0.3081,3.6,3.3,6.9,6.9,3.6,over_15_goals|btts_yes,Over 1.5 goals + BTTS yes,lean,Over 1.5 goals:won | BTTS yes:won,2,2,won,8.0,8.0,7.0,H,,,,,
2026-03-15,19:45,2526,I1,Serie A,Lazio,Milan,H,No external context supplied,,L L D W L,W W D L W,0.0,0.0,0.5,0.5,1.0,1.0,0.0,0.0,0.0,0.0,0.2266,0.2416,0.5318,3.98,3.32,1.93,4.41,4.14,1.88,5.66,5.22,2.08,0.494,2.16,2.02,2.54,0.8,1.45,2.25,0.4215,0.6575,0.1906,3.2,4.4,7.6,8.8,3.4,away_4_sot,Milan 4+ SOT,lean,Milan 4+ SOT:lost,0,1,lost,5.0,10.0,5.0,A,,,,,
2026-03-15,14:00,2526,I1,Serie A,Pisa,Cagliari,H,No external context supplied,,D,D,1.0,0.0,0.5,0.5,1.0,1.0,0.0,0.0,0.0,0.0,0.2933,0.2644,0.4424,2.49,2.96,3.04,3.41,3.78,2.26,4.11,4.66,2.55,0.4383,2.44,2.28,2.96,1.0,1.7,2.7,0.5166,0.7513,0.2859,2.9,2.6,5.5,8.3,5.0,over_15_goals|total_3_cards,Over 1.5 goals + 3+ cards,lean,Over 1.5 goals:won | 3+ cards:won,2,2,won,10.0,6.0,9.0,A,,,,,
2026-03-15,14:00,2526,I1,Serie A,Sassuolo,Bologna,A,No external context supplied,,L D D L D,W D D W D,0.0,0.0,0.5,0.5,1.0,1.0,0.0,0.0,0.0,0.0,0.3197,0.2778,0.4025,2.47,3.23,2.84,3.13,3.6,2.48,3.71,4.39,2.84,0.4994,1.99,2.0,2.5,1.35,1.4,2.75,0.5581,0.7603,0.297,3.2,4.3,7.5,9.9,5.0,over_15_goals|btts_yes|away_4_sot|total_8_corners|total_3_cards,Over 1.5 goals + BTTS yes + Bologna 4+ SOT + 8+ corners,strong,Over 1.5 goals:lost | BTTS yes:lost | Bologna 4+ SOT:lost | 8+ corners:won | 3+ cards:won,2,5,partial,6.0,11.0,3.0,A,,,,,
2026-03-15,11:30,2526,I1,Serie A,Verona,Genoa,A,No external context supplied,,L L W D L,W W L D W,0.0,0.0,0.5,0.5,1.0,1.0,0.0,0.0,0.0,0.0,0.2481,0.2482,0.5037,3.14,3.06,2.37,4.03,4.03,1.99,5.05,5.05,2.2,0.5158,2.5,1.94,2.41,0.95,1.75,2.7,0.5067,0.7513,0.2859,3.2,4.3,7.5,10.0,3.6,over_15_goals|away_4_sot|total_8_corners,Over 1.5 goals + Genoa 4+ SOT + 8+ corners,strong,Over 1.5 goals:won | Genoa 4+ SOT:lost | 8+ corners:lost,1,3,partial,4.0,6.0,3.0,A,,,,,
2026-03-15,15:15,2526,SP1,La Liga,Barcelona,Sevilla,H,No external context supplied,,W W W W L,L L L L W,1.0,0.0,0.5,0.5,1.0,1.0,0.0,0.0,0.0,0.0,0.6056,0.2379,0.1565,1.26,6.06,9.19,1.65,4.2,6.39,1.8,5.32,9.39,0.6088,1.31,1.64,1.97,1.95,0.85,2.8,0.4911,0.7689,0.3081,4.4,3.3,7.7,8.9,4.8,over_15_goals|home_4_sot|total_3_cards,Over 1.5 goals + Barcelona 4+ SOT + 3+ cards,strong,Over 1.5 goals:won | Barcelona 4+ SOT:won | 3+ cards:lost,2,3,partial,12.0,7.0,1.0,H,,,,,
2026-03-15,17:30,2526,SP1,La Liga,Betis,Celta,D,No external context supplied,,L W D L D,W L D W D,0.0,0.0,0.5,0.5,1.0,1.0,0.0,0.0,0.0,0.0,0.4303,0.2564,0.3133,2.18,3.25,3.29,2.32,3.9,3.19,2.63,4.85,3.8,0.5358,1.91,1.87,2.29,1.2,1.6,2.8,0.5577,0.7689,0.3081,3.7,4.7,8.4,9.2,3.8,over_15_goals|btts_yes|away_4_sot,Over 1.5 goals + BTTS yes + Celta 4+ SOT,strong,Over 1.5 goals:won | BTTS yes:won | Celta 4+ SOT:lost,2,3,partial,9.0,7.0,5.0,H,,,,,
2026-03-15,13:00,2526,SP1,La Liga,Mallorca,Espanol,H,No external context supplied,,D L L W L,D W W L W,0.0,0.0,0.5,0.5,1.0,1.0,0.0,0.0,0.0,0.0,0.4233,0.2686,0.308,2.3,3.09,3.19,2.36,3.72,3.25,2.68,4.57,3.88,0.4546,2.31,2.2,2.82,1.75,1.6,3.35,0.6594,0.8474,0.4307,4.1,4.9,9.0,8.9,6.4,over_15_goals|btts_yes|away_4_sot|total_3_cards,Over 1.5 goals + BTTS yes + Espanol 4+ SOT + 3+ cards,strong,Over 1.5 goals:won | BTTS yes:won | Espanol 4+ SOT:lost | 3+ cards:won,3,4,partial,14.0,11.0,8.0,H,,,,,
2026-03-15,20:00,2526,SP1,La Liga,Sociedad,Osasuna,H,No external context supplied,,D L L L W,D W W W L,0.0,0.0,0.5,0.5,1.0,1.0,0.0,0.0,0.0,0.0,0.3979,0.3064,0.2957,1.87,3.43,4.06,2.51,3.26,3.38,2.87,3.9,4.07,0.4858,1.96,2.06,2.59,1.55,1.55,3.1,0.6206,0.8153,0.3752,3.8,3.7,7.5,9.8,4.2,over_15_goals|btts_yes|total_8_corners|total_3_cards,Over 1.5 goals + BTTS yes + 8+ corners + 3+ cards,strong,Over 1.5 goals:won | BTTS yes:won | 8+ corners:won | 3+ cards:won,4,4,won,11.0,8.0,3.0,H,,,,,
2026-03-16,20:00,2526,E0,Premier League,Brentford,Wolves,D,No external context supplied,"Weather: rain 0.1mm, gusts 47.5km/h, snow 0.0cm",L W W D W,W L L D L,0.0,0.0,0.5,0.5,1.0,1.0,0.0,0.0,0.0,0.0,0.5705,0.261,0.1685,1.54,4.15,5.68,1.75,3.83,5.94,1.92,4.74,8.44,0.5158,1.68,1.94,2.41,1.4,1.1,2.5,0.5026,0.7127,0.2424,4.9,3.5,8.4,9.3,4.2,home_4_sot|total_3_cards,Brentford 4+ SOT + 3+ cards,lean,Brentford 4+ SOT:lost | 3+ cards:won,1,2,partial,7.0,6.0,6.0,H,,,,,
2026-03-16,19:45,2526,I1,Serie A,Cremonese,Fiorentina,A,No external context supplied,,L L L,W W W,0.0,0.0,0.5,0.5,1.0,1.0,0.0,0.0,0.0,0.0,0.1852,0.1889,0.6259,3.78,3.52,1.92,5.4,5.29,1.6,7.4,7.2,1.74,0.5789,1.88,1.73,2.09,0.9,1.55,2.45,0.4675,0.7023,0.2318,3.3,4.3,7.6,10.4,4.8,away_4_sot|total_8_corners|total_3_cards,Fiorentina 4+ SOT + 8+ corners + 3+ cards,strong,Fiorentina 4+ SOT:won | 8+ corners:won | 3+ cards:lost,2,3,partial,9.0,10.0,1.0,A,A,0.1,Serie A A mid 8%+,21,0.3548
2026-03-16,20:00,2526,SP1,La Liga,Vallecano,Levante,D,No external context supplied,,W L D L W,L W D W L,0.0,0.0,0.5,0.5,1.0,1.0,0.0,0.0,0.0,0.0,0.5394,0.2787,0.1819,1.67,3.74,4.92,1.85,3.59,5.5,2.04,4.37,7.58,0.4546,1.86,2.2,2.82,1.5,1.1,2.6,0.5183,0.7326,0.264,5.7,2.8,8.5,10.1,4.6,over_15_goals|home_4_sot|total_8_corners|total_3_cards,Over 1.5 goals + Vallecano 4+ SOT + 8+ corners + 3+ cards,strong,Over 1.5 goals:won | Vallecano 4+ SOT:won | 8+ corners:won | 3+ cards:won,4,4,won,9.0,11.0,10.0,H,,,,,
2026-03-20,19:30,2526,D1,Bundesliga,RB Leipzig,Hoffenheim,H,No external context supplied,,W D L W L,L D W L W,0.0,0.0,0.5,0.5,1.0,1.0,0.0,0.0,0.0,0.0,0.474,0.2128,0.3132,1.9,4.09,3.4,2.11,4.7,3.19,2.36,6.14,3.8,0.5953,1.36,1.68,2.02,1.45,1.8,3.25,0.6389,0.8352,0.4086,4.4,5.7,10.1,11.9,3.0,over_15_goals|btts_yes|home_4_sot|total_8_corners,Over 1.5 goals + BTTS yes + RB Leipzig 4+ SOT + 8+ corners,strong,Over 1.5 goals:won | BTTS yes:lost | RB Leipzig 4+ SOT:won | 8+ corners:lost,2,4,partial,11.0,4.0,2.0,H,,,,,
2026-03-20,20:00,2526,E0,Premier League,Bournemouth,Man United,D,No external context supplied,"Weather: rain 0.0mm, gusts 24.8km/h, snow 0.0cm",W D W D D,L D L D D,0.0,0.0,0.5,0.5,1.0,1.0,0.0,0.0,0.0,0.0,0.3853,0.2708,0.3439,3.22,3.76,2.07,2.6,3.69,2.91,2.98,4.53,3.4,0.5601,1.53,1.79,2.17,1.2,1.4,2.6,0.5265,0.7326,0.264,3.6,4.5,8.1,9.8,4.4,over_15_goals|away_4_sot|total_8_corners|total_3_cards,Over 1.5 goals + Man United 4+ SOT + 8+ corners + 3+ cards,strong,Over 1.5 goals:won | Man United 4+ SOT:won | 8+ corners:won | 3+ cards:won,4,4,won,10.0,14.0,6.0,H,,,,,
2026-03-20,19:45,2526,F1,Ligue 1,Lens,Angers,H,No external context supplied,,W W W W W,L L L L L,0.0,0.0,0.5,0.5,1.0,1.0,0.0,0.0,0.0,0.0,0.6516,0.1913,0.157,1.22,6.29,12.02,1.53,5.23,6.37,1.66,7.08,9.34,0.6207,1.51,1.61,1.92,1.75,0.8,2.55,0.455,0.7228,0.2532,5.3,3.1,8.4,8.8,3.2,over_15_goals|home_4_sot,Over 1.5 goals + Lens 4+ SOT,lean,Over 1.5 goals:won | Lens 4+ SOT:won,2,2,won,14.0,10.0,0.0,H,,,,,
2026-03-20,17:30,2526,I1,Serie A,Cagliari,Napoli,A,No external context supplied,,L D L L L,W D W W W,0.0,0.0,0.5,0.5,1.0,1.0,0.0,0.0,0.0,0.0,0.229,0.2896,0.4814,5.23,3.37,1.73,4.37,3.45,2.08,5.59,4.17,2.32,0.53,2.43,1.89,2.33,1.15,1.45,2.6,0.5231,0.7326,0.264,3.1,4.8,7.9,8.3,4.8,over_15_goals|away_4_sot|total_3_cards,Over 1.5 goals + Napoli 4+ SOT + 3+ cards,strong,Over 1.5 goals:lost | Napoli 4+ SOT:won | 3+ cards:won,2,3,partial,5.0,9.0,4.0,A,,,,,
2026-03-20,19:45,2526,I1,Serie A,Genoa,Udinese,A,No external context supplied,,D W W W W,D L L L L,0.0,0.0,0.5,0.5,1.0,1.0,0.0,0.0,0.0,0.0,0.3802,0.3295,0.2902,2.14,3.1,3.65,2.63,3.03,3.45,3.03,3.58,4.16,0.5158,2.45,1.94,2.41,1.45,1.2,2.65,0.5349,0.7421,0.2749,4.2,3.5,7.7,10.1,2.6,over_15_goals|home_4_sot|total_8_corners,Over 1.5 goals + Genoa 4+ SOT + 8+ corners,strong,Over 1.5 goals:won | Genoa 4+ SOT:lost | 8+ corners:won,2,3,partial,6.0,8.0,6.0,H,,,,,
2026-03-20,20:00,2526,SP1,La Liga,Villarreal,Sociedad,H,No external context supplied,,L W L D W,W L W D L,0.0,0.0,0.5,0.5,1.0,1.0,0.0,0.0,0.0,0.0,0.4252,0.2554,0.3194,1.93,3.62,3.72,2.35,3.92,3.13,2.67,4.87,3.71,0.4858,1.75,2.06,2.59,1.5,1.85,3.35,0.6547,0.8474,0.4307,4.9,4.3,9.2,8.6,3.6,over_15_goals|btts_yes|home_4_sot,Over 1.5 goals + BTTS yes + Villarreal 4+ SOT,strong,Over 1.5 goals:won | BTTS yes:won | Villarreal 4+ SOT:won,3,3,won,14.0,9.0,2.0,H,,,,,
2026-03-21,14:30,2526,D1,Bundesliga,Bayern Munich,Union Berlin,H,No external context supplied,,W W W D D,L L L D D,1.0,0.0,0.5,0.5,1.0,1.0,0.0,0.0,0.0,0.0,0.7424,0.1543,0.1034,1.16,7.61,13.38,1.35,6.48,9.67,1.44,9.59,18.74,0.6541,1.31,1.53,1.8,2.35,1.1,3.45,0.6035,0.8587,0.4525,6.2,3.7,9.9,7.4,5.0,over_15_goals|btts_yes|home_4_sot|total_3_cards,Over 1.5 goals + BTTS yes + Bayern Munich 4+ SOT + 3+ cards,strong,Over 1.5 goals:won | BTTS yes:lost | Bayern Munich 4+ SOT:won | 3+ cards:won,3,4,partial,10.0,13.0,3.0,H,,,,,
2026-03-21,17:30,2526,D1,Bundesliga,Dortmund,Hamburg,H,No external context supplied,,W W D,L L D,0.0,0.0,0.5,0.5,1.0,1.0,0.0,0.0,0.0,0.0,0.6166,0.2165,0.1669,1.38,4.88,6.96,1.62,4.62,5.99,1.76,6.01,8.55,0.5554,1.52,1.8,2.2,1.8,1.15,2.95,0.5704,0.7933,0.3416,4.3,4.0,8.3,10.1,3.8,over_15_goals|btts_yes|home_4_sot|total_8_corners,Over 1.5 goals + BTTS yes + Dortmund 4+ SOT + 8+ corners,strong,Over 1.5 goals:won | BTTS yes:won | Dortmund 4+ SOT:won | 8+ corners:won,4,4,won,12.0,14.0,5.0,H,,,,,
2026-03-21,14:30,2526,D1,Bundesliga,FC Koln,M'gladbach,D,No external context supplied,,L D W D L,W D L D W,0.0,0.0,0.5,0.5,1.0,1.0,0.0,0.0,0.0,0.0,0.386,0.3067,0.3073,2.25,3.44,2.99,2.59,3.26,3.25,2.98,3.9,3.89,0.5158,1.74,1.94,2.41,1.5,1.3,2.8,0.5651,0.7689,0.3081,4.3,4.1,8.4,9.3,4.2,over_15_goals|btts_yes|home_4_sot|total_3_cards,Over 1.5 goals + BTTS yes + FC Koln 4+ SOT + 3+ cards,strong,Over 1.5 goals:won | BTTS yes:won | FC Koln 4+ SOT:won | 3+ cards:won,4,4,won,8.0,8.0,12.0,H,,,,,
2026-03-21,14:30,2526,D1,Bundesliga,Heidenheim,Leverkusen,D,No external context supplied,,L L L L L,W W W W W,0.0,0.0,0.5,0.5,1.0,1.0,0.0,0.0,0.0,0.0,0.2854,0.2388,0.4758,5.1,4.32,1.56,3.5,4.19,2.1,4.25,5.3,2.35,0.5353,1.52,1.87,2.3,0.9,1.85,2.75,0.5001,0.7603,0.297,3.6,5.1,8.7,7.5,3.2,over_15_goals|away_4_sot,Over 1.5 goals + Leverkusen 4+ SOT,lean,Over 1.5 goals:won | Leverkusen 4+ SOT:won,2,2,won,10.0,7.0,8.0,A,,,,,
2026-03-21,14:30,2526,D1,Bundesliga,Wolfsburg,Werder Bremen,A,No external context supplied,,D W L W L,D L W L W,0.0,0.0,0.5,0.5,1.0,1.0,0.0,0.0,0.0,0.0,0.4105,0.2566,0.3329,2.32,3.56,2.77,2.44,3.9,3.0,2.77,4.84,3.53,0.5564,1.66,1.8,2.19,1.35,1.55,2.9,0.5835,0.7854,0.3304,3.2,6.1,9.3,9.6,5.6,over_15_goals|btts_yes|away_4_sot|total_8_corners|total_3_cards,Over 1.5 goals + BTTS yes + Werder Bremen 4+ SOT + 8+ corners,strong,Over 1.5 goals:lost | BTTS yes:lost | Werder Bremen 4+ SOT:lost | 8+ corners:won | 3+ cards:won,2,5,partial,7.0,12.0,5.0,H,,,,,
2026-03-21,12:30,2526,E0,Premier League,Brighton,Liverpool,H,No external context supplied,"Weather: rain 0.0mm, gusts 30.2km/h, snow 0.0cm",D L L W L,D W W L W,0.0,1.0,0.5,0.5,1.0,1.0,0.0,0.0,0.0,0.0,0.3,0.2704,0.4296,3.02,3.55,2.22,3.33,3.7,2.33,4.0,4.54,2.63,0.5412,1.68,1.85,2.27,1.05,1.3,2.35,0.4729,0.6805,0.2109,4.2,3.9,8.1,10.5,3.4,home_4_sot|total_8_corners,Brighton 4+ SOT + 8+ corners,lean,Brighton 4+ SOT:won | 8+ corners:won,2,2,won,12.0,12.0,10.0,A,,,,,
2026-03-21,17:30,2526,E0,Premier League,Everton,Chelsea,H,No external context supplied,"Weather: rain 0.0mm, gusts 14.4km/h, snow 0.0cm",W L D L L,L W D W W,0.0,0.0,0.5,0.5,1.0,1.0,0.0,0.0,0.0,0.0,0.2892,0.2551,0.4557,3.38,3.5,2.08,3.46,3.92,2.19,4.18,4.88,2.46,0.54,1.78,1.85,2.27,1.25,1.55,2.8,0.5621,0.7689,0.3081,4.3,4.3,8.6,10.3,5.0,over_15_goals|btts_yes|home_4_sot|total_8_corners|total_3_cards,Over 1.5 goals + BTTS yes + Everton 4+ SOT + 8+ corners,strong,Over 1.5 goals:won | BTTS yes:lost | Everton 4+ SOT:won | 8+ corners:won | 3+ cards:lost,3,5,partial,13.0,12.0,2.0,A,,,,,
2026-03-21,15:00,2526,E0,Premier League,Fulham,Burnley,H,No external context supplied,"Weather: rain 0.0mm, gusts 22.3km/h, snow 0.0cm",D L L D W,D W W D L,0.0,0.0,0.5,0.5,1.0,1.0,0.0,0.0,0.0,0.0,0.6663,0.2133,0.1204,1.53,4.09,6.22,1.5,4.69,8.3,1.62,6.12,14.2,0.5061,1.76,1.98,2.46,1.55,1.3,2.85,0.5731,0.7773,0.3192,3.6,2.7,6.3,11.0,3.4,over_15_goals|btts_yes|total_8_corners,Over 1.5 goals + BTTS yes + 8+ corners,strong,Over 1.5 goals:won | BTTS yes:won | 8+ corners:won,3,3,won,11.0,12.0,6.0,H,,,,,
2026-03-21,20:00,2526,E0,Premier League,Leeds,Brentford,D,No external context supplied,"Weather: rain 0.0mm, gusts 17.6km/h, snow 0.0cm",D W L D D,D L W D D,0.0,0.0,0.5,0.5,1.0,1.0,0.0,0.0,0.0,0.0,0.4289,0.2547,0.3164,2.46,3.42,2.77,2.33,3.93,3.16,2.64,4.89,3.75,0.5085,1.84,1.97,2.45,1.25,1.45,2.7,0.5461,0.7513,0.2859,3.3,3.2,6.5,8.9,4.2,over_15_goals|btts_yes|total_3_cards,Over 1.5 goals + BTTS yes + 3+ cards,strong,Over 1.5 goals:lost | BTTS yes:lost | 3+ cards:lost,0,3,lost,6.0,8.0,2.0,H,,,,,
2026-03-21,18:00,2526,F1,Ligue 1,Auxerre,Brest,H,No external context supplied,,D L W D L,D W L D W,0.0,0.0,0.5,0.5,1.0,1.0,0.0,0.0,0.0,0.0,0.3281,0.2735,0.3984,2.3,3.18,3.13,3.05,3.66,2.51,3.6,4.47,2.87,0.4843,2.16,2.06,2.6,0.7,1.2,1.9,0.3518,0.5663,0.1253,3.4,3.6,7.0,9.6,3.8,total_8_corners,8+ corners,lean,8+ corners:won,1,1,won,9.0,9.0,6.0,A,,,,,
2026-03-21,20:05,2526,F1,Ligue 1,Nice,Paris SG,A,No external context supplied,,W L D W L,L W D L W,0.0,1.0,0.5,0.5,1.0,1.0,0.0,0.0,0.0,0.0,0.2193,0.1932,0.5875,7.55,5.37,1.33,4.56,5.18,1.7,5.91,6.98,1.86,0.6103,1.37,1.64,1.96,1.15,2.05,3.2,0.5954,0.8288,0.3975,3.5,5.6,9.1,9.9,2.8,over_15_goals|btts_yes|away_4_sot|total_8_corners,Over 1.5 goals + BTTS yes + Paris SG 4+ SOT + 8+ corners,strong,Over 1.5 goals:won | BTTS yes:lost | Paris SG 4+ SOT:won | 8+ corners:lost,2,4,partial,11.0,7.0,3.0,A,,,,,
2026-03-21,16:00,2526,F1,Ligue 1,Toulouse,Lorient,H,No external context supplied,,D W D W D,D L D L D,0.0,0.0,0.5,0.5,1.0,1.0,0.0,0.0,0.0,0.0,0.4753,0.2662,0.2585,1.95,3.15,4.16,2.1,3.76,3.87,2.35,4.63,4.8,0.5158,2.12,1.94,2.41,1.25,1.55,2.8,0.5621,0.7689,0.3081,4.7,3.7,8.4,8.9,4.0,over_15_goals|btts_yes|home_4_sot,Over 1.5 goals + BTTS yes + Toulouse 4+ SOT,strong,Over 1.5 goals:lost | BTTS yes:lost | Toulouse 4+ SOT:won,1,3,partial,6.0,5.0,5.0,H,,,,,
2026-03-21,19:45,2526,I1,Serie A,Juventus,Sassuolo,D,No external context supplied,,W L L W W,L W W L L,0.0,0.0,0.5,0.5,1.0,1.0,0.0,0.0,0.0,0.0,0.602,0.1963,0.2017,1.31,5.19,9.25,1.66,5.09,4.96,1.81,6.83,6.59,0.5802,1.62,1.72,2.08,1.9,1.2,3.1,0.5943,0.8153,0.3752,4.9,3.9,8.8,8.9,4.2,over_15_goals|btts_yes|home_4_sot,Over 1.5 goals + BTTS yes + Juventus 4+ SOT,strong,Over 1.5 goals:won | BTTS yes:won | Juventus 4+ SOT:won,3,3,won,9.0,13.0,3.0,H,,,,,
2026-03-21,17:00,2526,I1,Serie A,Milan,Torino,H,No external context supplied,,W L D L W,L W D W L,0.0,0.0,0.5,0.5,1.0,1.0,0.0,0.0,0.0,0.0,0.6281,0.2356,0.1363,1.36,4.71,8.23,1.59,4.24,7.34,1.73,5.39,11.59,0.5158,1.76,1.94,2.41,1.7,0.85,2.55,0.468,0.7228,0.2532,4.7,3.4,8.1,9.2,4.2,over_15_goals|home_4_sot,Over 1.5 goals + Milan 4+ SOT,lean,Over 1.5 goals:won | Milan 4+ SOT:won,2,2,won,13.0,10.0,4.0,H,,,,,
2026-03-21,14:00,2526,I1,Serie A,Parma,Cremonese,A,No external context supplied,,D,D,0.0,0.0,0.5,0.5,1.0,1.0,0.0,0.0,0.0,0.0,0.5483,0.2676,0.1841,2.06,3.11,3.88,1.82,3.74,5.43,2.01,4.6,7.46,0.5061,2.15,1.98,2.46,1.4,0.85,2.25,0.4314,0.6575,0.1906,4.4,3.8,8.2,10.4,4.0,home_4_sot|total_8_corners,Parma 4+ SOT + 8+ corners,lean,Parma 4+ SOT:lost | 8+ corners:lost,0,2,lost,5.0,4.0,6.0,H,,,,,
2026-03-21,13:00,2526,SP1,La Liga,Elche,Mallorca,H,No external context supplied,,D W D W L,D L D L W,0.0,0.0,0.5,0.5,1.0,1.0,0.0,0.0,0.0,0.0,0.4638,0.3161,0.22,2.1,3.3,3.49,2.16,3.16,4.54,2.42,3.76,5.88,0.5102,2.05,1.96,2.44,1.55,1.75,3.3,0.6509,0.8414,0.4197,4.7,4.7,9.4,8.9,6.0,over_15_goals|btts_yes|home_4_sot|total_3_cards,Over 1.5 goals + BTTS yes + Elche 4+ SOT + 3+ cards,strong,Over 1.5 goals:won | BTTS yes:won | Elche 4+ SOT:won | 3+ cards:won,4,4,won,8.0,4.0,4.0,H,,,,,
2026-03-21,15:15,2526,SP1,La Liga,Espanol,Getafe,A,No external context supplied,,W W L W W,L L W L L,0.0,0.0,0.5,0.5,1.0,1.0,0.0,0.0,0.0,0.0,0.5025,0.2505,0.247,2.4,2.92,3.28,1.99,3.99,4.05,2.21,4.99,5.08,0.3925,2.9,2.55,3.42,1.0,1.6,2.6,0.5045,0.7326,0.264,4.0,5.4,9.4,8.2,7.8,over_15_goals|away_4_sot|total_3_cards,Over 1.5 goals + Getafe 4+ SOT + 3+ cards,strong,Over 1.5 goals:won | Getafe 4+ SOT:won | 3+ cards:won,3,3,won,10.0,21.0,9.0,H,,,,,
2026-03-21,17:30,2526,SP1,La Liga,Levante,Oviedo,H,No external context supplied,,W,L,0.0,0.0,0.5,0.5,1.0,1.0,0.0,0.0,0.0,0.0,0.4313,0.3287,0.2399,2.18,3.28,3.33,2.32,3.04,4.17,2.62,3.59,5.26,0.3667,2.07,2.73,3.75,1.3,1.3,2.6,0.5292,0.7326,0.264,4.7,5.4,10.1,11.3,4.8,over_15_goals|home_4_sot|total_8_corners|total_3_cards,Over 1.5 goals + Levante 4+ SOT + 8+ corners + 3+ cards,strong,Over 1.5 goals:won | Levante 4+ SOT:won | 8+ corners:lost | 3+ cards:won,3,4,partial,10.0,4.0,5.0,H,,,,,
2026-03-21,17:30,2526,SP1,La Liga,Osasuna,Girona,H,No external context supplied,,L L L W L,W W W L W,0.0,0.0,0.5,0.5,1.0,1.0,0.0,0.0,0.0,0.0,0.4271,0.2641,0.3088,2.17,3.35,3.29,2.34,3.79,3.24,2.65,4.67,3.86,0.5542,1.93,1.8,2.2,1.2,1.4,2.6,0.5265,0.7326,0.264,4.2,5.3,9.5,10.3,4.4,over_15_goals|away_4_sot|total_8_corners|total_3_cards,Over 1.5 goals + Girona 4+ SOT + 8+ corners + 3+ cards,strong,Over 1.5 goals:lost | Girona 4+ SOT:lost | 8+ corners:won | 3+ cards:won,2,4,partial,11.0,8.0,3.0,H,,,,,
2026-03-21,20:00,2526,SP1,La Liga,Sevilla,Valencia,A,No external context supplied,,L D D L D,W D D W D,0.0,0.0,0.5,0.5,1.0,1.0,0.0,0.0,0.0,0.0,0.4464,0.3236,0.2301,2.24,3.13,3.34,2.24,3.09,4.35,2.52,3.66,5.55,0.4982,2.29,2.01,2.51,1.25,1.55,2.8,0.5621,0.7689,0.3081,3.1,3.2,6.3,7.5,5.4,over_15_goals|btts_yes|total_3_cards,Over 1.5 goals + BTTS yes + 3+ cards,strong,Over 1.5 goals:won | BTTS yes:lost | 3+ cards:won,2,3,partial,6.0,4.0,3.0,H,,,,,
2026-03-22,18:30,2526,D1,Bundesliga,Augsburg,Stuttgart,A,No external context supplied,,L L L L L,W W W W W,0.0,0.0,0.5,0.5,1.0,1.0,0.0,0.0,0.0,0.0,0.2773,0.2936,0.429,3.36,3.75,1.97,3.61,3.41,2.33,4.4,4.1,2.64,0.55,1.56,1.82,2.22,1.25,1.75,3.0,0.5895,0.8009,0.3528,4.4,5.3,9.7,11.2,4.2,over_15_goals|btts_yes|home_4_sot|total_8_corners|total_3_cards,Over 1.5 goals + BTTS yes + Augsburg 4+ SOT + 8+ corners,strong,Over 1.5 goals:won | BTTS yes:won | Augsburg 4+ SOT:won | 8+ corners:lost | 3+ cards:won,4,5,partial,15.0,7.0,4.0,A,,,,,
2026-03-22,14:30,2526,D1,Bundesliga,Mainz,Ein Frankfurt,H,No external context supplied,,D L W D L,D W L D W,0.0,0.0,0.5,0.5,1.0,1.0,0.0,0.0,0.0,0.0,0.3826,0.3356,0.2818,2.08,3.58,3.19,2.61,2.98,3.55,3.01,3.5,4.31,0.5542,1.7,1.8,2.2,1.6,1.45,3.05,0.6109,0.8082,0.364,3.9,5.0,8.9,10.1,4.2,over_15_goals|btts_yes|away_4_sot|total_8_corners|total_3_cards,Over 1.5 goals + BTTS yes + Ein Frankfurt 4+ SOT + 8+ corners,strong,Over 1.5 goals:won | BTTS yes:won | Ein Frankfurt 4+ SOT:won | 8+ corners:won | 3+ cards:won,5,5,won,9.0,8.0,3.0,H,,,,,
2026-03-22,16:30,2526,D1,Bundesliga,St Pauli,Freiburg,A,No external context supplied,,W L L,L W W,0.0,0.0,0.5,0.5,1.0,1.0,0.0,0.0,0.0,0.0,0.2884,0.2767,0.4348,2.66,3.05,2.7,3.47,3.61,2.3,4.19,4.41,2.6,0.4383,2.23,2.28,2.96,1.25,1.2,2.45,0.4986,0.7023,0.2318,3.6,5.4,9.0,8.9,3.2,away_4_sot,Freiburg 4+ SOT,lean,Freiburg 4+ SOT:won,1,1,won,11.0,5.0,2.0,A,,,,,
2026-03-22,14:15,2526,E0,Premier League,Aston Villa,West Ham,H,No external context supplied,"Weather: rain 0.0mm, gusts 25.2km/h, snow 0.0cm",W D W D W,L D L D L,0.0,0.0,0.5,0.5,1.0,1.0,0.0,0.0,0.0,0.0,0.5056,0.2428,0.2516,1.95,3.56,3.7,1.98,4.12,3.97,2.19,5.19,4.96,0.5705,1.74,1.75,2.13,1.05,1.4,2.45,0.4898,0.7023,0.2318,4.2,3.7,7.9,11.4,4.2,home_4_sot|total_8_corners|total_3_cards,Aston Villa 4+ SOT + 8+ corners + 3+ cards,strong,Aston Villa 4+ SOT:won | 8+ corners:won | 3+ cards:lost,2,3,partial,8.0,12.0,1.0,H,,,,,
2026-03-22,12:00,2526,E0,Premier League,Newcastle,Sunderland,A,No external context supplied,"Weather: rain 0.0mm, gusts 34.6km/h, snow 0.0cm",L,W,0.0,0.0,0.5,0.5,1.0,1.0,0.0,0.0,0.0,0.0,0.5568,0.2805,0.1627,1.65,3.89,5.04,1.8,3.57,6.14,1.97,4.34,8.87,0.5554,1.83,1.8,2.2,1.55,1.4,2.95,0.5935,0.7933,0.3416,4.9,3.5,8.4,10.3,4.6,over_15_goals|btts_yes|home_4_sot|total_8_corners|total_3_cards,Over 1.5 goals + BTTS yes + Newcastle 4+ SOT + 8+ corners,strong,Over 1.5 goals:won | BTTS yes:won | Newcastle 4+ SOT:won | 8+ corners:won | 3+ cards:won,5,5,won,11.0,14.0,7.0,H,,,,,
2026-03-22,14:15,2526,E0,Premier League,Tottenham,Nott'm Forest,A,No external context supplied,"Weather: rain 0.0mm, gusts 19.4km/h, snow 0.0cm",W W L L L,L L W W W,0.0,0.0,0.5,0.5,1.0,1.0,0.0,0.0,0.0,0.0,0.3449,0.2326,0.4225,2.24,3.39,3.11,2.9,4.3,2.37,3.39,5.48,2.68,0.4658,1.86,2.15,2.73,1.1,1.6,2.7,0.5324,0.7513,0.2859,4.0,4.6,8.6,9.3,4.0,over_15_goals|away_4_sot,Over 1.5 goals + Nott'm Forest 4+ SOT,lean,Over 1.5 goals:won | Nott'm Forest 4+ SOT:won,2,2,won,10.0,16.0,3.0,A,A,0.0864,Premier League A all 8%+,62,0.6148
2026-03-22,14:00,2526,F1,Ligue 1,Lyon,Monaco,A,No external context supplied,,W W L L W,L L W W L,0.0,0.0,0.5,0.5,1.0,1.0,0.0,0.0,0.0,0.0,0.39,0.2791,0.3309,2.7,3.49,2.42,2.56,3.58,3.02,2.94,4.36,3.56,0.5802,1.69,1.72,2.08,1.4,1.5,2.9,0.5853,0.7854,0.3304,3.6,5.0,8.6,9.1,5.0,over_15_goals|btts_yes|away_4_sot|total_3_cards,Over 1.5 goals + BTTS yes + Monaco 4+ SOT + 3+ cards,strong,Over 1.5 goals:won | BTTS yes:won | Monaco 4+ SOT:won | 3+ cards:won,4,4,won,11.0,8.0,6.0,H,,,,,
2026-03-22,16:15,2526,F1,Ligue 1,Marseille,Lille,A,No external context supplied,,D L D D L,D W D D W,0.0,0.0,0.5,0.5,1.0,1.0,0.0,0.0,0.0,0.0,0.4864,0.2693,0.2444,1.91,3.64,3.69,2.06,3.71,4.09,2.29,4.56,5.14,0.4896,1.74,2.04,2.57,1.5,1.25,2.75,0.5543,0.7603,0.297,3.9,3.7,7.6,8.1,6.2,over_15_goals|btts_yes|total_3_cards,Over 1.5 goals + BTTS yes + 3+ cards,strong,Over 1.5 goals:won | BTTS yes:won | 3+ cards:won,3,3,won,7.0,10.0,4.0,H,,,,,
2026-03-22,19:45,2526,F1,Ligue 1,Nantes,Strasbourg,A,No external context supplied,,W L L L L,L W W W W,0.0,0.0,0.5,0.5,1.0,1.0,0.0,0.0,0.0,0.0,0.2801,0.2766,0.4433,3.48,3.51,2.01,3.57,3.62,2.26,4.35,4.41,2.54,0.55,1.9,1.82,2.22,1.0,1.65,2.65,0.5107,0.7421,0.2749,2.9,4.1,7.0,9.5,4.0,over_15_goals|total_8_corners,Over 1.5 goals + 8+ corners,lean,Over 1.5 goals:won | 8+ corners:won,2,2,won,18.0,9.0,6.0,A,,,,,
2026-03-22,16:15,2526,F1,Ligue 1,Paris FC,Le Havre,H,No external context supplied,,D,D,0.0,0.0,0.5,0.5,1.0,1.0,0.0,0.0,0.0,0.0,0.5037,0.2787,0.2176,1.99,3.19,3.94,1.99,3.59,4.6,2.2,4.37,5.97,0.4908,2.06,2.04,2.56,0.9,0.95,1.85,0.3639,0.5519,0.1169,4.6,3.5,8.1,9.9,5.6,home_4_sot|total_8_corners|total_3_cards,Paris FC 4+ SOT + 8+ corners + 3+ cards,strong,Paris FC 4+ SOT:won | 8+ corners:won | 3+ cards:won,3,3,won,10.0,14.0,3.0,H,,,,,
2026-03-22,16:15,2526,F1,Ligue 1,Rennes,Metz,D,No external context supplied,,W W W W W,L L L L L,0.0,0.0,0.5,0.5,1.0,1.0,0.0,0.0,0.0,0.0,0.739,0.1855,0.0755,1.34,5.05,8.03,1.35,5.39,13.24,1.45,7.38,39.17,0.4784,1.54,2.09,2.64,1.95,1.05,3.0,0.5576,0.8009,0.3528,4.7,3.4,8.1,9.0,3.4,over_15_goals|btts_yes|home_4_sot,Over 1.5 goals + BTTS yes + Rennes 4+ SOT,strong,Over 1.5 goals:lost | BTTS yes:lost | Rennes 4+ SOT:won,1,3,partial,10.0,10.0,4.0,H,,,,,
2026-03-22,14:00,2526,I1,Serie A,Atalanta,Verona,H,No external context supplied,,W D W W L,L D L L W,0.0,0.0,0.5,0.5,1.0,1.0,0.0,0.0,0.0,0.0,0.4925,0.2682,0.2393,1.37,4.56,8.19,2.03,3.73,4.18,2.26,4.58,5.28,0.4843,1.86,2.06,2.6,1.85,0.75,2.6,0.4447,0.7326,0.264,4.8,2.9,7.7,9.2,5.0,over_15_goals|home_4_sot|total_3_cards,Over 1.5 goals + Atalanta 4+ SOT + 3+ cards,strong,Over 1.5 goals:lost | Atalanta 4+ SOT:lost | 3+ cards:won,1,3,partial,6.0,6.0,4.0,H,,,,,
2026-03-22,14:00,2526,I1,Serie A,Bologna,Lazio,A,No external context supplied,,W W L W D,L L W L D,0.0,0.0,0.5,0.5,1.0,1.0,0.0,0.0,0.0,0.0,0.5056,0.3197,0.1748,2.3,3.04,3.28,1.98,3.13,5.72,2.2,3.71,8.01,0.4858,2.3,2.06,2.59,1.2,1.15,2.35,0.4775,0.6805,0.2109,3.7,3.4,7.1,9.7,3.0,total_8_corners,8+ corners,lean,8+ corners:lost,0,1,lost,9.0,3.0,2.0,H,,,,,
2026-03-22,11:30,2526,I1,Serie A,Como,Pisa,H,No external context supplied,,W,L,0.0,1.0,0.5,0.5,1.0,1.0,0.0,0.0,0.0,0.0,0.6584,0.2323,0.1093,1.24,5.63,11.81,1.52,4.3,9.15,1.64,5.49,16.86,0.5705,1.68,1.75,2.13,2.1,0.95,3.05,0.5382,0.8082,0.364,4.1,2.7,6.8,7.2,3.2,over_15_goals,Over 1.5 goals,lean,Over 1.5 goals:won,1,1,won,7.0,8.0,2.0,H,,,,,
2026-03-22,19:45,2526,I1,Serie A,Fiorentina,Inter,D,No external context supplied,,L L W L L,W W L W W,0.0,1.0,0.5,0.5,1.0,1.0,0.0,0.0,0.0,0.0,0.2493,0.2843,0.4664,5.03,4.03,1.61,4.01,3.52,2.14,5.02,4.27,2.4,0.5853,1.74,1.71,2.06,1.0,1.8,2.8,0.5276,0.7689,0.3081,3.0,4.3,7.3,7.9,4.6,over_15_goals|away_4_sot|total_3_cards,Over 1.5 goals + Inter 4+ SOT + 3+ cards,strong,Over 1.5 goals:won | Inter 4+ SOT:won | 3+ cards:won,3,3,won,10.0,8.0,6.0,A,,,,,
2026-03-22,17:00,2526,I1,Serie A,Roma,Lecce,H,No external context supplied,,W D W W W,L D L L L,0.0,0.0,0.5,0.5,1.0,1.0,0.0,0.0,0.0,0.0,0.4739,0.316,0.2101,1.47,3.96,7.33,2.11,3.16,4.76,2.36,3.76,6.24,0.4695,2.07,2.13,2.71,1.45,0.95,2.4,0.4694,0.6916,0.2213,3.9,3.5,7.4,8.5,3.0,,No builder lean,none,,,0,,5.0,12.0,4.0,H,,,,,
2026-03-22,17:30,2526,SP1,La Liga,Ath Bilbao,Betis,H,No external context supplied,,W L D D W,L W D D L,0.0,0.0,0.5,0.5,1.0,1.0,0.0,0.0,0.0,0.0,0.4323,0.2889,0.2788,2.18,3.39,3.17,2.31,3.46,3.59,2.62,4.19,4.37,0.5164,1.9,1.94,2.4,1.25,1.45,2.7,0.5461,0.7513,0.2859,4.6,4.2,8.8,7.9,5.4,over_15_goals|btts_yes|home_4_sot|total_3_cards,Over 1.5 goals + BTTS yes + Ath Bilbao 4+ SOT + 3+ cards,strong,Over 1.5 goals:won | BTTS yes:won | Ath Bilbao 4+ SOT:won | 3+ cards:lost,3,4,partial,9.0,11.0,2.0,H,,,,,
2026-03-22,13:00,2526,SP1,La Liga,Barcelona,Vallecano,H,No external context supplied,,D W W W D,D L L L D,1.0,0.0,0.5,0.5,1.0,1.0,0.0,0.0,0.0,0.0,0.6062,0.2126,0.1812,1.22,6.54,9.96,1.65,4.7,5.52,1.8,6.15,7.62,0.6414,1.33,1.56,1.85,1.95,1.1,3.05,0.5722,0.8082,0.364,4.5,4.2,8.7,9.7,4.0,over_15_goals|btts_yes|home_4_sot|total_8_corners,Over 1.5 goals + BTTS yes + Barcelona 4+ SOT + 8+ corners,strong,Over 1.5 goals:lost | BTTS yes:lost | Barcelona 4+ SOT:won | 8+ corners:won,2,4,partial,8.0,15.0,7.0,H,,,,,
2026-03-22,15:15,2526,SP1,La Liga,Celta,Alaves,A,No external context supplied,,D L W D W,D W L D L,0.0,0.0,0.5,0.5,1.0,1.0,0.0,0.0,0.0,0.0,0.4234,0.3188,0.2577,1.81,3.33,4.64,2.36,3.14,3.88,2.68,3.72,4.81,0.4695,2.27,2.13,2.71,1.55,1.1,2.65,0.5255,0.7421,0.2749,4.8,3.7,8.5,9.4,6.2,over_15_goals|home_4_sot|total_3_cards,Over 1.5 goals + Celta 4+ SOT + 3+ cards,strong,Over 1.5 goals:won | Celta 4+ SOT:won | 3+ cards:won,3,3,won,11.0,5.0,4.0,H,,,,,
2026-03-22,20:00,2526,SP1,La Liga,Real Madrid,Ath Madrid,H,No external context supplied,,L D D D L,W D D D W,1.0,0.0,0.5,0.5,1.0,1.0,0.0,0.0,0.0,0.0,0.4419,0.2615,0.2966,1.91,3.78,3.54,2.26,3.82,3.37,2.55,4.73,4.06,0.572,1.57,1.75,2.12,1.65,1.1,2.75,0.539,0.7603,0.297,4.9,4.0,8.9,10.1,4.6,over_15_goals|home_4_sot|total_8_corners|total_3_cards,Over 1.5 goals + Real Madrid 4+ SOT + 8+ corners + 3+ cards,strong,Over 1.5 goals:won | Real Madrid 4+ SOT:won | 8+ corners:lost | 3+ cards:won,3,4,partial,17.0,5.0,7.0,H,,,,,
2026-04-03,19:45,2526,F1,Ligue 1,Paris SG,Toulouse,H,No external context supplied,,D L W W W,D W L L L,1.0,0.0,0.5,0.5,1.0,1.0,0.0,0.0,0.0,0.0,0.6801,0.2403,0.0795,1.24,6.17,10.65,1.47,4.16,12.58,1.59,5.25,33.88,0.651,1.42,1.54,1.81,1.65,1.1,2.75,0.539,0.7603,0.297,5.6,3.7,9.3,8.2,2.6,over_15_goals|home_4_sot,Over 1.5 goals + Paris SG 4+ SOT,lean,Over 1.5 goals:won | Paris SG 4+ SOT:won,2,2,won,8.0,7.0,1.0,H,,,,,
2026-04-03,20:00,2526,SP1,La Liga,Vallecano,Elche,H,No external context supplied,,W L W L L,L W L W W,0.0,0.0,0.5,0.5,1.0,1.0,0.0,0.0,0.0,0.0,0.5501,0.2616,0.1883,1.72,3.77,4.7,1.82,3.82,5.31,2.0,4.73,7.23,0.5079,1.8,1.97,2.45,1.7,1.3,3.0,0.5946,0.8009,0.3528,5.3,3.7,9.0,8.9,5.0,over_15_goals|btts_yes|home_4_sot|total_3_cards,Over 1.5 goals + BTTS yes + Vallecano 4+ SOT + 3+ cards,strong,Over 1.5 goals:lost | BTTS yes:lost | Vallecano 4+ SOT:won | 3+ cards:won,2,4,partial,9.0,13.0,6.0,H,,,,,
2026-04-04,14:30,2526,D1,Bundesliga,Freiburg,Bayern Munich,A,No external context supplied,,L D L L L,W D W W W,0.0,1.0,0.5,0.5,1.0,1.0,0.0,0.0,0.0,0.0,0.1623,0.18,0.6577,6.66,5.26,1.37,6.16,5.56,1.52,8.9,7.69,1.65,0.6786,1.36,1.47,1.73,1.2,2.3,3.5,0.6287,0.8641,0.4634,4.7,6.3,11.0,8.0,3.4,over_15_goals|btts_yes|home_4_sot,Over 1.5 goals + BTTS yes + Freiburg 4+ SOT,strong,Over 1.5 goals:won | BTTS yes:won | Freiburg 4+ SOT:won,3,3,won,13.0,13.0,6.0,A,,,,,
2026-04-04,14:30,2526,D1,Bundesliga,Hamburg,Augsburg,D,No external context supplied,,W L L,L W W,0.0,0.0,0.5,0.5,1.0,1.0,0.0,0.0,0.0,0.0,0.3565,0.3309,0.3125,2.22,3.41,3.07,2.8,3.02,3.2,3.26,3.56,3.81,0.553,1.78,1.81,2.21,1.55,1.4,2.95,0.5935,0.7933,0.3416,4.6,4.8,9.4,11.9,4.4,over_15_goals|btts_yes|home_4_sot|total_8_corners|total_3_cards,Over 1.5 goals + BTTS yes + Hamburg 4+ SOT + 8+ corners,strong,Over 1.5 goals:won | BTTS yes:won | Hamburg 4+ SOT:won | 8+ corners:won | 3+ cards:won,5,5,won,7.0,11.0,7.0,H,,,,,
2026-04-04,14:30,2526,D1,Bundesliga,Hoffenheim,Mainz,A,No external context supplied,,D L L W D,D W W L D,0.0,0.0,0.5,0.5,1.0,1.0,0.0,0.0,0.0,0.0,0.5524,0.2725,0.1752,1.67,4.05,4.41,1.81,3.67,5.71,1.99,4.5,7.99,0.5258,1.53,1.9,2.35,1.6,1.7,3.3,0.6523,0.8414,0.4197,5.3,4.0,9.3,10.6,2.6,over_15_goals|btts_yes|home_4_sot|total_8_corners,Over 1.5 goals + BTTS yes + Hoffenheim 4+ SOT + 8+ corners,strong,Over 1.5 goals:won | BTTS yes:won | Hoffenheim 4+ SOT:won | 8+ corners:won,4,4,won,10.0,10.0,5.0,H,,,,,
2026-04-04,14:30,2526,D1,Bundesliga,Leverkusen,Wolfsburg,H,No external context supplied,,W W W D W,L L L D L,0.0,0.0,0.5,0.5,1.0,1.0,0.0,0.0,0.0,0.0,0.5592,0.2907,0.1501,1.39,4.93,6.73,1.79,3.44,6.66,1.96,4.16,9.99,0.54,1.44,1.85,2.27,1.9,1.0,2.9,0.5376,0.7854,0.3304,5.9,4.3,10.2,10.2,5.8,over_15_goals|home_4_sot|total_8_corners|total_3_cards,Over 1.5 goals + Leverkusen 4+ SOT + 8+ corners + 3+ cards,strong,Over 1.5 goals:won | Leverkusen 4+ SOT:won | 8+ corners:won | 3+ cards:won,4,4,won,16.0,14.0,4.0,H,,,,,
2026-04-04,14:30,2526,D1,Bundesliga,M'gladbach,Heidenheim,D,No external context supplied,,W D W W W,L D L L L,0.0,0.0,0.5,0.5,1.0,1.0,0.0,0.0,0.0,0.0,0.6009,0.2399,0.1593,1.56,4.22,5.2,1.66,4.17,6.28,1.82,5.27,9.15,0.5085,1.59,1.97,2.45,1.65,1.4,3.05,0.6087,0.8082,0.364,5.1,3.7,8.8,6.9,3.6,over_15_goals|btts_yes|home_4_sot,Over 1.5 goals + BTTS yes + M'gladbach 4+ SOT,strong,Over 1.5 goals:won | BTTS yes:won | M'gladbach 4+ SOT:won,3,3,won,14.0,5.0,4.0,H,,,,,
2026-04-04,17:30,2526,D1,Bundesliga,Stuttgart,Dortmund,A,No external context supplied,,W W W W D,L L L L D,0.0,0.0,0.5,0.5,1.0,1.0,0.0,0.0,0.0,0.0,0.4292,0.2202,0.3506,2.28,3.86,2.68,2.33,4.54,2.85,2.64,5.88,3.33,0.7228,1.42,1.38,1.61,1.85,1.85,3.7,0.7102,0.8838,0.5058,5.5,5.1,10.6,10.2,3.4,over_15_goals|btts_yes|home_4_sot|total_8_corners,Over 1.5 goals + BTTS yes + Stuttgart 4+ SOT + 8+ corners,strong,Over 1.5 goals:won | BTTS yes:lost | Stuttgart 4+ SOT:lost | 8+ corners:lost,1,4,partial,6.0,7.0,6.0,H,,,,,
2026-04-04,14:30,2526,D1,Bundesliga,Werder Bremen,RB Leipzig,A,No external context supplied,,D D L D L,D D W D W,0.0,0.0,0.5,0.5,1.0,1.0,0.0,0.0,0.0,0.0,0.2438,0.2553,0.5009,3.42,3.85,1.93,4.1,3.92,2.0,5.16,4.87,2.22,0.5719,1.48,1.75,2.12,1.0,1.65,2.65,0.5107,0.7421,0.2749,4.0,4.1,8.1,9.0,4.0,over_15_goals,Over 1.5 goals,lean,Over 1.5 goals:won,1,1,won,7.0,1.0,3.0,A,,,,,
2026-04-04,18:00,2526,F1,Ligue 1,Brest,Rennes,A,No external context supplied,,D W D W L,D L D L W,0.0,0.0,0.5,0.5,1.0,1.0,0.0,0.0,0.0,0.0,0.2978,0.2783,0.4239,3.07,3.42,2.21,3.36,3.59,2.36,4.03,4.38,2.67,0.5353,1.83,1.87,2.3,1.2,1.3,2.5,0.5084,0.7127,0.2424,2.1,4.8,6.9,8.6,4.2,away_4_sot|total_3_cards,Rennes 4+ SOT + 3+ cards,lean,Rennes 4+ SOT:won | 3+ cards:won,2,2,won,11.0,10.0,6.0,A,,,,,
2026-04-04,20:05,2526,F1,Ligue 1,Lille,Lens,H,No external context supplied,,D W W W L,D L L L W,0.0,0.0,0.5,0.5,1.0,1.0,0.0,0.0,0.0,0.0,0.3346,0.2952,0.3701,2.58,3.32,2.63,2.99,3.39,2.7,3.51,4.08,3.12,0.5102,1.8,1.96,2.44,1.0,1.75,2.75,0.5223,0.7603,0.297,3.5,4.9,8.4,8.6,4.6,over_15_goals|away_4_sot|total_3_cards,Over 1.5 goals + Lens 4+ SOT + 3+ cards,strong,Over 1.5 goals:won | Lens 4+ SOT:lost | 3+ cards:won,2,3,partial,8.0,6.0,5.0,A,,,,,
2026-04-04,16:00,2526,F1,Ligue 1,Strasbourg,Nice,H,No external context supplied,,L L L D D,W W W D D,0.0,0.0,0.5,0.5,1.0,1.0,0.0,0.0,0.0,0.0,0.472,0.3148,0.2132,1.81,3.67,4.1,2.12,3.18,4.69,2.37,3.78,6.13,0.5542,1.69,1.8,2.2,1.95,1.2,3.15,0.5994,0.8222,0.3863,5.7,4.0,9.7,10.2,4.2,over_15_goals|btts_yes|home_4_sot|total_8_corners|total_3_cards,Over 1.5 goals + BTTS yes + Strasbourg 4+ SOT + 8+ corners,strong,Over 1.5 goals:won | BTTS yes:won | Strasbourg 4+ SOT:won | 8+ corners:won | 3+ cards:lost,4,5,partial,9.0,14.0,2.0,H,,,,,
2026-04-04,19:45,2526,I1,Serie A,Lazio,Parma,D,No external context supplied,,W W L D W,L L W D L,0.0,0.0,0.5,0.5,1.0,1.0,0.0,0.0,0.0,0.0,0.4257,0.2462,0.328,1.77,3.4,4.91,2.35,4.06,3.05,2.66,5.1,3.6,0.3613,2.26,2.77,3.83,1.3,0.95,2.25,0.4461,0.6575,0.1906,4.0,2.9,6.9,8.1,3.4,,No builder lean,none,,,0,,7.0,9.0,3.0,H,,,,,
2026-04-04,14:00,2526,I1,Serie A,Sassuolo,Cagliari,H,No external context supplied,,D L L L W,D W W W L,0.0,0.0,0.5,0.5,1.0,1.0,0.0,0.0,0.0,0.0,0.3835,0.3367,0.2797,1.97,3.12,4.24,2.61,2.97,3.57,3.0,3.49,4.35,0.4383,2.12,2.28,2.96,1.25,1.15,2.4,0.4876,0.6916,0.2213,3.7,3.8,7.5,9.2,6.6,total_3_cards,3+ cards,lean,3+ cards:lost,0,1,lost,5.0,4.0,1.0,H,,,,,
2026-04-04,17:00,2526,I1,Serie A,Verona,Fiorentina,A,No external context supplied,,L W L W W,W L W L L,0.0,0.0,0.5,0.5,1.0,1.0,0.0,0.0,0.0,0.0,0.2612,0.2436,0.4951,4.13,3.4,1.89,3.83,4.1,2.02,4.73,5.16,2.25,0.5199,2.17,1.92,2.38,0.9,1.6,2.5,0.4736,0.7127,0.2424,2.7,3.5,6.2,7.8,5.4,total_3_cards,3+ cards,lean,3+ cards:won,1,1,won,9.0,10.0,8.0,A,,,,,
2026-04-04,20:00,2526,SP1,La Liga,Ath Madrid,Barcelona,A,No external context supplied,,L L W L L,W W L W W,0.0,1.0,0.5,0.5,1.0,1.0,0.0,0.0,0.0,0.0,0.2483,0.262,0.4898,3.0,3.77,2.15,4.03,3.82,2.04,5.04,4.72,2.27,0.6115,1.45,1.64,1.95,1.15,1.8,2.95,0.5704,0.7933,0.3416,4.5,5.5,10.0,9.8,3.6,over_15_goals|btts_yes|home_4_sot|total_8_corners,Over 1.5 goals + BTTS yes + Ath Madrid 4+ SOT + 8+ corners,strong,Over 1.5 goals:won | BTTS yes:won | Ath Madrid 4+ SOT:lost | 8+ corners:won,3,4,partial,10.0,10.0,10.0,A,,,,,
2026-04-04,17:30,2526,SP1,La Liga,Betis,Espanol,D,No external context supplied,,L W W W W,W L L L L,0.0,0.0,0.5,0.5,1.0,1.0,0.0,0.0,0.0,0.0,0.6204,0.2499,0.1297,1.71,3.88,4.59,1.61,4.0,7.71,1.75,5.0,12.55,0.53,1.81,1.89,2.33,1.85,1.25,3.1,0.6013,0.8153,0.3752,5.7,4.5,10.2,9.6,6.2,over_15_goals|btts_yes|home_4_sot|total_8_corners|total_3_cards,Over 1.5 goals + BTTS yes + Betis 4+ SOT + 8+ corners,strong,Over 1.5 goals:lost | BTTS yes:lost | Betis 4+ SOT:won | 8+ corners:lost | 3+ cards:won,2,5,partial,7.0,7.0,4.0,H,,,,,
2026-04-04,15:15,2526,SP1,La Liga,Mallorca,Real Madrid,H,No external context supplied,,L L D L L,W W D W W,0.0,1.0,0.5,0.5,1.0,1.0,0.0,0.0,0.0,0.0,0.1814,0.2308,0.5877,5.51,4.22,1.55,5.51,4.33,1.7,7.61,5.53,1.86,0.5802,1.63,1.72,2.08,1.1,2.05,3.15,0.5812,0.8222,0.3863,3.8,5.1,8.9,8.5,6.6,over_15_goals|btts_yes|away_4_sot|total_3_cards,Over 1.5 goals + BTTS yes + Real Madrid 4+ SOT + 3+ cards,strong,Over 1.5 goals:won | BTTS yes:won | Real Madrid 4+ SOT:won | 3+ cards:won,4,4,won,8.0,10.0,5.0,A,,,,,
2026-04-04,13:00,2526,SP1,La Liga,Sociedad,Levante,H,No external context supplied,,L W W L D,W L L W D,0.0,0.0,0.5,0.5,1.0,1.0,0.0,0.0,0.0,0.0,0.5665,0.2653,0.1681,1.57,4.18,5.42,1.77,3.77,5.95,1.94,4.64,8.47,0.5542,1.69,1.8,2.2,1.8,1.55,3.35,0.6575,0.8474,0.4307,5.0,5.5,10.5,10.4,4.6,over_15_goals|btts_yes|home_4_sot|total_8_corners|total_3_cards,Over 1.5 goals + BTTS yes + Sociedad 4+ SOT + 8+ corners,strong,Over 1.5 goals:won | BTTS yes:lost | Sociedad 4+ SOT:won | 8+ corners:won | 3+ cards:won,4,5,partial,9.0,16.0,5.0,H,,,,,
2026-04-05,16:30,2526,D1,Bundesliga,Ein Frankfurt,FC Koln,D,No external context supplied,,D L D L W,D W D W L,0.0,0.0,0.5,0.5,1.0,1.0,0.0,0.0,0.0,0.0,0.3397,0.2781,0.3822,2.01,3.55,3.4,2.94,3.6,2.62,3.45,4.38,3.01,0.5893,1.7,1.7,2.04,1.65,1.4,3.05,0.6087,0.8082,0.364,3.9,3.9,7.8,10.7,6.0,over_15_goals|btts_yes|total_8_corners|total_3_cards,Over 1.5 goals + BTTS yes + 8+ corners + 3+ cards,strong,Over 1.5 goals:won | BTTS yes:won | 8+ corners:won | 3+ cards:won,4,4,won,16.0,8.0,3.0,A,,,,,
2026-04-05,14:30,2526,D1,Bundesliga,Union Berlin,St Pauli,D,No external context supplied,,W L W,L W L,0.0,0.0,0.5,0.5,1.0,1.0,0.0,0.0,0.0,0.0,0.3318,0.4197,0.2485,2.08,3.13,3.67,3.01,2.38,4.02,3.55,2.71,5.04,0.4546,2.46,2.2,2.82,1.05,1.4,2.45,0.4898,0.7023,0.2318,4.0,4.3,8.3,8.1,5.2,away_4_sot|total_3_cards,St Pauli 4+ SOT + 3+ cards,lean,St Pauli 4+ SOT:lost | 3+ cards:won,1,2,partial,10.0,9.0,4.0,D,,,,,
2026-04-05,14:00,2526,F1,Ligue 1,Angers,Lyon,D,No external context supplied,,L L L L L,W W W W W,0.0,0.0,0.5,0.5,1.0,1.0,0.0,0.0,0.0,0.0,0.1691,0.2373,0.5936,4.59,3.45,1.78,5.91,4.21,1.68,8.39,5.34,1.84,0.519,2.12,1.93,2.39,0.9,1.65,2.55,0.4795,0.7228,0.2532,4.3,4.9,9.2,8.2,4.0,over_15_goals|home_4_sot,Over 1.5 goals + Angers 4+ SOT,lean,Over 1.5 goals:lost | Angers 4+ SOT:lost,0,2,lost,3.0,10.0,3.0,A,,,,,
2026-04-05,16:15,2526,F1,Ligue 1,Le Havre,Auxerre,D,No external context supplied,,W W W,L L L,0.0,0.0,0.5,0.5,1.0,1.0,0.0,0.0,0.0,0.0,0.3997,0.3287,0.2716,2.49,3.1,2.9,2.5,3.04,3.68,2.86,3.59,4.51,0.4695,2.22,2.13,2.71,0.8,1.0,1.8,0.3481,0.5372,0.1087,3.5,4.0,7.5,8.7,4.0,,No builder lean,none,,,0,,5.0,10.0,4.0,H,,,,,
2026-04-05,16:15,2526,F1,Ligue 1,Lorient,Paris FC,D,No external context supplied,,L,W,0.0,0.0,0.5,0.5,1.0,1.0,0.0,0.0,0.0,0.0,0.2935,0.3134,0.3931,2.22,3.24,3.21,3.41,3.19,2.54,4.11,3.8,2.91,0.4383,2.08,2.28,2.96,1.45,1.1,2.55,0.5106,0.7228,0.2532,4.6,3.7,8.3,11.1,5.0,over_15_goals|home_4_sot|total_8_corners|total_3_cards,Over 1.5 goals + Lorient 4+ SOT + 8+ corners + 3+ cards,strong,Over 1.5 goals:won | Lorient 4+ SOT:lost | 8+ corners:won | 3+ cards:won,3,4,partial,8.0,11.0,3.0,A,,,,,
2026-04-05,16:15,2526,F1,Ligue 1,Metz,Nantes,D,No external context supplied,,L D W W W,W D L L L,0.0,0.0,0.5,0.5,1.0,1.0,0.0,0.0,0.0,0.0,0.287,0.317,0.396,2.87,3.22,2.43,3.48,3.15,2.53,4.22,3.75,2.89,0.5199,2.13,1.92,2.38,1.2,1.6,2.8,0.5577,0.7689,0.3081,3.9,4.6,8.5,9.3,4.2,over_15_goals|btts_yes|away_4_sot|total_3_cards,Over 1.5 goals + BTTS yes + Nantes 4+ SOT + 3+ cards,strong,Over 1.5 goals:lost | BTTS yes:lost | Nantes 4+ SOT:lost | 3+ cards:won,1,4,partial,7.0,9.0,5.0,A,,,,,
2026-04-05,19:45,2526,F1,Ligue 1,Monaco,Marseille,H,No external context supplied,,W D L W L,L D W L W,0.0,0.0,0.5,0.5,1.0,1.0,0.0,0.0,0.0,0.0,0.4648,0.274,0.2612,2.14,3.62,3.06,2.15,3.65,3.83,2.41,4.46,4.73,0.55,1.53,1.82,2.22,1.9,1.3,3.2,0.6187,0.8288,0.3975,4.5,4.0,8.5,8.6,4.8,over_15_goals|btts_yes|home_4_sot|total_3_cards,Over 1.5 goals + BTTS yes + Monaco 4+ SOT + 3+ cards,strong,Over 1.5 goals:won | BTTS yes:won | Monaco 4+ SOT:lost | 3+ cards:won,3,4,partial,12.0,8.0,4.0,H,,,,,
2026-04-05,14:00,2526,I1,Serie A,Cremonese,Bologna,A,No external context supplied,,D L W,D W L,0.0,0.0,0.5,0.5,1.0,1.0,0.0,0.0,0.0,0.0,0.2337,0.3464,0.42,3.55,3.37,2.05,4.28,2.89,2.38,5.44,3.37,2.7,0.5306,1.98,1.88,2.32,0.95,1.25,2.2,0.4376,0.6454,0.1806,3.4,3.7,7.1,8.9,4.0,,No builder lean,none,,,0,,10.0,6.0,9.0,A,,,,,
2026-04-05,19:45,2526,I1,Serie A,Inter,Roma,H,No external context supplied,,W W W L W,L L L W L,1.0,0.0,0.5,0.5,1.0,1.0,0.0,0.0,0.0,0.0,0.6131,0.2494,0.1374,1.63,3.84,5.22,1.63,4.01,7.28,1.78,5.01,11.44,0.5102,1.9,1.96,2.44,1.7,1.15,2.85,0.5585,0.7773,0.3192,4.4,2.7,7.1,8.8,4.6,over_15_goals|btts_yes|home_4_sot|total_3_cards,Over 1.5 goals + BTTS yes + Inter 4+ SOT + 3+ cards,strong,Over 1.5 goals:won | BTTS yes:won | Inter 4+ SOT:won | 3+ cards:lost,3,4,partial,12.0,11.0,1.0,H,,,,,
2026-04-05,17:00,2526,I1,Serie A,Pisa,Torino,A,No external context supplied,,D,D,1.0,0.0,0.5,0.5,1.0,1.0,0.0,0.0,0.0,0.0,0.2517,0.3276,0.4206,3.05,2.96,2.49,3.97,3.05,2.38,4.96,3.6,2.7,0.4681,2.26,2.14,2.72,1.45,1.85,3.3,0.6451,0.8414,0.4197,3.8,4.9,8.7,9.1,4.6,over_15_goals|btts_yes|away_4_sot|total_3_cards,Over 1.5 goals + BTTS yes + Torino 4+ SOT + 3+ cards,strong,Over 1.5 goals:lost | BTTS yes:lost | Torino 4+ SOT:lost | 3+ cards:lost,0,4,lost,3.0,3.0,1.0,A,,,,,
2026-04-05,20:00,2526,SP1,La Liga,Alaves,Osasuna,D,No external context supplied,,L L D D L,W W D D W,0.0,0.0,0.5,0.5,1.0,1.0,0.0,0.0,0.0,0.0,0.3117,0.2969,0.3914,2.43,3.11,2.97,3.21,3.37,2.55,3.82,4.05,2.93,0.4141,2.25,2.42,3.18,1.35,1.65,3.0,0.5985,0.8009,0.3528,3.9,5.0,8.9,9.6,7.4,over_15_goals|btts_yes|away_4_sot|total_8_corners|total_3_cards,Over 1.5 goals + BTTS yes + Osasuna 4+ SOT + 8+ corners,strong,Over 1.5 goals:won | BTTS yes:won | Osasuna 4+ SOT:won | 8+ corners:won | 3+ cards:won,5,5,won,11.0,8.0,7.0,A,,,,,
2026-04-05,13:00,2526,SP1,La Liga,Getafe,Ath Bilbao,H,No external context supplied,,D L D L W,D W D W L,0.0,0.0,0.5,0.5,1.0,1.0,0.0,0.0,0.0,0.0,0.2054,0.2591,0.5355,2.99,2.82,2.63,4.87,3.86,1.87,6.44,4.78,2.06,0.4695,2.98,2.13,2.71,1.3,1.05,2.35,0.4729,0.6805,0.2109,3.9,5.1,9.0,10.3,7.4,away_4_sot|total_8_corners|total_3_cards,Ath Bilbao 4+ SOT + 8+ corners + 3+ cards,strong,Ath Bilbao 4+ SOT:lost | 8+ corners:lost | 3+ cards:won,1,3,partial,6.0,7.0,4.0,A,,,,,
2026-04-05,17:30,2526,SP1,La Liga,Oviedo,Sevilla,H,No external context supplied,,L,W,0.0,0.0,0.5,0.5,1.0,1.0,0.0,0.0,0.0,0.0,0.2915,0.28,0.4285,2.82,2.97,2.64,3.43,3.57,2.33,4.14,4.35,2.64,0.4058,2.33,2.46,3.27,1.5,1.65,3.15,0.6277,0.8222,0.3863,3.8,4.2,8.0,7.8,4.0,over_15_goals|btts_yes|away_4_sot,Over 1.5 goals + BTTS yes + Sevilla 4+ SOT,strong,Over 1.5 goals:lost | BTTS yes:lost | Sevilla 4+ SOT:lost,0,3,lost,4.0,14.0,10.0,A,,,,,
2026-04-05,15:15,2526,SP1,La Liga,Valencia,Celta,A,No external context supplied,,D D L W L,D D W L W,0.0,0.0,0.5,0.5,1.0,1.0,0.0,0.0,0.0,0.0,0.337,0.2897,0.3733,2.3,3.22,3.07,2.97,3.45,2.68,3.48,4.17,3.09,0.5141,2.1,1.95,2.42,1.45,1.35,2.8,0.567,0.7689,0.3081,4.0,4.1,8.1,8.9,4.0,over_15_goals|btts_yes,Over 1.5 goals + BTTS yes,lean,Over 1.5 goals:won | BTTS yes:won,2,2,won,9.0,6.0,4.0,A,,,,,
2026-04-06,17:00,2526,I1,Serie A,Juventus,Genoa,H,No external context supplied,,D D W W W,D D L L L,0.0,0.0,0.5,0.5,1.0,1.0,0.0,0.0,0.0,0.0,0.7756,0.139,0.0853,1.36,4.52,8.82,1.29,7.19,11.72,1.38,11.23,28.3,0.5306,1.93,1.88,2.32,1.65,1.35,3.0,0.5985,0.8009,0.3528,4.6,2.9,7.5,8.2,1.6,over_15_goals|btts_yes|home_4_sot,Over 1.5 goals + BTTS yes + Juventus 4+ SOT,strong,Over 1.5 goals:won | BTTS yes:lost | Juventus 4+ SOT:won,2,3,partial,8.0,10.0,5.0,H,,,,,
2026-04-06,14:00,2526,I1,Serie A,Lecce,Atalanta,A,No external context supplied,,L L L D L,W W W D W,0.0,0.0,0.5,0.5,1.0,1.0,0.0,0.0,0.0,0.0,0.1636,0.2141,0.6223,4.73,3.64,1.72,6.11,4.67,1.61,8.8,6.09,1.75,0.5358,1.97,1.87,2.29,0.8,1.4,2.2,0.4149,0.6454,0.1806,2.7,5.1,7.8,9.6,2.6,away_4_sot|total_8_corners,Atalanta 4+ SOT + 8+ corners,lean,Atalanta 4+ SOT:won | 8+ corners:lost,1,2,partial,6.0,7.0,2.0,A,,,,,
2026-04-06,19:45,2526,I1,Serie A,Napoli,Milan,H,No external context supplied,,D L W W L,D W L L W,0.0,0.0,0.5,0.5,1.0,1.0,0.0,0.0,0.0,0.0,0.469,0.3118,0.2191,2.52,2.98,2.98,2.13,3.21,4.56,2.39,3.82,5.91,0.398,2.26,2.51,3.36,1.15,1.35,2.5,0.5062,0.7127,0.2424,4.4,3.8,8.2,9.7,3.0,home_4_sot|total_8_corners,Napoli 4+ SOT + 8+ corners,lean,Napoli 4+ SOT:lost | 8+ corners:lost,0,2,lost,4.0,7.0,2.0,H,,,,,
2026-04-06,11:30,2526,I1,Serie A,Udinese,Como,D,No external context supplied,,W L L,L W W,0.0,0.0,0.5,0.5,1.0,1.0,0.0,0.0,0.0,0.0,0.2614,0.25,0.4886,4.97,3.71,1.67,3.83,4.0,2.05,4.73,5.0,2.28,0.5061,1.98,1.98,2.46,0.95,1.75,2.7,0.5067,0.7513,0.2859,2.7,4.5,7.2,8.4,3.0,over_15_goals|away_4_sot,Over 1.5 goals + Como 4+ SOT,lean,Over 1.5 goals:lost | Como 4+ SOT:won,1,2,partial,8.0,8.0,5.0,A,,,,,
2026-04-06,20:00,2526,SP1,La Liga,Girona,Villarreal,H,No external context supplied,,W L D L L,L W D W W,0.0,0.0,0.5,0.5,1.0,1.0,0.0,0.0,0.0,0.0,0.271,0.261,0.468,3.09,3.45,2.19,3.69,3.83,2.14,4.53,4.74,2.39,0.6035,1.67,1.66,1.99,1.4,1.35,2.75,0.5581,0.7603,0.297,4.4,6.2,10.6,9.3,2.4,over_15_goals|btts_yes|home_4_sot,Over 1.5 goals + BTTS yes + Girona 4+ SOT,strong,Over 1.5 goals:lost | BTTS yes:lost | Girona 4+ SOT:lost,0,3,lost,2.0,11.0,4.0,A,,,,,
2026-04-10,19:30,2526,D1,Bundesliga,Augsburg,Hoffenheim,D,No external context supplied,,D L D D L,D W D D W,0.0,0.0,0.5,0.5,1.0,1.0,0.0,0.0,0.0,0.0,0.2547,0.2339,0.5115,3.32,3.75,2.01,3.93,4.28,1.96,4.89,5.44,2.17,0.55,1.55,1.82,2.22,1.65,1.65,3.3,0.6528,0.8414,0.4197,4.3,5.9,10.2,11.5,3.2,over_15_goals|btts_yes|home_4_sot|total_8_corners,Over 1.5 goals + BTTS yes + Augsburg 4+ SOT + 8+ corners,strong,Over 1.5 goals:won | BTTS yes:won | Augsburg 4+ SOT:won | 8+ corners:won,4,4,won,12.0,8.0,8.0,A,,,,,
2026-04-10,20:00,2526,E0,Premier League,West Ham,Wolves,H,No external context supplied,"Weather: rain 0.0mm, gusts 36.4km/h, snow 0.0cm",W W W L L,L L L W W,0.0,0.0,0.5,0.5,1.0,1.0,0.0,0.0,0.0,0.0,0.5265,0.2716,0.2018,1.78,3.74,4.34,1.9,3.68,4.95,2.1,4.51,6.59,0.54,1.79,1.85,2.27,1.35,1.15,2.5,0.5062,0.7127,0.2424,3.4,4.8,8.2,10.7,4.8,away_4_sot|total_8_corners|total_3_cards,Wolves 4+ SOT + 8+ corners + 3+ cards,strong,Wolves 4+ SOT:lost | 8+ corners:lost | 3+ cards:won,1,3,partial,10.0,7.0,4.0,H,,,,,
2026-04-10,20:05,2526,F1,Ligue 1,Marseille,Metz,H,No external context supplied,,D W D D W,D L D D L,0.0,0.0,0.5,0.5,1.0,1.0,0.0,0.0,0.0,0.0,0.6313,0.2437,0.125,1.22,6.39,11.4,1.58,4.1,8.0,1.72,5.16,13.33,0.6079,1.38,1.65,1.97,1.7,1.2,2.9,0.5711,0.7854,0.3304,4.9,3.9,8.8,9.7,4.6,over_15_goals|btts_yes|home_4_sot|total_8_corners|total_3_cards,Over 1.5 goals + BTTS yes + Marseille 4+ SOT + 8+ corners,strong,Over 1.5 goals:won | BTTS yes:won | Marseille 4+ SOT:won | 8+ corners:won | 3+ cards:won,5,5,won,11.0,11.0,3.0,H,,,,,
2026-04-10,18:00,2526,F1,Ligue 1,Paris FC,Monaco,H,No external context supplied,,W,L,0.0,0.0,0.5,0.5,1.0,1.0,0.0,0.0,0.0,0.0,0.2198,0.263,0.5172,3.7,3.75,1.9,4.55,3.8,1.93,5.89,4.69,2.14,0.5412,1.61,1.85,2.27,0.75,1.65,2.4,0.4263,0.6916,0.2213,4.3,4.3,8.6,10.9,4.4,over_25_goals|home_4_sot|total_8_corners|total_3_cards,Over 2.5 goals + Paris FC 4+ SOT + 8+ corners + 3+ cards,strong,Over 2.5 goals:won | Paris FC 4+ SOT:won | 8+ corners:won | 3+ cards:lost,3,4,partial,11.0,12.0,1.0,A,,,,,
2026-04-10,19:45,2526,I1,Serie A,Roma,Pisa,H,No external context supplied,,W,L,0.0,1.0,0.5,0.5,1.0,1.0,0.0,0.0,0.0,0.0,0.5549,0.2774,0.1676,1.32,4.89,9.35,1.8,3.6,5.97,1.98,4.4,8.5,0.5969,1.8,1.68,2.01,2.0,1.15,3.15,0.5909,0.8222,0.3863,3.3,4.1,7.4,8.1,4.2,over_15_goals|btts_yes|total_3_cards,Over 1.5 goals + BTTS yes + 3+ cards,strong,Over 1.5 goals:won | BTTS yes:lost | 3+ cards:lost,1,3,partial,8.0,4.0,2.0,H,,,,,
2026-04-10,20:00,2526,SP1,La Liga,Real Madrid,Girona,D,No external context supplied,,W W W W D,L L L L D,1.0,0.0,0.5,0.5,1.0,1.0,0.0,0.0,0.0,0.0,0.7093,0.1981,0.0926,1.3,5.76,8.57,1.41,5.05,10.8,1.52,6.75,23.47,0.5925,1.42,1.69,2.03,1.55,1.15,2.7,0.5383,0.7513,0.2859,6.1,3.7,9.8,9.4,4.2,over_15_goals|home_4_sot,Over 1.5 goals + Real Madrid 4+ SOT,lean,Over 1.5 goals:won | Real Madrid 4+ SOT:won,2,2,won,11.0,11.0,3.0,H,,,,,
2026-04-11,14:30,2526,D1,Bundesliga,Dortmund,Leverkusen,A,No external context supplied,,D D L W W,D D W L L,0.0,0.0,0.5,0.5,1.0,1.0,0.0,0.0,0.0,0.0,0.4249,0.2334,0.3417,1.95,3.8,3.42,2.35,4.29,2.93,2.67,5.45,3.43,0.6115,1.51,1.64,1.95,1.95,1.7,3.65,0.701,0.8791,0.4954,5.0,5.2,10.2,9.7,4.2,over_15_goals|btts_yes|home_4_sot|total_8_corners|total_3_cards,Over 1.5 goals + BTTS yes + Dortmund 4+ SOT + 8+ corners,strong,Over 1.5 goals:lost | BTTS yes:lost | Dortmund 4+ SOT:lost | 8+ corners:won | 3+ cards:won,2,5,partial,5.0,10.0,3.0,H,,,,,
2026-04-11,14:30,2526,D1,Bundesliga,Heidenheim,Union Berlin,H,No external context supplied,,W D W W W,L D L L L,0.0,0.0,0.5,0.5,1.0,1.0,0.0,0.0,0.0,0.0,0.2735,0.2863,0.4402,2.93,3.5,2.25,3.66,3.49,2.27,4.47,4.23,2.56,0.4629,1.84,2.16,2.76,1.6,1.6,3.2,0.637,0.8288,0.3975,4.4,4.6,9.0,7.5,3.6,over_15_goals|btts_yes|home_4_sot,Over 1.5 goals + BTTS yes + Heidenheim 4+ SOT,strong,Over 1.5 goals:won | BTTS yes:won | Heidenheim 4+ SOT:lost,2,3,partial,6.0,8.0,2.0,A,,,,,
2026-04-11,14:30,2526,D1,Bundesliga,RB Leipzig,M'gladbach,H,No external context supplied,,W W D L D,L L D W D,0.0,0.0,0.5,0.5,1.0,1.0,0.0,0.0,0.0,0.0,0.5429,0.278,0.1791,1.49,4.58,5.57,1.84,3.6,5.58,2.03,4.39,7.74,0.6461,1.43,1.55,1.83,1.9,1.2,3.1,0.5943,0.8153,0.3752,5.2,4.5,9.7,7.6,3.8,over_15_goals|btts_yes|home_4_sot,Over 1.5 goals + BTTS yes + RB Leipzig 4+ SOT,strong,Over 1.5 goals:lost | BTTS yes:lost | RB Leipzig 4+ SOT:won,1,3,partial,14.0,15.0,5.0,H,,,,,
2026-04-11,17:30,2526,D1,Bundesliga,St Pauli,Bayern Munich,A,No external context supplied,,L L L,W W W,0.0,1.0,0.5,0.5,1.0,1.0,0.0,0.0,0.0,0.0,0.1769,0.2002,0.6229,7.83,5.06,1.34,5.65,5.0,1.61,7.88,6.66,1.75,0.5927,1.5,1.69,2.03,1.1,2.15,3.25,0.5894,0.8352,0.4086,3.2,6.9,10.1,8.8,4.8,over_15_goals|btts_yes|away_4_sot|total_3_cards,Over 1.5 goals + BTTS yes + Bayern Munich 4+ SOT + 3+ cards,strong,Over 1.5 goals:won | BTTS yes:lost | Bayern Munich 4+ SOT:won | 3+ cards:won,3,4,partial,11.0,7.0,3.0,A,,,,,
2026-04-11,14:30,2526,D1,Bundesliga,Wolfsburg,Ein Frankfurt,A,No external context supplied,,W D L D D,L D W D D,0.0,0.0,0.5,0.5,1.0,1.0,0.0,0.0,0.0,0.0,0.3321,0.2744,0.3935,2.48,3.58,2.57,3.01,3.64,2.54,3.54,4.46,2.91,0.5916,1.56,1.69,2.03,1.25,1.95,3.2,0.612,0.8288,0.3975,3.7,6.2,9.9,11.3,5.0,over_15_goals|btts_yes|away_4_sot|total_8_corners|total_3_cards,Over 1.5 goals + BTTS yes + Ein Frankfurt 4+ SOT + 8+ corners,strong,Over 1.5 goals:won | BTTS yes:won | Ein Frankfurt 4+ SOT:won | 8+ corners:won | 3+ cards:won,5,5,won,11.0,14.0,3.0,A,,,,,
2026-04-11,12:30,2526,E0,Premier League,Arsenal,Bournemouth,A,No external context supplied,"Weather: rain 0.2mm, gusts 62.3km/h, snow 0.0cm",W W L L W,L L W W L,0.0,0.0,0.5,0.5,1.0,1.0,0.0,0.0,0.0,0.0,0.6014,0.2456,0.153,1.43,4.55,7.06,1.66,4.07,6.54,1.81,5.11,9.71,0.6076,1.62,1.65,1.97,1.45,1.0,2.45,0.4838,0.7023,0.2318,4.1,3.6,7.7,10.2,2.6,over_25_goals|total_8_corners,Over 2.5 goals + 8+ corners,lean,Over 2.5 goals:won | 8+ corners:won,2,2,won,6.0,11.0,4.0,H,,,,,
2026-04-11,15:00,2526,E0,Premier League,Brentford,Everton,D,No external context supplied,"Weather: rain 0.3mm, gusts 60.8km/h, snow 0.0cm",L L D D W,W W D D L,0.0,0.0,0.5,0.5,1.0,1.0,0.0,0.0,0.0,0.0,0.4413,0.2558,0.3029,2.13,3.31,3.45,2.27,3.91,3.3,2.56,4.86,3.95,0.5279,1.95,1.89,2.34,1.05,1.4,2.45,0.4898,0.7023,0.2318,4.0,4.6,8.6,9.5,2.2,away_4_sot|total_8_corners,Everton 4+ SOT + 8+ corners,lean,Everton 4+ SOT:won | 8+ corners:lost,1,2,partial,11.0,5.0,2.0,H,,,,,
2026-04-11,15:00,2526,E0,Premier League,Burnley,Brighton,A,No external context supplied,"Weather: rain 10.6mm, gusts 76.0km/h, snow 2.4cm",L W D D L,W L D D W,0.0,0.0,0.5,0.5,1.0,1.0,0.0,0.0,0.0,0.0,0.2213,0.3211,0.4576,4.48,3.93,1.72,4.52,3.11,2.19,5.84,3.69,2.45,0.556,1.71,1.8,2.19,1.0,1.5,2.5,0.4911,0.7127,0.2424,3.4,5.1,8.5,10.7,5.2,away_4_sot|total_8_corners|total_3_cards,Brighton 4+ SOT + 8+ corners + 3+ cards,strong,Brighton 4+ SOT:won | 8+ corners:won | 3+ cards:won,3,3,won,11.0,10.0,3.0,A,,,,,
2026-04-11,17:30,2526,E0,Premier League,Liverpool,Fulham,H,No external context supplied,"Weather: rain 5.7mm, gusts 65.9km/h, snow 0.0cm",W W D L D,L L D W D,1.0,0.0,0.5,0.5,1.0,1.0,0.0,0.0,0.0,0.0,0.6546,0.203,0.1424,1.62,4.18,4.83,1.53,4.93,7.02,1.65,6.54,10.82,0.5783,1.53,1.73,2.09,1.6,1.35,2.95,0.5912,0.7933,0.3416,4.0,4.2,8.2,11.2,3.8,over_15_goals|btts_yes|total_8_corners,Over 1.5 goals + BTTS yes + 8+ corners,strong,Over 1.5 goals:won | BTTS yes:lost | 8+ corners:won,2,3,partial,9.0,15.0,0.0,H,,,,,
2026-04-11,18:00,2526,F1,Ligue 1,Auxerre,Nantes,D,No external context supplied,,L W L D L,W L W D W,0.0,0.0,0.5,0.5,1.0,1.0,0.0,0.0,0.0,0.0,0.4288,0.3123,0.2589,1.99,3.25,3.86,2.33,3.2,3.86,2.64,3.81,4.79,0.4695,2.26,2.13,2.71,1.3,0.85,2.15,0.4165,0.6331,0.1709,4.1,3.5,7.6,9.0,4.4,total_3_cards,3+ cards,lean,3+ cards:won,1,1,won,4.0,5.0,4.0,H,,,,,
2026-04-11,20:05,2526,F1,Ligue 1,Rennes,Angers,H,No external context supplied,,W W W W D,L L L L D,0.0,0.0,0.5,0.5,1.0,1.0,0.0,0.0,0.0,0.0,0.6954,0.1891,0.1155,1.37,4.72,7.99,1.44,5.29,8.66,1.55,7.19,15.27,0.5619,1.64,1.78,2.17,1.45,0.95,2.4,0.4694,0.6916,0.2213,5.3,2.6,7.9,8.9,3.4,home_4_sot,Rennes 4+ SOT,lean,Rennes 4+ SOT:won,1,1,won,11.0,14.0,2.0,H,,,,,
2026-04-11,19:45,2526,I1,Serie A,Atalanta,Juventus,A,No external context supplied,,D D D W D,D D D L D,0.0,0.0,0.5,0.5,1.0,1.0,0.0,0.0,0.0,0.0,0.238,0.3045,0.4575,3.04,3.34,2.29,4.2,3.28,2.19,5.32,3.93,2.45,0.5619,1.8,1.78,2.16,1.5,1.45,2.95,0.5946,0.7933,0.3416,3.6,4.6,8.2,8.8,3.0,over_15_goals|btts_yes|away_4_sot,Over 1.5 goals + BTTS yes + Juventus 4+ SOT,strong,Over 1.5 goals:lost | BTTS yes:lost | Juventus 4+ SOT:lost,0,3,lost,5.0,15.0,4.0,A,,,,,
2026-04-11,14:00,2526,I1,Serie A,Cagliari,Cremonese,H,No external context supplied,,D,D,0.0,0.0,0.5,0.5,1.0,1.0,0.0,0.0,0.0,0.0,0.4692,0.2976,0.2332,2.14,3.11,3.61,2.13,3.36,4.29,2.39,4.04,5.46,0.3908,2.28,2.56,3.44,1.4,1.0,2.4,0.4762,0.6916,0.2213,3.8,3.7,7.5,7.4,6.2,total_3_cards,3+ cards,lean,3+ cards:lost,0,1,lost,7.0,11.0,2.0,H,,,,,
2026-04-11,17:00,2526,I1,Serie A,Milan,Udinese,A,No external context supplied,,L W W W W,W L L L L,0.0,0.0,0.5,0.5,1.0,1.0,0.0,0.0,0.0,0.0,0.6063,0.2638,0.1299,1.41,4.43,7.77,1.65,3.79,7.7,1.8,4.68,12.51,0.5318,1.79,1.88,2.32,1.1,1.05,2.15,0.4337,0.6331,0.1709,3.6,3.6,7.2,9.2,3.8,,No builder lean,none,,,0,,9.0,7.0,2.0,H,,,,,
2026-04-11,14:00,2526,I1,Serie A,Torino,Verona,H,No external context supplied,,D W W D W,D L L D L,0.0,0.0,0.5,0.5,1.0,1.0,0.0,0.0,0.0,0.0,0.4597,0.3197,0.2206,1.88,3.28,4.38,2.18,3.13,4.53,2.44,3.71,5.86,0.4681,2.37,2.14,2.72,1.65,1.2,2.85,0.5646,0.7773,0.3192,3.8,4.1,7.9,8.7,4.8,over_15_goals|btts_yes|total_3_cards,Over 1.5 goals + BTTS yes + 3+ cards,strong,Over 1.5 goals:won | BTTS yes:won | 3+ cards:won,3,3,won,6.0,9.0,5.0,H,,,,,
2026-04-11,17:30,2526,SP1,La Liga,Barcelona,Espanol,H,No external context supplied,,D W W W W,D L L L L,1.0,0.0,0.5,0.5,1.0,1.0,0.0,0.0,0.0,0.0,0.6842,0.2105,0.1053,1.26,6.26,9.39,1.46,4.75,9.5,1.58,6.23,18.08,0.5407,1.3,1.85,2.27,2.4,1.0,3.4,0.5748,0.8532,0.4416,6.5,3.5,10.0,9.4,5.8,over_15_goals|btts_yes|home_4_sot|total_3_cards,Over 1.5 goals + BTTS yes + Barcelona 4+ SOT + 3+ cards,strong,Over 1.5 goals:won | BTTS yes:won | Barcelona 4+ SOT:won | 3+ cards:won,4,4,won,12.0,12.0,9.0,H,,,,,
2026-04-11,15:15,2526,SP1,La Liga,Elche,Valencia,H,No external context supplied,,L L D L D,W W D W D,0.0,0.0,0.5,0.5,1.0,1.0,0.0,0.0,0.0,0.0,0.3541,0.2621,0.3837,2.5,3.24,2.83,2.82,3.81,2.61,3.29,4.71,3.0,0.4954,2.01,2.02,2.53,1.25,1.8,3.05,0.5956,0.8082,0.364,4.1,4.5,8.6,8.2,4.4,over_15_goals|btts_yes|away_4_sot|total_3_cards,Over 1.5 goals + BTTS yes + Valencia 4+ SOT + 3+ cards,strong,Over 1.5 goals:lost | BTTS yes:lost | Valencia 4+ SOT:won | 3+ cards:lost,1,4,partial,10.0,14.0,2.0,A,,,,,
2026-04-11,20:00,2526,SP1,La Liga,Sevilla,Ath Madrid,H,No external context supplied,,L W L L L,W L W W W,0.0,0.0,0.5,0.5,1.0,1.0,0.0,0.0,0.0,0.0,0.5098,0.3276,0.1626,2.78,3.12,2.63,1.96,3.05,6.15,2.17,3.6,8.88,0.4961,2.1,2.02,2.52,1.2,1.65,2.85,0.5646,0.7773,0.3192,4.4,4.4,8.8,8.8,6.0,over_15_goals|btts_yes|home_4_sot|total_3_cards,Over 1.5 goals + BTTS yes + Sevilla 4+ SOT + 3+ cards,strong,Over 1.5 goals:won | BTTS yes:won | Sevilla 4+ SOT:lost | 3+ cards:won,3,4,partial,4.0,12.0,8.0,H,,,,,
2026-04-11,13:00,2526,SP1,La Liga,Sociedad,Alaves,D,No external context supplied,,D W L L L,D L W W W,0.0,0.0,0.5,0.5,1.0,1.0,0.0,0.0,0.0,0.0,0.4707,0.3163,0.213,1.72,3.68,4.76,2.12,3.16,4.7,2.38,3.75,6.14,0.5158,1.86,1.94,2.41,1.9,1.65,3.55,0.6871,0.8693,0.4741,4.7,5.2,9.9,10.0,7.2,over_15_goals|btts_yes|home_4_sot|total_8_corners|total_3_cards,Over 1.5 goals + BTTS yes + Sociedad 4+ SOT + 8+ corners,strong,Over 1.5 goals:won | BTTS yes:won | Sociedad 4+ SOT:won | 8+ corners:won | 3+ cards:won,5,5,won,6.0,14.0,8.0,H,,,,,
2026-04-12,14:30,2526,D1,Bundesliga,FC Koln,Werder Bremen,H,No external context supplied,,W D L L D,L D W W D,0.0,0.0,0.5,0.5,1.0,1.0,0.0,0.0,0.0,0.0,0.3604,0.3453,0.2943,2.18,3.45,3.08,2.77,2.9,3.4,3.22,3.39,4.09,0.5279,1.7,1.89,2.34,1.35,1.45,2.8,0.567,0.7689,0.3081,3.3,4.2,7.5,8.8,5.6,over_15_goals|btts_yes|away_4_sot|total_3_cards,Over 1.5 goals + BTTS yes + Werder Bremen 4+ SOT + 3+ cards,strong,Over 1.5 goals:won | BTTS yes:won | Werder Bremen 4+ SOT:lost | 3+ cards:won,3,4,partial,10.0,13.0,7.0,H,,,,,
2026-04-12,18:30,2526,D1,Bundesliga,Mainz,Freiburg,A,No external context supplied,,L D D D L,W D D D W,0.0,0.0,0.5,0.5,1.0,1.0,0.0,0.0,0.0,0.0,0.3369,0.296,0.3671,2.23,3.14,3.3,2.97,3.38,2.72,3.49,4.06,3.15,0.5221,1.85,1.92,2.37,1.65,1.2,2.85,0.5646,0.7773,0.3192,5.2,4.8,10.0,9.4,3.0,over_15_goals|btts_yes|home_4_sot,Over 1.5 goals + BTTS yes + Mainz 4+ SOT,strong,Over 1.5 goals:lost | BTTS yes:lost | Mainz 4+ SOT:lost,0,3,lost,6.0,10.0,4.0,A,,,,,
2026-04-12,16:30,2526,D1,Bundesliga,Stuttgart,Hamburg,H,No external context supplied,,L D L,W D W,0.0,0.0,0.5,0.5,1.0,1.0,0.0,0.0,0.0,0.0,0.6686,0.2244,0.107,1.39,4.88,6.75,1.5,4.46,9.34,1.62,5.74,17.54,0.6693,1.44,1.49,1.76,1.85,1.35,3.2,0.6243,0.8288,0.3975,5.1,4.2,9.3,9.9,4.2,over_15_goals|btts_yes|home_4_sot|total_8_corners|total_3_cards,Over 1.5 goals + BTTS yes + Stuttgart 4+ SOT + 8+ corners,strong,Over 1.5 goals:won | BTTS yes:lost | Stuttgart 4+ SOT:won | 8+ corners:won | 3+ cards:won,4,5,partial,16.0,10.0,3.0,H,,,,,
2026-04-12,16:30,2526,E0,Premier League,Chelsea,Man City,A,No external context supplied,"Weather: rain 0.3mm, gusts 55.1km/h, snow 0.0cm",D D L L D,D D W W D,0.0,1.0,0.5,0.5,1.0,1.0,0.0,0.0,0.0,0.0,0.18,0.2519,0.5681,3.08,3.8,2.1,5.55,3.97,1.76,7.69,4.95,1.93,0.6124,1.54,1.63,1.95,1.45,1.5,2.95,0.5946,0.7933,0.3416,3.7,5.7,9.4,11.0,5.0,over_15_goals|btts_yes|away_4_sot|total_8_corners|total_3_cards,Over 1.5 goals + BTTS yes + Man City 4+ SOT + 8+ corners,strong,Over 1.5 goals:won | BTTS yes:lost | Man City 4+ SOT:won | 8+ corners:won | 3+ cards:won,4,5,partial,11.0,16.0,4.0,A,A,0.0868,Premier League A all 8%+,62,0.6148
2026-04-12,14:00,2526,E0,Premier League,Crystal Palace,Newcastle,H,No external context supplied,"Weather: rain 0.6mm, gusts 54.7km/h, snow 0.0cm",L W D L L,W L D W W,0.0,0.0,0.5,0.5,1.0,1.0,0.0,0.0,0.0,0.0,0.2743,0.2927,0.433,3.07,3.5,2.22,3.65,3.42,2.31,4.46,4.12,2.61,0.5574,1.71,1.79,2.19,1.45,1.2,2.65,0.5349,0.7421,0.2749,4.0,5.6,9.6,9.6,5.8,over_15_goals|away_4_sot|total_8_corners|total_3_cards,Over 1.5 goals + Newcastle 4+ SOT + 8+ corners + 3+ cards,strong,Over 1.5 goals:won | Newcastle 4+ SOT:lost | 8+ corners:lost | 3+ cards:won,2,4,partial,8.0,6.0,3.0,A,,,,,
2026-04-12,14:00,2526,E0,Premier League,Nott'm Forest,Aston Villa,D,No external context supplied,"Weather: rain 3.3mm, gusts 64.8km/h, snow 0.0cm",W L W L L,L W L W W,0.0,0.0,0.5,0.5,1.0,1.0,0.0,0.0,0.0,0.0,0.2771,0.2853,0.4375,2.61,3.33,2.65,3.61,3.5,2.29,4.4,4.25,2.58,0.4546,1.91,2.2,2.82,1.15,0.9,2.05,0.4055,0.6074,0.152,4.0,4.3,8.3,9.8,4.0,away_4_sot|total_8_corners,Aston Villa 4+ SOT + 8+ corners,lean,Aston Villa 4+ SOT:won | 8+ corners:won,2,2,won,9.0,10.0,4.0,A,,,,,
2026-04-12,14:00,2526,E0,Premier League,Sunderland,Tottenham,H,No external context supplied,"Weather: rain 0.1mm, gusts 67.3km/h, snow 0.0cm",D,D,0.0,0.0,0.5,0.5,1.0,1.0,0.0,0.0,0.0,0.0,0.3667,0.2688,0.3645,2.62,3.34,2.63,2.73,3.72,2.74,3.16,4.57,3.18,0.5097,1.92,1.96,2.44,1.7,1.2,2.9,0.5711,0.7854,0.3304,4.4,4.1,8.5,10.7,4.4,over_15_goals|btts_yes|home_4_sot|total_8_corners|total_3_cards,Over 1.5 goals + BTTS yes + Sunderland 4+ SOT + 8+ corners,strong,Over 1.5 goals:lost | BTTS yes:lost | Sunderland 4+ SOT:lost | 8+ corners:won | 3+ cards:won,2,5,partial,9.0,8.0,6.0,H,,,,,
2026-04-12,19:45,2526,F1,Ligue 1,Lyon,Lorient,H,No external context supplied,,L D D W L,W D D L W,0.0,0.0,0.5,0.5,1.0,1.0,0.0,0.0,0.0,0.0,0.5347,0.2415,0.2238,1.67,3.74,4.92,1.87,4.14,4.47,2.06,5.22,5.75,0.6028,1.86,1.66,1.99,1.3,1.3,2.6,0.5292,0.7326,0.264,4.0,4.1,8.1,8.4,3.6,over_15_goals,Over 1.5 goals,lean,Over 1.5 goals:won,1,1,won,11.0,10.0,5.0,H,,,,,
2026-04-12,16:15,2526,F1,Ligue 1,Nice,Le Havre,D,No external context supplied,,L W W W L,W L L L W,0.0,0.0,0.5,0.5,1.0,1.0,0.0,0.0,0.0,0.0,0.4632,0.28,0.2568,1.9,3.28,4.2,2.16,3.57,3.89,2.42,4.35,4.83,0.5417,1.93,1.85,2.26,1.2,1.35,2.55,0.5176,0.7228,0.2532,3.8,4.4,8.2,9.4,4.4,over_15_goals|away_4_sot|total_3_cards,Over 1.5 goals + Le Havre 4+ SOT + 3+ cards,strong,Over 1.5 goals:won | Le Havre 4+ SOT:won | 3+ cards:lost,2,3,partial,11.0,7.0,2.0,H,,,,,
2026-04-12,16:15,2526,F1,Ligue 1,Toulouse,Lille,A,No external context supplied,,D W L L L,D L W W W,0.0,0.0,0.5,0.5,1.0,1.0,0.0,0.0,0.0,0.0,0.2721,0.2439,0.484,3.06,3.18,2.33,3.68,4.1,2.07,4.5,5.16,2.3,0.5085,2.14,1.97,2.45,0.95,1.2,2.15,0.4285,0.6331,0.1709,2.9,4.1,7.0,6.7,5.8,total_3_cards,3+ cards,lean,3+ cards:won,1,1,won,10.0,6.0,4.0,A,,,,,
2026-04-12,17:00,2526,I1,Serie A,Bologna,Lecce,H,No external context supplied,,D W W D D,D L L D D,0.0,0.0,0.5,0.5,1.0,1.0,0.0,0.0,0.0,0.0,0.4794,0.2866,0.234,1.78,3.37,4.8,2.09,3.49,4.27,2.33,4.23,5.43,0.4858,2.17,2.06,2.59,1.2,1.05,2.25,0.4543,0.6575,0.1906,4.1,2.9,7.0,8.6,3.2,,No builder lean,none,,,0,,5.0,14.0,2.0,H,,,,,
2026-04-12,19:45,2526,I1,Serie A,Como,Inter,A,No external context supplied,,L L L,W W W,0.0,1.0,0.5,0.5,1.0,1.0,0.0,0.0,0.0,0.0,0.3561,0.264,0.3799,3.11,3.38,2.23,2.81,3.79,2.63,3.27,4.67,3.03,0.4546,1.85,2.2,2.82,1.55,1.65,3.2,0.6365,0.8288,0.3975,4.3,3.4,7.7,7.8,3.0,over_15_goals|btts_yes|home_4_sot,Over 1.5 goals + BTTS yes + Como 4+ SOT,strong,Over 1.5 goals:won | BTTS yes:won | Como 4+ SOT:won,3,3,won,13.0,2.0,10.0,A,,,,,
2026-04-12,11:30,2526,I1,Serie A,Genoa,Sassuolo,H,No external context supplied,,D D W W W,D D L L L,0.0,0.0,0.5,0.5,1.0,1.0,0.0,0.0,0.0,0.0,0.4192,0.2668,0.3139,2.15,3.24,3.41,2.39,3.75,3.19,2.71,4.61,3.79,0.5103,2.12,1.96,2.44,1.35,1.5,2.85,0.5755,0.7773,0.3192,4.1,3.2,7.3,9.2,3.4,over_15_goals|btts_yes,Over 1.5 goals + BTTS yes,lean,Over 1.5 goals:won | BTTS yes:won,2,2,won,13.0,8.0,9.0,H,,,,,
2026-04-12,14:00,2526,I1,Serie A,Parma,Napoli,D,No external context supplied,,L L L D D,W W W D D,0.0,0.0,0.5,0.5,1.0,1.0,0.0,0.0,0.0,0.0,0.1834,0.3142,0.5023,5.87,3.75,1.59,5.45,3.18,1.99,7.49,3.78,2.21,0.4695,2.17,2.13,2.71,1.05,1.65,2.7,0.5252,0.7513,0.2859,2.1,4.5,6.6,8.9,3.6,over_15_goals|away_4_sot,Over 1.5 goals + Napoli 4+ SOT,lean,Over 1.5 goals:won | Napoli 4+ SOT:won,2,2,won,8.0,10.0,1.0,A,,,,,
2026-04-12,20:00,2526,SP1,La Liga,Ath Bilbao,Villarreal,A,No external context supplied,,W D W D L,L D L D W,0.0,0.0,0.5,0.5,1.0,1.0,0.0,0.0,0.0,0.0,0.4575,0.3064,0.2361,2.26,3.41,2.99,2.19,3.26,4.24,2.45,3.9,5.37,0.5574,1.88,1.79,2.19,1.35,1.6,2.95,0.5912,0.7933,0.3416,4.0,4.6,8.6,8.6,2.8,over_15_goals|btts_yes|away_4_sot,Over 1.5 goals + BTTS yes + Villarreal 4+ SOT,strong,Over 1.5 goals:won | BTTS yes:won | Villarreal 4+ SOT:won,3,3,won,12.0,18.0,5.0,H,,,,,
2026-04-12,17:30,2526,SP1,La Liga,Celta,Oviedo,A,No external context supplied,,D,D,0.0,0.0,0.5,0.5,1.0,1.0,0.0,0.0,0.0,0.0,0.4648,0.3347,0.2005,1.66,3.8,4.9,2.15,2.99,4.99,2.41,3.51,6.64,0.5097,1.92,1.96,2.44,1.65,1.35,3.0,0.5985,0.8009,0.3528,4.8,4.3,9.1,9.2,5.2,over_15_goals|btts_yes|home_4_sot|total_3_cards,Over 1.5 goals + BTTS yes + Celta 4+ SOT + 3+ cards,strong,Over 1.5 goals:won | BTTS yes:lost | Celta 4+ SOT:won | 3+ cards:won,3,4,partial,11.0,5.0,3.0,H,,,,,
2026-04-12,15:15,2526,SP1,La Liga,Mallorca,Vallecano,H,No external context supplied,,D W W D L,D L L D W,0.0,0.0,0.5,0.5,1.0,1.0,0.0,0.0,0.0,0.0,0.4134,0.2525,0.3342,2.41,3.15,2.96,2.42,3.96,2.99,2.75,4.94,3.52,0.4893,2.19,2.04,2.57,1.1,1.55,2.65,0.5255,0.7421,0.2749,4.0,4.1,8.1,10.4,5.4,over_15_goals|total_8_corners|total_3_cards,Over 1.5 goals + 8+ corners + 3+ cards,strong,Over 1.5 goals:won | 8+ corners:won | 3+ cards:won,3,3,won,7.0,13.0,5.0,H,,,,,
2026-04-12,13:00,2526,SP1,La Liga,Osasuna,Betis,D,No external context supplied,,L L L D L,W W W D W,0.0,0.0,0.5,0.5,1.0,1.0,0.0,0.0,0.0,0.0,0.4101,0.2763,0.3136,2.2,3.39,3.14,2.44,3.62,3.19,2.78,4.42,3.79,0.545,1.88,1.83,2.25,1.35,1.2,2.55,0.5176,0.7228,0.2532,4.7,3.9,8.6,8.4,4.6,over_15_goals|home_4_sot|total_3_cards,Over 1.5 goals + Osasuna 4+ SOT + 3+ cards,strong,Over 1.5 goals:won | Osasuna 4+ SOT:won | 3+ cards:won,3,3,won,7.0,9.0,7.0,H,,,,,
2026-04-13,20:00,2526,E0,Premier League,Man United,Leeds,A,No external context supplied,"Weather: rain 0.6mm, gusts 34.2km/h, snow 0.0cm",W W D W D,L L D L D,0.0,0.0,0.5,0.5,1.0,1.0,0.0,0.0,0.0,0.0,0.5376,0.2305,0.232,1.59,4.07,5.3,1.86,4.34,4.31,2.05,5.54,5.5,0.5925,1.68,1.69,2.03,1.55,0.95,2.5,0.4831,0.7127,0.2424,4.2,3.6,7.8,9.8,5.0,home_4_sot|total_8_corners|total_3_cards,Man United 4+ SOT + 8+ corners + 3+ cards,strong,Man United 4+ SOT:won | 8+ corners:won | 3+ cards:won,3,3,won,15.0,15.0,7.0,H,,,,,
2026-04-13,19:45,2526,I1,Serie A,Fiorentina,Lazio,H,No external context supplied,,L W W W D,W L L L D,0.0,0.0,0.5,0.5,1.0,1.0,0.0,0.0,0.0,0.0,0.521,0.2774,0.2017,2.28,3.05,3.31,1.92,3.61,4.96,2.12,4.4,6.59,0.4739,2.18,2.11,2.67,1.15,1.15,2.3,0.467,0.6691,0.2007,3.4,4.0,7.4,8.7,3.8,,No builder lean,none,,,0,,8.0,11.0,5.0,H,,,,,
2026-04-13,20:00,2526,SP1,La Liga,Levante,Getafe,H,No external context supplied,,W L D L D,L W D W D,0.0,0.0,0.5,0.5,1.0,1.0,0.0,0.0,0.0,0.0,0.409,0.3319,0.2591,2.69,2.95,2.78,2.45,3.01,3.86,2.79,3.55,4.78,0.2473,2.68,4.04,6.79,0.75,1.4,2.15,0.3975,0.6331,0.1709,4.8,4.5,9.3,11.6,8.2,home_4_sot|total_8_corners|total_3_cards,Levante 4+ SOT + 8+ corners + 3+ cards,strong,Levante 4+ SOT:won | 8+ corners:won | 3+ cards:won,3,3,won,5.0,10.0,11.0,H,,,,,
2026-04-17,19:30,2526,D1,Bundesliga,St Pauli,FC Koln,D,No external context supplied,,D,D,0.0,0.0,0.5,0.5,1.0,1.0,0.0,0.0,0.0,0.0,0.423,0.2562,0.3207,2.82,3.24,2.49,2.36,3.9,3.12,2.68,4.85,3.69,0.4954,2.0,2.02,2.53,1.3,1.65,2.95,0.5878,0.7933,0.3416,3.1,5.6,8.7,8.7,6.4,over_15_goals|btts_yes|away_4_sot|total_3_cards,Over 1.5 goals + BTTS yes + FC Koln 4+ SOT + 3+ cards,strong,Over 1.5 goals:won | BTTS yes:won | FC Koln 4+ SOT:lost | 3+ cards:won,3,4,partial,7.0,13.0,5.0,H,,,,,
2026-04-17,19:45,2526,F1,Ligue 1,Lens,Toulouse,H,No external context supplied,,W W L D W,L L W D L,0.0,0.0,0.5,0.5,1.0,1.0,0.0,0.0,0.0,0.0,0.5853,0.2307,0.184,1.48,4.4,6.18,1.71,4.33,5.44,1.87,5.53,7.46,0.5229,1.65,1.91,2.36,1.9,1.1,3.0,0.5673,0.8009,0.3528,5.7,3.4,9.1,7.9,3.8,over_15_goals|btts_yes|home_4_sot,Over 1.5 goals + BTTS yes + Lens 4+ SOT,strong,Over 1.5 goals:won | BTTS yes:won | Lens 4+ SOT:won,3,3,won,15.0,15.0,4.0,H,,,,,
2026-04-17,19:45,2526,I1,Serie A,Inter,Cagliari,H,No external context supplied,,W D W W W,L D L L L,1.0,0.0,0.5,0.5,1.0,1.0,0.0,0.0,0.0,0.0,0.6937,0.2199,0.0864,1.23,6.04,11.88,1.44,4.55,11.57,1.55,5.89,27.48,0.54,1.56,1.85,2.27,1.9,0.95,2.85,0.5215,0.7773,0.3192,4.0,3.7,7.7,6.8,5.2,over_15_goals|total_3_cards,Over 1.5 goals + 3+ cards,lean,Over 1.5 goals:won | 3+ cards:lost,1,2,partial,6.0,13.0,2.0,H,,,,,
2026-04-17,17:30,2526,I1,Serie A,Sassuolo,Como,H,No external context supplied,,L,W,0.0,0.0,0.5,0.5,1.0,1.0,0.0,0.0,0.0,0.0,0.192,0.2553,0.5527,5.7,4.17,1.54,5.21,3.92,1.81,7.04,4.87,1.99,0.5297,1.66,1.89,2.33,1.25,1.7,2.95,0.5832,0.7933,0.3416,2.9,5.4,8.3,7.4,4.4,over_15_goals|btts_yes|away_4_sot|total_3_cards,Over 1.5 goals + BTTS yes + Como 4+ SOT + 3+ cards,strong,Over 1.5 goals:won | BTTS yes:won | Como 4+ SOT:lost | 3+ cards:won,3,4,partial,7.0,13.0,6.0,A,,,,,
2026-04-18,17:30,2526,D1,Bundesliga,Ein Frankfurt,RB Leipzig,A,No external context supplied,,W D L W L,L D W L W,0.0,0.0,0.5,0.5,1.0,1.0,0.0,0.0,0.0,0.0,0.3672,0.2713,0.3615,3.28,3.91,1.97,2.72,3.69,2.77,3.15,4.52,3.21,0.6686,1.43,1.5,1.76,1.3,1.55,2.85,0.5731,0.7773,0.3192,4.0,5.8,9.8,9.5,3.4,over_15_goals|btts_yes|away_4_sot|total_8_corners,Over 1.5 goals + BTTS yes + RB Leipzig 4+ SOT + 8+ corners,strong,Over 1.5 goals:won | BTTS yes:won | RB Leipzig 4+ SOT:won | 8+ corners:won,4,4,won,13.0,10.0,1.0,H,,,,,
2026-04-18,14:30,2526,D1,Bundesliga,Hoffenheim,Dortmund,H,No external context supplied,,L W D L L,W L D W W,0.0,0.0,0.5,0.5,1.0,1.0,0.0,0.0,0.0,0.0,0.5411,0.2549,0.204,2.53,3.8,2.42,1.85,3.92,4.9,2.04,4.88,6.49,0.6292,1.47,1.59,1.89,1.45,2.15,3.6,0.6763,0.8743,0.4848,4.2,4.8,9.0,10.7,3.6,over_15_goals|btts_yes|home_4_sot|total_8_corners,Over 1.5 goals + BTTS yes + Hoffenheim 4+ SOT + 8+ corners,strong,Over 1.5 goals:won | BTTS yes:won | Hoffenheim 4+ SOT:won | 8+ corners:lost,3,4,partial,7.0,7.0,5.0,H,H,0.124,Bundesliga H all 8%+,82,0.3841
2026-04-18,14:30,2526,D1,Bundesliga,Leverkusen,Augsburg,A,No external context supplied,,W W W W L,L L L L W,0.0,0.0,0.5,0.5,1.0,1.0,0.0,0.0,0.0,0.0,0.5591,0.2503,0.1905,1.4,4.86,6.64,1.79,3.99,5.25,1.96,4.99,7.12,0.6208,1.44,1.61,1.92,1.9,1.35,3.25,0.63,0.8352,0.4086,6.1,5.1,11.2,9.7,4.4,over_15_goals|btts_yes|home_4_sot|total_8_corners|total_3_cards,Over 1.5 goals + BTTS yes + Leverkusen 4+ SOT + 8+ corners,strong,Over 1.5 goals:won | BTTS yes:won | Leverkusen 4+ SOT:won | 8+ corners:won | 3+ cards:won,5,5,won,15.0,15.0,3.0,H,,,,,
2026-04-18,14:30,2526,D1,Bundesliga,Union Berlin,Wolfsburg,A,No external context supplied,,L W L W L,W L W L W,0.0,0.0,0.5,0.5,1.0,1.0,0.0,0.0,0.0,0.0,0.4287,0.2435,0.3278,2.14,3.46,3.18,2.33,4.11,3.05,2.64,5.17,3.6,0.546,1.84,1.83,2.24,1.65,1.55,3.2,0.6365,0.8288,0.3975,4.9,4.7,9.6,11.2,5.4,over_15_goals|btts_yes|home_4_sot|total_8_corners|total_3_cards,Over 1.5 goals + BTTS yes + Union Berlin 4+ SOT + 8+ corners,strong,Over 1.5 goals:won | BTTS yes:won | Union Berlin 4+ SOT:won | 8+ corners:won | 3+ cards:lost,4,5,partial,11.0,15.0,2.0,H,,,,,
2026-04-18,14:30,2526,D1,Bundesliga,Werder Bremen,Hamburg,H,No external context supplied,,D W L,D L W,0.0,0.0,0.5,0.5,1.0,1.0,0.0,0.0,0.0,0.0,0.5582,0.2468,0.195,1.97,3.55,3.55,1.79,4.05,5.13,1.97,5.08,6.9,0.5802,1.7,1.72,2.08,1.35,1.4,2.75,0.5581,0.7603,0.297,4.6,3.9,8.5,9.7,4.8,over_15_goals|btts_yes|home_4_sot|total_8_corners|total_3_cards,Over 1.5 goals + BTTS yes + Werder Bremen 4+ SOT + 8+ corners,strong,Over 1.5 goals:won | BTTS yes:won | Werder Bremen 4+ SOT:won | 8+ corners:won | 3+ cards:won,5,5,won,13.0,10.0,9.0,H,,,,,
2026-04-18,12:30,2526,E0,Premier League,Brentford,Fulham,D,No external context supplied,"Weather: rain 0.1mm, gusts 34.9km/h, snow 0.0cm",W D L L L,L D W W W,0.0,0.0,0.5,0.5,1.0,1.0,0.0,0.0,0.0,0.0,0.467,0.2066,0.3264,2.09,3.63,3.26,2.14,4.84,3.06,2.4,6.39,3.62,0.5872,1.73,1.7,2.05,1.4,1.35,2.75,0.5581,0.7603,0.297,3.4,3.9,7.3,9.9,3.0,over_15_goals|btts_yes|total_8_corners,Over 1.5 goals + BTTS yes + 8+ corners,strong,Over 1.5 goals:lost | BTTS yes:lost | 8+ corners:won,1,3,partial,4.0,12.0,1.0,H,,,,,
2026-04-18,20:00,2526,E0,Premier League,Chelsea,Man United,A,No external context supplied,"Weather: rain 0.1mm, gusts 34.2km/h, snow 0.0cm",L W D W L,W L D L W,0.0,0.0,0.5,0.5,1.0,1.0,0.0,0.0,0.0,0.0,0.5389,0.2219,0.2392,2.21,3.54,3.07,1.86,4.51,4.18,2.05,5.82,5.29,0.6124,1.53,1.63,1.95,1.5,1.8,3.3,0.6485,0.8414,0.4197,4.2,6.7,10.9,11.8,6.2,over_15_goals|btts_yes|home_4_sot|total_8_corners|total_3_cards,Over 1.5 goals + BTTS yes + Chelsea 4+ SOT + 8+ corners,strong,Over 1.5 goals:lost | BTTS yes:lost | Chelsea 4+ SOT:lost | 8+ corners:won | 3+ cards:won,2,5,partial,4.0,8.0,4.0,H,,,,,
2026-04-18,15:00,2526,E0,Premier League,Leeds,Wolves,H,No external context supplied,"Weather: rain 0.4mm, gusts 46.4km/h, snow 0.0cm",D W W W W,D L L L L,0.0,0.0,0.5,0.5,1.0,1.0,0.0,0.0,0.0,0.0,0.5612,0.2849,0.1539,1.6,3.93,5.5,1.78,3.51,6.5,1.96,4.26,9.62,0.4843,1.86,2.06,2.6,1.3,1.05,2.35,0.4729,0.6805,0.2109,4.4,3.6,8.0,9.4,4.4,home_4_sot|total_3_cards,Leeds 4+ SOT + 3+ cards,lean,Leeds 4+ SOT:won | 3+ cards:won,2,2,won,8.0,11.0,3.0,H,,,,,
2026-04-18,15:00,2526,E0,Premier League,Newcastle,Bournemouth,A,No external context supplied,"Weather: rain 0.4mm, gusts 53.3km/h, snow 0.0cm",L D D L D,W D D W D,0.0,0.0,0.5,0.5,1.0,1.0,0.0,0.0,0.0,0.0,0.4729,0.2434,0.2837,1.96,3.81,3.48,2.11,4.11,3.52,2.36,5.17,4.28,0.6484,1.47,1.54,1.82,1.05,1.65,2.7,0.5252,0.7513,0.2859,4.0,4.3,8.3,9.9,4.6,over_15_goals|away_4_sot|total_8_corners|total_3_cards,Over 1.5 goals + Bournemouth 4+ SOT + 8+ corners + 3+ cards,strong,Over 1.5 goals:won | Bournemouth 4+ SOT:lost | 8+ corners:lost | 3+ cards:won,2,4,partial,6.0,5.0,6.0,H,,,,,
2026-04-18,17:30,2526,E0,Premier League,Tottenham,Brighton,D,No external context supplied,"Weather: rain 0.1mm, gusts 36.0km/h, snow 0.0cm",L W L L D,W L W W D,0.0,0.0,0.5,0.5,1.0,1.0,0.0,0.0,0.0,0.0,0.3362,0.229,0.4348,2.68,3.65,2.41,2.97,4.37,2.3,3.49,5.59,2.6,0.5601,1.66,1.79,2.17,0.85,1.65,2.5,0.4626,0.7127,0.2424,4.2,4.8,9.0,10.0,5.0,home_4_sot|total_8_corners|total_3_cards,Tottenham 4+ SOT + 8+ corners + 3+ cards,strong,Tottenham 4+ SOT:won | 8+ corners:won | 3+ cards:won,3,3,won,9.0,12.0,4.0,A,,,,,
2026-04-18,18:00,2526,F1,Ligue 1,Angers,Le Havre,D,No external context supplied,,W D L,L D W,0.0,0.0,0.5,0.5,1.0,1.0,0.0,0.0,0.0,0.0,0.2941,0.2711,0.4348,2.78,3.0,2.65,3.4,3.69,2.3,4.1,4.52,2.6,0.4746,2.3,2.11,2.67,0.9,1.1,2.0,0.3959,0.594,0.1429,3.2,4.8,8.0,9.3,3.0,away_4_sot,Le Havre 4+ SOT,lean,Le Havre 4+ SOT:won,1,1,won,13.0,7.0,6.0,A,,,,,
2026-04-18,20:05,2526,F1,Ligue 1,Lille,Nice,D,No external context supplied,,D D D W L,D D D L W,0.0,0.0,0.5,0.5,1.0,1.0,0.0,0.0,0.0,0.0,0.6422,0.2025,0.1553,1.5,4.15,6.23,1.56,4.94,6.44,1.69,6.56,9.49,0.53,1.76,1.89,2.33,1.75,0.7,2.45,0.4159,0.7023,0.2318,5.4,3.3,8.7,8.4,5.0,home_4_sot|total_3_cards,Lille 4+ SOT + 3+ cards,lean,Lille 4+ SOT:lost | 3+ cards:won,1,2,partial,3.0,8.0,4.0,H,,,,,
2026-04-18,16:00,2526,F1,Ligue 1,Lorient,Marseille,H,No external context supplied,,L D L L L,W D W W W,0.0,0.0,0.5,0.5,1.0,1.0,0.0,0.0,0.0,0.0,0.2106,0.2614,0.5279,4.26,3.85,1.74,4.75,3.83,1.89,6.22,4.73,2.09,0.5717,1.65,1.75,2.12,1.55,1.4,2.95,0.5935,0.7933,0.3416,3.3,4.9,8.2,8.9,3.8,over_15_goals|btts_yes|away_4_sot,Over 1.5 goals + BTTS yes + Marseille 4+ SOT,strong,Over 1.5 goals:won | BTTS yes:lost | Marseille 4+ SOT:lost,1,3,partial,6.0,8.0,3.0,A,,,,,
2026-04-18,17:00,2526,I1,Serie A,Napoli,Lazio,A,No external context supplied,,L D L D W,W D W D L,0.0,0.0,0.5,0.5,1.0,1.0,0.0,0.0,0.0,0.0,0.5693,0.2972,0.1335,1.54,3.83,6.58,1.76,3.37,7.49,1.93,4.05,11.97,0.5102,2.17,1.96,2.44,1.4,1.1,2.5,0.5026,0.7127,0.2424,4.4,3.0,7.4,9.3,2.4,home_4_sot,Napoli 4+ SOT,lean,Napoli 4+ SOT:lost,0,1,lost,7.0,12.0,4.0,H,,,,,
2026-04-18,19:45,2526,I1,Serie A,Roma,Atalanta,D,No external context supplied,,D L L L L,D W W W W,0.0,0.0,0.5,0.5,1.0,1.0,0.0,0.0,0.0,0.0,0.465,0.2767,0.2583,2.4,3.25,2.94,2.15,3.61,3.87,2.41,4.41,4.8,0.5297,1.98,1.89,2.33,1.3,1.45,2.75,0.5568,0.7603,0.297,2.0,4.8,6.8,9.1,3.8,over_15_goals|btts_yes|away_4_sot,Over 1.5 goals + BTTS yes + Atalanta 4+ SOT,strong,Over 1.5 goals:won | BTTS yes:won | Atalanta 4+ SOT:lost,2,3,partial,11.0,13.0,3.0,H,,,,,
2026-04-18,14:00,2526,I1,Serie A,Udinese,Parma,A,No external context supplied,,W D W W W,L D L L L,0.0,0.0,0.5,0.5,1.0,1.0,0.0,0.0,0.0,0.0,0.4659,0.2846,0.2495,2.16,2.99,3.77,2.15,3.51,4.01,2.4,4.26,5.01,0.3162,2.27,3.16,4.62,1.35,0.85,2.2,0.4241,0.6454,0.1806,3.8,3.1,6.9,8.5,4.4,total_3_cards,3+ cards,lean,3+ cards:lost,0,1,lost,4.0,15.0,2.0,H,,,,,
2026-04-19,16:30,2526,D1,Bundesliga,Bayern Munich,Stuttgart,H,No external context supplied,,W L W W W,L W L L L,1.0,0.0,0.5,0.5,1.0,1.0,0.0,0.0,0.0,0.0,0.6032,0.2796,0.1172,1.37,5.39,6.44,1.66,3.58,8.53,1.81,4.35,14.88,0.6139,1.23,1.63,1.95,2.25,1.75,4.0,0.7391,0.9084,0.5665,6.5,5.0,11.5,9.2,5.0,over_15_goals|btts_yes|home_4_sot|total_3_cards,Over 1.5 goals + BTTS yes + Bayern Munich 4+ SOT + 3+ cards,strong,Over 1.5 goals:won | BTTS yes:won | Bayern Munich 4+ SOT:won | 3+ cards:lost,3,4,partial,16.0,14.0,0.0,H,,,,,
2026-04-19,14:30,2526,D1,Bundesliga,Freiburg,Heidenheim,H,No external context supplied,,L D W W L,W D L L W,0.0,0.0,0.5,0.5,1.0,1.0,0.0,0.0,0.0,0.0,0.6218,0.2109,0.1673,1.65,4.05,4.63,1.61,4.74,5.98,1.75,6.22,8.53,0.5504,1.6,1.82,2.22,1.65,1.5,3.15,0.6277,0.8222,0.3863,5.4,4.4,9.8,7.9,3.2,over_15_goals|btts_yes|home_4_sot,Over 1.5 goals + BTTS yes + Freiburg 4+ SOT,strong,Over 1.5 goals:won | BTTS yes:won | Freiburg 4+ SOT:won,3,3,won,6.0,9.0,1.0,H,,,,,
2026-04-19,18:30,2526,D1,Bundesliga,M'gladbach,Mainz,D,No external context supplied,,D D D L W,D D D W L,0.0,0.0,0.5,0.5,1.0,1.0,0.0,0.0,0.0,0.0,0.401,0.3084,0.2906,2.39,3.4,2.79,2.49,3.24,3.44,2.85,3.87,4.16,0.5079,1.84,1.97,2.45,1.2,1.55,2.75,0.5505,0.7603,0.297,4.1,5.4,9.5,9.2,3.0,over_15_goals|btts_yes|away_4_sot,Over 1.5 goals + BTTS yes + Mainz 4+ SOT,strong,Over 1.5 goals:won | BTTS yes:won | Mainz 4+ SOT:won,3,3,won,11.0,6.0,7.0,H,,,,,
2026-04-19,14:00,2526,E0,Premier League,Aston Villa,Sunderland,H,No external context supplied,"Weather: rain 0.0mm, gusts 34.9km/h, snow 0.0cm",D,D,0.0,0.0,0.5,0.5,1.0,1.0,0.0,0.0,0.0,0.0,0.5074,0.302,0.1906,1.65,3.78,5.25,1.97,3.31,5.25,2.19,3.97,7.11,0.5085,1.89,1.97,2.45,1.15,1.15,2.3,0.467,0.6691,0.2007,4.7,3.9,8.6,10.3,5.0,home_4_sot|total_8_corners|total_3_cards,Aston Villa 4+ SOT + 8+ corners + 3+ cards,strong,Aston Villa 4+ SOT:won | 8+ corners:won | 3+ cards:won,3,3,won,14.0,9.0,4.0,H,,,,,
2026-04-19,14:00,2526,E0,Premier League,Everton,Liverpool,A,No external context supplied,"Weather: rain 0.1mm, gusts 34.6km/h, snow 0.0cm",L W D L L,W L D W W,0.0,1.0,0.5,0.5,1.0,1.0,0.0,0.0,0.0,0.0,0.2987,0.2425,0.4588,3.11,3.36,2.25,3.35,4.12,2.18,4.02,5.19,2.45,0.4858,1.86,2.06,2.59,1.4,1.55,2.95,0.5935,0.7933,0.3416,5.4,5.2,10.6,10.8,2.6,over_15_goals|btts_yes|home_4_sot|total_8_corners,Over 1.5 goals + BTTS yes + Everton 4+ SOT + 8+ corners,strong,Over 1.5 goals:won | BTTS yes:won | Everton 4+ SOT:won | 8+ corners:lost,3,4,partial,10.0,7.0,2.0,A,,,,,
2026-04-19,16:30,2526,E0,Premier League,Man City,Arsenal,H,No external context supplied,"Weather: rain 0.1mm, gusts 28.1km/h, snow 0.0cm",L D D L D,W D D W D,1.0,0.0,0.5,0.5,1.0,1.0,0.0,0.0,0.0,0.0,0.4895,0.3037,0.2068,1.82,3.6,4.25,2.04,3.29,4.84,2.28,3.94,6.38,0.5408,1.92,1.85,2.27,1.4,1.55,2.95,0.5935,0.7933,0.3416,5.0,4.1,9.1,10.8,2.4,over_15_goals|btts_yes|home_4_sot|total_8_corners,Over 1.5 goals + BTTS yes + Man City 4+ SOT + 8+ corners,strong,Over 1.5 goals:won | BTTS yes:won | Man City 4+ SOT:won | 8+ corners:won,4,4,won,8.0,13.0,4.0,H,,,,,
2026-04-19,14:00,2526,E0,Premier League,Nott'm Forest,Burnley,H,No external context supplied,"Weather: rain 0.2mm, gusts 29.9km/h, snow 0.0cm",D W D,D L D,0.0,0.0,0.5,0.5,1.0,1.0,0.0,0.0,0.0,0.0,0.5692,0.2606,0.1702,1.49,4.25,6.32,1.76,3.84,5.88,1.93,4.75,8.32,0.4858,1.74,2.06,2.59,1.6,1.0,2.6,0.5045,0.7326,0.264,4.8,3.9,8.7,10.6,4.2,over_15_goals|home_4_sot|total_8_corners|total_3_cards,Over 1.5 goals + Nott'm Forest 4+ SOT + 8+ corners + 3+ cards,strong,Over 1.5 goals:won | Nott'm Forest 4+ SOT:won | 8+ corners:won | 3+ cards:lost,3,4,partial,7.0,8.0,2.0,H,,,,,
2026-04-19,16:15,2526,F1,Ligue 1,Metz,Paris FC,A,No external context supplied,,L,W,0.0,0.0,0.5,0.5,1.0,1.0,0.0,0.0,0.0,0.0,0.2341,0.3033,0.4626,3.35,3.42,2.08,4.27,3.3,2.16,5.43,3.95,2.42,0.53,1.83,1.89,2.33,0.9,1.55,2.45,0.4675,0.7023,0.2318,3.8,5.3,9.1,11.1,3.0,away_4_sot|total_8_corners,Paris FC 4+ SOT + 8+ corners,lean,Paris FC 4+ SOT:won | 8+ corners:won,2,2,won,13.0,11.0,4.0,A,,,,,
2026-04-19,14:00,2526,F1,Ligue 1,Monaco,Auxerre,D,No external context supplied,,W W W W W,L L L L L,0.0,0.0,0.5,0.5,1.0,1.0,0.0,0.0,0.0,0.0,0.4513,0.2673,0.2814,1.54,4.18,5.59,2.22,3.74,3.55,2.49,4.6,4.32,0.5341,1.69,1.87,2.3,1.5,0.95,2.45,0.4764,0.7023,0.2318,4.2,4.2,8.4,9.3,3.4,home_4_sot,Monaco 4+ SOT,lean,Monaco 4+ SOT:won,1,1,won,13.0,14.0,5.0,H,,,,,
2026-04-19,16:15,2526,F1,Ligue 1,Nantes,Brest,D,No external context supplied,,L D L L D,W D W W D,0.0,0.0,0.5,0.5,1.0,1.0,0.0,0.0,0.0,0.0,0.373,0.2444,0.3827,2.34,3.23,3.01,2.68,4.09,2.61,3.1,5.15,3.01,0.4843,2.09,2.06,2.6,1.05,1.4,2.45,0.4898,0.7023,0.2318,4.3,3.1,7.4,8.5,5.0,home_4_sot|total_3_cards,Nantes 4+ SOT + 3+ cards,lean,Nantes 4+ SOT:won | 3+ cards:won,2,2,won,6.0,11.0,6.0,A,,,,,
2026-04-19,19:45,2526,F1,Ligue 1,Paris SG,Lyon,A,No external context supplied,,W W W W W,L L L L L,1.0,0.0,0.5,0.5,1.0,1.0,0.0,0.0,0.0,0.0,0.6682,0.2197,0.1121,1.28,5.7,8.85,1.5,4.55,8.92,1.62,5.89,16.12,0.663,1.41,1.51,1.78,1.65,0.95,2.6,0.4955,0.7326,0.264,6.1,2.9,9.0,7.7,2.8,over_15_goals|home_4_sot,Over 1.5 goals + Paris SG 4+ SOT,lean,Over 1.5 goals:won | Paris SG 4+ SOT:won,2,2,won,11.0,18.0,6.0,H,,,,,
2026-04-19,16:15,2526,F1,Ligue 1,Strasbourg,Rennes,A,No external context supplied,,D W W L L,D L L W W,0.0,0.0,0.5,0.5,1.0,1.0,0.0,0.0,0.0,0.0,0.3201,0.2452,0.4348,2.57,3.6,2.49,3.12,4.08,2.3,3.7,5.12,2.6,0.7334,1.65,1.36,1.58,1.6,1.55,3.15,0.6287,0.8222,0.3863,4.3,5.5,9.8,10.7,3.2,over_15_goals|btts_yes|home_4_sot|total_8_corners,Over 1.5 goals + BTTS yes + Strasbourg 4+ SOT + 8+ corners,strong,Over 1.5 goals:won | BTTS yes:lost | Strasbourg 4+ SOT:lost | 8+ corners:won,2,4,partial,10.0,11.0,1.0,A,,,,,
2026-04-19,11:30,2526,I1,Serie A,Cremonese,Torino,D,No external context supplied,,L D L,W D W,0.0,0.0,0.5,0.5,1.0,1.0,0.0,0.0,0.0,0.0,0.2409,0.2757,0.4834,2.86,3.08,2.54,4.15,3.63,2.07,5.24,4.43,2.31,0.5097,2.18,1.96,2.44,1.0,1.7,2.7,0.5166,0.7513,0.2859,4.0,4.3,8.3,8.3,4.2,over_15_goals|away_4_sot|total_3_cards,Over 1.5 goals + Torino 4+ SOT + 3+ cards,strong,Over 1.5 goals:lost | Torino 4+ SOT:lost | 3+ cards:won,1,3,partial,5.0,7.0,3.0,A,A,0.0826,Serie A A mid 8%+,21,0.3548
2026-04-19,19:45,2526,I1,Serie A,Juventus,Bologna,H,No external context supplied,,D D D D W,D D D D L,0.0,0.0,0.5,0.5,1.0,1.0,0.0,0.0,0.0,0.0,0.6223,0.2666,0.1111,1.45,4.38,6.58,1.61,3.75,9.0,1.75,4.62,16.36,0.5542,1.71,1.8,2.2,1.5,1.1,2.6,0.5183,0.7326,0.264,4.7,3.1,7.8,9.6,3.8,over_15_goals|home_4_sot|total_8_corners,Over 1.5 goals + Juventus 4+ SOT + 8+ corners,strong,Over 1.5 goals:won | Juventus 4+ SOT:won | 8+ corners:lost,2,3,partial,4.0,7.0,1.0,H,,,,,
2026-04-19,17:00,2526,I1,Serie A,Pisa,Genoa,A,No external context supplied,,D,D,1.0,0.0,0.5,0.5,1.0,1.0,0.0,0.0,0.0,0.0,0.4066,0.24,0.3534,3.24,3.12,2.29,2.46,4.17,2.83,2.8,5.26,3.3,0.407,2.38,2.46,3.26,0.95,1.7,2.65,0.5012,0.7421,0.2749,3.1,4.3,7.4,7.0,3.6,over_15_goals|away_4_sot,Over 1.5 goals + Genoa 4+ SOT,lean,Over 1.5 goals:won | Genoa 4+ SOT:won,2,2,won,9.0,10.0,4.0,H,,,,,
2026-04-19,14:00,2526,I1,Serie A,Verona,Milan,A,No external context supplied,,L L L L L,W W W W W,0.0,0.0,0.5,0.5,1.0,1.0,0.0,0.0,0.0,0.0,0.2545,0.2506,0.495,6.12,3.83,1.56,3.93,3.99,2.02,4.89,4.99,2.25,0.5923,2.0,1.69,2.03,0.75,1.5,2.25,0.4099,0.6575,0.1906,4.1,2.6,6.7,8.0,4.6,total_3_cards,3+ cards,lean,3+ cards:lost,0,1,lost,5.0,7.0,2.0,A,,,,,
2026-04-20,20:00,2526,E0,Premier League,Crystal Palace,West Ham,D,No external context supplied,"Weather: rain 0.0mm, gusts 39.6km/h, snow 0.0cm",D W L W W,D L W L L,0.0,0.0,0.5,0.5,1.0,1.0,0.0,0.0,0.0,0.0,0.3957,0.2745,0.3299,2.31,3.21,3.11,2.53,3.64,3.03,2.89,4.46,3.57,0.55,1.88,1.82,2.22,1.3,1.45,2.75,0.5568,0.7603,0.297,4.3,4.4,8.7,10.6,4.8,over_15_goals|btts_yes|home_4_sot|total_8_corners|total_3_cards,Over 1.5 goals + BTTS yes + Crystal Palace 4+ SOT + 8+ corners,strong,Over 1.5 goals:lost | BTTS yes:lost | Crystal Palace 4+ SOT:lost | 8+ corners:won | 3+ cards:won,2,5,partial,5.0,10.0,3.0,H,,,,,
2026-04-20,19:45,2526,I1,Serie A,Lecce,Fiorentina,D,No external context supplied,,D W L L W,D L W W L,0.0,0.0,0.5,0.5,1.0,1.0,0.0,0.0,0.0,0.0,0.303,0.2732,0.4238,3.42,3.28,2.13,3.3,3.66,2.36,3.95,4.48,2.67,0.5097,2.1,1.96,2.44,0.9,1.45,2.35,0.4542,0.6805,0.2109,3.0,3.7,6.7,10.2,3.4,total_8_corners,8+ corners,lean,8+ corners:lost,0,1,lost,7.0,7.0,6.0,A,,,,,
2026-04-21,20:00,2526,E0,Premier League,Brighton,Chelsea,H,No external context supplied,"Weather: rain 0.7mm, gusts 57.6km/h, snow 0.0cm",L L L W W,W W W L L,0.0,0.0,0.5,0.5,1.0,1.0,0.0,0.0,0.0,0.0,0.4355,0.2746,0.2899,2.44,3.62,2.66,2.3,3.64,3.45,2.59,4.45,4.17,0.5183,1.63,1.93,2.39,1.45,1.1,2.55,0.5106,0.7228,0.2532,5.0,4.3,9.3,10.7,4.6,over_15_goals|home_4_sot|total_8_corners|total_3_cards,Over 1.5 goals + Brighton 4+ SOT + 8+ corners + 3+ cards,strong,Over 1.5 goals:won | Brighton 4+ SOT:won | 8+ corners:won | 3+ cards:lost,3,4,partial,9.0,11.0,2.0,H,,,,,
2026-04-21,18:00,2526,SP1,La Liga,Ath Bilbao,Osasuna,H,No external context supplied,,W D W D D,L D L D D,0.0,0.0,0.5,0.5,1.0,1.0,0.0,0.0,0.0,0.0,0.4769,0.2507,0.2724,1.82,3.47,4.4,2.1,3.99,3.67,2.34,4.98,4.5,0.5155,1.93,1.94,2.41,1.3,1.4,2.7,0.5481,0.7513,0.2859,4.3,5.3,9.6,9.4,4.4,over_15_goals|btts_yes|home_4_sot|total_3_cards,Over 1.5 goals + BTTS yes + Ath Bilbao 4+ SOT + 3+ cards,strong,Over 1.5 goals:lost | BTTS yes:lost | Ath Bilbao 4+ SOT:lost | 3+ cards:won,1,4,partial,5.0,9.0,7.0,H,,,,,
2026-04-21,20:30,2526,SP1,La Liga,Girona,Betis,A,No external context supplied,,D W D L D,D L D W D,0.0,0.0,0.5,0.5,1.0,1.0,0.0,0.0,0.0,0.0,0.3916,0.2917,0.3167,2.39,3.37,2.88,2.55,3.43,3.16,2.93,4.14,3.75,0.5324,1.83,1.88,2.31,1.15,1.05,2.2,0.4442,0.6454,0.1806,3.4,5.6,9.0,9.1,3.2,away_4_sot,Betis 4+ SOT,lean,Betis 4+ SOT:lost,0,1,lost,5.0,4.0,4.0,H,,,,,
2026-04-21,18:00,2526,SP1,La Liga,Mallorca,Valencia,D,No external context supplied,,D D W L D,D D L W D,0.0,0.0,0.5,0.5,1.0,1.0,0.0,0.0,0.0,0.0,0.3487,0.3077,0.3437,2.51,3.12,2.88,2.87,3.25,2.91,3.35,3.88,3.41,0.4864,2.1,2.06,2.59,1.4,1.35,2.75,0.5581,0.7603,0.297,4.5,4.6,9.1,9.3,4.4,over_15_goals|btts_yes|home_4_sot|total_3_cards,Over 1.5 goals + BTTS yes + Mallorca 4+ SOT + 3+ cards,strong,Over 1.5 goals:won | BTTS yes:won | Mallorca 4+ SOT:won | 3+ cards:lost,3,4,partial,11.0,11.0,2.0,H,,,,,
2026-04-21,20:30,2526,SP1,La Liga,Real Madrid,Alaves,H,No external context supplied,,W W W W W,L L L L L,1.0,0.0,0.5,0.5,1.0,1.0,0.0,0.0,0.0,0.0,0.7442,0.1037,0.1521,1.23,6.46,11.23,1.34,9.64,6.57,1.44,18.61,9.79,0.5921,1.4,1.69,2.03,2.0,1.45,3.45,0.6618,0.8587,0.4525,6.0,3.4,9.4,8.8,6.4,over_15_goals|btts_yes|home_4_sot|total_3_cards,Over 1.5 goals + BTTS yes + Real Madrid 4+ SOT + 3+ cards,strong,Over 1.5 goals:won | BTTS yes:won | Real Madrid 4+ SOT:won | 3+ cards:lost,3,4,partial,13.0,15.0,2.0,H,,,,,
2026-04-22,20:00,2526,E0,Premier League,Bournemouth,Leeds,D,No external context supplied,"Weather: rain 0.0mm, gusts 79.2km/h, snow 0.0cm",L W D,W L D,0.0,0.0,0.5,0.5,1.0,1.0,0.0,0.0,0.0,0.0,0.4389,0.2238,0.3373,2.02,3.51,3.57,2.28,4.47,2.96,2.57,5.75,3.48,0.5327,1.71,1.88,2.31,1.15,0.9,2.05,0.4055,0.6074,0.152,3.0,3.8,6.8,10.6,4.2,total_8_corners|total_3_cards,8+ corners + 3+ cards,lean,8+ corners:won | 3+ cards:won,2,2,won,10.0,13.0,3.0,H,,,,,
2026-04-22,20:00,2526,E0,Premier League,Burnley,Man City,A,No external context supplied,"Weather: rain 0.0mm, gusts 62.3km/h, snow 0.0cm",L L L L L,W W W W W,0.0,1.0,0.5,0.5,1.0,1.0,0.0,0.0,0.0,0.0,0.1533,0.1993,0.6474,16.53,8.3,1.14,6.52,5.02,1.54,9.68,6.7,1.67,0.6097,1.32,1.64,1.96,0.85,2.15,3.0,0.5059,0.8009,0.3528,3.0,5.5,8.5,11.2,3.6,over_15_goals|away_4_sot|total_8_corners,Over 1.5 goals + Man City 4+ SOT + 8+ corners,strong,Over 1.5 goals:lost | Man City 4+ SOT:won | 8+ corners:won,2,3,partial,10.0,14.0,0.0,A,,,,,
2026-04-22,18:00,2526,F1,Ligue 1,Paris SG,Nantes,H,No external context supplied,,W W D D W,L L D D L,1.0,0.0,0.5,0.5,1.0,1.0,0.0,0.0,0.0,0.0,0.6444,0.2518,0.1039,1.17,7.28,12.84,1.55,3.97,9.63,1.68,4.96,18.57,0.5808,1.31,1.72,2.08,1.7,0.85,2.55,0.468,0.7228,0.2532,5.8,3.7,9.5,8.9,4.4,over_15_goals|home_4_sot|total_3_cards,Over 1.5 goals + Paris SG 4+ SOT + 3+ cards,strong,Over 1.5 goals:won | Paris SG 4+ SOT:won | 3+ cards:won,3,3,won,10.0,13.0,3.0,H,,,,,
2026-04-22,20:30,2526,SP1,La Liga,Barcelona,Celta,H,No external context supplied,,W W D W W,L L D L L,1.0,0.0,0.5,0.5,1.0,1.0,0.0,0.0,0.0,0.0,0.7051,0.1815,0.1134,1.23,6.72,10.25,1.42,5.51,8.82,1.53,7.61,15.77,0.6512,1.28,1.54,1.81,2.2,1.15,3.35,0.6076,0.8474,0.4307,5.6,3.8,9.4,8.0,3.8,over_15_goals|btts_yes|home_4_sot,Over 1.5 goals + BTTS yes + Barcelona 4+ SOT,strong,Over 1.5 goals:lost | BTTS yes:lost | Barcelona 4+ SOT:lost,0,3,lost,6.0,8.0,2.0,H,,,,,
2026-04-22,18:00,2526,SP1,La Liga,Elche,Ath Madrid,H,No external context supplied,,L L L W D,W W W L D,0.0,0.0,0.5,0.5,1.0,1.0,0.0,0.0,0.0,0.0,0.4151,0.3067,0.2782,2.65,3.61,2.44,2.41,3.26,3.59,2.74,3.9,4.38,0.5671,1.66,1.76,2.14,1.25,1.55,2.8,0.5621,0.7689,0.3081,4.3,5.5,9.8,9.9,6.8,over_15_goals|btts_yes|home_4_sot|total_8_corners|total_3_cards,Over 1.5 goals + BTTS yes + Elche 4+ SOT + 8+ corners,strong,Over 1.5 goals:won | BTTS yes:won | Elche 4+ SOT:won | 8+ corners:won | 3+ cards:won,5,5,won,9.0,16.0,6.0,H,,,,,
2026-04-22,19:00,2526,SP1,La Liga,Sociedad,Getafe,A,No external context supplied,,W D D L W,L D D W L,0.0,0.0,0.5,0.5,1.0,1.0,0.0,0.0,0.0,0.0,0.4954,0.3232,0.1814,2.22,3.01,3.58,2.02,3.09,5.51,2.25,3.66,7.61,0.4362,2.51,2.29,2.97,1.25,1.5,2.75,0.5543,0.7603,0.297,4.1,5.0,9.1,11.8,7.8,over_15_goals|btts_yes|away_4_sot|total_8_corners|total_3_cards,Over 1.5 goals + BTTS yes + Getafe 4+ SOT + 8+ corners,strong,Over 1.5 goals:lost | BTTS yes:lost | Getafe 4+ SOT:lost | 8+ corners:won | 3+ cards:won,2,5,partial,4.0,9.0,9.0,H,,,,,
2026-04-23,18:00,2526,SP1,La Liga,Levante,Sevilla,H,No external context supplied,,L L L L W,W W W W L,0.0,0.0,0.5,0.5,1.0,1.0,0.0,0.0,0.0,0.0,0.3648,0.3243,0.3109,2.49,3.19,2.81,2.74,3.08,3.22,3.18,3.65,3.83,0.4192,2.1,2.39,3.13,1.45,1.35,2.8,0.567,0.7689,0.3081,4.5,2.7,7.2,9.1,5.8,over_15_goals|btts_yes|home_4_sot|total_3_cards,Over 1.5 goals + BTTS yes + Levante 4+ SOT + 3+ cards,strong,Over 1.5 goals:won | BTTS yes:lost | Levante 4+ SOT:lost | 3+ cards:won,2,4,partial,3.0,9.0,7.0,H,,,,,
2026-04-23,20:30,2526,SP1,La Liga,Oviedo,Villarreal,D,No external context supplied,,L,W,0.0,0.0,0.5,0.5,1.0,1.0,0.0,0.0,0.0,0.0,0.3605,0.2687,0.3708,3.66,3.32,2.03,2.77,3.72,2.7,3.22,4.57,3.12,0.5422,1.9,1.84,2.26,1.3,1.55,2.85,0.5731,0.7773,0.3192,3.8,5.2,9.0,9.7,4.4,over_15_goals|btts_yes|away_4_sot|total_8_corners|total_3_cards,Over 1.5 goals + BTTS yes + Villarreal 4+ SOT + 8+ corners,strong,Over 1.5 goals:won | BTTS yes:won | Villarreal 4+ SOT:lost | 8+ corners:lost | 3+ cards:lost,2,5,partial,7.0,7.0,2.0,A,,,,,
2026-04-23,19:00,2526,SP1,La Liga,Vallecano,Espanol,H,No external context supplied,,W L L L L,L W W W W,0.0,0.0,0.5,0.5,1.0,1.0,0.0,0.0,0.0,0.0,0.4997,0.2866,0.2137,2.08,3.2,3.65,2.0,3.49,4.68,2.22,4.23,6.11,0.5141,2.11,1.95,2.42,1.75,1.1,2.85,0.5512,0.7773,0.3192,5.4,3.8,9.2,11.9,7.0,over_15_goals|btts_yes|home_4_sot|total_8_corners|total_3_cards,Over 1.5 goals + BTTS yes + Vallecano 4+ SOT + 8+ corners,strong,Over 1.5 goals:lost | BTTS yes:lost | Vallecano 4+ SOT:won | 8+ corners:won | 3+ cards:won,3,5,partial,10.0,11.0,6.0,H,,,,,
2026-04-24,19:30,2526,D1,Bundesliga,RB Leipzig,Union Berlin,H,No external context supplied,,W W D D L,L L D D W,0.0,0.0,0.5,0.5,1.0,1.0,0.0,0.0,0.0,0.0,0.6639,0.2077,0.1283,1.45,4.75,6.06,1.51,4.81,7.79,1.63,6.34,12.76,0.5965,1.49,1.68,2.01,2.0,0.95,2.95,0.5303,0.7933,0.3416,5.8,4.2,10.0,9.4,3.2,over_15_goals|home_4_sot,Over 1.5 goals + RB Leipzig 4+ SOT,lean,Over 1.5 goals:won | RB Leipzig 4+ SOT:won,2,2,won,11.0,14.0,2.0,H,,,,,
2026-04-24,20:00,2526,E0,Premier League,Sunderland,Nott'm Forest,A,No external context supplied,"Weather: rain 0.0mm, gusts 26.6km/h, snow 0.0cm",W,L,0.0,0.0,0.5,0.5,1.0,1.0,0.0,0.0,0.0,0.0,0.3524,0.306,0.3416,2.67,3.18,2.66,2.84,3.27,2.93,3.31,3.91,3.43,0.53,2.13,1.89,2.33,1.15,1.35,2.5,0.5062,0.7127,0.2424,3.9,4.7,8.6,10.2,5.2,away_4_sot|total_8_corners|total_3_cards,Nott'm Forest 4+ SOT + 8+ corners + 3+ cards,strong,Nott'm Forest 4+ SOT:won | 8+ corners:won | 3+ cards:won,3,3,won,10.0,9.0,7.0,H,,,,,
2026-04-24,19:45,2526,F1,Ligue 1,Brest,Lens,D,No external context supplied,,W L L L L,L W W W W,0.0,0.0,0.5,0.5,1.0,1.0,0.0,0.0,0.0,0.0,0.2004,0.2664,0.5332,5.43,4.2,1.55,4.99,3.75,1.88,6.65,4.62,2.07,0.5619,1.62,1.78,2.16,1.35,1.85,3.2,0.6243,0.8288,0.3975,2.8,5.8,8.6,9.7,3.6,over_15_goals|btts_yes|away_4_sot|total_8_corners,Over 1.5 goals + BTTS yes + Lens 4+ SOT + 8+ corners,strong,Over 1.5 goals:won | BTTS yes:won | Lens 4+ SOT:won | 8+ corners:lost,3,4,partial,10.0,6.0,6.0,A,,,,,
2026-04-24,19:45,2526,I1,Serie A,Napoli,Cremonese,H,No external context supplied,,W W W,L L L,0.0,0.0,0.5,0.5,1.0,1.0,0.0,0.0,0.0,0.0,0.6873,0.2046,0.1081,1.32,4.85,9.45,1.45,4.89,9.25,1.57,6.47,17.22,0.5093,1.87,1.96,2.44,1.55,0.9,2.45,0.4675,0.7023,0.2318,3.8,2.8,6.6,9.0,2.8,,No builder lean,none,,,0,,13.0,12.0,0.0,H,,,,,
2026-04-24,20:00,2526,SP1,La Liga,Betis,Real Madrid,D,No external context supplied,,D D L W L,D D W L W,0.0,1.0,0.5,0.5,1.0,1.0,0.0,0.0,0.0,0.0,0.2516,0.2667,0.4818,3.65,4.03,1.84,3.98,3.75,2.08,4.96,4.62,2.32,0.6758,1.48,1.48,1.74,1.2,1.6,2.8,0.5577,0.7689,0.3081,3.8,5.5,9.3,8.8,4.0,over_15_goals|btts_yes|away_4_sot,Over 1.5 goals + BTTS yes + Real Madrid 4+ SOT,strong,Over 1.5 goals:won | BTTS yes:won | Real Madrid 4+ SOT:won,3,3,won,12.0,13.0,3.0,A,,,,,
2026-04-25,14:30,2526,D1,Bundesliga,Augsburg,Ein Frankfurt,D,No external context supplied,,W L D D L,L W D D W,0.0,0.0,0.5,0.5,1.0,1.0,0.0,0.0,0.0,0.0,0.4108,0.2807,0.3085,2.45,3.69,2.53,2.43,3.56,3.24,2.77,4.33,3.87,0.5807,1.51,1.72,2.08,1.3,1.6,2.9,0.5806,0.7854,0.3304,5.6,5.5,11.1,10.4,3.6,over_15_goals|btts_yes|home_4_sot|total_8_corners,Over 1.5 goals + BTTS yes + Augsburg 4+ SOT + 8+ corners,strong,Over 1.5 goals:won | BTTS yes:won | Augsburg 4+ SOT:lost | 8+ corners:won,3,4,partial,10.0,16.0,3.0,H,,,,,
2026-04-25,14:30,2526,D1,Bundesliga,FC Koln,Leverkusen,A,No external context supplied,,L W L L L,W L W W W,0.0,0.0,0.5,0.5,1.0,1.0,0.0,0.0,0.0,0.0,0.2602,0.2558,0.484,3.72,3.9,1.83,3.84,3.91,2.07,4.76,4.86,2.3,0.5925,1.51,1.69,2.03,1.45,2.0,3.45,0.6618,0.8587,0.4525,4.6,5.6,10.2,10.2,6.0,over_15_goals|btts_yes|home_4_sot|total_8_corners|total_3_cards,Over 1.5 goals + BTTS yes + FC Koln 4+ SOT + 8+ corners,strong,Over 1.5 goals:won | BTTS yes:won | FC Koln 4+ SOT:won | 8+ corners:lost | 3+ cards:won,4,5,partial,13.0,7.0,3.0,A,,,,,
2026-04-25,17:30,2526,D1,Bundesliga,Hamburg,Hoffenheim,A,No external context supplied,,W L L,L W W,0.0,0.0,0.5,0.5,1.0,1.0,0.0,0.0,0.0,0.0,0.1819,0.187,0.631,3.88,3.96,1.77,5.5,5.35,1.58,7.58,7.3,1.72,0.55,1.49,1.82,2.22,1.65,1.75,3.4,0.6675,0.8532,0.4416,4.4,5.5,9.9,10.3,5.0,over_15_goals|btts_yes|home_4_sot|total_8_corners|total_3_cards,Over 1.5 goals + BTTS yes + Hamburg 4+ SOT + 8+ corners,strong,Over 1.5 goals:won | BTTS yes:won | Hamburg 4+ SOT:won | 8+ corners:won | 3+ cards:won,5,5,won,10.0,13.0,6.0,A,,,,,
2026-04-25,14:30,2526,D1,Bundesliga,Heidenheim,St Pauli,H,No external context supplied,,W L L,L W W,0.0,0.0,0.5,0.5,1.0,1.0,0.0,0.0,0.0,0.0,0.2803,0.2548,0.4649,2.35,3.32,2.89,3.57,3.93,2.15,4.34,4.88,2.41,0.5058,1.91,1.98,2.46,1.55,1.45,3.0,0.603,0.8009,0.3528,4.5,4.0,8.5,7.6,3.6,over_15_goals|btts_yes|home_4_sot,Over 1.5 goals + BTTS yes + Heidenheim 4+ SOT,strong,Over 1.5 goals:won | BTTS yes:lost | Heidenheim 4+ SOT:won,2,3,partial,7.0,12.0,1.0,A,,,,,
2026-04-25,14:30,2526,D1,Bundesliga,Mainz,Bayern Munich,A,No external context supplied,,L L W L D,W W L W D,0.0,1.0,0.5,0.5,1.0,1.0,0.0,0.0,0.0,0.0,0.2939,0.3186,0.3875,4.33,4.37,1.64,3.4,3.14,2.58,4.1,3.72,2.96,0.5985,1.4,1.67,2.01,1.2,2.35,3.55,0.6322,0.8693,0.4741,4.4,5.9,10.3,9.9,4.2,over_15_goals|btts_yes|home_4_sot|total_8_corners,Over 1.5 goals + BTTS yes + Mainz 4+ SOT + 8+ corners,strong,Over 1.5 goals:won | BTTS yes:won | Mainz 4+ SOT:won | 8+ corners:won,4,4,won,14.0,8.0,3.0,A,,,,,
2026-04-25,14:30,2526,D1,Bundesliga,Wolfsburg,M'gladbach,D,No external context supplied,,L L W W W,W W L L L,0.0,0.0,0.5,0.5,1.0,1.0,0.0,0.0,0.0,0.0,0.3575,0.2509,0.3917,2.2,3.59,2.95,2.8,3.99,2.55,3.25,4.98,2.93,0.5412,1.6,1.85,2.27,1.5,1.8,3.3,0.6485,0.8414,0.4197,5.3,5.2,10.5,11.3,5.4,over_15_goals|btts_yes|home_4_sot|total_8_corners|total_3_cards,Over 1.5 goals + BTTS yes + Wolfsburg 4+ SOT + 8+ corners,strong,Over 1.5 goals:lost | BTTS yes:lost | Wolfsburg 4+ SOT:won | 8+ corners:won | 3+ cards:won,3,5,partial,6.0,13.0,6.0,A,,,,,
2026-04-25,17:30,2526,E0,Premier League,Arsenal,Newcastle,H,No external context supplied,"Weather: rain 0.0mm, gusts 24.8km/h, snow 0.0cm",L W L W W,W L W L L,0.0,0.0,0.5,0.5,1.0,1.0,0.0,0.0,0.0,0.0,0.5603,0.2328,0.2069,1.45,4.66,6.22,1.78,4.3,4.83,1.96,5.47,6.37,0.565,1.58,1.77,2.15,2.05,1.15,3.2,0.5954,0.8288,0.3975,4.3,3.7,8.0,9.7,3.4,over_15_goals|btts_yes|home_4_sot|total_8_corners,Over 1.5 goals + BTTS yes + Arsenal 4+ SOT + 8+ corners,strong,Over 1.5 goals:lost | BTTS yes:lost | Arsenal 4+ SOT:won | 8+ corners:won,2,4,partial,7.0,9.0,4.0,H,,,,,
2026-04-25,12:30,2526,E0,Premier League,Fulham,Aston Villa,H,No external context supplied,"Weather: rain 0.0mm, gusts 23.4km/h, snow 0.0cm",L L L L L,W W W W W,0.0,0.0,0.5,0.5,1.0,1.0,0.0,0.0,0.0,0.0,0.4842,0.2591,0.2567,2.67,3.5,2.47,2.07,3.86,3.9,2.3,4.78,4.84,0.5211,1.72,1.92,2.37,1.35,1.3,2.65,0.5389,0.7421,0.2749,4.1,4.4,8.5,11.4,3.2,over_15_goals|away_4_sot|total_8_corners,Over 1.5 goals + Aston Villa 4+ SOT + 8+ corners,strong,Over 1.5 goals:lost | Aston Villa 4+ SOT:lost | 8+ corners:lost,0,3,lost,7.0,7.0,4.0,H,,,,,
2026-04-25,15:00,2526,E0,Premier League,Liverpool,Crystal Palace,H,No external context supplied,"Weather: rain 0.0mm, gusts 34.2km/h, snow 0.0cm",W L W D L,L W L D W,1.0,0.0,0.5,0.5,1.0,1.0,0.0,0.0,0.0,0.0,0.6523,0.2249,0.1229,1.44,4.76,6.31,1.53,4.45,8.14,1.66,5.72,13.72,0.5832,1.55,1.71,2.07,1.5,1.15,2.65,0.5309,0.7421,0.2749,5.2,3.8,9.0,9.8,3.2,over_15_goals|home_4_sot|total_8_corners,Over 1.5 goals + Liverpool 4+ SOT + 8+ corners,strong,Over 1.5 goals:won | Liverpool 4+ SOT:lost | 8+ corners:won,2,3,partial,10.0,13.0,4.0,H,,,,,
2026-04-25,15:00,2526,E0,Premier League,West Ham,Everton,H,No external context supplied,"Weather: rain 0.0mm, gusts 24.1km/h, snow 0.0cm",L W D D D,W L D D D,0.0,0.0,0.5,0.5,1.0,1.0,0.0,0.0,0.0,0.0,0.4266,0.2724,0.301,2.38,3.34,2.9,2.34,3.67,3.32,2.66,4.5,3.98,0.5155,1.83,1.94,2.41,1.3,1.35,2.65,0.5389,0.7421,0.2749,3.9,5.0,8.9,10.1,2.8,over_15_goals|away_4_sot|total_8_corners,Over 1.5 goals + Everton 4+ SOT + 8+ corners,strong,Over 1.5 goals:won | Everton 4+ SOT:lost | 8+ corners:lost,1,3,partial,6.0,7.0,7.0,H,,,,,
2026-04-25,15:00,2526,E0,Premier League,Wolves,Tottenham,A,No external context supplied,"Weather: rain 0.0mm, gusts 36.0km/h, snow 0.0cm",W W D W D,L L D L D,0.0,0.0,0.5,0.5,1.0,1.0,0.0,0.0,0.0,0.0,0.2397,0.2421,0.5182,4.48,3.99,1.7,4.17,4.13,1.93,5.27,5.21,2.14,0.5453,1.66,1.83,2.25,1.55,1.35,2.9,0.5835,0.7854,0.3304,3.4,5.5,8.9,9.4,4.4,over_15_goals|btts_yes|away_4_sot|total_3_cards,Over 1.5 goals + BTTS yes + Tottenham 4+ SOT + 3+ cards,strong,Over 1.5 goals:lost | BTTS yes:lost | Tottenham 4+ SOT:lost | 3+ cards:won,1,4,partial,4.0,10.0,7.0,A,,,,,
2026-04-25,18:00,2526,F1,Ligue 1,Angers,Paris SG,A,No external context supplied,,L L L L L,W W W W W,0.0,1.0,0.5,0.5,1.0,1.0,0.0,0.0,0.0,0.0,0.1469,0.1861,0.667,10.7,5.96,1.24,6.81,5.37,1.5,10.32,7.35,1.62,0.5927,1.48,1.69,2.03,0.75,1.95,2.7,0.4526,0.7513,0.2859,3.3,6.9,10.2,10.9,3.2,over_15_goals|away_4_sot|total_8_corners,Over 1.5 goals + Paris SG 4+ SOT + 8+ corners,strong,Over 1.5 goals:won | Paris SG 4+ SOT:won | 8+ corners:won,3,3,won,11.0,9.0,4.0,A,,,,,
2026-04-25,14:00,2526,F1,Ligue 1,Lyon,Auxerre,H,No external context supplied,,W L D W D,L W D L D,0.0,0.0,0.5,0.5,1.0,1.0,0.0,0.0,0.0,0.0,0.4899,0.2388,0.2713,1.63,3.83,5.03,2.04,4.19,3.69,2.27,5.3,4.52,0.5303,1.83,1.89,2.32,1.1,1.05,2.15,0.4337,0.6331,0.1709,3.8,4.3,8.1,9.9,4.0,away_4_sot|total_8_corners,Auxerre 4+ SOT + 8+ corners,lean,Auxerre 4+ SOT:lost | 8+ corners:won,1,2,partial,8.0,9.0,3.0,H,,,,,
2026-04-25,20:05,2526,F1,Ligue 1,Toulouse,Monaco,D,No external context supplied,,L W L D L,W L W D W,0.0,0.0,0.5,0.5,1.0,1.0,0.0,0.0,0.0,0.0,0.2502,0.2267,0.5231,3.32,3.64,2.01,4.0,4.41,1.91,5.0,5.66,2.11,0.5479,1.66,1.83,2.23,1.1,1.95,3.05,0.5722,0.8082,0.364,4.1,6.4,10.5,9.4,4.4,over_15_goals|btts_yes|away_4_sot|total_3_cards,Over 1.5 goals + BTTS yes + Monaco 4+ SOT + 3+ cards,strong,Over 1.5 goals:won | BTTS yes:won | Monaco 4+ SOT:won | 3+ cards:won,4,4,won,10.0,6.0,5.0,A,,,,,
2026-04-25,17:00,2526,I1,Serie A,Bologna,Roma,A,No external context supplied,,W W W D L,L L L D W,0.0,0.0,0.5,0.5,1.0,1.0,0.0,0.0,0.0,0.0,0.241,0.2678,0.4912,2.98,3.21,2.38,4.15,3.73,2.04,5.24,4.59,2.27,0.4383,2.05,2.28,2.96,1.25,1.4,2.65,0.5375,0.7421,0.2749,4.4,3.4,7.8,8.9,3.6,over_15_goals|home_4_sot,Over 1.5 goals + Bologna 4+ SOT,lean,Over 1.5 goals:won | Bologna 4+ SOT:lost,1,2,partial,4.0,14.0,3.0,A,,,,,
2026-04-25,14:00,2526,I1,Serie A,Parma,Pisa,H,No external context supplied,,W,L,0.0,1.0,0.5,0.5,1.0,1.0,0.0,0.0,0.0,0.0,0.4011,0.3564,0.2425,2.05,3.2,3.73,2.49,2.81,4.12,2.85,3.26,5.2,0.4654,2.26,2.15,2.74,1.45,0.75,2.2,0.4039,0.6454,0.1806,3.2,3.8,7.0,7.8,3.8,,No builder lean,none,,,0,,8.0,11.0,3.0,H,,,,,
2026-04-25,19:45,2526,I1,Serie A,Verona,Lecce,D,No external context supplied,,D W L D D,D L W D D,0.0,0.0,0.5,0.5,1.0,1.0,0.0,0.0,0.0,0.0,0.4007,0.292,0.3073,2.66,2.98,2.8,2.5,3.42,3.25,2.85,4.13,3.89,0.4383,2.66,2.28,2.96,1.05,1.2,2.25,0.4543,0.6575,0.1906,3.7,2.2,5.9,9.2,4.6,total_3_cards,3+ cards,lean,3+ cards:won,1,1,won,5.0,6.0,7.0,H,,,,,
2026-04-25,13:00,2526,SP1,La Liga,Alaves,Mallorca,H,No external context supplied,,D D W D L,D D L D W,0.0,0.0,0.5,0.5,1.0,1.0,0.0,0.0,0.0,0.0,0.4702,0.2918,0.238,2.13,3.13,3.61,2.13,3.43,4.2,2.38,4.14,5.32,0.4382,2.09,2.28,2.96,1.55,1.65,3.2,0.6365,0.8288,0.3975,3.7,5.6,9.3,9.8,4.4,over_15_goals|btts_yes|away_4_sot|total_8_corners|total_3_cards,Over 1.5 goals + BTTS yes + Mallorca 4+ SOT + 8+ corners,strong,Over 1.5 goals:won | BTTS yes:won | Mallorca 4+ SOT:lost | 8+ corners:won | 3+ cards:won,4,5,partial,6.0,13.0,3.0,H,,,,,
2026-04-25,20:00,2526,SP1,La Liga,Ath Madrid,Ath Bilbao,H,No external context supplied,,L W W W L,W L L L W,0.0,0.0,0.5,0.5,1.0,1.0,0.0,0.0,0.0,0.0,0.4827,0.3002,0.2172,2.16,3.48,3.15,2.07,3.33,4.61,2.31,4.0,5.98,0.5155,1.83,1.94,2.41,1.45,1.55,3.0,0.603,0.8009,0.3528,4.3,5.2,9.5,11.2,6.8,over_15_goals|btts_yes|home_4_sot|total_8_corners|total_3_cards,Over 1.5 goals + BTTS yes + Ath Madrid 4+ SOT + 8+ corners,strong,Over 1.5 goals:won | BTTS yes:won | Ath Madrid 4+ SOT:won | 8+ corners:lost | 3+ cards:lost,3,5,partial,8.0,7.0,0.0,H,,,,,
2026-04-25,15:15,2526,SP1,La Liga,Getafe,Barcelona,A,No external context supplied,,D L L D L,D W W D W,0.0,1.0,0.5,0.5,1.0,1.0,0.0,0.0,0.0,0.0,0.2035,0.2771,0.5194,5.2,3.93,1.61,4.91,3.61,1.93,6.51,4.4,2.13,0.5141,1.8,1.95,2.42,0.95,1.5,2.45,0.4764,0.7023,0.2318,3.0,5.1,8.1,11.2,7.6,away_4_sot|total_8_corners|total_3_cards,Barcelona 4+ SOT + 8+ corners + 3+ cards,strong,Barcelona 4+ SOT:won | 8+ corners:won | 3+ cards:won,3,3,won,4.0,9.0,4.0,A,,,,,
2026-04-25,17:30,2526,SP1,La Liga,Valencia,Girona,H,No external context supplied,,L L W D L,W W L D W,0.0,0.0,0.5,0.5,1.0,1.0,0.0,0.0,0.0,0.0,0.3967,0.2695,0.3339,2.06,3.39,3.49,2.52,3.71,3.0,2.88,4.56,3.52,0.4982,1.88,2.01,2.51,1.2,1.3,2.5,0.5084,0.7127,0.2424,5.3,3.5,8.8,9.1,2.4,home_4_sot,Valencia 4+ SOT,lean,Valencia 4+ SOT:lost,0,1,lost,7.0,8.0,4.0,H,,,,,
2026-04-26,16:30,2526,D1,Bundesliga,Dortmund,Freiburg,H,No external context supplied,,W W W W D,L L L L D,0.0,0.0,0.5,0.5,1.0,1.0,0.0,0.0,0.0,0.0,0.6586,0.204,0.1374,1.35,4.98,7.51,1.52,4.9,7.28,1.64,6.49,11.45,0.5717,1.5,1.75,2.12,1.75,1.25,3.0,0.5895,0.8009,0.3528,4.3,4.1,8.4,9.7,4.0,over_15_goals|btts_yes|home_4_sot|total_8_corners,Over 1.5 goals + BTTS yes + Dortmund 4+ SOT + 8+ corners,strong,Over 1.5 goals:won | BTTS yes:lost | Dortmund 4+ SOT:won | 8+ corners:lost,2,4,partial,9.0,5.0,1.0,H,,,,,
2026-04-26,14:30,2526,D1,Bundesliga,Stuttgart,Werder Bremen,D,No external context supplied,,W L D L W,L W D W L,0.0,0.0,0.5,0.5,1.0,1.0,0.0,0.0,0.0,0.0,0.5217,0.2514,0.2269,1.5,4.46,5.46,1.92,3.98,4.41,2.12,4.97,5.65,0.6693,1.41,1.49,1.76,2.0,1.45,3.45,0.6618,0.8587,0.4525,5.2,5.1,10.3,9.8,4.0,over_15_goals|btts_yes|home_4_sot|total_8_corners,Over 1.5 goals + BTTS yes + Stuttgart 4+ SOT + 8+ corners,strong,Over 1.5 goals:won | BTTS yes:won | Stuttgart 4+ SOT:won | 8+ corners:won,4,4,won,7.0,16.0,1.0,H,,,,,
2026-04-26,16:15,2526,F1,Ligue 1,Le Havre,Metz,D,No external context supplied,,D L D,D W D,0.0,0.0,0.5,0.5,1.0,1.0,0.0,0.0,0.0,0.0,0.4933,0.2542,0.2525,1.62,3.81,5.18,2.03,3.93,3.96,2.26,4.9,4.94,0.5554,1.88,1.8,2.2,1.45,0.95,2.4,0.4694,0.6916,0.2213,5.9,4.3,10.2,9.1,4.2,home_4_sot|total_3_cards,Le Havre 4+ SOT + 3+ cards,lean,Le Havre 4+ SOT:won | 3+ cards:won,2,2,won,10.0,10.0,4.0,H,,,,,
2026-04-26,14:00,2526,F1,Ligue 1,Lorient,Strasbourg,A,No external context supplied,,D W L W D,D L W L D,0.0,0.0,0.5,0.5,1.0,1.0,0.0,0.0,0.0,0.0,0.4156,0.2494,0.335,2.09,3.51,3.22,2.41,4.01,2.98,2.74,5.02,3.51,0.5247,1.76,1.91,2.35,1.35,1.35,2.7,0.5487,0.7513,0.2859,4.5,4.6,9.1,10.4,2.6,over_15_goals|btts_yes|home_4_sot|total_8_corners,Over 1.5 goals + BTTS yes + Lorient 4+ SOT + 8+ corners,strong,Over 1.5 goals:won | BTTS yes:won | Lorient 4+ SOT:won | 8+ corners:won,4,4,won,11.0,16.0,3.0,H,,,,,
2026-04-26,19:45,2526,F1,Ligue 1,Marseille,Nice,D,No external context supplied,,L D W L W,W D L W L,0.0,0.0,0.5,0.5,1.0,1.0,0.0,0.0,0.0,0.0,0.6016,0.2566,0.1417,1.45,4.68,5.9,1.66,3.9,7.06,1.81,4.84,10.9,0.5808,1.42,1.72,2.08,1.5,1.25,2.75,0.5543,0.7603,0.297,5.1,3.4,8.5,9.7,4.0,over_15_goals|btts_yes|home_4_sot|total_8_corners,Over 1.5 goals + BTTS yes + Marseille 4+ SOT + 8+ corners,strong,Over 1.5 goals:won | BTTS yes:won | Marseille 4+ SOT:won | 8+ corners:won,4,4,won,8.0,8.0,5.0,H,,,,,
2026-04-26,16:15,2526,F1,Ligue 1,Paris FC,Lille,A,No external context supplied,,L,W,0.0,0.0,0.5,0.5,1.0,1.0,0.0,0.0,0.0,0.0,0.2751,0.2671,0.4578,3.8,3.53,1.89,3.64,3.74,2.18,4.44,4.61,2.45,0.569,1.84,1.76,2.13,0.9,1.35,2.25,0.4396,0.6575,0.1906,3.4,4.8,8.2,10.1,4.2,away_4_sot|total_8_corners,Lille 4+ SOT + 8+ corners,lean,Lille 4+ SOT:won | 8+ corners:won,2,2,won,6.0,10.0,11.0,A,,,,,
2026-04-26,16:15,2526,F1,Ligue 1,Rennes,Nantes,H,No external context supplied,,W W L W D,L L W L D,0.0,0.0,0.5,0.5,1.0,1.0,0.0,0.0,0.0,0.0,0.6967,0.1812,0.1221,1.4,4.62,7.02,1.44,5.52,8.19,1.55,7.62,13.88,0.5341,1.6,1.87,2.3,1.75,0.8,2.55,0.455,0.7228,0.2532,5.7,3.7,9.4,9.9,4.6,over_15_goals|home_4_sot|total_8_corners|total_3_cards,Over 1.5 goals + Rennes 4+ SOT + 8+ corners + 3+ cards,strong,Over 1.5 goals:won | Rennes 4+ SOT:won | 8+ corners:won | 3+ cards:won,4,4,won,13.0,14.0,5.0,H,,,,,
2026-04-26,11:30,2526,I1,Serie A,Fiorentina,Sassuolo,D,No external context supplied,,W W L W L,L L W L W,0.0,0.0,0.5,0.5,1.0,1.0,0.0,0.0,0.0,0.0,0.3888,0.3242,0.287,1.9,3.34,4.08,2.57,3.08,3.48,2.95,3.65,4.22,0.5097,1.84,1.96,2.44,1.4,1.15,2.55,0.5148,0.7228,0.2532,4.2,4.1,8.3,9.5,5.0,over_15_goals|home_4_sot|total_8_corners|total_3_cards,Over 1.5 goals + Fiorentina 4+ SOT + 8+ corners + 3+ cards,strong,Over 1.5 goals:lost | Fiorentina 4+ SOT:won | 8+ corners:won | 3+ cards:won,3,4,partial,6.0,11.0,3.0,H,,,,,
2026-04-26,14:00,2526,I1,Serie A,Genoa,Como,A,No external context supplied,,D L D,D W D,0.0,0.0,0.5,0.5,1.0,1.0,0.0,0.0,0.0,0.0,0.233,0.2559,0.5112,4.52,3.63,1.75,4.29,3.91,1.96,5.47,4.86,2.17,0.4914,1.98,2.03,2.55,1.25,1.6,2.85,0.5694,0.7773,0.3192,3.4,4.9,8.3,8.1,3.8,over_15_goals|btts_yes|away_4_sot,Over 1.5 goals + BTTS yes + Como 4+ SOT,strong,Over 1.5 goals:won | BTTS yes:lost | Como 4+ SOT:lost,1,3,partial,3.0,5.0,4.0,A,,,,,
2026-04-26,19:45,2526,I1,Serie A,Milan,Juventus,D,No external context supplied,,L D D L D,W D D W D,0.0,0.0,0.5,0.5,1.0,1.0,0.0,0.0,0.0,0.0,0.2618,0.4762,0.262,2.93,3.11,2.45,3.82,2.1,3.82,4.72,2.35,4.72,0.5111,1.94,1.96,2.43,1.05,1.4,2.45,0.4898,0.7023,0.2318,2.5,4.7,7.2,9.4,3.0,away_4_sot,Juventus 4+ SOT,lean,Juventus 4+ SOT:won,1,1,won,6.0,4.0,5.0,D,,,,,
2026-04-26,17:00,2526,I1,Serie A,Torino,Inter,D,No external context supplied,,L L L L L,W W W W W,0.0,1.0,0.5,0.5,1.0,1.0,0.0,0.0,0.0,0.0,0.1869,0.2477,0.5654,7.17,4.61,1.4,5.35,4.04,1.77,7.3,5.06,1.94,0.651,1.64,1.54,1.81,1.25,2.0,3.25,0.6169,0.8352,0.4086,3.9,4.4,8.3,7.7,3.6,over_15_goals|btts_yes|away_4_sot,Over 1.5 goals + BTTS yes + Inter 4+ SOT,strong,Over 1.5 goals:won | BTTS yes:won | Inter 4+ SOT:won,3,3,won,7.0,10.0,3.0,A,,,,,
2026-04-26,17:30,2526,SP1,La Liga,Osasuna,Sevilla,H,No external context supplied,,D D D W L,D D D L W,0.0,0.0,0.5,0.5,1.0,1.0,0.0,0.0,0.0,0.0,0.44,0.291,0.269,2.03,3.35,3.55,2.27,3.44,3.72,2.56,4.15,4.57,0.5058,2.02,1.98,2.46,1.35,1.1,2.45,0.4942,0.7023,0.2318,4.9,2.5,7.4,8.8,5.6,home_4_sot|total_3_cards,Osasuna 4+ SOT + 3+ cards,lean,Osasuna 4+ SOT:won | 3+ cards:won,2,2,won,9.0,8.0,4.0,H,,,,,
2026-04-26,15:15,2526,SP1,La Liga,Oviedo,Elche,A,No external context supplied,,L,W,0.0,0.0,0.5,0.5,1.0,1.0,0.0,0.0,0.0,0.0,0.5307,0.3305,0.1387,2.34,3.29,2.93,1.88,3.03,7.21,2.08,3.56,11.27,0.4858,2.04,2.06,2.59,1.5,1.35,2.85,0.5755,0.7773,0.3192,4.7,3.6,8.3,9.7,5.6,over_15_goals|btts_yes|home_4_sot|total_8_corners|total_3_cards,Over 1.5 goals + BTTS yes + Oviedo 4+ SOT + 8+ corners,strong,Over 1.5 goals:won | BTTS yes:won | Oviedo 4+ SOT:lost | 8+ corners:lost | 3+ cards:won,3,5,partial,7.0,7.0,4.0,H,,,,,
2026-04-26,13:00,2526,SP1,La Liga,Vallecano,Sociedad,D,No external context supplied,,D D W D W,D D L D L,0.0,0.0,0.5,0.5,1.0,1.0,0.0,0.0,0.0,0.0,0.3966,0.2763,0.3271,2.62,3.23,2.63,2.52,3.62,3.06,2.88,4.42,3.61,0.4961,1.92,2.02,2.52,1.55,1.35,2.9,0.5835,0.7854,0.3304,4.3,4.4,8.7,11.9,6.0,over_15_goals|btts_yes|home_4_sot|total_8_corners|total_3_cards,Over 1.5 goals + BTTS yes + Vallecano 4+ SOT + 8+ corners,strong,Over 1.5 goals:won | BTTS yes:won | Vallecano 4+ SOT:won | 8+ corners:won | 3+ cards:won,5,5,won,17.0,10.0,12.0,H,,,,,
2026-04-26,20:00,2526,SP1,La Liga,Villarreal,Celta,H,No external context supplied,,W L W L D,L W L W D,0.0,0.0,0.5,0.5,1.0,1.0,0.0,0.0,0.0,0.0,0.4135,0.2545,0.332,2.03,3.35,3.57,2.42,3.93,3.01,2.75,4.89,3.55,0.5671,1.79,1.76,2.14,1.6,1.4,3.0,0.6013,0.8009,0.3528,4.7,3.8,8.5,8.3,3.4,over_15_goals|btts_yes|home_4_sot,Over 1.5 goals + BTTS yes + Villarreal 4+ SOT,strong,Over 1.5 goals:won | BTTS yes:won | Villarreal 4+ SOT:won,3,3,won,7.0,12.0,9.0,H,,,,,
2026-04-27,20:00,2526,E0,Premier League,Man United,Brentford,H,No external context supplied,"Weather: rain 0.5mm, gusts 34.9km/h, snow 0.0cm",W D W L L,L D L W W,0.0,0.0,0.5,0.5,1.0,1.0,0.0,0.0,0.0,0.0,0.4868,0.2356,0.2776,1.84,3.82,3.84,2.05,4.24,3.6,2.29,5.39,4.39,0.6034,1.55,1.66,1.99,1.45,1.2,2.65,0.5349,0.7421,0.2749,4.3,3.6,7.9,9.3,4.2,over_15_goals|home_4_sot|total_3_cards,Over 1.5 goals + Man United 4+ SOT + 3+ cards,strong,Over 1.5 goals:won | Man United 4+ SOT:won | 3+ cards:won,3,3,won,10.0,15.0,6.0,H,,,,,
2026-04-27,17:30,2526,I1,Serie A,Cagliari,Atalanta,H,No external context supplied,,L W L D L,W L W D W,0.0,0.0,0.5,0.5,1.0,1.0,0.0,0.0,0.0,0.0,0.2271,0.2687,0.5042,4.51,3.64,1.74,4.4,3.72,1.98,5.65,4.57,2.2,0.5297,1.9,1.89,2.33,0.7,1.55,2.25,0.3966,0.6575,0.1906,3.0,3.7,6.7,8.9,3.8,,No builder lean,none,,,0,,10.0,10.0,0.0,A,,,,,
2026-04-27,19:45,2526,I1,Serie A,Lazio,Udinese,D,No external context supplied,,W L L D D,L W W D D,0.0,0.0,0.5,0.5,1.0,1.0,0.0,0.0,0.0,0.0,0.3864,0.2799,0.3337,1.97,3.26,3.87,2.59,3.57,3.0,2.97,4.35,3.53,0.4595,2.18,2.18,2.78,0.95,1.05,2.0,0.3987,0.594,0.1429,4.1,3.2,7.3,9.1,4.8,total_3_cards,3+ cards,lean,3+ cards:won,1,1,won,12.0,9.0,4.0,H,,,,,
2026-04-27,20:00,2526,SP1,La Liga,Espanol,Levante,D,No external context supplied,,W L W D D,L W L D D,0.0,0.0,0.5,0.5,1.0,1.0,0.0,0.0,0.0,0.0,0.4782,0.2848,0.237,1.98,3.36,3.72,2.09,3.51,4.22,2.34,4.26,5.35,0.5353,1.89,1.87,2.3,1.15,1.65,2.8,0.5521,0.7689,0.3081,2.6,6.3,8.9,11.2,7.0,over_15_goals|btts_yes|away_4_sot|total_8_corners|total_3_cards,Over 1.5 goals + BTTS yes + Levante 4+ SOT + 8+ corners,strong,Over 1.5 goals:lost | BTTS yes:lost | Levante 4+ SOT:won | 8+ corners:won | 3+ cards:won,3,5,partial,7.0,8.0,8.0,H,,,,,
2026-05-01,20:00,2526,E0,Premier League,Leeds,Burnley,H,No external context supplied,"Weather: rain 0.6mm, gusts 34.6km/h, snow 0.0cm",W W D W L,L L D L W,0.0,0.0,0.5,0.5,1.0,1.0,0.0,0.0,0.0,0.0,0.5408,0.2857,0.1735,1.34,5.09,8.57,1.85,3.5,5.76,2.04,4.24,8.1,0.4681,1.65,2.14,2.72,1.7,0.9,2.6,0.485,0.7326,0.264,5.0,3.6,8.6,11.5,3.6,over_15_goals|home_4_sot|total_8_corners,Over 1.5 goals + Leeds 4+ SOT + 8+ corners,strong,Over 1.5 goals:won | Leeds 4+ SOT:won | 8+ corners:lost,2,3,partial,11.0,5.0,7.0,H,,,,,
2026-05-01,19:45,2526,I1,Serie A,Pisa,Lecce,A,No external context supplied,,L,W,1.0,0.0,0.5,0.5,1.0,1.0,0.0,0.0,0.0,0.0,0.1907,0.3036,0.5056,3.42,2.99,2.27,5.24,3.29,1.98,7.11,3.94,2.19,0.4858,2.51,2.06,2.59,1.0,1.4,2.4,0.4762,0.6916,0.2213,3.1,3.2,6.3,8.2,4.0,,No builder lean,none,,,0,,11.0,7.0,6.0,A,,,,,
2026-05-01,20:00,2526,SP1,La Liga,Girona,Mallorca,A,No external context supplied,,W L L W W,L W W L L,0.0,0.0,0.5,0.5,1.0,1.0,0.0,0.0,0.0,0.0,0.4383,0.2752,0.2865,2.04,3.43,3.57,2.28,3.63,3.49,2.58,4.44,4.23,0.5554,1.81,1.8,2.2,1.4,1.3,2.7,0.5481,0.7513,0.2859,3.0,4.6,7.6,9.3,2.8,over_15_goals|btts_yes|away_4_sot,Over 1.5 goals + BTTS yes + Mallorca 4+ SOT,strong,Over 1.5 goals:lost | BTTS yes:lost | Mallorca 4+ SOT:won,1,3,partial,8.0,7.0,6.0,H,,,,,
2026-05-02,14:30,2526,D1,Bundesliga,Bayern Munich,Heidenheim,D,No external context supplied,,W L W W W,L W L L L,1.0,0.0,0.5,0.5,1.0,1.0,0.0,0.0,0.0,0.0,0.6086,0.2756,0.1157,1.22,6.75,9.61,1.64,3.63,8.64,1.79,4.43,15.22,0.614,1.24,1.63,1.95,2.65,1.45,4.1,0.7114,0.9155,0.5858,6.2,4.5,10.7,9.6,2.4,over_15_goals|btts_yes|home_4_sot|total_8_corners,Over 1.5 goals + BTTS yes + Bayern Munich 4+ SOT + 8+ corners,strong,Over 1.5 goals:won | BTTS yes:won | Bayern Munich 4+ SOT:won | 8+ corners:won,4,4,won,12.0,18.0,5.0,H,D,0.099,all D very_long 8%+,34,0.365
2026-05-02,14:30,2526,D1,Bundesliga,Ein Frankfurt,Hamburg,A,No external context supplied,,W W D,L L D,0.0,0.0,0.5,0.5,1.0,1.0,0.0,0.0,0.0,0.0,0.4974,0.2694,0.2332,1.7,4.05,4.26,2.01,3.71,4.29,2.24,4.56,5.46,0.5952,1.52,1.68,2.02,1.7,1.1,2.8,0.5453,0.7689,0.3081,6.5,5.2,11.7,11.4,4.0,over_15_goals|btts_yes|home_4_sot|total_8_corners,Over 1.5 goals + BTTS yes + Ein Frankfurt 4+ SOT + 8+ corners,strong,Over 1.5 goals:won | BTTS yes:won | Ein Frankfurt 4+ SOT:won | 8+ corners:won,4,4,won,9.0,13.0,9.0,H,,,,,
2026-05-02,14:30,2526,D1,Bundesliga,Hoffenheim,Stuttgart,D,No external context supplied,,W L D D D,L W D D D,0.0,0.0,0.5,0.5,1.0,1.0,0.0,0.0,0.0,0.0,0.4538,0.2709,0.2753,2.27,3.98,2.63,2.2,3.69,3.63,2.48,4.53,4.44,0.5759,1.34,1.74,2.1,1.6,2.1,3.7,0.7004,0.8838,0.5058,4.8,6.2,11.0,9.6,4.2,over_15_goals|btts_yes|home_4_sot|total_8_corners,Over 1.5 goals + BTTS yes + Hoffenheim 4+ SOT + 8+ corners,strong,Over 1.5 goals:won | BTTS yes:won | Hoffenheim 4+ SOT:won | 8+ corners:won,4,4,won,14.0,9.0,6.0,H,,,,,
2026-05-02,17:30,2526,D1,Bundesliga,Leverkusen,RB Leipzig,H,No external context supplied,,W W L D W,L L W D L,0.0,0.0,0.5,0.5,1.0,1.0,0.0,0.0,0.0,0.0,0.4741,0.2527,0.2732,2.1,3.98,2.9,2.11,3.96,3.66,2.36,4.93,4.48,0.6792,1.36,1.47,1.73,1.45,1.85,3.3,0.6451,0.8414,0.4197,4.9,6.6,11.5,9.7,3.4,over_15_goals|btts_yes|home_4_sot|total_8_corners,Over 1.5 goals + BTTS yes + Leverkusen 4+ SOT + 8+ corners,strong,Over 1.5 goals:won | BTTS yes:won | Leverkusen 4+ SOT:won | 8+ corners:won,4,4,won,13.0,10.0,4.0,H,,,,,
2026-05-02,14:30,2526,D1,Bundesliga,Union Berlin,FC Koln,D,No external context supplied,,W D W L W,L D L W L,0.0,0.0,0.5,0.5,1.0,1.0,0.0,0.0,0.0,0.0,0.3155,0.3188,0.3657,2.37,3.31,2.84,3.17,3.14,2.73,3.77,3.72,3.17,0.5079,1.86,1.97,2.45,1.4,1.8,3.2,0.6289,0.8288,0.3975,4.1,6.1,10.2,10.8,4.6,over_15_goals|btts_yes|away_4_sot|total_8_corners|total_3_cards,Over 1.5 goals + BTTS yes + FC Koln 4+ SOT + 8+ corners,strong,Over 1.5 goals:won | BTTS yes:won | FC Koln 4+ SOT:won | 8+ corners:lost | 3+ cards:won,4,5,partial,7.0,7.0,5.0,A,,,,,
2026-05-02,14:30,2526,D1,Bundesliga,Werder Bremen,Augsburg,A,No external context supplied,,W W D L D,L L D W D,0.0,0.0,0.5,0.5,1.0,1.0,0.0,0.0,0.0,0.0,0.4487,0.2465,0.3048,1.92,3.76,3.5,2.23,4.06,3.28,2.51,5.09,3.92,0.533,1.59,1.88,2.31,1.5,1.5,3.0,0.6035,0.8009,0.3528,5.6,4.7,10.3,10.9,4.4,over_15_goals|btts_yes|home_4_sot|total_8_corners|total_3_cards,Over 1.5 goals + BTTS yes + Werder Bremen 4+ SOT + 8+ corners,strong,Over 1.5 goals:won | BTTS yes:won | Werder Bremen 4+ SOT:won | 8+ corners:won | 3+ cards:lost,4,5,partial,11.0,10.0,2.0,H,,,,,
2026-05-02,17:30,2526,E0,Premier League,Arsenal,Fulham,H,No external context supplied,"Weather: rain 2.6mm, gusts 34.9km/h, snow 0.0cm",D L D W W,D W D L L,0.0,0.0,0.5,0.5,1.0,1.0,0.0,0.0,0.0,0.0,0.5363,0.3164,0.1473,1.44,4.39,7.0,1.86,3.16,6.79,2.06,3.75,10.28,0.55,1.77,1.82,2.22,1.45,0.95,2.4,0.4694,0.6916,0.2213,3.6,3.3,6.9,10.6,2.8,total_8_corners,8+ corners,lean,8+ corners:lost,0,1,lost,10.0,7.0,1.0,H,,,,,
2026-05-02,15:00,2526,E0,Premier League,Brentford,West Ham,H,No external context supplied,"Weather: rain 3.1mm, gusts 32.4km/h, snow 0.0cm",W L D W W,L W D L L,0.0,0.0,0.5,0.5,1.0,1.0,0.0,0.0,0.0,0.0,0.5308,0.2333,0.2359,1.91,3.77,3.62,1.88,4.29,4.24,2.08,5.46,5.38,0.5672,1.59,1.76,2.14,1.15,1.35,2.5,0.5062,0.7127,0.2424,3.7,3.7,7.4,9.8,3.0,over_25_goals|total_8_corners,Over 2.5 goals + 8+ corners,lean,Over 2.5 goals:won | 8+ corners:won,2,2,won,10.0,8.0,4.0,H,,,,,
2026-05-02,15:00,2526,E0,Premier League,Newcastle,Brighton,H,No external context supplied,"Weather: rain 0.7mm, gusts 38.9km/h, snow 0.0cm",L D L D L,W D W D W,0.0,0.0,0.5,0.5,1.0,1.0,0.0,0.0,0.0,0.0,0.3818,0.2893,0.3289,2.5,3.6,2.6,2.62,3.46,3.04,3.01,4.18,3.59,0.5348,1.68,1.87,2.3,1.0,1.55,2.55,0.498,0.7228,0.2532,3.8,5.1,8.9,9.8,4.0,over_15_goals|away_4_sot|total_8_corners,Over 1.5 goals + Brighton 4+ SOT + 8+ corners,strong,Over 1.5 goals:won | Brighton 4+ SOT:won | 8+ corners:won,3,3,won,10.0,12.0,6.0,H,,,,,
2026-05-02,15:00,2526,E0,Premier League,Wolves,Sunderland,D,No external context supplied,"Weather: rain 6.3mm, gusts 25.2km/h, snow 0.0cm",L,W,0.0,0.0,0.5,0.5,1.0,1.0,0.0,0.0,0.0,0.0,0.2768,0.2772,0.446,3.24,3.35,2.18,3.61,3.61,2.24,4.41,4.4,2.53,0.4362,2.03,2.29,2.97,1.4,1.3,2.7,0.5481,0.7513,0.2859,4.2,4.9,9.1,9.7,5.4,over_15_goals|btts_yes|away_4_sot|total_8_corners|total_3_cards,Over 1.5 goals + BTTS yes + Sunderland 4+ SOT + 8+ corners,strong,Over 1.5 goals:won | BTTS yes:won | Sunderland 4+ SOT:lost | 8+ corners:won | 3+ cards:won,4,5,partial,9.0,9.0,6.0,A,,,,,
2026-05-02,18:00,2526,F1,Ligue 1,Metz,Monaco,A,No external context supplied,,L L L L L,W W W W W,0.0,0.0,0.5,0.5,1.0,1.0,0.0,0.0,0.0,0.0,0.1491,0.2178,0.6331,6.52,5.06,1.39,6.71,4.59,1.58,10.09,5.96,1.72,0.5782,1.37,1.73,2.09,1.2,2.3,3.5,0.6287,0.8641,0.4634,5.1,5.7,10.8,9.9,3.8,over_15_goals|btts_yes|home_4_sot|total_8_corners,Over 1.5 goals + BTTS yes + Metz 4+ SOT + 8+ corners,strong,Over 1.5 goals:won | BTTS yes:won | Metz 4+ SOT:lost | 8+ corners:won,3,4,partial,4.0,14.0,2.0,A,,,,,
2026-05-02,14:00,2526,F1,Ligue 1,Nantes,Marseille,H,No external context supplied,,D L L L W,D W W W L,0.0,0.0,0.5,0.5,1.0,1.0,0.0,0.0,0.0,0.0,0.1833,0.2486,0.5682,4.45,3.95,1.68,5.46,4.02,1.76,7.5,5.04,1.93,0.5693,1.62,1.76,2.13,1.05,1.35,2.4,0.4815,0.6916,0.2213,3.7,4.7,8.4,9.7,5.0,away_4_sot|total_8_corners|total_3_cards,Marseille 4+ SOT + 8+ corners + 3+ cards,strong,Marseille 4+ SOT:won | 8+ corners:won | 3+ cards:won,3,3,won,14.0,15.0,4.0,A,,,,,
2026-05-02,20:05,2526,F1,Ligue 1,Nice,Lens,D,No external context supplied,,W W D W L,L L D L W,0.0,0.0,0.5,0.5,1.0,1.0,0.0,0.0,0.0,0.0,0.2701,0.2767,0.4531,4.11,3.96,1.73,3.7,3.61,2.21,4.54,4.41,2.48,0.4858,1.55,2.06,2.59,1.2,2.25,3.45,0.6252,0.8587,0.4525,3.2,6.6,9.8,9.2,3.2,over_15_goals|btts_yes|away_4_sot,Over 1.5 goals + BTTS yes + Lens 4+ SOT,strong,Over 1.5 goals:won | BTTS yes:won | Lens 4+ SOT:won,3,3,won,6.0,15.0,7.0,A,,,,,
2026-05-02,16:00,2526,F1,Ligue 1,Paris SG,Lorient,D,No external context supplied,,W L D W D,L W D L D,1.0,0.0,0.5,0.5,1.0,1.0,0.0,0.0,0.0,0.0,0.587,0.2863,0.1267,1.29,5.67,8.6,1.7,3.49,7.9,1.86,4.23,13.05,0.6125,1.39,1.63,1.95,1.95,1.2,3.15,0.5994,0.8222,0.3863,6.0,3.3,9.3,10.4,3.6,over_15_goals|btts_yes|home_4_sot|total_8_corners,Over 1.5 goals + BTTS yes + Paris SG 4+ SOT + 8+ corners,strong,Over 1.5 goals:won | BTTS yes:won | Paris SG 4+ SOT:won | 8+ corners:won,4,4,won,9.0,14.0,2.0,H,,,,,
2026-05-02,19:45,2526,I1,Serie A,Atalanta,Genoa,D,No external context supplied,,W W W W W,L L L L L,0.0,0.0,0.5,0.5,1.0,1.0,0.0,0.0,0.0,0.0,0.5214,0.2613,0.2174,1.57,3.99,5.54,1.92,3.83,4.6,2.12,4.73,5.97,0.5554,1.79,1.8,2.2,1.3,1.1,2.4,0.4853,0.6916,0.2213,4.1,3.6,7.7,9.2,2.8,,No builder lean,none,,,0,,9.0,8.0,3.0,H,,,,,
2026-05-02,17:00,2526,I1,Serie A,Como,Napoli,D,No external context supplied,,L W D,W L D,0.0,0.0,0.5,0.5,1.0,1.0,0.0,0.0,0.0,0.0,0.3735,0.277,0.3496,2.24,3.26,3.18,2.68,3.61,2.86,3.09,4.41,3.34,0.4843,2.12,2.06,2.6,1.55,1.3,2.85,0.5731,0.7773,0.3192,3.8,3.7,7.5,8.6,3.4,over_15_goals|btts_yes,Over 1.5 goals + BTTS yes,lean,Over 1.5 goals:lost | BTTS yes:lost,0,2,lost,6.0,5.0,2.0,H,,,,,
2026-05-02,14:00,2526,I1,Serie A,Udinese,Torino,H,No external context supplied,,D L D L W,D W D W L,0.0,0.0,0.5,0.5,1.0,1.0,0.0,0.0,0.0,0.0,0.4202,0.2895,0.2903,2.25,3.19,3.2,2.38,3.45,3.44,2.7,4.18,4.16,0.4954,2.09,2.02,2.53,1.4,1.25,2.65,0.5375,0.7421,0.2749,4.4,2.9,7.3,8.6,3.4,over_15_goals|home_4_sot,Over 1.5 goals + Udinese 4+ SOT,lean,Over 1.5 goals:won | Udinese 4+ SOT:won,2,2,won,9.0,7.0,2.0,H,,,,,
2026-05-02,17:30,2526,SP1,La Liga,Alaves,Ath Bilbao,A,No external context supplied,,L L D L W,W W D W L,0.0,0.0,0.5,0.5,1.0,1.0,0.0,0.0,0.0,0.0,0.3649,0.2974,0.3377,2.65,3.35,2.55,2.74,3.36,2.96,3.18,4.04,3.48,0.4858,1.97,2.06,2.59,1.65,1.55,3.2,0.6365,0.8288,0.3975,4.5,4.2,8.7,10.7,4.0,over_15_goals|btts_yes|home_4_sot|total_8_corners,Over 1.5 goals + BTTS yes + Alaves 4+ SOT + 8+ corners,strong,Over 1.5 goals:won | BTTS yes:won | Alaves 4+ SOT:won | 8+ corners:won,4,4,won,8.0,11.0,8.0,H,,,,,
2026-05-02,20:00,2526,SP1,La Liga,Osasuna,Barcelona,A,No external context supplied,,L L W L L,W W L W W,0.0,1.0,0.5,0.5,1.0,1.0,0.0,0.0,0.0,0.0,0.2552,0.2999,0.4449,4.35,3.97,1.71,3.92,3.33,2.25,4.87,4.0,2.53,0.6456,1.52,1.55,1.83,0.9,1.8,2.7,0.4953,0.7513,0.2859,4.1,4.2,8.3,9.6,5.0,over_15_goals|away_4_sot|total_8_corners|total_3_cards,Over 1.5 goals + Barcelona 4+ SOT + 8+ corners + 3+ cards,strong,Over 1.5 goals:won | Barcelona 4+ SOT:won | 8+ corners:won | 3+ cards:won,4,4,won,8.0,10.0,4.0,A,,,,,
2026-05-02,15:15,2526,SP1,La Liga,Valencia,Ath Madrid,A,No external context supplied,,W L L L L,L W W W W,0.0,0.0,0.5,0.5,1.0,1.0,0.0,0.0,0.0,0.0,0.5123,0.2719,0.2158,1.78,3.77,4.19,1.95,3.68,4.63,2.16,4.51,6.03,0.5562,1.77,1.8,2.19,1.65,1.45,3.1,0.6184,0.8153,0.3752,5.2,3.9,9.1,9.3,5.4,over_15_goals|btts_yes|home_4_sot|total_3_cards,Over 1.5 goals + BTTS yes + Valencia 4+ SOT + 3+ cards,strong,Over 1.5 goals:won | BTTS yes:lost | Valencia 4+ SOT:lost | 3+ cards:won,2,4,partial,5.0,8.0,4.0,H,,,,,
2026-05-02,13:00,2526,SP1,La Liga,Villarreal,Levante,H,No external context supplied,,W W W L W,L L L W L,0.0,0.0,0.5,0.5,1.0,1.0,0.0,0.0,0.0,0.0,0.5204,0.2446,0.235,1.7,4.09,4.31,1.92,4.09,4.25,2.13,5.14,5.4,0.5247,1.56,1.91,2.35,1.25,1.15,2.4,0.4876,0.6916,0.2213,3.4,4.2,7.6,10.4,4.4,over_25_goals|total_8_corners|total_3_cards,Over 2.5 goals + 8+ corners + 3+ cards,strong,Over 2.5 goals:won | 8+ corners:won | 3+ cards:won,3,3,won,11.0,10.0,4.0,H,,,,,
2026-05-03,18:30,2526,D1,Bundesliga,Freiburg,Wolfsburg,D,No external context supplied,,W L W W W,L W L L L,0.0,0.0,0.5,0.5,1.0,1.0,0.0,0.0,0.0,0.0,0.4786,0.2677,0.2537,2.43,3.51,2.67,2.09,3.74,3.94,2.33,4.59,4.91,0.55,1.65,1.82,2.22,1.7,1.55,3.25,0.6438,0.8352,0.4086,4.8,4.8,9.6,11.0,4.0,over_15_goals|btts_yes|home_4_sot|total_8_corners,Over 1.5 goals + BTTS yes + Freiburg 4+ SOT + 8+ corners,strong,Over 1.5 goals:won | BTTS yes:won | Freiburg 4+ SOT:lost | 8+ corners:won,3,4,partial,7.0,8.0,2.0,H,,,,,
2026-05-03,16:30,2526,D1,Bundesliga,M'gladbach,Dortmund,H,No external context supplied,,L L D L L,W W D W W,0.0,0.0,0.5,0.5,1.0,1.0,0.0,0.0,0.0,0.0,0.3477,0.2648,0.3875,3.59,3.79,1.89,2.88,3.78,2.58,3.36,4.66,2.96,0.5554,1.56,1.8,2.2,1.1,1.9,3.0,0.5673,0.8009,0.3528,3.8,5.4,9.2,9.0,6.0,over_15_goals|btts_yes|away_4_sot|total_3_cards,Over 1.5 goals + BTTS yes + Dortmund 4+ SOT + 3+ cards,strong,Over 1.5 goals:lost | BTTS yes:lost | Dortmund 4+ SOT:lost | 3+ cards:won,1,4,partial,5.0,2.0,4.0,A,,,,,
2026-05-03,14:30,2526,D1,Bundesliga,St Pauli,Mainz,A,No external context supplied,,L L D,W W D,0.0,0.0,0.5,0.5,1.0,1.0,0.0,0.0,0.0,0.0,0.2248,0.2552,0.5199,2.7,3.22,2.55,4.45,3.92,1.92,5.72,4.87,2.13,0.4954,2.1,2.02,2.53,1.1,1.6,2.7,0.5324,0.7513,0.2859,4.0,5.6,9.6,8.8,3.6,over_15_goals|away_4_sot,Over 1.5 goals + Mainz 4+ SOT,lean,Over 1.5 goals:won | Mainz 4+ SOT:won,2,2,won,9.0,14.0,4.0,A,,,,,
2026-05-03,19:00,2526,E0,Premier League,Aston Villa,Tottenham,A,No external context supplied,"Weather: rain 2.3mm, gusts 32.8km/h, snow 0.0cm",W L L W W,L W W L L,0.0,0.0,0.5,0.5,1.0,1.0,0.0,0.0,0.0,0.0,0.4881,0.2657,0.2462,2.1,3.59,3.21,2.05,3.76,4.06,2.28,4.64,5.1,0.4982,1.68,2.01,2.51,1.6,1.2,2.8,0.5577,0.7689,0.3081,4.0,4.9,8.9,10.3,3.6,over_15_goals|btts_yes|away_4_sot|total_8_corners,Over 1.5 goals + BTTS yes + Tottenham 4+ SOT + 8+ corners,strong,Over 1.5 goals:won | BTTS yes:won | Tottenham 4+ SOT:won | 8+ corners:won,4,4,won,6.0,10.0,7.0,H,,,,,
2026-05-03,14:00,2526,E0,Premier League,Bournemouth,Crystal Palace,H,No external context supplied,"Weather: rain 0.0mm, gusts 34.2km/h, snow 0.0cm",W W D D D,L L D D D,0.0,0.0,0.5,0.5,1.0,1.0,0.0,0.0,0.0,0.0,0.474,0.2708,0.2552,1.58,4.16,5.2,2.11,3.69,3.92,2.36,4.53,4.87,0.5414,1.65,1.85,2.27,1.15,1.05,2.2,0.4442,0.6454,0.1806,3.8,3.3,7.1,10.5,4.2,total_8_corners|total_3_cards,8+ corners + 3+ cards,lean,8+ corners:won | 3+ cards:lost,1,2,partial,6.0,8.0,2.0,H,,,,,
2026-05-03,15:30,2526,E0,Premier League,Man United,Liverpool,H,No external context supplied,"Weather: rain 8.6mm, gusts 33.5km/h, snow 0.0cm",D D L D W,D D W D L,0.0,1.0,0.5,0.5,1.0,1.0,0.0,0.0,0.0,0.0,0.3941,0.2443,0.3616,2.29,3.73,2.76,2.54,4.09,2.77,2.91,5.15,3.21,0.6883,1.47,1.45,1.7,1.35,1.4,2.75,0.5581,0.7603,0.297,5.6,4.3,9.9,11.8,4.6,over_15_goals|btts_yes|home_4_sot|total_8_corners|total_3_cards,Over 1.5 goals + BTTS yes + Man United 4+ SOT + 8+ corners,strong,Over 1.5 goals:won | BTTS yes:won | Man United 4+ SOT:won | 8+ corners:lost | 3+ cards:won,4,5,partial,11.0,5.0,4.0,H,,,,,
2026-05-03,16:15,2526,F1,Ligue 1,Auxerre,Angers,H,No external context supplied,,D D W L L,D D L W W,0.0,0.0,0.5,0.5,1.0,1.0,0.0,0.0,0.0,0.0,0.506,0.253,0.241,1.68,3.55,5.16,1.98,3.95,4.15,2.19,4.93,5.24,0.5211,2.17,1.92,2.37,1.55,0.85,2.4,0.4511,0.6916,0.2213,5.4,3.7,9.1,9.7,3.0,home_4_sot|total_8_corners,Auxerre 4+ SOT + 8+ corners,lean,Auxerre 4+ SOT:won | 8+ corners:won,2,2,won,13.0,10.0,8.0,H,,,,,
2026-05-03,14:00,2526,F1,Ligue 1,Lille,Le Havre,D,No external context supplied,,W W W L W,L L L W L,0.0,0.0,0.5,0.5,1.0,1.0,0.0,0.0,0.0,0.0,0.5565,0.2619,0.1816,1.39,4.48,7.78,1.8,3.82,5.51,1.97,4.72,7.6,0.4239,1.82,2.36,3.09,1.6,0.75,2.35,0.4211,0.6805,0.2109,4.7,3.6,8.3,8.8,4.8,home_4_sot|total_3_cards,Lille 4+ SOT + 3+ cards,lean,Lille 4+ SOT:won | 3+ cards:won,2,2,won,12.0,19.0,5.0,H,,,,,
2026-05-03,19:45,2526,F1,Ligue 1,Lyon,Rennes,H,No external context supplied,,W L L W L,L W W L W,0.0,0.0,0.5,0.5,1.0,1.0,0.0,0.0,0.0,0.0,0.5649,0.2162,0.2189,2.16,3.59,2.99,1.77,4.63,4.57,1.94,6.02,5.92,0.6179,1.65,1.62,1.93,1.1,1.75,2.85,0.5512,0.7773,0.3192,4.1,5.8,9.9,11.4,3.6,over_15_goals|btts_yes|away_4_sot|total_8_corners,Over 1.5 goals + BTTS yes + Rennes 4+ SOT + 8+ corners,strong,Over 1.5 goals:won | BTTS yes:won | Rennes 4+ SOT:won | 8+ corners:won,4,4,won,14.0,12.0,3.0,H,,,,,
2026-05-03,16:15,2526,F1,Ligue 1,Paris FC,Brest,H,No external context supplied,,W,L,0.0,0.0,0.5,0.5,1.0,1.0,0.0,0.0,0.0,0.0,0.3972,0.2286,0.3742,2.01,3.44,3.53,2.52,4.37,2.67,2.88,5.6,3.08,0.5466,1.89,1.83,2.24,1.4,1.4,2.8,0.5676,0.7689,0.3081,5.3,3.6,8.9,10.5,5.4,over_15_goals|btts_yes|home_4_sot|total_8_corners|total_3_cards,Over 1.5 goals + BTTS yes + Paris FC 4+ SOT + 8+ corners,strong,Over 1.5 goals:won | BTTS yes:lost | Paris FC 4+ SOT:won | 8+ corners:won | 3+ cards:won,4,5,partial,9.0,10.0,3.0,H,,,,,
2026-05-03,16:15,2526,F1,Ligue 1,Strasbourg,Toulouse,A,No external context supplied,,W D W W L,L D L L W,0.0,0.0,0.5,0.5,1.0,1.0,0.0,0.0,0.0,0.0,0.2957,0.2557,0.4486,2.56,3.48,2.54,3.38,3.91,2.23,4.07,4.86,2.51,0.5542,1.78,1.8,2.2,1.8,1.3,3.1,0.6072,0.8153,0.3752,6.0,4.2,10.2,10.5,3.8,over_15_goals|btts_yes|home_4_sot|total_8_corners,Over 1.5 goals + BTTS yes + Strasbourg 4+ SOT + 8+ corners,strong,Over 1.5 goals:won | BTTS yes:won | Strasbourg 4+ SOT:won | 8+ corners:won,4,4,won,10.0,11.0,4.0,A,,,,,
2026-05-03,11:30,2526,I1,Serie A,Bologna,Cagliari,D,No external context supplied,,W L W W W,L W L L L,0.0,0.0,0.5,0.5,1.0,1.0,0.0,0.0,0.0,0.0,0.4988,0.2695,0.2318,1.78,3.43,4.55,2.0,3.71,4.31,2.23,4.56,5.5,0.4954,2.09,2.02,2.53,1.3,0.9,2.2,0.4317,0.6454,0.1806,3.7,2.8,6.5,9.1,2.2,,No builder lean,none,,,0,,6.0,9.0,3.0,H,,,,,
2026-05-03,19:45,2526,I1,Serie A,Inter,Parma,H,No external context supplied,,D W W D W,D L L D L,1.0,0.0,0.5,0.5,1.0,1.0,0.0,0.0,0.0,0.0,0.7076,0.2021,0.0903,1.21,6.25,11.94,1.41,4.95,11.08,1.52,6.57,24.83,0.6576,1.48,1.52,1.79,1.65,1.05,2.7,0.5252,0.7513,0.2859,4.7,3.3,8.0,9.3,3.8,over_15_goals|home_4_sot,Over 1.5 goals + Inter 4+ SOT,lean,Over 1.5 goals:won | Inter 4+ SOT:won,2,2,won,5.0,11.0,1.0,H,,,,,
2026-05-03,17:00,2526,I1,Serie A,Juventus,Verona,D,No external context supplied,,W D W W D,L D L L D,0.0,0.0,0.5,0.5,1.0,1.0,0.0,0.0,0.0,0.0,0.5299,0.3398,0.1303,1.21,6.02,12.75,1.89,2.94,7.67,2.08,3.45,12.45,0.5467,1.62,1.83,2.24,1.55,0.7,2.25,0.3966,0.6575,0.1906,3.5,2.8,6.3,8.7,5.6,total_3_cards,3+ cards,lean,3+ cards:won,1,1,won,10.0,15.0,5.0,H,D,0.133,all D very_long 8%+,34,0.365
2026-05-03,14:00,2526,I1,Serie A,Sassuolo,Milan,H,No external context supplied,,D W L D D,D L W D D,0.0,0.0,0.5,0.5,1.0,1.0,0.0,0.0,0.0,0.0,0.1563,0.2791,0.5646,4.49,3.98,1.68,6.4,3.58,1.77,9.41,4.36,1.94,0.55,1.69,1.82,2.22,1.15,0.9,2.05,0.4055,0.6074,0.152,3.7,4.0,7.7,8.4,3.6,,No builder lean,none,,,0,,5.0,5.0,10.0,A,,,,,
2026-05-03,17:30,2526,SP1,La Liga,Betis,Oviedo,H,No external context supplied,,D,D,0.0,0.0,0.5,0.5,1.0,1.0,0.0,0.0,0.0,0.0,0.605,0.285,0.1099,1.54,4.02,5.75,1.65,3.51,9.1,1.8,4.25,16.68,0.55,1.83,1.82,2.22,1.35,1.3,2.65,0.5389,0.7421,0.2749,4.0,3.9,7.9,8.1,4.6,over_15_goals|total_3_cards,Over 1.5 goals + 3+ cards,lean,Over 1.5 goals:won | 3+ cards:lost,1,2,partial,10.0,9.0,0.0,H,,,,,
2026-05-03,13:00,2526,SP1,La Liga,Celta,Elche,H,No external context supplied,,L W W W L,W L L L W,0.0,0.0,0.5,0.5,1.0,1.0,0.0,0.0,0.0,0.0,0.511,0.2917,0.1973,1.75,3.81,4.24,1.96,3.43,5.07,2.17,4.14,6.79,0.5306,1.71,1.88,2.32,1.5,1.55,3.05,0.612,0.8082,0.364,4.5,4.2,8.7,9.0,5.2,over_15_goals|btts_yes|home_4_sot|total_3_cards,Over 1.5 goals + BTTS yes + Celta 4+ SOT + 3+ cards,strong,Over 1.5 goals:won | BTTS yes:won | Celta 4+ SOT:won | 3+ cards:won,4,4,won,8.0,6.0,3.0,H,,,,,
2026-05-03,20:00,2526,SP1,La Liga,Espanol,Real Madrid,A,No external context supplied,,L L L W L,W W W L W,0.0,1.0,0.5,0.5,1.0,1.0,0.0,0.0,0.0,0.0,0.2426,0.2905,0.4668,4.3,3.84,1.73,4.12,3.44,2.14,5.19,4.16,2.4,0.591,1.53,1.69,2.04,1.15,1.85,3.0,0.5759,0.8009,0.3528,3.5,7.2,10.7,11.3,6.0,over_15_goals|btts_yes|away_4_sot|total_8_corners|total_3_cards,Over 1.5 goals + BTTS yes + Real Madrid 4+ SOT + 8+ corners,strong,Over 1.5 goals:won | BTTS yes:lost | Real Madrid 4+ SOT:won | 8+ corners:won | 3+ cards:won,4,5,partial,8.0,11.0,7.0,A,,,,,
2026-05-03,15:15,2526,SP1,La Liga,Getafe,Vallecano,A,No external context supplied,,L D D L D,W D D W D,0.0,0.0,0.5,0.5,1.0,1.0,0.0,0.0,0.0,0.0,0.4673,0.2882,0.2445,1.93,3.17,4.15,2.14,3.47,4.09,2.4,4.2,5.14,0.4858,2.62,2.06,2.59,1.05,0.95,2.0,0.3987,0.594,0.1429,3.6,4.4,8.0,11.8,8.8,away_4_sot|total_8_corners|total_3_cards,Vallecano 4+ SOT + 8+ corners + 3+ cards,strong,Vallecano 4+ SOT:won | 8+ corners:lost | 3+ cards:won,2,3,partial,9.0,5.0,8.0,H,,,,,
2026-05-04,15:00,2526,E0,Premier League,Chelsea,Nott'm Forest,A,No external context supplied,"Weather: rain 0.4mm, gusts 28.1km/h, snow 0.0cm",L W D W W,W L D L L,0.0,0.0,0.5,0.5,1.0,1.0,0.0,0.0,0.0,0.0,0.6587,0.1971,0.1442,1.68,3.93,4.65,1.52,5.07,6.94,1.64,6.8,10.62,0.6786,1.67,1.47,1.73,1.05,1.75,2.8,0.5371,0.7689,0.3081,2.8,5.5,8.3,10.8,4.0,over_15_goals|away_4_sot|total_8_corners,Over 1.5 goals + Nott'm Forest 4+ SOT + 8+ corners,strong,Over 1.5 goals:won | Nott'm Forest 4+ SOT:won | 8+ corners:won,3,3,won,9.0,11.0,4.0,H,,,,,
2026-05-04,20:00,2526,E0,Premier League,Everton,Man City,D,No external context supplied,"Weather: rain 0.7mm, gusts 32.0km/h, snow 0.0cm",L L D L L,W W D W W,0.0,1.0,0.5,0.5,1.0,1.0,0.0,0.0,0.0,0.0,0.1649,0.2798,0.5553,6.38,4.63,1.44,6.06,3.57,1.8,8.7,4.35,1.98,0.6287,1.58,1.59,1.89,1.15,1.65,2.8,0.5521,0.7689,0.3081,3.8,5.9,9.7,10.8,2.6,over_15_goals|btts_yes|away_4_sot|total_8_corners,Over 1.5 goals + BTTS yes + Man City 4+ SOT + 8+ corners,strong,Over 1.5 goals:won | BTTS yes:won | Man City 4+ SOT:won | 8+ corners:won,4,4,won,10.0,14.0,5.0,A,,,,,
2026-05-04,17:30,2526,I1,Serie A,Cremonese,Lazio,A,No external context supplied,,L L D,W W D,0.0,0.0,0.5,0.5,1.0,1.0,0.0,0.0,0.0,0.0,0.2537,0.2334,0.5129,2.88,3.21,2.42,3.94,4.28,1.95,4.91,5.45,2.16,0.5155,2.1,1.94,2.41,0.75,1.45,2.2,0.4039,0.6454,0.1806,3.4,4.9,8.3,8.4,3.6,away_4_sot,Lazio 4+ SOT,lean,Lazio 4+ SOT:lost,0,1,lost,8.0,6.0,3.0,A,A,0.0917,Serie A A mid 8%+,21,0.3548
2026-05-04,19:45,2526,I1,Serie A,Roma,Fiorentina,H,No external context supplied,,D D L W W,D D W L L,0.0,0.0,0.5,0.5,1.0,1.0,0.0,0.0,0.0,0.0,0.638,0.2159,0.1461,1.61,3.94,5.08,1.57,4.63,6.85,1.7,6.03,10.41,0.5221,1.84,1.92,2.37,1.3,1.3,2.6,0.5292,0.7326,0.264,4.2,3.8,8.0,10.1,4.6,over_15_goals|total_8_corners|total_3_cards,Over 1.5 goals + 8+ corners + 3+ cards,strong,Over 1.5 goals:won | 8+ corners:won | 3+ cards:won,3,3,won,8.0,9.0,4.0,H,,,,,
2026-05-04,20:00,2526,SP1,La Liga,Sevilla,Sociedad,H,No external context supplied,,L W L W L,W L W L W,0.0,0.0,0.5,0.5,1.0,1.0,0.0,0.0,0.0,0.0,0.3659,0.3232,0.3109,2.34,3.35,2.87,2.73,3.09,3.22,3.17,3.66,3.83,0.5061,1.92,1.98,2.46,1.55,1.8,3.35,0.6575,0.8474,0.4307,3.1,4.5,7.6,10.5,6.6,over_15_goals|btts_yes|away_4_sot|total_8_corners|total_3_cards,Over 1.5 goals + BTTS yes + Sociedad 4+ SOT + 8+ corners,strong,Over 1.5 goals:lost | BTTS yes:lost | Sociedad 4+ SOT:lost | 8+ corners:lost | 3+ cards:won,1,5,partial,5.0,6.0,4.0,H,,,,,
2026-05-08,19:30,2526,D1,Bundesliga,Dortmund,Ein Frankfurt,H,No external context supplied,,D W W L D,D L L W D,0.0,0.0,0.5,0.5,1.0,1.0,0.0,0.0,0.0,0.0,0.6357,0.2091,0.1552,1.64,4.38,4.43,1.57,4.78,6.44,1.71,6.28,9.51,0.6758,1.37,1.48,1.74,1.6,1.25,2.85,0.5694,0.7773,0.3192,4.4,4.7,9.1,9.2,4.8,over_15_goals|btts_yes|home_4_sot|total_3_cards,Over 1.5 goals + BTTS yes + Dortmund 4+ SOT + 3+ cards,strong,Over 1.5 goals:won | BTTS yes:won | Dortmund 4+ SOT:won | 3+ cards:won,4,4,won,12.0,8.0,3.0,H,,,,,
2026-05-08,19:45,2526,F1,Ligue 1,Lens,Nantes,H,No external context supplied,,W W W L W,L L L W L,0.0,0.0,0.5,0.5,1.0,1.0,0.0,0.0,0.0,0.0,0.6158,0.2306,0.1537,1.43,4.79,6.18,1.62,4.34,6.51,1.77,5.54,9.65,0.5554,1.46,1.8,2.2,1.75,1.25,3.0,0.5895,0.8009,0.3528,5.5,4.5,10.0,11.0,4.6,over_15_goals|btts_yes|home_4_sot|total_8_corners|total_3_cards,Over 1.5 goals + BTTS yes + Lens 4+ SOT + 8+ corners,strong,Over 1.5 goals:lost | BTTS yes:lost | Lens 4+ SOT:won | 8+ corners:won | 3+ cards:won,3,5,partial,8.0,11.0,3.0,H,,,,,
2026-05-08,19:45,2526,I1,Serie A,Torino,Sassuolo,H,No external context supplied,,L D W D W,W D L D L,0.0,0.0,0.5,0.5,1.0,1.0,0.0,0.0,0.0,0.0,0.4042,0.277,0.3188,2.49,3.23,2.81,2.47,3.61,3.14,2.82,4.41,3.72,0.5155,1.86,1.94,2.41,1.15,1.4,2.55,0.5148,0.7228,0.2532,2.7,3.9,6.6,7.7,4.0,over_15_goals,Over 1.5 goals,lean,Over 1.5 goals:won,1,1,won,11.0,12.0,6.0,H,,,,,
2026-05-08,20:00,2526,SP1,La Liga,Levante,Osasuna,H,No external context supplied,,W L D L L,L W D W W,0.0,0.0,0.5,0.5,1.0,1.0,0.0,0.0,0.0,0.0,0.3537,0.2949,0.3514,2.51,3.23,2.81,2.83,3.39,2.85,3.29,4.08,3.32,0.4552,1.96,2.2,2.82,1.3,1.3,2.6,0.5292,0.7326,0.264,3.5,4.0,7.5,9.7,5.2,over_15_goals|total_8_corners|total_3_cards,Over 1.5 goals + 8+ corners + 3+ cards,strong,Over 1.5 goals:won | 8+ corners:won | 3+ cards:won,3,3,won,15.0,16.0,4.0,H,,,,,
2026-05-09,14:30,2526,D1,Bundesliga,Augsburg,M'gladbach,H,No external context supplied,,D W W W L,D L L L W,0.0,0.0,0.5,0.5,1.0,1.0,0.0,0.0,0.0,0.0,0.4985,0.2084,0.2931,2.06,3.66,3.2,2.01,4.8,3.41,2.23,6.31,4.11,0.5251,1.59,1.9,2.35,1.5,1.45,2.95,0.5946,0.7933,0.3416,5.6,4.9,10.5,10.1,5.8,over_15_goals|btts_yes|home_4_sot|total_8_corners|total_3_cards,Over 1.5 goals + BTTS yes + Augsburg 4+ SOT + 8+ corners,strong,Over 1.5 goals:won | BTTS yes:won | Augsburg 4+ SOT:won | 8+ corners:lost | 3+ cards:won,4,5,partial,14.0,4.0,4.0,H,,,,,
2026-05-09,14:30,2526,D1,Bundesliga,Hoffenheim,Werder Bremen,H,No external context supplied,,W W L W W,L L W L L,0.0,0.0,0.5,0.5,1.0,1.0,0.0,0.0,0.0,0.0,0.4976,0.2863,0.2162,1.44,4.91,5.7,2.01,3.49,4.63,2.23,4.23,6.02,0.6083,1.35,1.64,1.97,1.6,1.75,3.35,0.6594,0.8474,0.4307,5.2,4.9,10.1,9.7,5.6,over_15_goals|btts_yes|home_4_sot|total_8_corners|total_3_cards,Over 1.5 goals + BTTS yes + Hoffenheim 4+ SOT + 8+ corners,strong,Over 1.5 goals:lost | BTTS yes:lost | Hoffenheim 4+ SOT:won | 8+ corners:won | 3+ cards:won,3,5,partial,6.0,11.0,5.0,H,,,,,
2026-05-09,14:30,2526,D1,Bundesliga,RB Leipzig,St Pauli,H,No external context supplied,,D W D,D L D,0.0,0.0,0.5,0.5,1.0,1.0,0.0,0.0,0.0,0.0,0.6996,0.178,0.1224,1.3,5.39,8.8,1.43,5.62,8.17,1.54,7.81,13.81,0.6201,1.45,1.61,1.92,1.85,0.95,2.8,0.5168,0.7689,0.3081,6.4,3.8,10.2,10.5,4.6,over_15_goals|home_4_sot|total_8_corners|total_3_cards,Over 1.5 goals + RB Leipzig 4+ SOT + 8+ corners + 3+ cards,strong,Over 1.5 goals:won | RB Leipzig 4+ SOT:won | 8+ corners:won | 3+ cards:lost,3,4,partial,8.0,8.0,2.0,H,,,,,
2026-05-09,14:30,2526,D1,Bundesliga,Stuttgart,Leverkusen,H,No external context supplied,,D D D L W,D D D W L,0.0,0.0,0.5,0.5,1.0,1.0,0.0,0.0,0.0,0.0,0.4617,0.2367,0.3016,2.13,3.96,2.82,2.17,4.22,3.32,2.43,5.36,3.97,0.6488,1.33,1.54,1.82,2.0,2.0,4.0,0.7476,0.9084,0.5665,5.6,6.5,12.1,11.2,2.6,over_15_goals|btts_yes|home_4_sot|total_8_corners,Over 1.5 goals + BTTS yes + Stuttgart 4+ SOT + 8+ corners,strong,Over 1.5 goals:won | BTTS yes:won | Stuttgart 4+ SOT:won | 8+ corners:won,4,4,won,14.0,13.0,3.0,H,,,,,
2026-05-09,17:30,2526,D1,Bundesliga,Wolfsburg,Bayern Munich,A,No external context supplied,,L L L L L,W W W W W,0.0,1.0,0.5,0.5,1.0,1.0,0.0,0.0,0.0,0.0,0.2539,0.2475,0.4986,4.28,4.48,1.62,3.94,4.04,2.01,4.91,5.06,2.23,0.5882,1.26,1.7,2.05,1.35,2.75,4.1,0.6934,0.9155,0.5858,5.1,6.6,11.7,12.4,3.6,over_15_goals|btts_yes|home_4_sot|total_8_corners,Over 1.5 goals + BTTS yes + Wolfsburg 4+ SOT + 8+ corners,strong,Over 1.5 goals:lost | BTTS yes:lost | Wolfsburg 4+ SOT:won | 8+ corners:won,2,4,partial,14.0,9.0,1.0,A,,,,,
2026-05-09,15:00,2526,E0,Premier League,Brighton,Wolves,H,No external context supplied,"Weather: rain 0.0mm, gusts 43.2km/h, snow 0.0cm",W D D W D,L D D L D,0.0,0.0,0.5,0.5,1.0,1.0,0.0,0.0,0.0,0.0,0.5144,0.2682,0.2174,1.27,5.88,9.98,1.94,3.73,4.6,2.15,4.58,5.97,0.5717,1.5,1.75,2.12,1.5,0.9,2.4,0.461,0.6916,0.2213,4.9,4.0,8.9,10.0,4.2,over_25_goals|home_4_sot|total_8_corners|total_3_cards,Over 2.5 goals + Brighton 4+ SOT + 8+ corners + 3+ cards,strong,Over 2.5 goals:won | Brighton 4+ SOT:won | 8+ corners:won | 3+ cards:won,4,4,won,7.0,8.0,3.0,H,,,,,
2026-05-09,15:00,2526,E0,Premier League,Fulham,Bournemouth,A,No external context supplied,"Weather: rain 0.0mm, gusts 37.8km/h, snow 0.0cm",L W D L L,W L D W W,0.0,0.0,0.5,0.5,1.0,1.0,0.0,0.0,0.0,0.0,0.4161,0.2217,0.3622,2.68,3.66,2.39,2.4,4.51,2.76,2.73,5.83,3.2,0.5822,1.54,1.72,2.07,0.85,1.3,2.15,0.4165,0.6331,0.1709,3.2,4.7,7.9,10.4,3.6,over_25_goals|away_4_sot|total_8_corners,Over 2.5 goals + Bournemouth 4+ SOT + 8+ corners,strong,Over 2.5 goals:lost | Bournemouth 4+ SOT:won | 8+ corners:won,2,3,partial,7.0,13.0,10.0,H,,,,,
2026-05-09,12:30,2526,E0,Premier League,Liverpool,Chelsea,D,No external context supplied,"Weather: rain 2.2mm, gusts 40.3km/h, snow 0.0cm",D W W L L,D L L W W,1.0,0.0,0.5,0.5,1.0,1.0,0.0,0.0,0.0,0.0,0.5545,0.2043,0.2412,1.82,3.95,3.81,1.8,4.89,4.15,1.98,6.48,5.23,0.5137,1.41,1.95,2.42,1.95,1.05,3.0,0.5576,0.8009,0.3528,5.5,4.3,9.8,11.0,3.6,over_15_goals|btts_yes|home_4_sot|total_8_corners,Over 1.5 goals + BTTS yes + Liverpool 4+ SOT + 8+ corners,strong,Over 1.5 goals:won | BTTS yes:won | Liverpool 4+ SOT:lost | 8+ corners:lost,2,4,partial,6.0,7.0,6.0,H,,,,,
2026-05-09,17:30,2526,E0,Premier League,Man City,Brentford,H,No external context supplied,"Weather: rain 5.6mm, gusts 43.2km/h, snow 0.0cm",W W W D W,L L L D L,1.0,0.0,0.5,0.5,1.0,1.0,0.0,0.0,0.0,0.0,0.6888,0.1772,0.1339,1.35,5.51,7.23,1.45,5.64,7.47,1.57,7.86,11.91,0.637,1.37,1.57,1.86,1.6,1.1,2.7,0.5324,0.7513,0.2859,5.3,3.4,8.7,12.1,2.2,over_15_goals|home_4_sot|total_8_corners,Over 1.5 goals + Man City 4+ SOT + 8+ corners,strong,Over 1.5 goals:won | Man City 4+ SOT:won | 8+ corners:won,3,3,won,12.0,12.0,6.0,H,,,,,
2026-05-09,15:00,2526,E0,Premier League,Sunderland,Man United,D,No external context supplied,"Weather: rain 5.7mm, gusts 51.5km/h, snow 0.0cm",L,W,0.0,0.0,0.5,0.5,1.0,1.0,0.0,0.0,0.0,0.0,0.3634,0.2912,0.3453,3.93,3.7,1.86,2.75,3.43,2.9,3.19,4.15,3.39,0.4967,1.72,2.01,2.52,1.1,1.7,2.8,0.5453,0.7689,0.3081,4.5,5.8,10.3,10.6,7.2,over_15_goals|btts_yes|home_4_sot|total_8_corners|total_3_cards,Over 1.5 goals + BTTS yes + Sunderland 4+ SOT + 8+ corners,strong,Over 1.5 goals:lost | BTTS yes:lost | Sunderland 4+ SOT:won | 8+ corners:won | 3+ cards:won,3,5,partial,5.0,15.0,3.0,H,,,,,
2026-05-09,14:00,2526,I1,Serie A,Cagliari,Udinese,A,No external context supplied,,D D L L D,D D W W D,0.0,0.0,0.5,0.5,1.0,1.0,0.0,0.0,0.0,0.0,0.4172,0.2854,0.2974,2.5,3.12,2.89,2.4,3.5,3.36,2.72,4.25,4.04,0.4595,2.2,2.18,2.78,0.8,1.45,2.25,0.4215,0.6575,0.1906,2.9,4.7,7.6,9.3,2.2,away_4_sot,Udinese 4+ SOT,lean,Udinese 4+ SOT:won,1,1,won,11.0,12.0,2.0,H,,,,,
2026-05-09,17:00,2526,I1,Serie A,Lazio,Inter,A,No external context supplied,,L D L D L,W D W D W,0.0,1.0,0.5,0.5,1.0,1.0,0.0,0.0,0.0,0.0,0.2441,0.2253,0.5306,4.37,3.72,1.75,4.1,4.44,1.88,5.15,5.71,2.08,0.5348,1.75,1.87,2.3,1.15,1.55,2.7,0.5383,0.7513,0.2859,3.8,4.7,8.5,9.4,4.2,over_15_goals|away_4_sot|total_3_cards,Over 1.5 goals + Inter 4+ SOT + 3+ cards,strong,Over 1.5 goals:won | Inter 4+ SOT:won | 3+ cards:won,3,3,won,10.0,6.0,5.0,A,,,,,
2026-05-09,19:45,2526,I1,Serie A,Lecce,Juventus,A,No external context supplied,,L L D L D,W W D W D,0.0,0.0,0.5,0.5,1.0,1.0,0.0,0.0,0.0,0.0,0.1499,0.235,0.615,6.74,4.42,1.44,6.67,4.25,1.63,10.01,5.4,1.77,0.545,1.67,1.83,2.25,0.7,1.55,2.25,0.3966,0.6575,0.1906,2.1,4.6,6.7,9.2,4.6,away_4_sot|total_3_cards,Juventus 4+ SOT + 3+ cards,lean,Juventus 4+ SOT:won | 3+ cards:lost,1,2,partial,9.0,8.0,2.0,A,,,,,
2026-05-09,17:30,2526,SP1,La Liga,Ath Madrid,Celta,A,No external context supplied,,W W W D D,L L L D D,0.0,0.0,0.5,0.5,1.0,1.0,0.0,0.0,0.0,0.0,0.4664,0.2641,0.2695,2.08,3.47,3.34,2.14,3.79,3.71,2.4,4.67,4.56,0.6171,1.68,1.62,1.93,1.85,1.6,3.45,0.6726,0.8587,0.4525,3.6,4.1,7.7,9.0,6.4,over_15_goals|btts_yes|total_3_cards,Over 1.5 goals + BTTS yes + 3+ cards,strong,Over 1.5 goals:lost | BTTS yes:lost | 3+ cards:won,1,3,partial,5.0,10.0,3.0,H,,,,,
2026-05-09,13:00,2526,SP1,La Liga,Elche,Alaves,D,No external context supplied,,W L L W L,L W W L W,0.0,0.0,0.5,0.5,1.0,1.0,0.0,0.0,0.0,0.0,0.4052,0.2936,0.3011,2.22,3.32,3.2,2.47,3.41,3.32,2.82,4.1,3.98,0.4954,1.8,2.02,2.53,1.85,1.85,3.7,0.7102,0.8838,0.5058,4.3,4.4,8.7,11.7,5.0,over_15_goals|btts_yes|home_4_sot|total_8_corners|total_3_cards,Over 1.5 goals + BTTS yes + Elche 4+ SOT + 8+ corners,strong,Over 1.5 goals:won | BTTS yes:won | Elche 4+ SOT:won | 8+ corners:won | 3+ cards:won,5,5,won,9.0,10.0,9.0,H,,,,,
2026-05-09,15:15,2526,SP1,La Liga,Sevilla,Espanol,H,No external context supplied,,W W W D L,L L L D W,0.0,0.0,0.5,0.5,1.0,1.0,0.0,0.0,0.0,0.0,0.4326,0.293,0.2744,2.02,3.34,3.66,2.31,3.41,3.64,2.61,4.12,4.46,0.5422,2.08,1.84,2.26,1.4,1.2,2.6,0.5265,0.7326,0.264,4.0,2.9,6.9,9.8,7.8,over_15_goals|total_8_corners|total_3_cards,Over 1.5 goals + 8+ corners + 3+ cards,strong,Over 1.5 goals:won | 8+ corners:won | 3+ cards:won,3,3,won,11.0,10.0,10.0,H,,,,,
2026-05-09,20:00,2526,SP1,La Liga,Sociedad,Betis,D,No external context supplied,,D W W L L,D L L W W,0.0,0.0,0.5,0.5,1.0,1.0,0.0,0.0,0.0,0.0,0.4213,0.272,0.3067,2.48,3.55,2.59,2.37,3.68,3.26,2.69,4.51,3.9,0.5492,1.62,1.82,2.23,1.5,1.55,3.05,0.612,0.8082,0.364,4.1,4.1,8.2,9.7,4.8,over_15_goals|btts_yes|total_8_corners|total_3_cards,Over 1.5 goals + BTTS yes + 8+ corners + 3+ cards,strong,Over 1.5 goals:won | BTTS yes:won | 8+ corners:lost | 3+ cards:won,3,4,partial,12.0,7.0,7.0,H,,,,,
2026-05-10,16:30,2526,D1,Bundesliga,FC Koln,Heidenheim,A,No external context supplied,,D L D,D W D,0.0,0.0,0.5,0.5,1.0,1.0,0.0,0.0,0.0,0.0,0.3236,0.2915,0.3849,1.88,3.93,3.48,3.09,3.43,2.6,3.66,4.14,2.99,0.5492,1.43,1.82,2.23,1.85,1.85,3.7,0.7102,0.8838,0.5058,5.5,4.3,9.8,10.0,2.4,over_15_goals|btts_yes|home_4_sot|total_8_corners,Over 1.5 goals + BTTS yes + FC Koln 4+ SOT + 8+ corners,strong,Over 1.5 goals:won | BTTS yes:won | FC Koln 4+ SOT:won | 8+ corners:won,4,4,won,12.0,10.0,4.0,A,,,,,
2026-05-10,14:30,2526,D1,Bundesliga,Hamburg,Freiburg,H,No external context supplied,,D W L,D L W,0.0,0.0,0.5,0.5,1.0,1.0,0.0,0.0,0.0,0.0,0.4559,0.2494,0.2947,2.74,3.57,2.35,2.19,4.01,3.39,2.46,5.01,4.09,0.5222,1.67,1.91,2.37,1.4,1.6,3.0,0.6013,0.8009,0.3528,4.3,5.3,9.6,10.2,4.2,over_15_goals|btts_yes|home_4_sot|total_8_corners|total_3_cards,Over 1.5 goals + BTTS yes + Hamburg 4+ SOT + 8+ corners,strong,Over 1.5 goals:won | BTTS yes:won | Hamburg 4+ SOT:won | 8+ corners:lost | 3+ cards:won,4,5,partial,8.0,6.0,4.0,H,H,0.0828,Bundesliga H all 8%+,82,0.3841
2026-05-10,18:30,2526,D1,Bundesliga,Mainz,Union Berlin,A,No external context supplied,,L D D L D,W D D W D,0.0,0.0,0.5,0.5,1.0,1.0,0.0,0.0,0.0,0.0,0.5179,0.2306,0.2515,1.74,3.81,4.24,1.93,4.34,3.98,2.14,5.54,4.96,0.6081,1.69,1.64,1.97,1.8,1.1,2.9,0.5569,0.7854,0.3304,5.2,4.3,9.5,10.1,2.4,over_15_goals|btts_yes|home_4_sot|total_8_corners,Over 1.5 goals + BTTS yes + Mainz 4+ SOT + 8+ corners,strong,Over 1.5 goals:won | BTTS yes:won | Mainz 4+ SOT:lost | 8+ corners:won,3,4,partial,12.0,15.0,3.0,H,,,,,
2026-05-10,14:00,2526,E0,Premier League,Burnley,Aston Villa,D,No external context supplied,"Weather: rain 0.0mm, gusts 38.9km/h, snow 0.0cm",L D L L L,W D W W W,0.0,0.0,0.5,0.5,1.0,1.0,0.0,0.0,0.0,0.0,0.1475,0.2125,0.64,5.34,4.09,1.58,6.78,4.71,1.56,10.26,6.15,1.69,0.502,1.7,1.99,2.49,1.35,1.7,3.05,0.6054,0.8082,0.364,4.0,5.4,9.4,9.7,3.6,over_15_goals|btts_yes|away_4_sot|total_8_corners,Over 1.5 goals + BTTS yes + Aston Villa 4+ SOT + 8+ corners,strong,Over 1.5 goals:won | BTTS yes:won | Aston Villa 4+ SOT:won | 8+ corners:won,4,4,won,13.0,10.0,2.0,A,,,,,
2026-05-10,14:00,2526,E0,Premier League,Crystal Palace,Everton,D,No external context supplied,"Weather: rain 0.6mm, gusts 49.3km/h, snow 0.0cm",L D L L L,W D W W W,0.0,0.0,0.5,0.5,1.0,1.0,0.0,0.0,0.0,0.0,0.2799,0.2599,0.4602,2.71,3.26,2.56,3.57,3.85,2.17,4.35,4.76,2.44,0.5422,1.99,1.84,2.26,1.35,1.45,2.8,0.567,0.7689,0.3081,3.5,4.7,8.2,9.3,4.2,over_15_goals|btts_yes|away_4_sot|total_3_cards,Over 1.5 goals + BTTS yes + Everton 4+ SOT + 3+ cards,strong,Over 1.5 goals:won | BTTS yes:won | Everton 4+ SOT:won | 3+ cards:lost,3,4,partial,14.0,15.0,2.0,A,,,,,
2026-05-10,14:00,2526,E0,Premier League,Nott'm Forest,Newcastle,D,No external context supplied,"Weather: rain 0.8mm, gusts 47.5km/h, snow 0.0cm",W L L L L,L W W W W,0.0,0.0,0.5,0.5,1.0,1.0,0.0,0.0,0.0,0.0,0.228,0.3268,0.4452,2.58,3.48,2.56,4.39,3.06,2.25,5.62,3.61,2.53,0.5504,1.71,1.82,2.22,1.7,1.1,2.8,0.5453,0.7689,0.3081,4.8,3.9,8.7,10.0,4.2,over_15_goals|btts_yes|home_4_sot|total_8_corners|total_3_cards,Over 1.5 goals + BTTS yes + Nott'm Forest 4+ SOT + 8+ corners,strong,Over 1.5 goals:won | BTTS yes:won | Nott'm Forest 4+ SOT:won | 8+ corners:lost | 3+ cards:lost,3,5,partial,12.0,3.0,2.0,A,,,,,
2026-05-10,16:30,2526,E0,Premier League,West Ham,Arsenal,A,No external context supplied,"Weather: rain 0.4mm, gusts 49.7km/h, snow 0.0cm",W L L W L,L W W L W,0.0,0.0,0.5,0.5,1.0,1.0,0.0,0.0,0.0,0.0,0.1569,0.3021,0.5409,5.29,4.09,1.58,6.37,3.31,1.85,9.35,3.97,2.04,0.5478,1.65,1.83,2.23,1.0,1.55,2.55,0.498,0.7228,0.2532,3.4,4.6,8.0,9.5,3.0,over_15_goals|away_4_sot|total_8_corners,Over 1.5 goals + Arsenal 4+ SOT + 8+ corners,strong,Over 1.5 goals:lost | Arsenal 4+ SOT:won | 8+ corners:lost,1,3,partial,7.0,7.0,7.0,A,,,,,
2026-05-10,20:00,2526,F1,Ligue 1,Angers,Strasbourg,D,No external context supplied,,L L D W L,W W D L W,0.0,0.0,0.5,0.5,1.0,1.0,0.0,0.0,0.0,0.0,0.3521,0.3074,0.3404,2.83,3.31,2.39,2.84,3.25,2.94,3.31,3.88,3.44,0.4898,1.9,2.04,2.57,0.95,1.75,2.7,0.5067,0.7513,0.2859,4.7,6.2,10.9,11.1,3.6,over_15_goals|home_4_sot|total_8_corners,Over 1.5 goals + Angers 4+ SOT + 8+ corners,strong,Over 1.5 goals:won | Angers 4+ SOT:won | 8+ corners:lost,2,3,partial,10.0,2.0,4.0,H,,,,,
2026-05-10,20:00,2526,F1,Ligue 1,Auxerre,Nice,H,No external context supplied,,D D W D L,D D L D W,0.0,0.0,0.5,0.5,1.0,1.0,0.0,0.0,0.0,0.0,0.3785,0.2852,0.3363,2.36,3.36,2.85,2.64,3.51,2.97,3.04,4.25,3.49,0.5061,1.87,1.98,2.46,1.55,1.1,2.65,0.5255,0.7421,0.2749,4.5,3.5,8.0,10.0,3.2,over_15_goals|home_4_sot|total_8_corners,Over 1.5 goals + Auxerre 4+ SOT + 8+ corners,strong,Over 1.5 goals:won | Auxerre 4+ SOT:won | 8+ corners:won,3,3,won,10.0,11.0,1.0,H,,,,,
2026-05-10,20:00,2526,F1,Ligue 1,Le Havre,Marseille,A,No external context supplied,,L L L L L,W W W W W,0.0,0.0,0.5,0.5,1.0,1.0,0.0,0.0,0.0,0.0,0.2527,0.2032,0.5441,3.42,3.69,1.96,3.96,4.92,1.84,4.93,6.53,2.02,0.5554,1.62,1.8,2.2,1.25,1.35,2.6,0.5285,0.7326,0.264,4.1,6.1,10.2,10.3,5.4,over_15_goals|away_4_sot|total_8_corners|total_3_cards,Over 1.5 goals + Marseille 4+ SOT + 8+ corners + 3+ cards,strong,Over 1.5 goals:lost | Marseille 4+ SOT:lost | 8+ corners:lost | 3+ cards:won,1,4,partial,5.0,3.0,6.0,A,,,,,
2026-05-10,20:00,2526,F1,Ligue 1,Metz,Lorient,A,No external context supplied,,W L W L D,L W L W D,0.0,0.0,0.5,0.5,1.0,1.0,0.0,0.0,0.0,0.0,0.2617,0.2523,0.4861,3.07,3.58,2.13,3.82,3.96,2.06,4.72,4.94,2.29,0.5871,1.68,1.7,2.05,1.3,1.9,3.2,0.6187,0.8288,0.3975,4.2,4.8,9.0,11.4,2.2,over_15_goals|btts_yes|away_4_sot|total_8_corners,Over 1.5 goals + BTTS yes + Lorient 4+ SOT + 8+ corners,strong,Over 1.5 goals:won | BTTS yes:lost | Lorient 4+ SOT:won | 8+ corners:won,3,4,partial,9.0,11.0,4.0,A,,,,,
2026-05-10,20:00,2526,F1,Ligue 1,Monaco,Lille,A,No external context supplied,,L W D L L,W L D W W,0.0,0.0,0.5,0.5,1.0,1.0,0.0,0.0,0.0,0.0,0.3633,0.2357,0.401,2.28,3.66,2.75,2.75,4.24,2.49,3.19,5.38,2.85,0.5218,1.6,1.92,2.37,1.25,1.5,2.75,0.5543,0.7603,0.297,2.9,6.0,8.9,10.3,3.8,over_15_goals|btts_yes|away_4_sot|total_8_corners,Over 1.5 goals + BTTS yes + Lille 4+ SOT + 8+ corners,strong,Over 1.5 goals:lost | BTTS yes:lost | Lille 4+ SOT:lost | 8+ corners:lost,0,4,lost,5.0,7.0,4.0,A,,,,,
2026-05-10,20:00,2526,F1,Ligue 1,Paris SG,Brest,H,No external context supplied,,W D W W W,L D L L L,1.0,0.0,0.5,0.5,1.0,1.0,0.0,0.0,0.0,0.0,0.6175,0.2268,0.1557,1.16,7.42,13.44,1.62,4.41,6.42,1.76,5.66,9.46,0.6605,1.32,1.51,1.78,2.0,1.2,3.2,0.6042,0.8288,0.3975,6.8,2.6,9.4,10.7,4.8,over_15_goals|btts_yes|home_4_sot|total_8_corners|total_3_cards,Over 1.5 goals + BTTS yes + Paris SG 4+ SOT + 8+ corners,strong,Over 1.5 goals:lost | BTTS yes:lost | Paris SG 4+ SOT:won | 8+ corners:won | 3+ cards:lost,2,5,partial,8.0,15.0,0.0,H,,,,,
2026-05-10,20:00,2526,F1,Ligue 1,Rennes,Paris FC,H,No external context supplied,,W,L,0.0,0.0,0.5,0.5,1.0,1.0,0.0,0.0,0.0,0.0,0.4359,0.3394,0.2247,1.49,4.52,5.57,2.29,2.95,4.45,2.59,3.46,5.72,0.6103,1.48,1.64,1.96,1.5,1.45,2.95,0.5946,0.7933,0.3416,5.2,5.4,10.6,11.5,5.2,over_15_goals|btts_yes|home_4_sot|total_8_corners|total_3_cards,Over 1.5 goals + BTTS yes + Rennes 4+ SOT + 8+ corners,strong,Over 1.5 goals:won | BTTS yes:won | Rennes 4+ SOT:won | 8+ corners:won | 3+ cards:lost,4,5,partial,6.0,10.0,2.0,H,,,,,
2026-05-10,20:00,2526,F1,Ligue 1,Toulouse,Lyon,H,No external context supplied,,L L L D W,W W W D L,0.0,0.0,0.5,0.5,1.0,1.0,0.0,0.0,0.0,0.0,0.2282,0.2511,0.5207,4.29,3.78,1.74,4.38,3.98,1.92,5.61,4.97,2.12,0.4546,1.75,2.2,2.82,1.35,1.75,3.1,0.612,0.8153,0.3752,3.5,6.5,10.0,10.4,4.0,over_15_goals|btts_yes|away_4_sot|total_8_corners,Over 1.5 goals + BTTS yes + Lyon 4+ SOT + 8+ corners,strong,Over 1.5 goals:won | BTTS yes:won | Lyon 4+ SOT:lost | 8+ corners:won,3,4,partial,9.0,15.0,10.0,A,,,,,
2026-05-10,14:00,2526,I1,Serie A,Cremonese,Pisa,H,No external context supplied,,L,W,0.0,1.0,0.5,0.5,1.0,1.0,0.0,0.0,0.0,0.0,0.5569,0.2479,0.1952,1.69,3.62,4.97,1.8,4.03,5.12,1.97,5.05,6.89,0.5965,2.09,1.68,2.01,1.35,1.25,2.6,0.5285,0.7326,0.264,3.7,4.5,8.2,7.7,3.4,over_15_goals|away_4_sot,Over 1.5 goals + Pisa 4+ SOT,lean,Over 1.5 goals:won | Pisa 4+ SOT:lost,1,2,partial,6.0,8.0,8.0,H,,,,,
2026-05-10,14:00,2526,I1,Serie A,Fiorentina,Genoa,D,No external context supplied,,W D W W D,L D L L D,0.0,0.0,0.5,0.5,1.0,1.0,0.0,0.0,0.0,0.0,0.4323,0.2871,0.2805,2.06,3.31,3.56,2.31,3.48,3.56,2.62,4.22,4.34,0.5221,2.05,1.92,2.37,1.0,1.05,2.05,0.4109,0.6074,0.152,3.6,4.4,8.0,8.9,4.4,away_4_sot|total_3_cards,Genoa 4+ SOT + 3+ cards,lean,Genoa 4+ SOT:lost | 3+ cards:lost,0,2,lost,4.0,7.0,0.0,H,,,,,
2026-05-10,19:45,2526,I1,Serie A,Milan,Atalanta,A,No external context supplied,,L D L L D,W D W W D,0.0,0.0,0.5,0.5,1.0,1.0,0.0,0.0,0.0,0.0,0.4511,0.2333,0.3156,2.05,3.42,3.47,2.22,4.29,3.17,2.49,5.46,3.76,0.4843,1.78,2.06,2.6,0.9,1.15,2.05,0.4055,0.6074,0.152,2.6,4.4,7.0,8.3,3.2,away_4_sot,Atalanta 4+ SOT,lean,Atalanta 4+ SOT:won,1,1,won,14.0,4.0,6.0,H,,,,,
2026-05-10,17:00,2526,I1,Serie A,Parma,Roma,A,No external context supplied,,L W L L L,W L W W W,0.0,0.0,0.5,0.5,1.0,1.0,0.0,0.0,0.0,0.0,0.1386,0.1626,0.6988,6.12,4.01,1.53,7.21,6.15,1.43,11.29,8.88,1.54,0.6088,2.0,1.64,1.97,1.0,1.6,2.6,0.5045,0.7326,0.264,3.1,4.4,7.5,10.7,2.4,over_15_goals|away_4_sot|total_8_corners,Over 1.5 goals + Roma 4+ SOT + 8+ corners,strong,Over 1.5 goals:won | Roma 4+ SOT:won | 8+ corners:won,3,3,won,10.0,9.0,6.0,A,,,,,
2026-05-10,11:30,2526,I1,Serie A,Verona,Como,A,No external context supplied,,L D L,W D W,0.0,0.0,0.5,0.5,1.0,1.0,0.0,0.0,0.0,0.0,0.1469,0.213,0.6402,8.03,4.6,1.37,6.81,4.7,1.56,10.32,6.14,1.69,0.5802,1.86,1.72,2.08,0.7,1.7,2.4,0.4114,0.6916,0.2213,3.5,3.7,7.2,8.0,6.0,total_3_cards,3+ cards,lean,3+ cards:lost,0,1,lost,7.0,14.0,2.0,A,,,,,
2026-05-10,15:15,2526,SP1,La Liga,Ath Bilbao,Valencia,A,No external context supplied,,D L W W L,D W L L W,0.0,0.0,0.5,0.5,1.0,1.0,0.0,0.0,0.0,0.0,0.5202,0.3116,0.1681,1.71,3.67,4.73,1.92,3.21,5.95,2.13,3.82,8.46,0.5542,1.89,1.8,2.2,1.3,1.4,2.7,0.5481,0.7513,0.2859,4.0,4.1,8.1,9.9,3.8,over_15_goals|btts_yes|total_8_corners,Over 1.5 goals + BTTS yes + 8+ corners,strong,Over 1.5 goals:lost | BTTS yes:lost | 8+ corners:won,1,3,partial,7.0,18.0,5.0,H,,,,,
2026-05-10,20:00,2526,SP1,La Liga,Barcelona,Real Madrid,H,No external context supplied,,L L W W L,W W L L W,1.0,1.0,0.5,0.5,1.0,1.0,0.0,0.0,0.0,0.0,0.5162,0.2476,0.2362,1.61,4.65,4.28,1.94,4.04,4.23,2.14,5.06,5.37,0.6512,1.24,1.54,1.81,1.85,1.15,3.0,0.5759,0.8009,0.3528,4.5,4.7,9.2,10.9,4.2,over_15_goals|btts_yes|home_4_sot|total_8_corners|total_3_cards,Over 1.5 goals + BTTS yes + Barcelona 4+ SOT + 8+ corners,strong,Over 1.5 goals:won | BTTS yes:lost | Barcelona 4+ SOT:won | 8+ corners:won | 3+ cards:won,4,5,partial,8.0,12.0,6.0,H,,,,,
2026-05-10,13:00,2526,SP1,La Liga,Mallorca,Villarreal,D,No external context supplied,,L D L L L,W D W W W,0.0,0.0,0.5,0.5,1.0,1.0,0.0,0.0,0.0,0.0,0.3665,0.3098,0.3237,2.32,3.48,2.83,2.73,3.23,3.09,3.16,3.85,3.65,0.5542,1.72,1.8,2.2,1.3,1.55,2.85,0.5731,0.7773,0.3192,3.8,4.1,7.9,11.2,3.8,over_15_goals|btts_yes|total_8_corners,Over 1.5 goals + BTTS yes + 8+ corners,strong,Over 1.5 goals:won | BTTS yes:won | 8+ corners:won,3,3,won,10.0,9.0,2.0,H,,,,,
2026-05-10,17:30,2526,SP1,La Liga,Oviedo,Getafe,D,No external context supplied,,L,W,0.0,0.0,0.5,0.5,1.0,1.0,0.0,0.0,0.0,0.0,0.487,0.2217,0.2914,3.03,3.03,2.42,2.05,4.51,3.43,2.29,5.82,4.14,0.4739,2.48,2.11,2.67,0.9,1.15,2.05,0.4055,0.6074,0.152,3.9,2.8,6.7,8.2,6.4,total_3_cards,3+ cards,lean,3+ cards:won,1,1,won,8.0,10.0,9.0,H,,,,,
2026-05-11,20:00,2526,E0,Premier League,Tottenham,Leeds,D,No external context supplied,"Weather: rain 0.7mm, gusts 43.6km/h, snow 0.0cm",W W W W W,L L L L L,0.0,0.0,0.5,0.5,1.0,1.0,0.0,0.0,0.0,0.0,0.5722,0.2166,0.2112,1.82,3.82,3.92,1.75,4.62,4.73,1.91,6.0,6.2,0.5102,1.7,1.96,2.44,0.95,1.6,2.55,0.4894,0.7228,0.2532,4.6,4.2,8.8,10.8,5.2,over_15_goals|home_4_sot|total_8_corners|total_3_cards,Over 1.5 goals + Tottenham 4+ SOT + 8+ corners + 3+ cards,strong,Over 1.5 goals:won | Tottenham 4+ SOT:lost | 8+ corners:won | 3+ cards:won,3,4,partial,7.0,16.0,4.0,H,,,,,
2026-05-11,19:45,2526,I1,Serie A,Napoli,Bologna,A,No external context supplied,,D L W D L,D W L D W,0.0,0.0,0.5,0.5,1.0,1.0,0.0,0.0,0.0,0.0,0.6671,0.2132,0.1197,1.52,4.01,6.06,1.5,4.69,8.36,1.62,6.13,14.35,0.5358,1.9,1.87,2.29,1.15,0.8,1.95,0.3763,0.5803,0.134,3.1,3.6,6.7,9.6,2.2,total_8_corners,8+ corners,lean,8+ corners:won,1,1,won,9.0,8.0,5.0,H,,,,,
2026-05-11,20:00,2526,SP1,La Liga,Vallecano,Girona,D,No external context supplied,,L L D W W,W W D L L,0.0,0.0,0.5,0.5,1.0,1.0,0.0,0.0,0.0,0.0,0.292,0.3164,0.3916,2.3,3.39,2.92,3.42,3.16,2.55,4.13,3.75,2.93,0.5221,1.77,1.92,2.37,1.3,1.1,2.4,0.4853,0.6916,0.2213,4.8,3.7,8.5,9.3,5.8,home_4_sot|total_3_cards,Vallecano 4+ SOT + 3+ cards,lean,Vallecano 4+ SOT:won | 3+ cards:lost,1,2,partial,10.0,14.0,2.0,A,,,,,
2026-05-12,19:00,2526,SP1,La Liga,Betis,Elche,H,No external context supplied,,W L W W D,L W L L D,0.0,0.0,0.5,0.5,1.0,1.0,0.0,0.0,0.0,0.0,0.61,0.2325,0.1576,1.57,4.16,5.25,1.64,4.3,6.35,1.79,5.48,9.3,0.5358,1.62,1.87,2.29,1.55,1.35,2.9,0.5835,0.7854,0.3304,4.3,4.6,8.9,9.5,4.4,over_15_goals|btts_yes|home_4_sot|total_8_corners|total_3_cards,Over 1.5 goals + BTTS yes + Betis 4+ SOT + 8+ corners,strong,Over 1.5 goals:won | BTTS yes:won | Betis 4+ SOT:won | 8+ corners:won | 3+ cards:won,5,5,won,9.0,9.0,8.0,H,,,,,
2026-05-12,18:00,2526,SP1,La Liga,Celta,Levante,A,No external context supplied,,D W W D W,D L L D L,0.0,0.0,0.5,0.5,1.0,1.0,0.0,0.0,0.0,0.0,0.5407,0.2649,0.1943,1.78,3.78,4.17,1.85,3.77,5.15,2.04,4.65,6.93,0.53,1.76,1.89,2.33,1.4,1.6,3.0,0.6013,0.8009,0.3528,3.2,4.6,7.8,9.4,4.6,over_15_goals|btts_yes|away_4_sot|total_3_cards,Over 1.5 goals + BTTS yes + Levante 4+ SOT + 3+ cards,strong,Over 1.5 goals:won | BTTS yes:won | Levante 4+ SOT:won | 3+ cards:lost,3,4,partial,12.0,8.0,2.0,H,,,,,
2026-05-12,20:30,2526,SP1,La Liga,Osasuna,Ath Madrid,A,No external context supplied,,L W L W L,W L W L W,0.0,0.0,0.5,0.5,1.0,1.0,0.0,0.0,0.0,0.0,0.3435,0.26,0.3965,2.51,3.51,2.61,2.91,3.85,2.52,3.41,4.76,2.89,0.5183,1.77,1.93,2.39,1.35,1.6,2.95,0.5912,0.7933,0.3416,3.4,4.1,7.5,10.5,4.6,over_15_goals|btts_yes|total_8_corners|total_3_cards,Over 1.5 goals + BTTS yes + 8+ corners + 3+ cards,strong,Over 1.5 goals:won | BTTS yes:won | 8+ corners:won | 3+ cards:won,4,4,won,9.0,12.0,13.0,A,,,,,
2026-05-13,20:00,2526,E0,Premier League,Man City,Crystal Palace,H,Key absences H0-A0; Injuries H8-A12,FPL availability H[Ederson M. u 0; Akanji u 0; Vitor Reis u 0; Gündoğan u 0; Echeverri u 0] A[Holding u 0; Doucouré i 0; Esse u 0; Ahamada u 0; Ebiowei u 0] | FPL live snapshot 2026-05-13T13:37:03Z H[Ederson M. u 0; Akanji u 0; Vitor Reis u 0; Gündoğan u 0; Echeverri u 0] A[Holding u 0; Doucouré i 0; Esse u 0; Ahamada u 0; Ebiowei u 0] | FPL live snapshot 2026-05-13T13:42:13Z H[Ederson M. u 0; Akanji u 0; Vitor Reis u 0; Gündoğan u 0; Echeverri u 0] A[Holding u 0; Doucouré i 0; Esse u 0; Ahamada u 0; Ebiowei u 0] | FPL live snapshot 2026-05-13T13:43:11Z H[Ederson M. u 0; Akanji u 0; Vitor Reis u 0; Gündoğan u 0; Echeverri u 0] A[Holding u 0; Doucouré i 0; Esse u 0; Ahamada u 0; Ebiowei u 0] | FPL live snapshot 2026-05-13T14:28:38Z H[Ederson M. u 0; Akanji u 0; Vitor Reis u 0; Gündoğan u 0; Echeverri u 0] A[Holding u 0; Doucouré i 0; Esse u 0; Ahamada u 0; Ebiowei u 0] | FPL live snapshot 2026-05-13T14:32:30Z H[Ederson M. u 0; Akanji u 0; Vitor Reis u 0; Gündoğan u 0; Echeverri u 0] A[Holding u 0; Doucouré i 0; Esse u 0; Ahamada u 0; Ebiowei u 0] | FPL live snapshot 2026-05-13T15:17:11Z H[Ederson M. u 0; Akanji u 0; Vitor Reis u 0; Gündoğan u 0; Echeverri u 0] A[Holding u 0; Doucouré i 0; Esse u 0; Ahamada u 0; Ebiowei u 0] | FPL live snapshot 2026-05-13T15:53:48Z H[Ederson M. u 0; Akanji u 0; Vitor Reis u 0; Gündoğan u 0; Echeverri u 0] A[Holding u 0; Doucouré i 0; Esse u 0; Ahamada u 0; Ebiowei u 0] | FPL live snapshot 2026-05-13T20:07:54Z H[Ederson M. u 0; Akanji u 0; Vitor Reis u 0; Gündoğan u 0; Echeverri u 0] A[Holding u 0; Doucouré i 0; Esse u 0; Ahamada u 0; Ebiowei u 0],D W D W W,D L D L L,1.0,0.0,0.5,0.5,0.978,0.954,0.109,0.228,8.0,12.0,0.6764,0.1913,0.1323,1.19,7.03,12.75,1.48,5.23,7.56,1.6,7.08,12.16,0.651,1.4,1.54,1.81,1.8,1.0,2.8,0.5276,0.7689,0.3081,5.7,3.7,9.4,12.1,3.0,over_15_goals|home_4_sot|total_8_corners,Over 1.5 goals + Man City 4+ SOT + 8+ corners,strong,Over 1.5 goals:won | Man City 4+ SOT:won | 8+ corners:won,3,3,won,6.0,13.0,2.0,H,,,,,
2026-05-13,18:00,2526,F1,Ligue 1,Brest,Strasbourg,A,No external context supplied,,D W W D W,D L L D L,0.0,0.0,0.5,0.5,1.0,1.0,0.0,0.0,0.0,0.0,0.2284,0.2566,0.515,2.68,3.47,2.42,4.38,3.9,1.94,5.61,4.84,2.15,0.5279,1.73,1.89,2.34,1.25,1.65,2.9,0.5765,0.7854,0.3304,4.0,5.4,9.4,10.6,2.6,over_15_goals|btts_yes|away_4_sot|total_8_corners,Over 1.5 goals + BTTS yes + Strasbourg 4+ SOT + 8+ corners,strong,Over 1.5 goals:won | BTTS yes:won | Strasbourg 4+ SOT:won | 8+ corners:won,4,4,won,11.0,9.0,1.0,A,,,,,
2026-05-13,20:00,2526,F1,Ligue 1,Lens,Paris SG,A,No external context supplied,,L L L L L,W W W W W,0.0,1.0,0.5,0.5,1.0,1.0,0.0,0.0,0.0,0.0,0.3234,0.2601,0.4165,3.3,3.91,1.95,3.09,3.84,2.4,3.66,4.76,2.73,0.5823,1.46,1.72,2.07,1.4,1.9,3.3,0.6407,0.8414,0.4197,4.5,5.1,9.6,12.2,5.0,over_15_goals|btts_yes|home_4_sot|total_8_corners|total_3_cards,Over 1.5 goals + BTTS yes + Lens 4+ SOT + 8+ corners,strong,Over 1.5 goals:won | BTTS yes:lost | Lens 4+ SOT:won | 8+ corners:won | 3+ cards:lost,3,5,partial,13.0,9.0,1.0,A,,,,,
2026-05-13,20:30,2526,SP1,La Liga,Alaves,Barcelona,H,No external context supplied,,L L L L L,W W W W W,0.0,1.0,0.5,0.5,1.0,1.0,0.0,0.0,0.0,0.0,0.4111,0.3479,0.2411,3.09,3.75,2.1,2.43,2.87,4.15,2.77,3.36,5.23,0.572,1.46,1.75,2.12,1.2,2.3,3.5,0.6287,0.8641,0.4634,2.9,5.1,8.0,11.4,5.4,over_15_goals|btts_yes|away_4_sot|total_8_corners|total_3_cards,Over 1.5 goals + BTTS yes + Barcelona 4+ SOT + 8+ corners,strong,Over 1.5 goals:lost | BTTS yes:lost | Barcelona 4+ SOT:lost | 8+ corners:won | 3+ cards:won,2,5,partial,3.0,10.0,3.0,H,,,,,
2026-05-13,18:00,2526,SP1,La Liga,Espanol,Ath Bilbao,H,No external context supplied,,W L L D W,L W W D L,0.0,0.0,0.5,0.5,1.0,1.0,0.0,0.0,0.0,0.0,0.4724,0.202,0.3256,2.61,3.21,2.69,2.12,4.95,3.07,2.37,6.58,3.63,0.4695,2.11,2.13,2.71,1.15,1.35,2.5,0.5062,0.7127,0.2424,3.7,5.1,8.8,11.5,7.2,away_4_sot|total_8_corners|total_3_cards,Ath Bilbao 4+ SOT + 8+ corners + 3+ cards,strong,Ath Bilbao 4+ SOT:won | 8+ corners:won | 3+ cards:lost,2,3,partial,9.0,17.0,0.0,H,,,,,
2026-05-13,20:30,2526,SP1,La Liga,Getafe,Mallorca,H,No external context supplied,,D L L W L,D W W L W,0.0,0.0,0.5,0.5,1.0,1.0,0.0,0.0,0.0,0.0,0.412,0.28,0.3081,2.19,3.07,3.51,2.43,3.57,3.25,2.76,4.35,3.88,0.4695,2.53,2.13,2.71,0.95,1.05,2.0,0.3987,0.594,0.1429,2.4,4.8,7.2,9.6,5.6,away_4_sot|total_8_corners|total_3_cards,Mallorca 4+ SOT + 8+ corners + 3+ cards,strong,Mallorca 4+ SOT:lost | 8+ corners:lost | 3+ cards:won,1,3,partial,6.0,6.0,7.0,H,,,,,
2026-05-13,18:00,2526,SP1,La Liga,Villarreal,Sevilla,A,No external context supplied,,D W W W W,D L L L L,0.0,0.0,0.5,0.5,1.0,1.0,0.0,0.0,0.0,0.0,0.4162,0.2925,0.2913,2.09,3.29,3.5,2.4,3.42,3.43,2.73,4.12,4.14,0.5355,1.81,1.87,2.3,1.75,1.2,2.95,0.5774,0.7933,0.3416,4.0,3.9,7.9,10.1,5.6,over_15_goals|btts_yes|total_8_corners|total_3_cards,Over 1.5 goals + BTTS yes + 8+ corners + 3+ cards,strong,Over 1.5 goals:won | BTTS yes:won | 8+ corners:won | 3+ cards:won,4,4,won,9.0,10.0,3.0,H,,,,,
2026-05-14,19:00,2526,SP1,La Liga,Girona,Sociedad,D,No external context supplied,,D D L L W,D D W W L,0.0,0.0,0.5,0.5,1.0,1.0,0.0,0.0,0.0,0.0,0.4369,0.2517,0.3114,2.06,3.64,3.21,2.29,3.97,3.21,2.58,4.96,3.83,0.5916,1.66,1.69,2.03,1.4,1.45,2.85,0.5767,0.7773,0.3192,3.9,4.6,8.5,9.0,4.8,over_15_goals|btts_yes|away_4_sot|total_3_cards,Over 1.5 goals + BTTS yes + Sociedad 4+ SOT + 3+ cards,strong,Over 1.5 goals:won | BTTS yes:won | Sociedad 4+ SOT:lost | 3+ cards:won,3,4,partial,6.0,9.0,9.0,H,,,,,
2026-05-14,20:30,2526,SP1,La Liga,Real Madrid,Oviedo,H,No external context supplied,,W,L,1.0,0.0,0.5,0.5,1.0,1.0,0.0,0.0,0.0,0.0,0.7129,0.1785,0.1087,1.23,6.28,10.42,1.4,5.6,9.2,1.51,7.78,17.04,0.5705,1.38,1.75,2.13,1.5,1.1,2.6,0.5183,0.7326,0.264,5.3,4.2,9.5,10.0,4.8,over_15_goals|home_4_sot|total_8_corners|total_3_cards,Over 1.5 goals + Real Madrid 4+ SOT + 8+ corners + 3+ cards,strong,Over 1.5 goals:won | Real Madrid 4+ SOT:won | 8+ corners:won | 3+ cards:lost,3,4,partial,8.0,9.0,0.0,H,,,,,
2026-05-14,18:00,2526,SP1,La Liga,Valencia,Vallecano,D,No external context supplied,,W D L D D,L D W D D,0.0,0.0,0.5,0.5,1.0,1.0,0.0,0.0,0.0,0.0,0.4762,0.2794,0.2444,2.17,3.33,3.23,2.1,3.58,4.09,2.35,4.36,5.14,0.5357,1.87,1.87,2.3,1.1,1.2,2.3,0.4662,0.6691,0.2007,4.1,5.2,9.3,11.2,5.8,away_4_sot|total_8_corners|total_3_cards,Vallecano 4+ SOT + 8+ corners + 3+ cards,strong,Vallecano 4+ SOT:lost | 8+ corners:lost | 3+ cards:lost,0,3,lost,6.0,6.0,2.0,H,,,,,
