season,date,home_team,away_team,result,context_summary,home_auto_importance,away_auto_importance,home_motivation,away_motivation,home_win_probability,draw_probability,away_win_probability,predicted_result,suggested_bet,suggested_edge
2021,2020-09-12,Crystal Palace,Southampton,H,No external context supplied,0.0,0.0,0.5,0.5,0.3171,0.326,0.3569,A,,
2021,2020-09-12,Fulham,Arsenal,A,No external context supplied,1.0,1.0,0.5,0.5,0.1196,0.1066,0.7738,A,A,0.1122
2021,2020-09-12,Liverpool,Leeds,H,No external context supplied,1.0,0.0,0.5,0.5,0.8664,0.1039,0.0297,H,H,0.0914
2021,2020-09-12,West Ham,Newcastle,A,No external context supplied,0.0,0.0,0.5,0.5,0.5029,0.2244,0.2728,H,,
2021,2020-09-13,Tottenham,Everton,A,No external context supplied,1.0,0.0,0.5,0.5,0.5619,0.2361,0.202,H,,
2021,2020-09-13,West Brom,Leicester,A,No external context supplied,1.0,1.0,0.5,0.5,0.2411,0.2019,0.5571,A,,
2021,2020-09-14,Brighton,Chelsea,A,No external context supplied,0.0,1.0,0.5,0.5,0.2705,0.171,0.5585,A,,
2021,2020-09-14,Sheffield United,Wolves,A,No external context supplied,0.0,0.0,0.5,0.5,0.2309,0.3354,0.4336,A,,
2021,2020-09-19,Arsenal,West Ham,H,No external context supplied,1.0,0.0,0.5,0.5,0.6098,0.1878,0.2024,H,,
2021,2020-09-19,Everton,West Brom,H,No external context supplied,0.0,1.0,0.5,0.5,0.4788,0.3985,0.1226,H,D,0.1246
2021,2020-09-19,Leeds,Fulham,H,No external context supplied,0.0,1.0,0.5,0.5,0.6773,0.228,0.0947,H,,
2021,2020-09-19,Man United,Crystal Palace,A,No external context supplied,1.0,0.0,0.5,0.5,0.7544,0.1214,0.1242,H,,
2021,2020-09-20,Chelsea,Liverpool,A,No external context supplied,1.0,1.0,0.5,0.5,0.3897,0.2111,0.3992,A,,
2021,2020-09-20,Leicester,Burnley,H,No external context supplied,1.0,0.0,0.5,0.5,0.5849,0.282,0.1331,H,,
2021,2020-09-20,Newcastle,Brighton,A,No external context supplied,0.0,0.0,0.5,0.5,0.3377,0.4341,0.2282,D,D,0.0938
2021,2020-09-20,Southampton,Tottenham,A,No external context supplied,0.0,1.0,0.5,0.5,0.2946,0.3129,0.3924,A,,
2021,2020-09-21,Aston Villa,Sheffield United,H,No external context supplied,0.0,0.0,0.5,0.5,0.2913,0.275,0.4337,A,,
2021,2020-09-21,Wolves,Man City,A,No external context supplied,0.0,1.0,0.5,0.5,0.106,0.0962,0.7977,A,A,0.126
2021,2020-09-26,Brighton,Man United,A,No external context supplied,0.0,1.0,0.5,0.5,0.2328,0.2686,0.4986,A,,
2021,2020-09-26,Burnley,Southampton,A,No external context supplied,0.0,0.0,0.5,0.5,0.2927,0.3319,0.3753,A,,
2021,2020-09-26,Crystal Palace,Everton,A,No external context supplied,0.0,0.0,0.5,0.5,0.2853,0.3365,0.3782,A,,
2021,2020-09-26,West Brom,Chelsea,D,No external context supplied,1.0,1.0,0.5,0.5,0.1094,0.1027,0.7879,A,,
2021,2020-09-27,Man City,Leicester,A,No external context supplied,1.0,1.0,0.5,0.5,0.8138,0.1149,0.0713,H,,
2021,2020-09-27,Sheffield United,Leeds,A,No external context supplied,0.0,0.0,0.5,0.5,0.3438,0.2519,0.4042,A,,
2021,2020-09-27,Tottenham,Newcastle,D,No external context supplied,1.0,0.0,0.5,0.5,0.6829,0.1893,0.1278,H,,
2021,2020-09-27,West Ham,Wolves,H,No external context supplied,0.0,0.0,0.5,0.5,0.2545,0.2994,0.446,A,,
2021,2020-09-28,Fulham,Aston Villa,A,No external context supplied,1.0,0.0,0.5,0.5,0.1538,0.4245,0.4217,D,D,0.0945
2021,2020-09-28,Liverpool,Arsenal,H,No external context supplied,1.0,1.0,0.5,0.5,0.7858,0.1544,0.0598,H,H,0.1027
2021,2020-10-03,Chelsea,Crystal Palace,H,No external context supplied,1.0,0.0,0.5,0.5,0.6931,0.1476,0.1593,H,,
2021,2020-10-03,Everton,Brighton,H,No external context supplied,0.0,0.0,0.5,0.5,0.3782,0.3539,0.2679,H,,
2021,2020-10-03,Leeds,Man City,D,No external context supplied,0.0,1.0,0.5,0.5,0.1223,0.1037,0.774,A,,
2021,2020-10-03,Newcastle,Burnley,H,No external context supplied,0.0,0.0,0.5,0.5,0.3735,0.3849,0.2416,D,,
2021,2020-10-04,Arsenal,Sheffield United,H,No external context supplied,1.0,0.0,0.5,0.5,0.5565,0.317,0.1265,H,,
2021,2020-10-04,Aston Villa,Liverpool,H,No external context supplied,0.0,1.0,0.5,0.5,0.0724,0.0676,0.86,A,A,0.1005
2021,2020-10-04,Leicester,West Ham,A,No external context supplied,1.0,0.0,0.5,0.5,0.5207,0.2294,0.25,H,,
2021,2020-10-04,Man United,Tottenham,A,No external context supplied,1.0,1.0,0.5,0.5,0.4972,0.3125,0.1904,H,,
2021,2020-10-04,Southampton,West Brom,H,No external context supplied,0.0,1.0,0.5,0.5,0.3627,0.384,0.2533,D,D,0.0981
2021,2020-10-04,Wolves,Fulham,H,No external context supplied,0.0,1.0,0.5,0.5,0.5331,0.3089,0.158,H,,
2021,2020-10-17,Chelsea,Southampton,D,No external context supplied,1.0,0.0,0.5,0.5,0.585,0.2266,0.1884,H,,
2021,2020-10-17,Everton,Liverpool,D,No external context supplied,0.0,1.0,0.5,0.5,0.2175,0.17,0.6125,A,,
2021,2020-10-17,Man City,Arsenal,H,No external context supplied,1.0,1.0,0.5,0.5,0.7927,0.1196,0.0877,H,H,0.1068
2021,2020-10-17,Newcastle,Man United,A,No external context supplied,0.0,1.0,0.5,0.5,0.2866,0.206,0.5075,A,,
2021,2020-10-18,Crystal Palace,Brighton,D,No external context supplied,0.0,0.0,0.5,0.5,0.326,0.2888,0.3852,A,,
2021,2020-10-18,Leicester,Aston Villa,A,No external context supplied,1.0,0.0,0.5,0.5,0.3545,0.2443,0.4013,A,A,0.115
2021,2020-10-18,Sheffield United,Fulham,D,No external context supplied,0.0,1.0,0.5,0.5,0.4612,0.3954,0.1434,H,,
2021,2020-10-18,Tottenham,West Ham,D,No external context supplied,1.0,0.0,0.5,0.5,0.6016,0.1918,0.2066,H,,
2021,2020-10-19,Leeds,Wolves,A,No external context supplied,0.0,0.0,0.5,0.5,0.3325,0.2939,0.3736,A,,
2021,2020-10-19,West Brom,Burnley,D,No external context supplied,1.0,0.0,0.5,0.5,0.2922,0.2056,0.5021,A,A,0.1287
2021,2020-10-23,Aston Villa,Leeds,A,No external context supplied,0.0,0.0,0.5,0.5,0.3072,0.3931,0.2997,D,D,0.0986
2021,2020-10-24,Fulham,Crystal Palace,A,No external context supplied,1.0,0.0,0.5,0.5,0.2557,0.2617,0.4826,A,A,0.0986
2021,2020-10-24,Liverpool,Sheffield United,H,No external context supplied,1.0,0.0,0.5,0.5,0.8607,0.1047,0.0346,H,,
2021,2020-10-24,Man United,Chelsea,D,No external context supplied,1.0,1.0,0.5,0.5,0.5261,0.2024,0.2716,H,H,0.0889
2021,2020-10-24,West Ham,Man City,D,No external context supplied,0.0,1.0,0.5,0.5,0.1477,0.1032,0.7492,A,,
2021,2020-10-25,Arsenal,Leicester,A,No external context supplied,1.0,1.0,0.5,0.5,0.5882,0.2043,0.2075,H,,
2021,2020-10-25,Southampton,Everton,H,No external context supplied,0.0,0.0,0.5,0.5,0.2993,0.2341,0.4666,A,,
2021,2020-10-25,Wolves,Newcastle,D,No external context supplied,0.0,0.0,0.5,0.5,0.4809,0.2917,0.2274,H,,
2021,2020-10-26,Brighton,West Brom,D,No external context supplied,0.0,1.0,0.5,0.5,0.5935,0.2562,0.1503,H,,
2021,2020-10-26,Burnley,Tottenham,A,No external context supplied,0.0,1.0,0.5,0.5,0.2404,0.2005,0.5591,A,,
2021,2020-10-30,Wolves,Crystal Palace,H,No external context supplied,0.0,0.0,0.5,0.5,0.4595,0.3205,0.2199,H,,
2021,2020-10-31,Burnley,Chelsea,A,No external context supplied,0.0,1.0,0.5,0.5,0.3055,0.1656,0.5289,A,H,0.1059
2021,2020-10-31,Liverpool,West Ham,H,No external context supplied,1.0,0.0,0.5,0.5,0.8271,0.092,0.0809,H,H,0.0994
2021,2020-10-31,Sheffield United,Man City,A,No external context supplied,0.0,1.0,0.5,0.5,0.2092,0.1081,0.6827,A,,
2021,2020-11-01,Aston Villa,Southampton,A,No external context supplied,0.0,0.0,0.5,0.5,0.2485,0.2284,0.5231,A,A,0.1285
2021,2020-11-01,Man United,Arsenal,A,No external context supplied,1.0,1.0,0.5,0.5,0.6807,0.1918,0.1276,H,H,0.1516
2021,2020-11-01,Newcastle,Everton,H,No external context supplied,0.0,0.0,0.5,0.5,0.3356,0.1734,0.491,A,,
2021,2020-11-01,Tottenham,Brighton,H,No external context supplied,1.0,0.0,0.5,0.5,0.6495,0.1945,0.156,H,,
2021,2020-11-02,Fulham,West Brom,H,No external context supplied,1.0,0.0,0.5,0.5,0.2601,0.3197,0.4202,A,,
2021,2020-11-02,Leeds,Leicester,A,No external context supplied,0.0,1.0,0.5,0.5,0.4079,0.2284,0.3637,H,,
2021,2020-11-06,Brighton,Burnley,D,No external context supplied,0.0,0.0,0.5,0.5,0.5287,0.2376,0.2337,H,,
2021,2020-11-06,Southampton,Newcastle,H,No external context supplied,0.0,0.0,0.5,0.5,0.3797,0.3097,0.3106,H,,
2021,2020-11-07,Chelsea,Sheffield United,H,No external context supplied,1.0,0.0,0.5,0.5,0.7978,0.1238,0.0784,H,,
2021,2020-11-07,Crystal Palace,Leeds,H,No external context supplied,0.0,0.0,0.5,0.5,0.2753,0.4454,0.2793,D,D,0.116
2021,2020-11-07,Everton,Man United,A,No external context supplied,0.0,1.0,0.5,0.5,0.3981,0.2914,0.3105,H,,
2021,2020-11-07,West Ham,Fulham,H,No external context supplied,0.0,1.0,0.5,0.5,0.5072,0.32,0.1728,H,,
2021,2020-11-08,Arsenal,Aston Villa,A,No external context supplied,1.0,0.0,0.5,0.5,0.4399,0.3348,0.2253,H,,
2021,2020-11-08,Leicester,Wolves,H,No external context supplied,1.0,0.0,0.5,0.5,0.3357,0.434,0.2303,D,D,0.0927
2021,2020-11-08,Man City,Liverpool,D,No external context supplied,1.0,1.0,0.5,0.5,0.8204,0.0925,0.0871,H,H,0.2438
2021,2020-11-08,West Brom,Tottenham,A,No external context supplied,1.0,1.0,0.5,0.5,0.1355,0.151,0.7135,A,,
2021,2020-11-21,Aston Villa,Brighton,A,No external context supplied,0.0,0.0,0.5,0.5,0.3082,0.2547,0.4371,A,A,0.1001
2021,2020-11-21,Man United,West Brom,H,No external context supplied,1.0,1.0,0.5,0.5,0.7042,0.244,0.0518,H,,
2021,2020-11-21,Newcastle,Chelsea,A,No external context supplied,0.0,1.0,0.5,0.5,0.1751,0.154,0.6709,A,,
2021,2020-11-21,Tottenham,Man City,H,No external context supplied,1.0,1.0,0.5,0.5,0.3266,0.2625,0.4108,A,,
2021,2020-11-22,Fulham,Everton,A,No external context supplied,1.0,0.0,0.5,0.5,0.1424,0.137,0.7207,A,A,0.1561
2021,2020-11-22,Leeds,Arsenal,D,No external context supplied,0.0,1.0,0.5,0.5,0.3964,0.2534,0.3502,H,,
2021,2020-11-22,Liverpool,Leicester,H,No external context supplied,1.0,1.0,0.5,0.5,0.8414,0.1079,0.0507,H,H,0.2425
2021,2020-11-22,Sheffield United,West Ham,A,No external context supplied,0.0,0.0,0.5,0.5,0.3401,0.2254,0.4345,A,,
2021,2020-11-23,Burnley,Crystal Palace,H,No external context supplied,0.0,0.0,0.5,0.5,0.3747,0.3529,0.2723,H,,
2021,2020-11-23,Wolves,Southampton,D,No external context supplied,0.0,0.0,0.5,0.5,0.3587,0.2728,0.3685,A,,
2021,2020-11-27,Crystal Palace,Newcastle,A,No external context supplied,0.0,0.0,0.5,0.5,0.349,0.3981,0.2529,D,,
2021,2020-11-28,Brighton,Liverpool,D,No external context supplied,0.0,1.0,0.5,0.5,0.2534,0.174,0.5726,A,,
2021,2020-11-28,Everton,Leeds,A,No external context supplied,0.0,0.0,0.5,0.5,0.4211,0.3963,0.1826,H,D,0.1
2021,2020-11-28,Man City,Burnley,H,No external context supplied,1.0,0.0,0.5,0.5,0.9354,0.0521,0.0125,H,H,0.0827
2021,2020-11-28,West Brom,Sheffield United,H,No external context supplied,1.0,0.0,0.5,0.5,0.2919,0.3699,0.3382,D,,
2021,2020-11-29,Arsenal,Wolves,A,No external context supplied,1.0,0.0,0.5,0.5,0.4638,0.3572,0.1789,H,,
2021,2020-11-29,Chelsea,Tottenham,D,No external context supplied,1.0,1.0,0.5,0.5,0.5485,0.2703,0.1812,H,,
2021,2020-11-29,Southampton,Man United,A,No external context supplied,0.0,1.0,0.5,0.5,0.3196,0.2985,0.3819,A,,
2021,2020-11-30,Leicester,Fulham,A,No external context supplied,1.0,1.0,0.5,0.5,0.5078,0.3598,0.1324,H,D,0.1002
2021,2020-11-30,West Ham,Aston Villa,H,No external context supplied,0.0,0.0,0.5,0.5,0.3178,0.3234,0.3588,A,,
2021,2020-12-05,Burnley,Everton,D,No external context supplied,0.0,0.0,0.5,0.5,0.2942,0.2572,0.4486,A,,
2021,2020-12-05,Chelsea,Leeds,H,No external context supplied,1.0,0.0,0.5,0.5,0.5458,0.3735,0.0807,H,D,0.1156
2021,2020-12-05,Man City,Fulham,H,No external context supplied,1.0,1.0,0.5,0.5,0.8709,0.1004,0.0287,H,,
2021,2020-12-05,West Ham,Man United,A,No external context supplied,0.0,1.0,0.5,0.5,0.2834,0.3151,0.4015,A,,
2021,2020-12-06,Liverpool,Wolves,H,No external context supplied,1.0,0.0,0.5,0.5,0.6657,0.2547,0.0796,H,,
2021,2020-12-06,Sheffield United,Leicester,A,No external context supplied,0.0,1.0,0.5,0.5,0.3671,0.2407,0.3922,A,H,0.0855
2021,2020-12-06,Tottenham,Arsenal,H,No external context supplied,1.0,1.0,0.5,0.5,0.5112,0.3511,0.1378,H,,
2021,2020-12-06,West Brom,Crystal Palace,A,No external context supplied,0.0,0.0,0.5,0.5,0.2187,0.3828,0.3984,A,,
2021,2020-12-07,Brighton,Southampton,A,No external context supplied,0.0,0.0,0.5,0.5,0.3724,0.2577,0.3699,H,,
2021,2020-12-11,Leeds,West Ham,A,No external context supplied,0.0,0.0,0.5,0.5,0.4133,0.2369,0.3498,H,,
2021,2020-12-12,Everton,Chelsea,H,No external context supplied,0.0,1.0,0.5,0.5,0.2863,0.2381,0.4756,A,,
2021,2020-12-12,Man United,Man City,D,No external context supplied,1.0,1.0,0.5,0.5,0.3104,0.2307,0.4589,A,,
2021,2020-12-12,Newcastle,West Brom,H,No external context supplied,0.0,0.0,0.5,0.5,0.3726,0.3384,0.289,H,,
2021,2020-12-12,Wolves,Aston Villa,A,No external context supplied,0.0,0.0,0.5,0.5,0.31,0.3335,0.3565,A,,
2021,2020-12-13,Arsenal,Burnley,A,No external context supplied,1.0,0.0,0.5,0.5,0.7291,0.186,0.0849,H,,
2021,2020-12-13,Crystal Palace,Tottenham,D,No external context supplied,0.0,1.0,0.5,0.5,0.2156,0.3245,0.4599,A,,
2021,2020-12-13,Fulham,Liverpool,D,No external context supplied,1.0,1.0,0.5,0.5,0.0698,0.0674,0.8628,A,A,0.1053
2021,2020-12-13,Leicester,Brighton,H,No external context supplied,1.0,0.0,0.5,0.5,0.3831,0.3794,0.2376,H,,
2021,2020-12-13,Southampton,Sheffield United,H,No external context supplied,0.0,0.0,0.5,0.5,0.4864,0.2829,0.2307,H,,
2021,2020-12-15,Man City,West Brom,D,No external context supplied,1.0,0.0,0.5,0.5,0.9212,0.055,0.0238,H,,
2021,2020-12-15,Wolves,Chelsea,H,No external context supplied,0.0,1.0,0.5,0.5,0.3196,0.2055,0.4749,A,H,0.1032
2021,2020-12-16,Arsenal,Southampton,D,No external context supplied,1.0,0.0,0.5,0.5,0.5225,0.2266,0.2509,H,,
2021,2020-12-16,Fulham,Brighton,D,No external context supplied,1.0,0.0,0.5,0.5,0.2398,0.2113,0.549,A,A,0.1216
2021,2020-12-16,Leeds,Newcastle,H,No external context supplied,0.0,0.0,0.5,0.5,0.5789,0.2271,0.1939,H,,
2021,2020-12-16,Leicester,Everton,A,No external context supplied,1.0,0.0,0.5,0.5,0.4651,0.2802,0.2547,H,,
2021,2020-12-16,Liverpool,Tottenham,H,No external context supplied,1.0,1.0,0.5,0.5,0.7617,0.1829,0.0554,H,H,0.1633
2021,2020-12-16,West Ham,Crystal Palace,D,No external context supplied,0.0,0.0,0.5,0.5,0.3232,0.3074,0.3694,A,,
2021,2020-12-17,Aston Villa,Burnley,D,No external context supplied,0.0,0.0,0.5,0.5,0.4942,0.2456,0.2603,H,,
2021,2020-12-17,Sheffield United,Man United,A,No external context supplied,0.0,1.0,0.5,0.5,0.2906,0.1437,0.5657,A,H,0.1127
2021,2020-12-19,Crystal Palace,Liverpool,A,No external context supplied,0.0,1.0,0.5,0.5,0.2654,0.1271,0.6075,A,,
2021,2020-12-19,Everton,Arsenal,H,No external context supplied,0.0,1.0,0.5,0.5,0.435,0.3772,0.1878,H,,
2021,2020-12-19,Newcastle,Fulham,D,No external context supplied,0.0,1.0,0.5,0.5,0.2623,0.5326,0.2051,D,D,0.1712
2021,2020-12-19,Southampton,Man City,A,No external context supplied,0.0,1.0,0.5,0.5,0.2258,0.1815,0.5927,A,,
2021,2020-12-20,Brighton,Sheffield United,D,No external context supplied,0.0,0.0,0.5,0.5,0.438,0.2887,0.2733,H,,
2021,2020-12-20,Man United,Leeds,H,No external context supplied,1.0,0.0,0.5,0.5,0.4393,0.4279,0.1327,H,D,0.1451
2021,2020-12-20,Tottenham,Leicester,A,No external context supplied,1.0,1.0,0.5,0.5,0.6341,0.2294,0.1366,H,H,0.1251
2021,2020-12-20,West Brom,Aston Villa,A,No external context supplied,0.0,0.0,0.5,0.5,0.1765,0.2755,0.548,A,,
2021,2020-12-21,Burnley,Wolves,H,No external context supplied,0.0,0.0,0.5,0.5,0.2382,0.3863,0.3755,D,,
2021,2020-12-21,Chelsea,West Ham,H,No external context supplied,1.0,0.0,0.5,0.5,0.6229,0.2115,0.1656,H,,
2021,2020-12-26,Arsenal,Chelsea,H,No external context supplied,1.0,1.0,0.5,0.5,0.4421,0.2384,0.3195,H,H,0.1483
2021,2020-12-26,Aston Villa,Crystal Palace,H,No external context supplied,0.0,0.0,0.5,0.5,0.4913,0.2489,0.2599,H,,
2021,2020-12-26,Fulham,Southampton,D,No external context supplied,1.0,0.0,0.5,0.5,0.1884,0.1789,0.6327,A,A,0.1588
2021,2020-12-26,Leicester,Man United,D,No external context supplied,1.0,1.0,0.5,0.5,0.3228,0.2952,0.382,A,,
2021,2020-12-26,Man City,Newcastle,H,No external context supplied,1.0,0.0,0.5,0.5,0.87,0.0821,0.0479,H,,
2021,2020-12-26,Sheffield United,Everton,A,No external context supplied,0.0,0.0,0.5,0.5,0.2981,0.1864,0.5155,A,,
2021,2020-12-27,Leeds,Burnley,H,No external context supplied,0.0,0.0,0.5,0.5,0.5756,0.2322,0.1922,H,,
2021,2020-12-27,Liverpool,West Brom,D,No external context supplied,1.0,0.0,0.5,0.5,0.8888,0.0788,0.0323,H,,
2021,2020-12-27,West Ham,Brighton,D,No external context supplied,0.0,0.0,0.5,0.5,0.4246,0.3499,0.2255,H,,
2021,2020-12-27,Wolves,Tottenham,D,No external context supplied,0.0,1.0,0.5,0.5,0.3886,0.2848,0.3266,H,H,0.0893
2021,2020-12-28,Chelsea,Aston Villa,D,No external context supplied,1.0,0.0,0.5,0.5,0.466,0.2586,0.2753,H,,
2021,2020-12-28,Crystal Palace,Leicester,D,No external context supplied,0.0,1.0,0.5,0.5,0.3844,0.2214,0.3942,A,H,0.0958
2021,2020-12-29,Brighton,Arsenal,A,No external context supplied,0.0,1.0,0.5,0.5,0.3891,0.2644,0.3465,H,,
2021,2020-12-29,Burnley,Sheffield United,H,No external context supplied,0.0,0.0,0.5,0.5,0.3223,0.4218,0.2559,D,D,0.0845
2021,2020-12-29,Man United,Wolves,H,No external context supplied,1.0,0.0,0.5,0.5,0.6781,0.2081,0.1138,H,,
2021,2020-12-29,Southampton,West Ham,D,No external context supplied,0.0,0.0,0.5,0.5,0.5207,0.265,0.2142,H,,
2021,2020-12-29,West Brom,Leeds,A,No external context supplied,0.0,0.0,0.5,0.5,0.2115,0.2806,0.5079,A,,
2021,2020-12-30,Newcastle,Liverpool,D,No external context supplied,0.0,1.0,0.5,0.5,0.1522,0.0792,0.7687,A,,
2021,2021-01-01,Everton,West Ham,A,No external context supplied,0.0,0.0,0.5,0.5,0.3832,0.3593,0.2576,H,,
2021,2021-01-01,Man United,Aston Villa,H,No external context supplied,1.0,0.0,0.5,0.5,0.6072,0.2217,0.171,H,,
2021,2021-01-02,Brighton,Wolves,D,No external context supplied,0.0,0.0,0.5,0.5,0.3366,0.2946,0.3688,A,,
2021,2021-01-02,Crystal Palace,Sheffield United,H,No external context supplied,0.0,0.0,0.5,0.5,0.5275,0.2924,0.1801,H,,
2021,2021-01-02,Tottenham,Leeds,H,No external context supplied,1.0,0.0,0.5,0.5,0.5183,0.2785,0.2032,H,,
2021,2021-01-02,West Brom,Arsenal,A,No external context supplied,0.0,1.0,0.5,0.5,0.2403,0.2105,0.5492,A,,
2021,2021-01-03,Chelsea,Man City,A,No external context supplied,1.0,1.0,0.5,0.5,0.4677,0.247,0.2853,H,H,0.1093
2021,2021-01-03,Newcastle,Leicester,A,No external context supplied,0.0,1.0,0.5,0.5,0.3169,0.2098,0.4733,A,H,0.0952
2021,2021-01-04,Southampton,Liverpool,H,No external context supplied,0.0,1.0,0.5,0.5,0.338,0.1936,0.4684,A,H,0.1027
2021,2021-01-12,Burnley,Man United,A,No external context supplied,0.0,1.0,0.5,0.5,0.1494,0.1912,0.6595,A,,
2021,2021-01-12,Sheffield United,Newcastle,H,No external context supplied,0.0,0.0,0.5,0.5,0.4525,0.2881,0.2594,H,,
2021,2021-01-12,Wolves,Everton,A,No external context supplied,0.0,0.0,0.5,0.5,0.5529,0.1946,0.2525,H,H,0.122
2021,2021-01-13,Man City,Brighton,H,No external context supplied,1.0,0.0,0.5,0.5,0.8881,0.0697,0.0422,H,,
2021,2021-01-13,Tottenham,Fulham,D,No external context supplied,1.0,1.0,0.5,0.5,0.6865,0.2144,0.0992,H,,
2021,2021-01-14,Arsenal,Crystal Palace,D,No external context supplied,1.0,0.0,0.5,0.5,0.5981,0.2159,0.186,H,,
2021,2021-01-16,Fulham,Chelsea,A,No external context supplied,1.0,1.0,0.5,0.5,0.1764,0.1904,0.6332,A,,
2021,2021-01-16,Leeds,Brighton,A,No external context supplied,0.0,0.0,0.5,0.5,0.4273,0.2187,0.3541,H,,
2021,2021-01-16,Leicester,Southampton,H,No external context supplied,1.0,0.0,0.5,0.5,0.6446,0.2182,0.1371,H,H,0.0805
2021,2021-01-16,West Ham,Burnley,H,No external context supplied,0.0,0.0,0.5,0.5,0.6054,0.2446,0.15,H,,
2021,2021-01-16,Wolves,West Brom,A,No external context supplied,0.0,0.0,0.5,0.5,0.5708,0.3581,0.0711,H,,
2021,2021-01-17,Liverpool,Man United,D,No external context supplied,1.0,1.0,0.5,0.5,0.7615,0.1361,0.1024,H,H,0.1975
2021,2021-01-17,Man City,Crystal Palace,H,No external context supplied,1.0,0.0,0.5,0.5,0.8832,0.0729,0.0439,H,,
2021,2021-01-17,Sheffield United,Tottenham,A,No external context supplied,0.0,1.0,0.5,0.5,0.2055,0.2166,0.5779,A,,
2021,2021-01-18,Arsenal,Newcastle,H,No external context supplied,1.0,0.0,0.5,0.5,0.6068,0.2505,0.1427,H,,
2021,2021-01-19,Leicester,Chelsea,H,No external context supplied,1.0,1.0,0.5,0.5,0.3935,0.3619,0.2446,H,,
2021,2021-01-19,West Ham,West Brom,H,No external context supplied,0.0,0.0,0.5,0.5,0.5516,0.3077,0.1407,H,,
2021,2021-01-20,Fulham,Man United,A,No external context supplied,1.0,1.0,0.5,0.5,0.2076,0.1416,0.6508,A,,
2021,2021-01-20,Man City,Aston Villa,H,No external context supplied,1.0,0.0,0.5,0.5,0.6515,0.2101,0.1383,H,,
2021,2021-01-21,Liverpool,Burnley,A,No external context supplied,1.0,0.0,0.5,0.5,0.8424,0.0865,0.0711,H,,
2021,2021-01-23,Aston Villa,Newcastle,H,No external context supplied,0.0,0.0,0.5,0.5,0.5677,0.2315,0.2007,H,,
2021,2021-01-26,Crystal Palace,West Ham,A,No external context supplied,0.0,0.0,0.5,0.5,0.3671,0.31,0.3229,H,,
2021,2021-01-26,Newcastle,Leeds,A,No external context supplied,0.0,0.0,0.5,0.5,0.3019,0.2409,0.4572,A,,
2021,2021-01-26,Southampton,Arsenal,A,No external context supplied,0.0,1.0,0.5,0.5,0.3405,0.2988,0.3607,A,,
2021,2021-01-26,West Brom,Man City,A,No external context supplied,0.0,1.0,0.5,0.5,0.1253,0.0775,0.7972,A,,
2021,2021-01-27,Brighton,Fulham,D,No external context supplied,0.0,1.0,0.5,0.5,0.488,0.3485,0.1635,H,,
2021,2021-01-27,Burnley,Aston Villa,H,No external context supplied,0.0,0.0,0.5,0.5,0.1768,0.3547,0.4685,A,,
2021,2021-01-27,Chelsea,Wolves,D,No external context supplied,1.0,0.0,0.5,0.5,0.7141,0.1408,0.1451,H,H,0.0881
2021,2021-01-27,Everton,Leicester,D,No external context supplied,0.0,1.0,0.5,0.5,0.2683,0.3686,0.3631,D,,
2021,2021-01-27,Man United,Sheffield United,A,No external context supplied,1.0,0.0,0.5,0.5,0.7232,0.1812,0.0957,H,,
2021,2021-01-28,Tottenham,Liverpool,A,No external context supplied,1.0,1.0,0.5,0.5,0.4946,0.2851,0.2203,H,H,0.1418
2021,2021-01-30,Arsenal,Man United,D,No external context supplied,1.0,1.0,0.5,0.5,0.3337,0.3545,0.3118,D,,
2021,2021-01-30,Crystal Palace,Wolves,H,No external context supplied,0.0,0.0,0.5,0.5,0.3464,0.333,0.3206,H,,
2021,2021-01-30,Everton,Newcastle,A,No external context supplied,0.0,0.0,0.5,0.5,0.5415,0.2938,0.1647,H,,
2021,2021-01-30,Man City,Sheffield United,H,No external context supplied,1.0,0.0,0.5,0.5,0.6819,0.1726,0.1455,H,,
2021,2021-01-30,Southampton,Aston Villa,A,No external context supplied,0.0,0.0,0.5,0.5,0.3429,0.2335,0.4236,A,,
2021,2021-01-30,West Brom,Fulham,D,No external context supplied,0.0,1.0,0.5,0.5,0.2386,0.5302,0.2311,D,D,0.1657
2021,2021-01-31,Brighton,Tottenham,H,No external context supplied,0.0,1.0,0.5,0.5,0.3369,0.2687,0.3944,A,,
2021,2021-01-31,Chelsea,Burnley,H,No external context supplied,1.0,0.0,0.5,0.5,0.7977,0.1237,0.0787,H,,
2021,2021-01-31,Leicester,Leeds,A,No external context supplied,1.0,0.0,0.5,0.5,0.4747,0.2311,0.2942,H,,
2021,2021-01-31,West Ham,Liverpool,A,No external context supplied,0.0,1.0,0.5,0.5,0.2684,0.222,0.5096,A,,
2021,2021-02-02,Man United,Southampton,H,No external context supplied,1.0,0.0,0.5,0.5,0.7431,0.1737,0.0832,H,,
2021,2021-02-02,Newcastle,Crystal Palace,A,No external context supplied,0.0,0.0,0.5,0.5,0.2752,0.423,0.3018,D,D,0.0851
2021,2021-02-02,Sheffield United,West Brom,H,No external context supplied,0.0,0.0,0.5,0.5,0.3163,0.4373,0.2464,D,D,0.1053
2021,2021-02-02,Wolves,Arsenal,H,No external context supplied,0.0,1.0,0.5,0.5,0.4215,0.2653,0.3132,H,H,0.1128
2021,2021-02-03,Aston Villa,West Ham,A,No external context supplied,0.0,0.0,0.5,0.5,0.3501,0.3021,0.3478,H,,
2021,2021-02-03,Burnley,Man City,A,No external context supplied,0.0,1.0,0.5,0.5,0.1053,0.0969,0.7977,A,,
2021,2021-02-03,Fulham,Leicester,A,No external context supplied,1.0,1.0,0.5,0.5,0.2251,0.1804,0.5945,A,,
2021,2021-02-03,Leeds,Everton,A,No external context supplied,1.0,0.0,0.5,0.5,0.3062,0.2562,0.4377,A,,
2021,2021-02-03,Liverpool,Brighton,A,No external context supplied,1.0,0.0,0.5,0.5,0.7289,0.179,0.0921,H,,
2021,2021-02-04,Tottenham,Chelsea,A,No external context supplied,1.0,1.0,0.5,0.5,0.4794,0.308,0.2126,H,H,0.1466
2021,2021-02-06,Aston Villa,Arsenal,H,No external context supplied,0.0,1.0,0.5,0.5,0.3337,0.2883,0.378,A,,
2021,2021-02-06,Burnley,Brighton,D,No external context supplied,0.0,0.0,0.5,0.5,0.193,0.4366,0.3704,D,D,0.097
2021,2021-02-06,Fulham,West Ham,D,No external context supplied,1.0,0.0,0.5,0.5,0.1913,0.2014,0.6073,A,A,0.1093
2021,2021-02-06,Man United,Everton,D,No external context supplied,1.0,0.0,0.5,0.5,0.6948,0.1886,0.1166,H,,
2021,2021-02-06,Newcastle,Southampton,H,No external context supplied,0.0,0.0,0.5,0.5,0.3029,0.3301,0.367,A,,
2021,2021-02-07,Liverpool,Man City,A,No external context supplied,1.0,1.0,0.5,0.5,0.5098,0.2313,0.2589,H,H,0.1624
2021,2021-02-07,Sheffield United,Chelsea,A,No external context supplied,0.0,1.0,0.5,0.5,0.1748,0.1695,0.6557,A,,
2021,2021-02-07,Tottenham,West Brom,H,No external context supplied,1.0,0.0,0.5,0.5,0.7472,0.1876,0.0652,H,,
2021,2021-02-07,Wolves,Leicester,D,No external context supplied,0.0,1.0,0.5,0.5,0.4226,0.262,0.3153,H,H,0.1083
2021,2021-02-08,Leeds,Crystal Palace,H,No external context supplied,1.0,0.0,0.5,0.5,0.6583,0.1326,0.209,H,H,0.1038
2021,2021-02-13,Brighton,Aston Villa,D,No external context supplied,0.0,0.0,0.5,0.5,0.2049,0.3256,0.4694,A,,
2021,2021-02-13,Crystal Palace,Burnley,A,No external context supplied,0.0,0.0,0.5,0.5,0.2948,0.4341,0.2711,D,D,0.0911
2021,2021-02-13,Leicester,Liverpool,H,No external context supplied,1.0,1.0,0.5,0.5,0.3771,0.3018,0.3211,H,,
2021,2021-02-13,Man City,Tottenham,H,No external context supplied,1.0,1.0,0.5,0.5,0.7632,0.1633,0.0734,H,,
2021,2021-02-14,Arsenal,Leeds,H,No external context supplied,1.0,1.0,0.5,0.5,0.3438,0.4828,0.1734,D,D,0.165
2021,2021-02-14,Everton,Fulham,A,No external context supplied,0.0,1.0,0.5,0.5,0.4709,0.3847,0.1444,H,D,0.082
2021,2021-02-14,Southampton,Wolves,A,No external context supplied,0.0,0.0,0.5,0.5,0.511,0.2335,0.2555,H,H,0.0833
2021,2021-02-14,West Brom,Man United,D,No external context supplied,1.0,1.0,0.5,0.5,0.1064,0.0966,0.797,A,,
2021,2021-02-15,Chelsea,Newcastle,H,No external context supplied,1.0,0.0,0.5,0.5,0.6523,0.1831,0.1647,H,,
2021,2021-02-15,West Ham,Sheffield United,H,No external context supplied,0.0,0.0,0.5,0.5,0.3638,0.3354,0.3009,H,,
2021,2021-02-17,Burnley,Fulham,D,No external context supplied,0.0,0.0,0.5,0.5,0.3158,0.3781,0.3061,D,,
2021,2021-02-17,Everton,Man City,A,No external context supplied,0.0,1.0,0.5,0.5,0.2309,0.1041,0.6649,A,,
2021,2021-02-19,Wolves,Leeds,H,No external context supplied,0.0,1.0,0.5,0.5,0.3029,0.4434,0.2538,D,D,0.1137
2021,2021-02-20,Burnley,West Brom,D,No external context supplied,0.0,1.0,0.5,0.5,0.4014,0.463,0.1356,D,D,0.1252
2021,2021-02-20,Fulham,Sheffield United,H,No external context supplied,0.0,0.0,0.5,0.5,0.3349,0.3547,0.3104,D,,
2021,2021-02-20,Liverpool,Everton,A,No external context supplied,1.0,0.0,0.5,0.5,0.8673,0.0869,0.0458,H,H,0.1559
2021,2021-02-20,Southampton,Chelsea,D,No external context supplied,0.0,1.0,0.5,0.5,0.3743,0.2263,0.3994,A,H,0.1296
2021,2021-02-21,Arsenal,Man City,A,No external context supplied,1.0,1.0,0.5,0.5,0.2093,0.1672,0.6235,A,,
2021,2021-02-21,Aston Villa,Leicester,A,No external context supplied,0.0,1.0,0.5,0.5,0.4041,0.2535,0.3424,H,,
2021,2021-02-21,Man United,Newcastle,H,No external context supplied,1.0,0.0,0.5,0.5,0.8163,0.0852,0.0985,H,,
2021,2021-02-21,West Ham,Tottenham,H,No external context supplied,0.0,1.0,0.5,0.5,0.3748,0.3415,0.2837,H,,
2021,2021-02-22,Brighton,Crystal Palace,A,No external context supplied,0.0,0.0,0.5,0.5,0.4491,0.3033,0.2476,H,,
2021,2021-02-23,Leeds,Southampton,H,No external context supplied,1.0,0.0,0.5,0.5,0.4408,0.2491,0.3101,H,,
2021,2021-02-27,Leeds,Aston Villa,A,No external context supplied,1.0,0.0,0.5,0.5,0.3609,0.2684,0.3707,A,,
2021,2021-02-27,Man City,West Ham,H,No external context supplied,1.0,0.0,0.5,0.5,0.7612,0.1309,0.1079,H,,
2021,2021-02-27,Newcastle,Wolves,D,No external context supplied,0.0,0.0,0.5,0.5,0.2083,0.3983,0.3934,D,,
2021,2021-02-27,West Brom,Brighton,H,No external context supplied,1.0,0.0,0.5,0.5,0.2154,0.3037,0.4809,A,,
2021,2021-02-28,Chelsea,Man United,D,No external context supplied,1.0,1.0,0.5,0.5,0.3833,0.3355,0.2812,H,,
2021,2021-02-28,Crystal Palace,Fulham,D,No external context supplied,0.0,0.0,0.5,0.5,0.145,0.4968,0.3583,D,D,0.1402
2021,2021-02-28,Leicester,Arsenal,A,No external context supplied,1.0,1.0,0.5,0.5,0.4403,0.3242,0.2355,H,,
2021,2021-02-28,Sheffield United,Liverpool,A,No external context supplied,0.0,1.0,0.5,0.5,0.1865,0.1545,0.659,A,,
2021,2021-02-28,Tottenham,Burnley,H,No external context supplied,1.0,0.0,0.5,0.5,0.6553,0.2484,0.0963,H,,
2021,2021-03-01,Everton,Southampton,H,No external context supplied,0.0,0.0,0.5,0.5,0.5543,0.211,0.2347,H,H,0.0847
2021,2021-03-02,Man City,Wolves,H,No external context supplied,1.0,0.0,0.5,0.5,0.774,0.1579,0.0681,H,,
2021,2021-03-03,Burnley,Leicester,D,No external context supplied,0.0,1.0,0.5,0.5,0.3794,0.2619,0.3587,H,H,0.0993
2021,2021-03-03,Crystal Palace,Man United,D,No external context supplied,0.0,1.0,0.5,0.5,0.1384,0.1403,0.7214,A,,
2021,2021-03-03,Sheffield United,Aston Villa,H,No external context supplied,0.0,0.0,0.5,0.5,0.1725,0.3282,0.4993,A,,
2021,2021-03-04,Fulham,Tottenham,A,No external context supplied,0.0,1.0,0.5,0.5,0.2119,0.2043,0.5838,A,,
2021,2021-03-04,Liverpool,Chelsea,A,No external context supplied,1.0,1.0,0.5,0.5,0.7319,0.1776,0.0905,H,H,0.2217
2021,2021-03-04,West Brom,Everton,A,No external context supplied,1.0,0.0,0.5,0.5,0.1823,0.1647,0.653,A,A,0.0945
2021,2021-03-06,Aston Villa,Wolves,D,No external context supplied,0.0,0.0,0.5,0.5,0.3077,0.3805,0.3118,D,,
2021,2021-03-06,Brighton,Leicester,A,No external context supplied,0.0,1.0,0.5,0.5,0.3844,0.2994,0.3163,H,,
2021,2021-03-06,Burnley,Arsenal,D,No external context supplied,0.0,1.0,0.5,0.5,0.2703,0.2112,0.5185,A,,
2021,2021-03-06,Sheffield United,Southampton,A,No external context supplied,0.0,0.0,0.5,0.5,0.2791,0.2432,0.4777,A,,
2021,2021-03-07,Liverpool,Fulham,A,No external context supplied,1.0,0.0,0.5,0.5,0.6772,0.2146,0.1082,H,,
2021,2021-03-07,Man City,Man United,A,No external context supplied,1.0,1.0,0.5,0.5,0.7447,0.1836,0.0717,H,,
2021,2021-03-07,Tottenham,Crystal Palace,H,No external context supplied,1.0,0.0,0.5,0.5,0.6265,0.2422,0.1314,H,,
2021,2021-03-07,West Brom,Newcastle,D,No external context supplied,1.0,0.0,0.5,0.5,0.2666,0.3234,0.4099,A,,
2021,2021-03-08,Chelsea,Everton,H,No external context supplied,1.0,0.0,0.5,0.5,0.6029,0.2344,0.1626,H,,
2021,2021-03-08,West Ham,Leeds,H,No external context supplied,0.0,1.0,0.5,0.5,0.297,0.4198,0.2832,D,D,0.1105
2021,2021-03-10,Man City,Southampton,H,No external context supplied,1.0,0.0,0.5,0.5,0.904,0.0605,0.0355,H,,
2021,2021-03-12,Newcastle,Aston Villa,D,No external context supplied,0.0,0.0,0.5,0.5,0.2464,0.4062,0.3474,D,D,0.0849
2021,2021-03-13,Crystal Palace,West Brom,H,No external context supplied,0.0,1.0,0.5,0.5,0.3578,0.5086,0.1336,D,D,0.1486
2021,2021-03-13,Everton,Burnley,A,No external context supplied,0.0,0.0,0.5,0.5,0.4352,0.3553,0.2095,H,,
2021,2021-03-13,Fulham,Man City,A,No external context supplied,0.0,1.0,0.5,0.5,0.0658,0.0774,0.8568,A,A,0.1067
2021,2021-03-13,Leeds,Chelsea,D,No external context supplied,1.0,1.0,0.5,0.5,0.3408,0.208,0.4511,A,H,0.0944
2021,2021-03-14,Arsenal,Tottenham,H,No external context supplied,1.0,1.0,0.5,0.5,0.4746,0.2492,0.2761,H,,
2021,2021-03-14,Leicester,Sheffield United,H,No external context supplied,1.0,0.0,0.5,0.5,0.6348,0.2168,0.1484,H,,
2021,2021-03-14,Man United,West Ham,H,No external context supplied,1.0,0.0,0.5,0.5,0.7007,0.1839,0.1153,H,H,0.1337
2021,2021-03-14,Southampton,Brighton,A,No external context supplied,0.0,0.0,0.5,0.5,0.3256,0.4515,0.2229,D,D,0.1008
2021,2021-03-15,Wolves,Liverpool,A,No external context supplied,0.0,1.0,0.5,0.5,0.3859,0.207,0.4071,A,H,0.1344
2021,2021-03-19,Fulham,Leeds,A,No external context supplied,0.0,1.0,0.5,0.5,0.3088,0.3305,0.3606,A,,
2021,2021-03-20,Brighton,Newcastle,H,No external context supplied,0.0,0.0,0.5,0.5,0.352,0.4003,0.2477,D,D,0.0936
2021,2021-03-21,Aston Villa,Tottenham,A,No external context supplied,0.0,1.0,0.5,0.5,0.435,0.2035,0.3616,H,H,0.0814
2021,2021-03-21,West Ham,Arsenal,D,No external context supplied,0.0,1.0,0.5,0.5,0.327,0.3405,0.3325,D,,
2021,2021-04-03,Arsenal,Liverpool,A,No external context supplied,1.0,1.0,0.5,0.5,0.5205,0.2341,0.2454,H,H,0.1542
2021,2021-04-03,Chelsea,West Brom,A,No external context supplied,1.0,1.0,0.5,0.5,0.6943,0.2254,0.0803,H,,
2021,2021-04-03,Leeds,Sheffield United,H,No external context supplied,1.0,0.0,0.5,0.5,0.478,0.2622,0.2599,H,,
2021,2021-04-03,Leicester,Man City,A,No external context supplied,1.0,1.0,0.5,0.5,0.1921,0.1347,0.6732,A,,
2021,2021-04-04,Aston Villa,Fulham,H,No external context supplied,0.0,1.0,0.5,0.5,0.3711,0.4135,0.2154,D,D,0.088
2021,2021-04-04,Man United,Brighton,H,No external context supplied,1.0,0.0,0.5,0.5,0.6319,0.2242,0.1439,H,,
2021,2021-04-04,Newcastle,Tottenham,D,No external context supplied,0.0,1.0,0.5,0.5,0.2362,0.1797,0.584,A,,
2021,2021-04-04,Southampton,Burnley,H,No external context supplied,0.0,0.0,0.5,0.5,0.4924,0.3313,0.1763,H,,
2021,2021-04-05,Everton,Crystal Palace,D,No external context supplied,0.0,0.0,0.5,0.5,0.379,0.4316,0.1894,D,D,0.1122
2021,2021-04-05,Wolves,West Ham,A,No external context supplied,0.0,0.0,0.5,0.5,0.3508,0.2372,0.412,A,,
2021,2021-04-09,Fulham,Wolves,A,No external context supplied,1.0,0.0,0.5,0.5,0.1769,0.3813,0.4418,A,A,0.0976
2021,2021-04-10,Crystal Palace,Chelsea,A,No external context supplied,0.0,1.0,0.5,0.5,0.284,0.308,0.4081,A,H,0.1053
2021,2021-04-10,Liverpool,Aston Villa,H,No external context supplied,1.0,0.0,0.5,0.5,0.7665,0.1601,0.0734,H,H,0.0966
2021,2021-04-10,Man City,Leeds,A,No external context supplied,1.0,1.0,0.5,0.5,0.7234,0.2155,0.0611,H,,
2021,2021-04-11,Burnley,Newcastle,A,No external context supplied,0.0,0.0,0.5,0.5,0.3802,0.4273,0.1925,D,D,0.0864
2021,2021-04-11,Sheffield United,Arsenal,A,No external context supplied,0.0,1.0,0.5,0.5,0.1746,0.1999,0.6255,A,,
2021,2021-04-11,Tottenham,Man United,A,No external context supplied,1.0,1.0,0.5,0.5,0.4342,0.3228,0.243,H,,
2021,2021-04-11,West Ham,Leicester,H,No external context supplied,0.0,1.0,0.5,0.5,0.4534,0.2325,0.3141,H,H,0.0971
2021,2021-04-12,Brighton,Everton,D,No external context supplied,0.0,0.0,0.5,0.5,0.3413,0.3109,0.3478,A,,
2021,2021-04-12,West Brom,Southampton,H,No external context supplied,0.0,0.0,0.5,0.5,0.1738,0.2686,0.5576,A,A,0.0864
2021,2021-04-16,Everton,Tottenham,D,No external context supplied,0.0,1.0,0.5,0.5,0.4048,0.2612,0.334,H,H,0.0893
2021,2021-04-17,Newcastle,West Ham,H,No external context supplied,0.0,0.0,0.5,0.5,0.297,0.1906,0.5124,A,,
2021,2021-04-17,Wolves,Sheffield United,H,No external context supplied,0.0,0.0,0.5,0.5,0.516,0.3098,0.1742,H,,
2021,2021-04-18,Arsenal,Fulham,D,No external context supplied,1.0,1.0,0.5,0.5,0.5901,0.3037,0.1062,H,,
2021,2021-04-18,Man United,Burnley,H,No external context supplied,1.0,0.0,0.5,0.5,0.662,0.2243,0.1137,H,,
2021,2021-04-19,Leeds,Liverpool,D,No external context supplied,1.0,1.0,0.5,0.5,0.3391,0.1173,0.5436,A,H,0.0973
2021,2021-04-20,Chelsea,Brighton,D,No external context supplied,1.0,0.0,0.5,0.5,0.4954,0.2909,0.2137,H,,
2021,2021-04-21,Aston Villa,Man City,A,No external context supplied,0.0,1.0,0.5,0.5,0.2109,0.0862,0.7029,A,,
2021,2021-04-21,Tottenham,Southampton,H,No external context supplied,1.0,0.0,0.5,0.5,0.6776,0.1798,0.1426,H,H,0.1053
2021,2021-04-22,Leicester,West Brom,H,No external context supplied,1.0,0.0,0.5,0.5,0.5432,0.2576,0.1992,H,,
2021,2021-04-23,Arsenal,Everton,A,No external context supplied,1.0,0.0,0.5,0.5,0.5465,0.2923,0.1612,H,,
2021,2021-04-24,Liverpool,Newcastle,D,No external context supplied,1.0,0.0,0.5,0.5,0.825,0.125,0.05,H,,
2021,2021-04-24,Sheffield United,Brighton,H,No external context supplied,0.0,0.0,0.5,0.5,0.1872,0.2814,0.5314,A,,
2021,2021-04-24,West Ham,Chelsea,A,No external context supplied,0.0,1.0,0.5,0.5,0.3517,0.2476,0.4007,A,H,0.1075
2021,2021-04-25,Aston Villa,West Brom,D,No external context supplied,0.0,0.0,0.5,0.5,0.4029,0.2565,0.3406,H,A,0.0805
2021,2021-04-25,Leeds,Man United,D,No external context supplied,1.0,1.0,0.5,0.5,0.3951,0.0907,0.5142,A,H,0.1141
2021,2021-04-25,Wolves,Burnley,A,No external context supplied,0.0,0.0,0.5,0.5,0.4325,0.2677,0.2998,H,,
2021,2021-04-26,Leicester,Crystal Palace,H,No external context supplied,1.0,0.0,0.5,0.5,0.5817,0.3205,0.0979,H,,
2021,2021-04-30,Southampton,Leicester,D,No external context supplied,0.0,1.0,0.5,0.5,0.3375,0.1329,0.5296,A,,
2021,2021-05-01,Brighton,Leeds,H,No external context supplied,0.0,1.0,0.5,0.5,0.2731,0.4814,0.2454,D,D,0.1468
2021,2021-05-01,Chelsea,Fulham,H,No external context supplied,1.0,0.0,0.5,0.5,0.6095,0.2692,0.1214,H,,
2021,2021-05-01,Crystal Palace,Man City,A,No external context supplied,0.0,1.0,0.5,0.5,0.147,0.1177,0.7353,A,,
2021,2021-05-01,Everton,Aston Villa,A,No external context supplied,0.0,0.0,0.5,0.5,0.4883,0.2926,0.2191,H,,
2021,2021-05-02,Newcastle,Arsenal,A,No external context supplied,0.0,1.0,0.5,0.5,0.3353,0.2819,0.3828,A,,
2021,2021-05-02,Tottenham,Sheffield United,H,No external context supplied,1.0,0.0,0.5,0.5,0.7695,0.1434,0.0871,H,,
2021,2021-05-03,Burnley,West Ham,A,No external context supplied,0.0,0.0,0.5,0.5,0.2768,0.2109,0.5123,A,,
2021,2021-05-03,West Brom,Wolves,D,No external context supplied,0.0,0.0,0.5,0.5,0.2467,0.1764,0.5769,A,A,0.1483
2021,2021-05-07,Leicester,Newcastle,A,No external context supplied,1.0,0.0,0.5,0.5,0.7177,0.1606,0.1217,H,,
2021,2021-05-08,Leeds,Tottenham,H,No external context supplied,1.0,1.0,0.5,0.5,0.3302,0.1832,0.4866,A,,
2021,2021-05-08,Liverpool,Southampton,H,No external context supplied,1.0,0.0,0.5,0.5,0.8119,0.1016,0.0865,H,,
2021,2021-05-08,Man City,Chelsea,A,No external context supplied,1.0,1.0,0.5,0.5,0.6806,0.2319,0.0875,H,H,0.1332
2021,2021-05-08,Sheffield United,Crystal Palace,A,No external context supplied,0.0,0.0,0.5,0.5,0.2492,0.322,0.4288,A,,
2021,2021-05-09,Arsenal,West Brom,H,No external context supplied,1.0,0.0,0.5,0.5,0.5592,0.2683,0.1725,H,,
2021,2021-05-09,Aston Villa,Man United,A,No external context supplied,0.0,1.0,0.5,0.5,0.2857,0.2475,0.4668,A,,
2021,2021-05-09,West Ham,Everton,A,No external context supplied,0.0,0.0,0.5,0.5,0.4251,0.3462,0.2288,H,,
2021,2021-05-09,Wolves,Brighton,H,No external context supplied,0.0,0.0,0.5,0.5,0.311,0.3438,0.3452,A,,
2021,2021-05-10,Fulham,Burnley,A,No external context supplied,0.0,0.0,0.5,0.5,0.3508,0.1641,0.4851,A,A,0.1435
2021,2021-05-11,Man United,Leicester,A,No external context supplied,1.0,1.0,0.5,0.5,0.4691,0.284,0.247,H,,
2021,2021-05-11,Southampton,Crystal Palace,H,No external context supplied,0.0,0.0,0.5,0.5,0.4985,0.2931,0.2083,H,,
2021,2021-05-12,Chelsea,Arsenal,A,No external context supplied,1.0,1.0,0.5,0.5,0.5438,0.2526,0.2036,H,,
2021,2021-05-13,Aston Villa,Everton,D,No external context supplied,0.0,0.0,0.5,0.5,0.4047,0.2158,0.3795,H,,
2021,2021-05-13,Man United,Liverpool,A,No external context supplied,1.0,1.0,0.5,0.5,0.4471,0.3107,0.2422,H,H,0.1026
2021,2021-05-14,Newcastle,Man City,A,No external context supplied,0.0,1.0,0.5,0.5,0.1031,0.0973,0.7996,A,,
2021,2021-05-15,Brighton,West Ham,D,No external context supplied,0.0,0.0,0.5,0.5,0.3223,0.1919,0.4858,A,,
2021,2021-05-15,Burnley,Leeds,A,No external context supplied,0.0,1.0,0.5,0.5,0.2142,0.5621,0.2237,D,D,0.2148
2021,2021-05-15,Southampton,Fulham,H,No external context supplied,0.0,1.0,0.5,0.5,0.4953,0.3862,0.1185,H,D,0.0852
2021,2021-05-16,Crystal Palace,Aston Villa,H,No external context supplied,0.0,0.0,0.5,0.5,0.2596,0.3064,0.434,A,,
2021,2021-05-16,Everton,Sheffield United,A,No external context supplied,0.0,0.0,0.5,0.5,0.5969,0.307,0.0962,H,,
2021,2021-05-16,Tottenham,Wolves,H,No external context supplied,1.0,0.0,0.5,0.5,0.6556,0.2261,0.1182,H,,
2021,2021-05-16,West Brom,Liverpool,A,No external context supplied,0.0,1.0,0.5,0.5,0.1043,0.0817,0.814,A,,
2021,2021-05-18,Brighton,Man City,H,No external context supplied,0.0,1.0,0.5,0.5,0.1906,0.1228,0.6866,A,,
2021,2021-05-18,Chelsea,Leicester,H,No external context supplied,1.0,1.0,0.5,0.5,0.5284,0.34,0.1316,H,,
2021,2021-05-18,Man United,Fulham,D,No external context supplied,1.0,1.0,0.5,0.5,0.8291,0.123,0.0478,H,,
2021,2021-05-18,Southampton,Leeds,A,No external context supplied,0.0,1.0,0.5,0.5,0.314,0.413,0.273,D,D,0.1158
2021,2021-05-19,Burnley,Liverpool,A,No external context supplied,0.0,1.0,0.5,0.5,0.1481,0.1008,0.7511,A,,
2021,2021-05-19,Crystal Palace,Arsenal,A,No external context supplied,0.0,1.0,0.5,0.5,0.2086,0.2006,0.5909,A,,
2021,2021-05-19,Everton,Wolves,H,No external context supplied,0.0,0.0,0.5,0.5,0.5452,0.2708,0.184,H,,
2021,2021-05-19,Newcastle,Sheffield United,H,No external context supplied,0.0,0.0,0.5,0.5,0.4285,0.3434,0.2281,H,,
2021,2021-05-19,Tottenham,Aston Villa,A,No external context supplied,1.0,0.0,0.5,0.5,0.5919,0.2008,0.2074,H,,
2021,2021-05-19,West Brom,West Ham,A,No external context supplied,0.0,0.0,0.5,0.5,0.1963,0.1403,0.6634,A,,
2021,2021-05-23,Arsenal,Brighton,H,No external context supplied,1.0,0.0,0.5,0.5,0.4514,0.3429,0.2057,H,D,0.0857
2021,2021-05-23,Aston Villa,Chelsea,H,No external context supplied,0.0,1.0,0.5,0.5,0.2751,0.223,0.5019,A,H,0.0937
2021,2021-05-23,Fulham,Newcastle,A,No external context supplied,1.0,0.0,0.5,0.5,0.3556,0.1644,0.48,A,A,0.1375
2021,2021-05-23,Leeds,West Brom,H,No external context supplied,0.0,0.0,0.5,0.5,0.5625,0.1345,0.303,H,A,0.112
2021,2021-05-23,Leicester,Tottenham,A,No external context supplied,1.0,1.0,0.5,0.5,0.6724,0.1626,0.165,H,H,0.1445
2021,2021-05-23,Liverpool,Crystal Palace,H,No external context supplied,1.0,0.0,0.5,0.5,0.8384,0.0834,0.0782,H,,
2021,2021-05-23,Man City,Everton,H,No external context supplied,1.0,0.0,0.5,0.5,0.9162,0.0625,0.0213,H,H,0.1804
2021,2021-05-23,Sheffield United,Burnley,H,No external context supplied,0.0,0.0,0.5,0.5,0.2425,0.2259,0.5316,A,A,0.0962
2021,2021-05-23,West Ham,Southampton,H,No external context supplied,0.0,0.0,0.5,0.5,0.5395,0.2476,0.2129,H,,
2021,2021-05-23,Wolves,Man United,A,No external context supplied,0.0,1.0,0.5,0.5,0.5545,0.1525,0.293,H,H,0.1263
2122,2021-08-13,Brentford,Arsenal,H,No external context supplied,0.0,1.0,0.5,0.5,0.1529,0.2201,0.627,A,A,0.1072
2122,2021-08-14,Burnley,Brighton,A,No external context supplied,0.0,0.0,0.5,0.5,0.2703,0.3425,0.3872,A,,
2122,2021-08-14,Chelsea,Crystal Palace,H,No external context supplied,1.0,0.0,0.5,0.5,0.5505,0.1561,0.2934,H,A,0.1572
2122,2021-08-14,Everton,Southampton,H,No external context supplied,0.0,0.0,0.5,0.5,0.4248,0.2419,0.3334,H,,
2122,2021-08-14,Leicester,Wolves,H,No external context supplied,1.0,0.0,0.5,0.5,0.5828,0.2021,0.2151,H,,
2122,2021-08-14,Man United,Leeds,H,No external context supplied,1.0,0.0,0.5,0.5,0.5082,0.2022,0.2896,H,A,0.0904
2122,2021-08-14,Norwich,Liverpool,A,No external context supplied,1.0,1.0,0.5,0.5,0.0718,0.1224,0.8058,A,,
2122,2021-08-14,Watford,Aston Villa,H,No external context supplied,0.0,0.0,0.5,0.5,0.2197,0.2897,0.4906,A,,
2122,2021-08-15,Newcastle,West Ham,A,No external context supplied,0.0,0.0,0.5,0.5,0.1953,0.2618,0.5429,A,A,0.0846
2122,2021-08-15,Tottenham,Man City,H,No external context supplied,1.0,1.0,0.5,0.5,0.1606,0.1612,0.6781,A,,
2122,2021-08-21,Aston Villa,Newcastle,H,No external context supplied,0.0,0.0,0.5,0.5,0.4757,0.2098,0.3145,H,,
2122,2021-08-21,Brighton,Watford,H,No external context supplied,0.0,0.0,0.5,0.5,0.4754,0.2391,0.2855,H,A,0.0803
2122,2021-08-21,Crystal Palace,Brentford,D,No external context supplied,0.0,0.0,0.5,0.5,0.2345,0.4809,0.2845,D,D,0.1291
2122,2021-08-21,Leeds,Everton,D,No external context supplied,0.0,0.0,0.5,0.5,0.4033,0.2469,0.3498,H,,
2122,2021-08-21,Liverpool,Burnley,H,No external context supplied,1.0,0.0,0.5,0.5,0.6843,0.1195,0.1962,H,,
2122,2021-08-21,Man City,Norwich,H,No external context supplied,1.0,1.0,0.5,0.5,0.8946,0.0587,0.0468,H,,
2122,2021-08-22,Arsenal,Chelsea,A,No external context supplied,1.0,1.0,0.5,0.5,0.178,0.2517,0.5703,A,,
2122,2021-08-22,Southampton,Man United,D,No external context supplied,0.0,1.0,0.5,0.5,0.1813,0.187,0.6317,A,,
2122,2021-08-22,Wolves,Tottenham,A,No external context supplied,0.0,1.0,0.5,0.5,0.2966,0.2589,0.4445,A,,
2122,2021-08-23,West Ham,Leicester,H,No external context supplied,0.0,1.0,0.5,0.5,0.4275,0.2432,0.3293,H,,
2122,2021-08-28,Aston Villa,Brentford,D,No external context supplied,0.0,0.0,0.5,0.5,0.3107,0.4132,0.2761,D,D,0.1037
2122,2021-08-28,Brighton,Everton,A,No external context supplied,0.0,0.0,0.5,0.5,0.3209,0.2741,0.4051,A,,
2122,2021-08-28,Liverpool,Chelsea,D,No external context supplied,1.0,1.0,0.5,0.5,0.3709,0.303,0.3261,H,,
2122,2021-08-28,Man City,Arsenal,H,No external context supplied,1.0,1.0,0.5,0.5,0.6671,0.1464,0.1865,H,,
2122,2021-08-28,Newcastle,Southampton,D,No external context supplied,0.0,0.0,0.5,0.5,0.3469,0.2662,0.3869,A,,
2122,2021-08-28,Norwich,Leicester,A,No external context supplied,1.0,1.0,0.5,0.5,0.1867,0.2213,0.592,A,,
2122,2021-08-28,West Ham,Crystal Palace,D,No external context supplied,0.0,0.0,0.5,0.5,0.6373,0.1858,0.1769,H,,
2122,2021-08-29,Burnley,Leeds,D,No external context supplied,0.0,0.0,0.5,0.5,0.284,0.2848,0.4311,A,,
2122,2021-08-29,Tottenham,Watford,H,No external context supplied,1.0,0.0,0.5,0.5,0.6214,0.1889,0.1897,H,,
2122,2021-08-29,Wolves,Man United,A,No external context supplied,0.0,1.0,0.5,0.5,0.1964,0.2299,0.5736,A,,
2122,2021-09-11,Arsenal,Norwich,H,No external context supplied,1.0,1.0,0.5,0.5,0.7924,0.1352,0.0724,H,H,0.1139
2122,2021-09-11,Brentford,Brighton,A,No external context supplied,0.0,0.0,0.5,0.5,0.2735,0.2734,0.4531,A,,
2122,2021-09-11,Chelsea,Aston Villa,H,No external context supplied,1.0,0.0,0.5,0.5,0.5755,0.1903,0.2342,H,,
2122,2021-09-11,Crystal Palace,Tottenham,H,No external context supplied,0.0,1.0,0.5,0.5,0.2794,0.2889,0.4317,A,,
2122,2021-09-11,Leicester,Man City,A,No external context supplied,1.0,1.0,0.5,0.5,0.1407,0.1358,0.7235,A,A,0.0871
2122,2021-09-11,Man United,Newcastle,H,No external context supplied,1.0,0.0,0.5,0.5,0.8287,0.081,0.0903,H,,
2122,2021-09-11,Southampton,West Ham,D,No external context supplied,0.0,0.0,0.5,0.5,0.3098,0.25,0.4402,A,,
2122,2021-09-11,Watford,Wolves,A,No external context supplied,0.0,0.0,0.5,0.5,0.2575,0.2578,0.4847,A,,
2122,2021-09-12,Leeds,Liverpool,A,No external context supplied,0.0,1.0,0.5,0.5,0.2416,0.1841,0.5743,A,,
2122,2021-09-13,Everton,Burnley,H,No external context supplied,0.0,0.0,0.5,0.5,0.4875,0.2093,0.3032,H,A,0.0802
2122,2021-09-17,Newcastle,Leeds,D,No external context supplied,0.0,0.0,0.5,0.5,0.3579,0.2453,0.3968,A,,
2122,2021-09-18,Aston Villa,Everton,H,No external context supplied,0.0,0.0,0.5,0.5,0.4281,0.2324,0.3395,H,,
2122,2021-09-18,Burnley,Arsenal,A,No external context supplied,0.0,1.0,0.5,0.5,0.3092,0.3051,0.3858,A,,
2122,2021-09-18,Liverpool,Crystal Palace,H,No external context supplied,1.0,0.0,0.5,0.5,0.6446,0.1306,0.2248,H,,
2122,2021-09-18,Man City,Southampton,D,No external context supplied,1.0,0.0,0.5,0.5,0.7996,0.0923,0.1081,H,,
2122,2021-09-18,Norwich,Watford,A,No external context supplied,1.0,0.0,0.5,0.5,0.3383,0.249,0.4127,A,A,0.098
2122,2021-09-18,Wolves,Brentford,A,No external context supplied,0.0,0.0,0.5,0.5,0.4419,0.3749,0.1832,H,,
2122,2021-09-19,Brighton,Leicester,H,No external context supplied,0.0,1.0,0.5,0.5,0.3274,0.3031,0.3695,A,,
2122,2021-09-19,Tottenham,Chelsea,A,No external context supplied,1.0,1.0,0.5,0.5,0.1948,0.2943,0.5109,A,,
2122,2021-09-19,West Ham,Man United,A,No external context supplied,0.0,1.0,0.5,0.5,0.2282,0.2292,0.5426,A,,
2122,2021-09-25,Brentford,Liverpool,D,No external context supplied,0.0,1.0,0.5,0.5,0.1194,0.1745,0.706,A,,
2122,2021-09-25,Chelsea,Man City,A,No external context supplied,1.0,1.0,0.5,0.5,0.2495,0.247,0.5035,A,A,0.1147
2122,2021-09-25,Everton,Norwich,H,No external context supplied,0.0,1.0,0.5,0.5,0.5527,0.2881,0.1592,H,,
2122,2021-09-25,Leeds,West Ham,A,No external context supplied,0.0,0.0,0.5,0.5,0.4119,0.1701,0.418,A,,
2122,2021-09-25,Leicester,Burnley,D,No external context supplied,1.0,0.0,0.5,0.5,0.5635,0.1885,0.248,H,,
2122,2021-09-25,Man United,Aston Villa,A,No external context supplied,1.0,0.0,0.5,0.5,0.6791,0.1557,0.1652,H,,
2122,2021-09-25,Watford,Newcastle,D,No external context supplied,0.0,0.0,0.5,0.5,0.3749,0.2754,0.3497,H,,
2122,2021-09-26,Arsenal,Tottenham,H,No external context supplied,1.0,1.0,0.5,0.5,0.4338,0.2827,0.2836,H,,
2122,2021-09-26,Southampton,Wolves,A,No external context supplied,0.0,0.0,0.5,0.5,0.5765,0.2038,0.2197,H,H,0.1537
2122,2021-09-27,Crystal Palace,Brighton,D,No external context supplied,0.0,0.0,0.5,0.5,0.3327,0.3404,0.3269,D,,
2122,2021-10-02,Brighton,Arsenal,D,No external context supplied,0.0,1.0,0.5,0.5,0.2532,0.3461,0.4007,A,,
2122,2021-10-02,Burnley,Norwich,D,No external context supplied,0.0,1.0,0.5,0.5,0.5421,0.2823,0.1756,H,,
2122,2021-10-02,Chelsea,Southampton,H,No external context supplied,1.0,0.0,0.5,0.5,0.6134,0.1933,0.1933,H,,
2122,2021-10-02,Leeds,Watford,H,No external context supplied,0.0,0.0,0.5,0.5,0.6536,0.1635,0.1829,H,,
2122,2021-10-02,Man United,Everton,D,No external context supplied,1.0,0.0,0.5,0.5,0.6567,0.1671,0.1762,H,,
2122,2021-10-02,Wolves,Newcastle,H,No external context supplied,0.0,0.0,0.5,0.5,0.3953,0.2332,0.3714,H,A,0.1296
2122,2021-10-03,Crystal Palace,Leicester,D,No external context supplied,0.0,1.0,0.5,0.5,0.4264,0.2507,0.3229,H,H,0.0841
2122,2021-10-03,Liverpool,Man City,D,No external context supplied,1.0,1.0,0.5,0.5,0.381,0.2106,0.4084,A,,
2122,2021-10-03,Tottenham,Aston Villa,H,No external context supplied,1.0,0.0,0.5,0.5,0.4305,0.278,0.2915,H,,
2122,2021-10-03,West Ham,Brentford,A,No external context supplied,0.0,0.0,0.5,0.5,0.5247,0.2942,0.1811,H,,
2122,2021-10-16,Aston Villa,Wolves,A,No external context supplied,0.0,0.0,0.5,0.5,0.4333,0.271,0.2957,H,,
2122,2021-10-16,Brentford,Chelsea,A,No external context supplied,0.0,1.0,0.5,0.5,0.1499,0.2145,0.6356,A,,
2122,2021-10-16,Leicester,Man United,H,No external context supplied,1.0,1.0,0.5,0.5,0.353,0.2669,0.3801,A,,
2122,2021-10-16,Man City,Burnley,H,No external context supplied,1.0,0.0,0.5,0.5,0.8486,0.0599,0.0915,H,,
2122,2021-10-16,Norwich,Brighton,D,No external context supplied,1.0,0.0,0.5,0.5,0.1848,0.3503,0.4649,A,,
2122,2021-10-16,Southampton,Leeds,H,No external context supplied,0.0,0.0,0.5,0.5,0.4986,0.2413,0.2601,H,,
2122,2021-10-16,Watford,Liverpool,A,No external context supplied,0.0,1.0,0.5,0.5,0.1332,0.1613,0.7055,A,,
2122,2021-10-17,Everton,West Ham,A,No external context supplied,0.0,0.0,0.5,0.5,0.2471,0.2718,0.4811,A,A,0.1071
2122,2021-10-17,Newcastle,Tottenham,A,No external context supplied,0.0,1.0,0.5,0.5,0.3725,0.2478,0.3797,A,,
2122,2021-10-18,Arsenal,Crystal Palace,D,No external context supplied,1.0,0.0,0.5,0.5,0.5759,0.211,0.2131,H,,
2122,2021-10-22,Arsenal,Aston Villa,H,No external context supplied,1.0,0.0,0.5,0.5,0.4806,0.2593,0.2601,H,,
2122,2021-10-23,Brighton,Man City,A,No external context supplied,0.0,1.0,0.5,0.5,0.1425,0.1477,0.7098,A,,
2122,2021-10-23,Chelsea,Norwich,H,No external context supplied,1.0,1.0,0.5,0.5,0.6386,0.216,0.1455,H,,
2122,2021-10-23,Crystal Palace,Newcastle,D,No external context supplied,0.0,0.0,0.5,0.5,0.546,0.2115,0.2425,H,,
2122,2021-10-23,Everton,Watford,A,No external context supplied,0.0,0.0,0.5,0.5,0.495,0.2336,0.2714,H,,
2122,2021-10-23,Leeds,Wolves,D,No external context supplied,0.0,0.0,0.5,0.5,0.451,0.2584,0.2905,H,,
2122,2021-10-23,Southampton,Burnley,D,No external context supplied,0.0,0.0,0.5,0.5,0.5193,0.2214,0.2593,H,,
2122,2021-10-24,Brentford,Leicester,A,No external context supplied,0.0,1.0,0.5,0.5,0.2833,0.2363,0.4804,A,A,0.092
2122,2021-10-24,Man United,Liverpool,A,No external context supplied,1.0,1.0,0.5,0.5,0.315,0.2339,0.4511,A,,
2122,2021-10-24,West Ham,Tottenham,H,No external context supplied,0.0,1.0,0.5,0.5,0.4701,0.2188,0.3111,H,,
2122,2021-10-30,Burnley,Brentford,H,No external context supplied,0.0,0.0,0.5,0.5,0.3824,0.3459,0.2718,H,,
2122,2021-10-30,Leicester,Arsenal,A,No external context supplied,1.0,1.0,0.5,0.5,0.4275,0.305,0.2675,H,,
2122,2021-10-30,Liverpool,Brighton,D,No external context supplied,1.0,0.0,0.5,0.5,0.7228,0.1351,0.1421,H,,
2122,2021-10-30,Man City,Crystal Palace,A,No external context supplied,1.0,0.0,0.5,0.5,0.8909,0.0518,0.0573,H,,
2122,2021-10-30,Newcastle,Chelsea,A,No external context supplied,0.0,1.0,0.5,0.5,0.1698,0.2013,0.6289,A,,
2122,2021-10-30,Tottenham,Man United,A,No external context supplied,1.0,1.0,0.5,0.5,0.3491,0.2242,0.4267,A,,
2122,2021-10-30,Watford,Southampton,A,No external context supplied,0.0,0.0,0.5,0.5,0.3093,0.3,0.3908,A,,
2122,2021-10-31,Aston Villa,West Ham,A,No external context supplied,0.0,0.0,0.5,0.5,0.2804,0.2437,0.476,A,,
2122,2021-10-31,Norwich,Leeds,A,No external context supplied,1.0,0.0,0.5,0.5,0.2304,0.2764,0.4932,A,,
2122,2021-11-01,Wolves,Everton,H,No external context supplied,0.0,0.0,0.5,0.5,0.3786,0.2286,0.3928,A,,
2122,2021-11-05,Southampton,Aston Villa,H,No external context supplied,0.0,0.0,0.5,0.5,0.3793,0.2227,0.398,A,A,0.0984
2122,2021-11-06,Brentford,Norwich,A,No external context supplied,0.0,1.0,0.5,0.5,0.5823,0.2556,0.1621,H,,
2122,2021-11-06,Brighton,Newcastle,D,No external context supplied,0.0,0.0,0.5,0.5,0.6539,0.1427,0.2034,H,,
2122,2021-11-06,Chelsea,Burnley,D,No external context supplied,1.0,0.0,0.5,0.5,0.6422,0.1506,0.2073,H,,
2122,2021-11-06,Crystal Palace,Wolves,H,No external context supplied,0.0,0.0,0.5,0.5,0.4633,0.2946,0.2421,H,,
2122,2021-11-06,Man United,Man City,A,No external context supplied,1.0,1.0,0.5,0.5,0.271,0.1753,0.5537,A,,
2122,2021-11-07,Arsenal,Watford,H,No external context supplied,1.0,0.0,0.5,0.5,0.6132,0.1745,0.2123,H,,
2122,2021-11-07,Everton,Tottenham,D,No external context supplied,0.0,1.0,0.5,0.5,0.3362,0.2784,0.3855,A,,
2122,2021-11-07,Leeds,Leicester,D,No external context supplied,0.0,1.0,0.5,0.5,0.3926,0.2252,0.3821,H,,
2122,2021-11-07,West Ham,Liverpool,H,No external context supplied,0.0,1.0,0.5,0.5,0.1649,0.1971,0.638,A,,
2122,2021-11-20,Aston Villa,Brighton,H,No external context supplied,0.0,0.0,0.5,0.5,0.3324,0.2704,0.3972,A,,
2122,2021-11-20,Burnley,Crystal Palace,D,No external context supplied,0.0,0.0,0.5,0.5,0.311,0.3139,0.375,A,,
2122,2021-11-20,Leicester,Chelsea,A,No external context supplied,1.0,1.0,0.5,0.5,0.2175,0.2842,0.4983,A,,
2122,2021-11-20,Liverpool,Arsenal,H,No external context supplied,1.0,1.0,0.5,0.5,0.7185,0.1466,0.1349,H,,
2122,2021-11-20,Newcastle,Brentford,D,No external context supplied,0.0,0.0,0.5,0.5,0.4263,0.2967,0.277,H,,
2122,2021-11-20,Norwich,Southampton,H,No external context supplied,1.0,0.0,0.5,0.5,0.2175,0.3179,0.4646,A,,
2122,2021-11-20,Watford,Man United,H,No external context supplied,0.0,1.0,0.5,0.5,0.1574,0.1576,0.685,A,,
2122,2021-11-20,Wolves,West Ham,H,No external context supplied,0.0,0.0,0.5,0.5,0.2206,0.2597,0.5197,A,A,0.0944
2122,2021-11-21,Man City,Everton,H,No external context supplied,1.0,0.0,0.5,0.5,0.769,0.0734,0.1577,H,,
2122,2021-11-21,Tottenham,Leeds,H,No external context supplied,1.0,0.0,0.5,0.5,0.6657,0.1817,0.1527,H,H,0.0803
2122,2021-11-27,Arsenal,Newcastle,H,No external context supplied,1.0,0.0,0.5,0.5,0.5569,0.1697,0.2734,H,A,0.0922
2122,2021-11-27,Brighton,Leeds,D,No external context supplied,0.0,0.0,0.5,0.5,0.3937,0.2345,0.3718,H,,
2122,2021-11-27,Crystal Palace,Aston Villa,A,No external context supplied,0.0,0.0,0.5,0.5,0.4232,0.2453,0.3315,H,,
2122,2021-11-27,Liverpool,Southampton,H,No external context supplied,1.0,0.0,0.5,0.5,0.8585,0.0874,0.0541,H,H,0.0837
2122,2021-11-27,Norwich,Wolves,D,No external context supplied,1.0,0.0,0.5,0.5,0.1645,0.3092,0.5263,A,,
2122,2021-11-28,Brentford,Everton,H,No external context supplied,0.0,0.0,0.5,0.5,0.4483,0.1801,0.3716,H,,
2122,2021-11-28,Chelsea,Man United,D,No external context supplied,1.0,1.0,0.5,0.5,0.6709,0.1574,0.1717,H,,
2122,2021-11-28,Leicester,Watford,H,No external context supplied,1.0,0.0,0.5,0.5,0.5348,0.2095,0.2557,H,,
2122,2021-11-28,Man City,West Ham,H,No external context supplied,1.0,0.0,0.5,0.5,0.7923,0.0992,0.1084,H,,
2122,2021-11-30,Leeds,Crystal Palace,H,No external context supplied,0.0,0.0,0.5,0.5,0.4807,0.2072,0.3122,H,,
2122,2021-11-30,Newcastle,Norwich,D,No external context supplied,0.0,1.0,0.5,0.5,0.5299,0.342,0.1281,H,,
2122,2021-12-01,Aston Villa,Man City,A,No external context supplied,0.0,1.0,0.5,0.5,0.1239,0.1216,0.7546,A,,
2122,2021-12-01,Everton,Liverpool,A,No external context supplied,0.0,1.0,0.5,0.5,0.1364,0.1233,0.7403,A,,
2122,2021-12-01,Southampton,Leicester,D,No external context supplied,0.0,1.0,0.5,0.5,0.3606,0.2625,0.3768,A,,
2122,2021-12-01,Watford,Chelsea,A,No external context supplied,0.0,1.0,0.5,0.5,0.0976,0.1783,0.7241,A,,
2122,2021-12-01,West Ham,Brighton,D,No external context supplied,0.0,0.0,0.5,0.5,0.4847,0.2389,0.2764,H,,
2122,2021-12-01,Wolves,Burnley,D,No external context supplied,0.0,0.0,0.5,0.5,0.4244,0.2764,0.2993,H,,
2122,2021-12-02,Man United,Arsenal,H,No external context supplied,1.0,1.0,0.5,0.5,0.578,0.2494,0.1725,H,,
2122,2021-12-02,Tottenham,Brentford,H,No external context supplied,1.0,0.0,0.5,0.5,0.6313,0.2031,0.1657,H,,
2122,2021-12-04,Newcastle,Burnley,H,No external context supplied,0.0,0.0,0.5,0.5,0.4335,0.2732,0.2934,H,,
2122,2021-12-04,Southampton,Brighton,D,No external context supplied,0.0,0.0,0.5,0.5,0.2863,0.3268,0.387,A,,
2122,2021-12-04,Watford,Man City,A,No external context supplied,0.0,1.0,0.5,0.5,0.1181,0.1133,0.7687,A,,
2122,2021-12-04,West Ham,Chelsea,H,No external context supplied,0.0,1.0,0.5,0.5,0.2162,0.256,0.5279,A,,
2122,2021-12-04,Wolves,Liverpool,A,No external context supplied,0.0,1.0,0.5,0.5,0.1289,0.1403,0.7308,A,,
2122,2021-12-05,Aston Villa,Leicester,H,No external context supplied,0.0,1.0,0.5,0.5,0.4148,0.2449,0.3403,H,,
2122,2021-12-05,Leeds,Brentford,D,No external context supplied,0.0,0.0,0.5,0.5,0.5563,0.213,0.2307,H,,
2122,2021-12-05,Man United,Crystal Palace,H,No external context supplied,1.0,0.0,0.5,0.5,0.7441,0.1462,0.1097,H,H,0.0947
2122,2021-12-05,Tottenham,Norwich,H,No external context supplied,1.0,1.0,0.5,0.5,0.6183,0.2789,0.1028,H,,
2122,2021-12-06,Everton,Arsenal,H,No external context supplied,0.0,1.0,0.5,0.5,0.3361,0.2702,0.3937,A,,
2122,2021-12-10,Brentford,Watford,H,No external context supplied,0.0,0.0,0.5,0.5,0.4109,0.2166,0.3725,H,,
2122,2021-12-11,Arsenal,Southampton,H,No external context supplied,1.0,0.0,0.5,0.5,0.4868,0.2362,0.277,H,,
2122,2021-12-11,Chelsea,Leeds,H,No external context supplied,1.0,0.0,0.5,0.5,0.8283,0.0972,0.0745,H,,
2122,2021-12-11,Liverpool,Aston Villa,H,No external context supplied,1.0,0.0,0.5,0.5,0.8051,0.0928,0.1021,H,,
2122,2021-12-11,Man City,Wolves,H,No external context supplied,1.0,0.0,0.5,0.5,0.7788,0.107,0.1142,H,,
2122,2021-12-11,Norwich,Man United,A,No external context supplied,1.0,1.0,0.5,0.5,0.1424,0.1667,0.6909,A,,
2122,2021-12-12,Burnley,West Ham,D,No external context supplied,0.0,0.0,0.5,0.5,0.2604,0.2293,0.5103,A,,
2122,2021-12-12,Crystal Palace,Everton,H,No external context supplied,0.0,0.0,0.5,0.5,0.4427,0.2458,0.3114,H,,
2122,2021-12-12,Leicester,Newcastle,H,No external context supplied,1.0,0.0,0.5,0.5,0.6226,0.1914,0.186,H,,
2122,2021-12-14,Man City,Leeds,H,No external context supplied,1.0,0.0,0.5,0.5,0.8383,0.0849,0.0768,H,,
2122,2021-12-14,Norwich,Aston Villa,A,No external context supplied,1.0,0.0,0.5,0.5,0.2013,0.2869,0.5118,A,,
2122,2021-12-15,Arsenal,West Ham,H,No external context supplied,1.0,0.0,0.5,0.5,0.4482,0.2155,0.3363,H,,
2122,2021-12-15,Brighton,Wolves,A,No external context supplied,0.0,0.0,0.5,0.5,0.6091,0.2102,0.1807,H,H,0.1412
2122,2021-12-15,Crystal Palace,Southampton,D,No external context supplied,0.0,0.0,0.5,0.5,0.4658,0.2576,0.2766,H,,
2122,2021-12-16,Chelsea,Everton,D,No external context supplied,1.0,0.0,0.5,0.5,0.9033,0.0478,0.0489,H,H,0.0941
2122,2021-12-16,Liverpool,Newcastle,H,No external context supplied,1.0,0.0,0.5,0.5,0.9095,0.0505,0.04,H,,
2122,2021-12-18,Leeds,Arsenal,A,No external context supplied,0.0,1.0,0.5,0.5,0.354,0.1909,0.455,A,,
2122,2021-12-19,Newcastle,Man City,A,No external context supplied,0.0,1.0,0.5,0.5,0.1794,0.1272,0.6934,A,,
2122,2021-12-19,Tottenham,Liverpool,D,No external context supplied,1.0,1.0,0.5,0.5,0.218,0.1897,0.5924,A,,
2122,2021-12-19,Wolves,Chelsea,D,No external context supplied,0.0,1.0,0.5,0.5,0.1541,0.185,0.6608,A,,
2122,2021-12-26,Aston Villa,Chelsea,A,No external context supplied,0.0,1.0,0.5,0.5,0.18,0.2214,0.5986,A,,
2122,2021-12-26,Brighton,Brentford,H,No external context supplied,0.0,0.0,0.5,0.5,0.4344,0.275,0.2906,H,,
2122,2021-12-26,Man City,Leicester,H,No external context supplied,1.0,1.0,0.5,0.5,0.9097,0.0572,0.0332,H,,
2122,2021-12-26,Norwich,Arsenal,A,No external context supplied,1.0,1.0,0.5,0.5,0.1068,0.1626,0.7306,A,,
2122,2021-12-26,Tottenham,Crystal Palace,H,No external context supplied,1.0,0.0,0.5,0.5,0.5441,0.227,0.2289,H,,
2122,2021-12-26,West Ham,Southampton,A,No external context supplied,0.0,0.0,0.5,0.5,0.4949,0.1966,0.3085,H,,
2122,2021-12-27,Newcastle,Man United,D,No external context supplied,0.0,1.0,0.5,0.5,0.2248,0.2096,0.5656,A,,
2122,2021-12-28,Crystal Palace,Norwich,H,No external context supplied,0.0,1.0,0.5,0.5,0.5149,0.3239,0.1611,H,,
2122,2021-12-28,Leicester,Liverpool,H,No external context supplied,1.0,1.0,0.5,0.5,0.1827,0.1802,0.6372,A,,
2122,2021-12-28,Southampton,Tottenham,D,No external context supplied,0.0,1.0,0.5,0.5,0.2936,0.29,0.4164,A,,
2122,2021-12-28,Watford,West Ham,A,No external context supplied,0.0,0.0,0.5,0.5,0.317,0.2036,0.4794,A,,
2122,2021-12-29,Brentford,Man City,A,No external context supplied,0.0,1.0,0.5,0.5,0.09,0.0878,0.8222,A,,
2122,2021-12-29,Chelsea,Brighton,D,No external context supplied,1.0,0.0,0.5,0.5,0.8411,0.0991,0.0599,H,H,0.1232
2122,2021-12-30,Man United,Burnley,H,No external context supplied,1.0,0.0,0.5,0.5,0.7137,0.1718,0.1145,H,,
2122,2022-01-01,Arsenal,Man City,A,No external context supplied,1.0,1.0,0.5,0.5,0.1257,0.1717,0.7025,A,,
2122,2022-01-01,Crystal Palace,West Ham,A,No external context supplied,0.0,0.0,0.5,0.5,0.2305,0.2205,0.549,A,A,0.0987
2122,2022-01-01,Watford,Tottenham,A,No external context supplied,0.0,1.0,0.5,0.5,0.1963,0.2483,0.5554,A,,
2122,2022-01-02,Brentford,Aston Villa,H,No external context supplied,0.0,0.0,0.5,0.5,0.3356,0.2256,0.4387,A,,
2122,2022-01-02,Chelsea,Liverpool,D,No external context supplied,1.0,1.0,0.5,0.5,0.5026,0.1919,0.3055,H,H,0.1361
2122,2022-01-02,Everton,Brighton,A,No external context supplied,0.0,0.0,0.5,0.5,0.4079,0.2647,0.3273,H,,
2122,2022-01-02,Leeds,Burnley,H,No external context supplied,0.0,0.0,0.5,0.5,0.524,0.169,0.307,H,,
2122,2022-01-03,Man United,Wolves,A,No external context supplied,1.0,0.0,0.5,0.5,0.4594,0.2969,0.2437,H,,
2122,2022-01-11,Southampton,Brentford,H,No external context supplied,0.0,0.0,0.5,0.5,0.4452,0.2971,0.2577,H,,
2122,2022-01-12,West Ham,Norwich,H,No external context supplied,0.0,1.0,0.5,0.5,0.6094,0.2215,0.169,H,,
2122,2022-01-14,Brighton,Crystal Palace,D,No external context supplied,0.0,0.0,0.5,0.5,0.4231,0.2593,0.3177,H,,
2122,2022-01-15,Aston Villa,Man United,D,No external context supplied,0.0,1.0,0.5,0.5,0.3467,0.2637,0.3896,A,,
2122,2022-01-15,Man City,Chelsea,H,No external context supplied,1.0,1.0,0.5,0.5,0.6497,0.1899,0.1605,H,,
2122,2022-01-15,Newcastle,Watford,D,No external context supplied,0.0,0.0,0.5,0.5,0.5752,0.1915,0.2333,H,,
2122,2022-01-15,Norwich,Everton,H,No external context supplied,1.0,0.0,0.5,0.5,0.1364,0.2073,0.6563,A,A,0.1356
2122,2022-01-15,Wolves,Southampton,H,No external context supplied,0.0,0.0,0.5,0.5,0.3211,0.2425,0.4364,A,A,0.1109
2122,2022-01-16,Liverpool,Brentford,H,No external context supplied,1.0,1.0,0.5,0.5,0.8991,0.0622,0.0387,H,H,0.1144
2122,2022-01-16,West Ham,Leeds,A,No external context supplied,0.0,0.0,0.5,0.5,0.4934,0.1996,0.307,H,A,0.0826
2122,2022-01-18,Brighton,Chelsea,D,No external context supplied,0.0,1.0,0.5,0.5,0.2036,0.2168,0.5796,A,,
2122,2022-01-19,Brentford,Man United,A,No external context supplied,1.0,1.0,0.5,0.5,0.1993,0.2342,0.5665,A,,
2122,2022-01-19,Leicester,Tottenham,A,No external context supplied,1.0,1.0,0.5,0.5,0.323,0.3156,0.3613,A,,
2122,2022-01-21,Watford,Norwich,A,No external context supplied,0.0,1.0,0.5,0.5,0.4977,0.319,0.1834,H,,
2122,2022-01-22,Brentford,Wolves,A,No external context supplied,1.0,0.0,0.5,0.5,0.2961,0.295,0.4089,A,,
2122,2022-01-22,Everton,Aston Villa,A,No external context supplied,0.0,0.0,0.5,0.5,0.3875,0.2993,0.3133,H,,
2122,2022-01-22,Leeds,Newcastle,A,No external context supplied,0.0,0.0,0.5,0.5,0.5662,0.1685,0.2653,H,,
2122,2022-01-22,Man United,West Ham,H,No external context supplied,1.0,0.0,0.5,0.5,0.474,0.1914,0.3346,H,,
2122,2022-01-22,Southampton,Man City,D,No external context supplied,0.0,1.0,0.5,0.5,0.1252,0.1314,0.7435,A,,
2122,2022-01-23,Arsenal,Burnley,D,No external context supplied,1.0,0.0,0.5,0.5,0.7572,0.1406,0.1022,H,,
2122,2022-01-23,Chelsea,Tottenham,H,No external context supplied,1.0,1.0,0.5,0.5,0.6377,0.1828,0.1795,H,,
2122,2022-01-23,Crystal Palace,Liverpool,A,No external context supplied,0.0,1.0,0.5,0.5,0.2103,0.1828,0.6069,A,,
2122,2022-01-23,Leicester,Brighton,D,No external context supplied,1.0,0.0,0.5,0.5,0.3674,0.3355,0.2972,H,,
2122,2022-02-05,Burnley,Watford,D,No external context supplied,0.0,0.0,0.5,0.5,0.4417,0.2447,0.3136,H,,
2122,2022-02-08,Burnley,Man United,D,No external context supplied,0.0,1.0,0.5,0.5,0.1985,0.2646,0.5369,A,,
2122,2022-02-08,Newcastle,Everton,H,No external context supplied,0.0,0.0,0.5,0.5,0.3865,0.2058,0.4077,A,,
2122,2022-02-08,West Ham,Watford,H,No external context supplied,0.0,0.0,0.5,0.5,0.6718,0.1414,0.1868,H,,
2122,2022-02-09,Aston Villa,Leeds,D,No external context supplied,0.0,0.0,0.5,0.5,0.4157,0.1927,0.3916,H,A,0.1199
2122,2022-02-09,Man City,Brentford,H,No external context supplied,1.0,1.0,0.5,0.5,0.9323,0.0429,0.0248,H,,
2122,2022-02-09,Norwich,Crystal Palace,D,No external context supplied,1.0,0.0,0.5,0.5,0.1411,0.2387,0.6202,A,A,0.1296
2122,2022-02-09,Tottenham,Southampton,A,No external context supplied,1.0,0.0,0.5,0.5,0.5653,0.2044,0.2303,H,,
2122,2022-02-10,Liverpool,Leicester,H,No external context supplied,1.0,1.0,0.5,0.5,0.9082,0.0467,0.0451,H,H,0.1051
2122,2022-02-10,Wolves,Arsenal,A,No external context supplied,0.0,1.0,0.5,0.5,0.153,0.2676,0.5794,A,A,0.1032
2122,2022-02-12,Brentford,Crystal Palace,D,No external context supplied,1.0,0.0,0.5,0.5,0.2653,0.245,0.4897,A,A,0.1159
2122,2022-02-12,Everton,Leeds,H,No external context supplied,0.0,0.0,0.5,0.5,0.4313,0.2304,0.3383,H,,
2122,2022-02-12,Man United,Southampton,D,No external context supplied,1.0,0.0,0.5,0.5,0.7006,0.1466,0.1528,H,,
2122,2022-02-12,Norwich,Man City,A,No external context supplied,1.0,1.0,0.5,0.5,0.0472,0.0896,0.8632,A,,
2122,2022-02-12,Watford,Brighton,A,No external context supplied,0.0,0.0,0.5,0.5,0.2324,0.377,0.3906,A,,
2122,2022-02-13,Burnley,Liverpool,A,No external context supplied,0.0,1.0,0.5,0.5,0.2189,0.1445,0.6366,A,,
2122,2022-02-13,Leicester,West Ham,D,No external context supplied,1.0,0.0,0.5,0.5,0.4169,0.2119,0.3713,H,,
2122,2022-02-13,Newcastle,Aston Villa,H,No external context supplied,0.0,0.0,0.5,0.5,0.3266,0.2905,0.3828,A,,
2122,2022-02-13,Tottenham,Wolves,A,No external context supplied,1.0,0.0,0.5,0.5,0.5403,0.2532,0.2064,H,,
2122,2022-02-15,Man United,Brighton,H,No external context supplied,1.0,0.0,0.5,0.5,0.5212,0.2328,0.246,H,,
2122,2022-02-19,Arsenal,Brentford,H,No external context supplied,1.0,1.0,0.5,0.5,0.6013,0.2409,0.1579,H,,
2122,2022-02-19,Aston Villa,Watford,A,No external context supplied,0.0,0.0,0.5,0.5,0.6483,0.1676,0.1841,H,,
2122,2022-02-19,Brighton,Burnley,A,No external context supplied,0.0,0.0,0.5,0.5,0.6053,0.1969,0.1978,H,,
2122,2022-02-19,Crystal Palace,Chelsea,A,No external context supplied,0.0,1.0,0.5,0.5,0.2361,0.2234,0.5404,A,,
2122,2022-02-19,Liverpool,Norwich,H,No external context supplied,1.0,1.0,0.5,0.5,0.816,0.1138,0.0702,H,,
2122,2022-02-19,Man City,Tottenham,A,No external context supplied,1.0,1.0,0.5,0.5,0.8393,0.0848,0.0759,H,,
2122,2022-02-19,Southampton,Everton,H,No external context supplied,0.0,0.0,0.5,0.5,0.4889,0.2045,0.3066,H,,
2122,2022-02-19,West Ham,Newcastle,D,No external context supplied,0.0,0.0,0.5,0.5,0.6561,0.1955,0.1483,H,,
2122,2022-02-20,Leeds,Man United,A,No external context supplied,0.0,1.0,0.5,0.5,0.3464,0.242,0.4115,A,,
2122,2022-02-20,Wolves,Leicester,H,No external context supplied,0.0,1.0,0.5,0.5,0.3112,0.3094,0.3794,A,,
2122,2022-02-23,Burnley,Tottenham,H,No external context supplied,0.0,1.0,0.5,0.5,0.2443,0.225,0.5307,A,,
2122,2022-02-23,Liverpool,Leeds,H,No external context supplied,1.0,0.0,0.5,0.5,0.7785,0.0741,0.1474,H,,
2122,2022-02-23,Watford,Crystal Palace,A,No external context supplied,0.0,0.0,0.5,0.5,0.2649,0.301,0.4341,A,,
2122,2022-02-24,Arsenal,Wolves,H,No external context supplied,1.0,0.0,0.5,0.5,0.5465,0.2492,0.2044,H,,
2122,2022-02-25,Southampton,Norwich,H,No external context supplied,0.0,1.0,0.5,0.5,0.6652,0.2334,0.1013,H,,
2122,2022-02-26,Brentford,Newcastle,A,No external context supplied,1.0,0.0,0.5,0.5,0.422,0.2429,0.3351,H,,
2122,2022-02-26,Brighton,Aston Villa,A,No external context supplied,0.0,0.0,0.5,0.5,0.4018,0.2676,0.3306,H,,
2122,2022-02-26,Crystal Palace,Burnley,D,No external context supplied,0.0,0.0,0.5,0.5,0.5402,0.2642,0.1956,H,,
2122,2022-02-26,Everton,Man City,A,No external context supplied,0.0,1.0,0.5,0.5,0.1359,0.1301,0.7339,A,,
2122,2022-02-26,Leeds,Tottenham,A,No external context supplied,0.0,1.0,0.5,0.5,0.4146,0.173,0.4124,H,H,0.1264
2122,2022-02-26,Man United,Watford,D,No external context supplied,1.0,0.0,0.5,0.5,0.7319,0.1309,0.1372,H,,
2122,2022-02-27,West Ham,Wolves,H,No external context supplied,0.0,0.0,0.5,0.5,0.6392,0.1956,0.1652,H,H,0.132
2122,2022-03-01,Burnley,Leicester,A,No external context supplied,0.0,1.0,0.5,0.5,0.2813,0.2805,0.4382,A,,
2122,2022-03-05,Aston Villa,Southampton,H,No external context supplied,0.0,0.0,0.5,0.5,0.3849,0.2848,0.3303,H,,
2122,2022-03-05,Burnley,Chelsea,A,No external context supplied,0.0,1.0,0.5,0.5,0.1308,0.2506,0.6186,A,,
2122,2022-03-05,Leicester,Leeds,H,No external context supplied,1.0,0.0,0.5,0.5,0.5825,0.148,0.2694,H,,
2122,2022-03-05,Liverpool,West Ham,H,No external context supplied,1.0,0.0,0.5,0.5,0.8385,0.0824,0.0791,H,,
2122,2022-03-05,Newcastle,Brighton,H,No external context supplied,0.0,0.0,0.5,0.5,0.2929,0.3594,0.3477,D,,
2122,2022-03-05,Norwich,Brentford,A,No external context supplied,1.0,1.0,0.5,0.5,0.2123,0.3867,0.4011,A,,
2122,2022-03-05,Wolves,Crystal Palace,A,No external context supplied,0.0,0.0,0.5,0.5,0.2877,0.2944,0.4179,A,A,0.097
2122,2022-03-06,Man City,Man United,H,No external context supplied,1.0,1.0,0.5,0.5,0.7701,0.1256,0.1043,H,,
2122,2022-03-06,Watford,Arsenal,A,No external context supplied,0.0,1.0,0.5,0.5,0.1614,0.2862,0.5525,A,,
2122,2022-03-07,Tottenham,Everton,H,No external context supplied,1.0,0.0,0.5,0.5,0.5075,0.2018,0.2906,H,A,0.086
2122,2022-03-10,Leeds,Aston Villa,A,No external context supplied,0.0,0.0,0.5,0.5,0.3643,0.2221,0.4136,A,,
2122,2022-03-10,Norwich,Chelsea,A,No external context supplied,1.0,1.0,0.5,0.5,0.087,0.1455,0.7676,A,,
2122,2022-03-10,Southampton,Newcastle,A,No external context supplied,0.0,0.0,0.5,0.5,0.4319,0.2994,0.2688,H,,
2122,2022-03-10,Wolves,Watford,H,No external context supplied,0.0,0.0,0.5,0.5,0.4079,0.2674,0.3246,H,A,0.0909
2122,2022-03-12,Brentford,Burnley,H,No external context supplied,1.0,0.0,0.5,0.5,0.4704,0.2544,0.2751,H,,
2122,2022-03-12,Brighton,Liverpool,A,No external context supplied,0.0,1.0,0.5,0.5,0.1374,0.1703,0.6922,A,,
2122,2022-03-12,Man United,Tottenham,H,No external context supplied,1.0,1.0,0.5,0.5,0.4616,0.2224,0.316,H,,
2122,2022-03-13,Arsenal,Leicester,H,No external context supplied,1.0,1.0,0.5,0.5,0.7202,0.1613,0.1185,H,,
2122,2022-03-13,Chelsea,Newcastle,H,No external context supplied,1.0,0.0,0.5,0.5,0.5503,0.223,0.2268,H,,
2122,2022-03-13,Everton,Wolves,A,No external context supplied,0.0,0.0,0.5,0.5,0.3897,0.2791,0.3312,H,,
2122,2022-03-13,Leeds,Norwich,H,No external context supplied,0.0,1.0,0.5,0.5,0.6363,0.2001,0.1635,H,,
2122,2022-03-13,Southampton,Watford,A,No external context supplied,0.0,0.0,0.5,0.5,0.5321,0.2222,0.2458,H,,
2122,2022-03-13,West Ham,Aston Villa,H,No external context supplied,0.0,0.0,0.5,0.5,0.3875,0.2459,0.3666,H,,
2122,2022-03-14,Crystal Palace,Man City,D,No external context supplied,0.0,1.0,0.5,0.5,0.1212,0.1259,0.7529,A,,
2122,2022-03-16,Arsenal,Liverpool,A,No external context supplied,1.0,1.0,0.5,0.5,0.1852,0.2337,0.5811,A,,
2122,2022-03-16,Brighton,Tottenham,A,No external context supplied,0.0,1.0,0.5,0.5,0.2323,0.2392,0.5285,A,,
2122,2022-03-17,Everton,Newcastle,H,No external context supplied,0.0,0.0,0.5,0.5,0.3513,0.3398,0.3089,H,,
2122,2022-03-18,Wolves,Leeds,A,No external context supplied,0.0,0.0,0.5,0.5,0.3858,0.2232,0.391,A,A,0.086
2122,2022-03-19,Aston Villa,Arsenal,A,No external context supplied,0.0,1.0,0.5,0.5,0.2519,0.2899,0.4582,A,,
2122,2022-03-20,Leicester,Brentford,H,No external context supplied,1.0,1.0,0.5,0.5,0.4485,0.3485,0.203,H,,
2122,2022-03-20,Tottenham,West Ham,H,No external context supplied,1.0,0.0,0.5,0.5,0.5475,0.2311,0.2215,H,,
2122,2022-04-02,Brighton,Norwich,D,No external context supplied,0.0,1.0,0.5,0.5,0.5819,0.2518,0.1663,H,,
2122,2022-04-02,Burnley,Man City,A,No external context supplied,0.0,1.0,0.5,0.5,0.107,0.097,0.796,A,,
2122,2022-04-02,Chelsea,Brentford,A,No external context supplied,1.0,1.0,0.5,0.5,0.5396,0.2689,0.1915,H,,
2122,2022-04-02,Leeds,Southampton,D,No external context supplied,0.0,0.0,0.5,0.5,0.366,0.2567,0.3773,A,,
2122,2022-04-02,Liverpool,Watford,H,No external context supplied,1.0,0.0,0.5,0.5,0.704,0.1101,0.1859,H,,
2122,2022-04-02,Man United,Leicester,D,No external context supplied,1.0,1.0,0.5,0.5,0.6154,0.1975,0.1872,H,,
2122,2022-04-02,Wolves,Aston Villa,H,No external context supplied,0.0,0.0,0.5,0.5,0.215,0.3003,0.4847,A,A,0.0819
2122,2022-04-03,Tottenham,Newcastle,H,No external context supplied,1.0,0.0,0.5,0.5,0.5203,0.2688,0.2109,H,,
2122,2022-04-03,West Ham,Everton,H,No external context supplied,0.0,0.0,0.5,0.5,0.5832,0.1785,0.2383,H,,
2122,2022-04-04,Crystal Palace,Arsenal,H,No external context supplied,0.0,1.0,0.5,0.5,0.2433,0.3151,0.4416,A,,
2122,2022-04-06,Burnley,Everton,H,No external context supplied,0.0,0.0,0.5,0.5,0.3808,0.2296,0.3896,A,,
2122,2022-04-08,Newcastle,Wolves,H,No external context supplied,0.0,0.0,0.5,0.5,0.3889,0.301,0.31,H,,
2122,2022-04-09,Arsenal,Brighton,A,No external context supplied,1.0,0.0,0.5,0.5,0.5751,0.2038,0.2211,H,,
2122,2022-04-09,Aston Villa,Tottenham,A,No external context supplied,0.0,1.0,0.5,0.5,0.2076,0.2333,0.5591,A,A,0.0975
2122,2022-04-09,Everton,Man United,H,No external context supplied,0.0,1.0,0.5,0.5,0.2206,0.2684,0.511,A,,
2122,2022-04-09,Southampton,Chelsea,A,No external context supplied,0.0,1.0,0.5,0.5,0.2465,0.237,0.5164,A,,
2122,2022-04-09,Watford,Leeds,A,No external context supplied,0.0,0.0,0.5,0.5,0.3181,0.2778,0.4041,A,,
2122,2022-04-10,Brentford,West Ham,H,No external context supplied,1.0,0.0,0.5,0.5,0.2325,0.2298,0.5377,A,A,0.1336
2122,2022-04-10,Leicester,Crystal Palace,H,No external context supplied,1.0,0.0,0.5,0.5,0.3304,0.3044,0.3652,A,,
2122,2022-04-10,Man City,Liverpool,D,No external context supplied,1.0,1.0,0.5,0.5,0.5685,0.181,0.2505,H,,
2122,2022-04-10,Norwich,Burnley,H,No external context supplied,1.0,0.0,0.5,0.5,0.2504,0.2983,0.4513,A,,
2122,2022-04-16,Man United,Norwich,H,No external context supplied,1.0,1.0,0.5,0.5,0.7151,0.1709,0.114,H,,
2122,2022-04-16,Southampton,Arsenal,H,No external context supplied,0.0,1.0,0.5,0.5,0.3011,0.2352,0.4637,A,,
2122,2022-04-16,Tottenham,Brighton,A,No external context supplied,1.0,0.0,0.5,0.5,0.6298,0.2077,0.1625,H,,
2122,2022-04-16,Watford,Brentford,A,No external context supplied,0.0,1.0,0.5,0.5,0.244,0.4403,0.3156,D,D,0.1061
2122,2022-04-17,Newcastle,Leicester,H,No external context supplied,0.0,1.0,0.5,0.5,0.4264,0.3071,0.2665,H,,
2122,2022-04-17,West Ham,Burnley,D,No external context supplied,0.0,0.0,0.5,0.5,0.5067,0.2072,0.2861,H,,
2122,2022-04-19,Liverpool,Man United,H,No external context supplied,1.0,1.0,0.5,0.5,0.834,0.0764,0.0896,H,H,0.1074
2122,2022-04-20,Chelsea,Arsenal,A,No external context supplied,1.0,1.0,0.5,0.5,0.5337,0.2149,0.2514,H,,
2122,2022-04-20,Everton,Leicester,D,No external context supplied,0.0,1.0,0.5,0.5,0.3291,0.3186,0.3524,A,,
2122,2022-04-20,Man City,Brighton,H,No external context supplied,1.0,0.0,0.5,0.5,0.8404,0.0699,0.0896,H,,
2122,2022-04-20,Newcastle,Crystal Palace,H,No external context supplied,0.0,0.0,0.5,0.5,0.2564,0.3414,0.4022,A,,
2122,2022-04-21,Burnley,Southampton,H,No external context supplied,0.0,0.0,0.5,0.5,0.3457,0.2645,0.3897,A,,
2122,2022-04-23,Arsenal,Man United,H,No external context supplied,1.0,1.0,0.5,0.5,0.507,0.2226,0.2704,H,,
2122,2022-04-23,Brentford,Tottenham,D,No external context supplied,1.0,1.0,0.5,0.5,0.131,0.2698,0.5992,A,,
2122,2022-04-23,Leicester,Aston Villa,D,No external context supplied,1.0,0.0,0.5,0.5,0.2876,0.2774,0.435,A,,
2122,2022-04-23,Man City,Watford,H,No external context supplied,1.0,0.0,0.5,0.5,0.9001,0.0451,0.0549,H,,
2122,2022-04-23,Norwich,Newcastle,A,No external context supplied,1.0,0.0,0.5,0.5,0.1969,0.3095,0.4937,A,,
2122,2022-04-24,Brighton,Southampton,D,No external context supplied,0.0,0.0,0.5,0.5,0.4982,0.2474,0.2544,H,,
2122,2022-04-24,Burnley,Wolves,H,No external context supplied,0.0,0.0,0.5,0.5,0.2483,0.3595,0.3922,A,,
2122,2022-04-24,Chelsea,West Ham,H,No external context supplied,1.0,0.0,0.5,0.5,0.7685,0.1236,0.1079,H,H,0.1002
2122,2022-04-24,Liverpool,Everton,H,No external context supplied,1.0,0.0,0.5,0.5,0.8201,0.0771,0.1028,H,,
2122,2022-04-25,Crystal Palace,Leeds,D,No external context supplied,0.0,0.0,0.5,0.5,0.2916,0.2927,0.4157,A,A,0.1036
2122,2022-04-28,Man United,Chelsea,D,No external context supplied,1.0,1.0,0.5,0.5,0.3606,0.2387,0.4007,A,,
2122,2022-04-30,Aston Villa,Norwich,H,No external context supplied,0.0,1.0,0.5,0.5,0.6421,0.191,0.1668,H,,
2122,2022-04-30,Leeds,Man City,A,No external context supplied,0.0,1.0,0.5,0.5,0.12,0.127,0.753,A,,
2122,2022-04-30,Newcastle,Liverpool,A,No external context supplied,0.0,1.0,0.5,0.5,0.0777,0.1688,0.7536,A,,
2122,2022-04-30,Southampton,Crystal Palace,A,No external context supplied,0.0,0.0,0.5,0.5,0.3649,0.2666,0.3685,A,,
2122,2022-04-30,Watford,Burnley,A,No external context supplied,0.0,0.0,0.5,0.5,0.3118,0.3356,0.3526,A,,
2122,2022-04-30,Wolves,Brighton,A,No external context supplied,0.0,0.0,0.5,0.5,0.3272,0.3004,0.3724,A,,
2122,2022-05-01,Everton,Chelsea,H,No external context supplied,0.0,1.0,0.5,0.5,0.2164,0.237,0.5465,A,,
2122,2022-05-01,Tottenham,Leicester,H,No external context supplied,1.0,1.0,0.5,0.5,0.7747,0.1432,0.0821,H,H,0.0829
2122,2022-05-01,West Ham,Arsenal,A,No external context supplied,0.0,1.0,0.5,0.5,0.3092,0.2068,0.484,A,,
2122,2022-05-02,Man United,Brentford,H,No external context supplied,1.0,1.0,0.5,0.5,0.5593,0.2875,0.1533,H,,
2122,2022-05-07,Brentford,Southampton,H,No external context supplied,1.0,0.0,0.5,0.5,0.4483,0.2249,0.3268,H,,
2122,2022-05-07,Brighton,Man United,H,No external context supplied,0.0,1.0,0.5,0.5,0.3228,0.2394,0.4378,A,,
2122,2022-05-07,Burnley,Aston Villa,A,No external context supplied,0.0,0.0,0.5,0.5,0.2457,0.3103,0.444,A,,
2122,2022-05-07,Chelsea,Wolves,D,No external context supplied,1.0,0.0,0.5,0.5,0.7148,0.1267,0.1585,H,,
2122,2022-05-07,Crystal Palace,Watford,H,No external context supplied,0.0,0.0,0.5,0.5,0.5514,0.19,0.2585,H,,
2122,2022-05-07,Liverpool,Tottenham,D,No external context supplied,1.0,1.0,0.5,0.5,0.6773,0.147,0.1757,H,,
2122,2022-05-08,Arsenal,Leeds,H,No external context supplied,1.0,0.0,0.5,0.5,0.5785,0.186,0.2355,H,,
2122,2022-05-08,Leicester,Everton,A,No external context supplied,1.0,0.0,0.5,0.5,0.4036,0.2553,0.3411,H,,
2122,2022-05-08,Man City,Newcastle,H,No external context supplied,1.0,0.0,0.5,0.5,0.8519,0.0761,0.072,H,,
2122,2022-05-08,Norwich,West Ham,A,No external context supplied,1.0,0.0,0.5,0.5,0.1786,0.2263,0.5951,A,,
2122,2022-05-10,Aston Villa,Liverpool,A,No external context supplied,0.0,1.0,0.5,0.5,0.1223,0.1455,0.7322,A,,
2122,2022-05-11,Leeds,Chelsea,A,No external context supplied,0.0,1.0,0.5,0.5,0.2343,0.1919,0.5737,A,,
2122,2022-05-11,Leicester,Norwich,H,No external context supplied,1.0,1.0,0.5,0.5,0.8532,0.1094,0.0374,H,H,0.134
2122,2022-05-11,Watford,Everton,D,No external context supplied,0.0,0.0,0.5,0.5,0.2161,0.2457,0.5382,A,,
2122,2022-05-11,Wolves,Man City,A,No external context supplied,0.0,1.0,0.5,0.5,0.1161,0.1059,0.7781,A,,
2122,2022-05-12,Tottenham,Arsenal,H,No external context supplied,1.0,1.0,0.5,0.5,0.4834,0.243,0.2737,H,,
2122,2022-05-15,Aston Villa,Crystal Palace,D,No external context supplied,0.0,0.0,0.5,0.5,0.4896,0.2373,0.273,H,,
2122,2022-05-15,Everton,Brentford,A,No external context supplied,0.0,1.0,0.5,0.5,0.4181,0.4183,0.1636,D,D,0.1064
2122,2022-05-15,Leeds,Brighton,D,No external context supplied,0.0,0.0,0.5,0.5,0.3085,0.2968,0.3947,A,,
2122,2022-05-15,Tottenham,Burnley,H,No external context supplied,1.0,0.0,0.5,0.5,0.7855,0.1213,0.0932,H,,
2122,2022-05-15,Watford,Leicester,A,No external context supplied,0.0,1.0,0.5,0.5,0.2594,0.2865,0.4542,A,,
2122,2022-05-15,West Ham,Man City,D,No external context supplied,0.0,1.0,0.5,0.5,0.1344,0.1165,0.7492,A,,
2122,2022-05-15,Wolves,Norwich,D,No external context supplied,0.0,1.0,0.5,0.5,0.6321,0.2125,0.1554,H,,
2122,2022-05-16,Newcastle,Arsenal,H,No external context supplied,0.0,1.0,0.5,0.5,0.2612,0.2762,0.4627,A,,
2122,2022-05-17,Southampton,Liverpool,A,No external context supplied,0.0,1.0,0.5,0.5,0.1547,0.1631,0.6823,A,,
2122,2022-05-19,Aston Villa,Burnley,D,No external context supplied,0.0,0.0,0.5,0.5,0.4965,0.2303,0.2732,H,,
2122,2022-05-19,Chelsea,Leicester,D,No external context supplied,1.0,1.0,0.5,0.5,0.7154,0.1492,0.1355,H,,
2122,2022-05-19,Everton,Crystal Palace,H,No external context supplied,0.0,0.0,0.5,0.5,0.4371,0.3132,0.2497,H,,
2122,2022-05-22,Arsenal,Everton,H,No external context supplied,1.0,0.0,0.5,0.5,0.7515,0.1382,0.1103,H,,
2122,2022-05-22,Brentford,Leeds,A,No external context supplied,1.0,0.0,0.5,0.5,0.3391,0.231,0.43,A,,
2122,2022-05-22,Brighton,West Ham,H,No external context supplied,0.0,0.0,0.5,0.5,0.3081,0.2024,0.4895,A,A,0.1146
2122,2022-05-22,Burnley,Newcastle,A,No external context supplied,0.0,0.0,0.5,0.5,0.3032,0.3127,0.384,A,,
2122,2022-05-22,Chelsea,Watford,H,No external context supplied,1.0,0.0,0.5,0.5,0.8411,0.0696,0.0893,H,,
2122,2022-05-22,Crystal Palace,Man United,H,No external context supplied,0.0,1.0,0.5,0.5,0.297,0.2325,0.4705,A,,
2122,2022-05-22,Leicester,Southampton,H,No external context supplied,1.0,0.0,0.5,0.5,0.6534,0.1607,0.1859,H,H,0.1019
2122,2022-05-22,Liverpool,Wolves,H,No external context supplied,1.0,0.0,0.5,0.5,0.8643,0.0599,0.0758,H,,
2122,2022-05-22,Man City,Aston Villa,H,No external context supplied,1.0,0.0,0.5,0.5,0.8257,0.0775,0.0968,H,,
2122,2022-05-22,Norwich,Tottenham,A,No external context supplied,1.0,1.0,0.5,0.5,0.0609,0.135,0.8041,A,,
2223,2022-08-05,Crystal Palace,Arsenal,A,No external context supplied,0.0,1.0,0.5,0.5,0.2234,0.2417,0.5348,A,,
2223,2022-08-06,Bournemouth,Aston Villa,H,No external context supplied,0.0,0.0,0.5,0.5,0.1864,0.2387,0.5749,A,,
2223,2022-08-06,Everton,Chelsea,A,No external context supplied,0.0,1.0,0.5,0.5,0.1519,0.2106,0.6375,A,,
2223,2022-08-06,Fulham,Liverpool,D,No external context supplied,0.0,1.0,0.5,0.5,0.1085,0.1179,0.7736,A,,
2223,2022-08-06,Leeds,Wolves,H,No external context supplied,0.0,0.0,0.5,0.5,0.3663,0.2302,0.4035,A,,
2223,2022-08-06,Newcastle,Nott'm Forest,H,No external context supplied,0.0,0.0,0.5,0.5,0.4618,0.3171,0.2211,H,,
2223,2022-08-06,Tottenham,Southampton,H,No external context supplied,1.0,0.0,0.5,0.5,0.7208,0.1463,0.1329,H,,
2223,2022-08-07,Leicester,Brentford,D,No external context supplied,1.0,1.0,0.5,0.5,0.4429,0.3359,0.2212,H,,
2223,2022-08-07,Man United,Brighton,A,No external context supplied,1.0,0.0,0.5,0.5,0.5524,0.2227,0.2249,H,,
2223,2022-08-07,West Ham,Man City,A,No external context supplied,0.0,1.0,0.5,0.5,0.1459,0.1379,0.7162,A,,
2223,2022-08-13,Arsenal,Leicester,H,No external context supplied,1.0,1.0,0.5,0.5,0.5742,0.2358,0.1901,H,,
2223,2022-08-13,Aston Villa,Everton,H,No external context supplied,0.0,0.0,0.5,0.5,0.5727,0.2163,0.211,H,,
2223,2022-08-13,Brentford,Man United,H,No external context supplied,1.0,1.0,0.5,0.5,0.2331,0.2118,0.5552,A,,
2223,2022-08-13,Brighton,Newcastle,D,No external context supplied,0.0,0.0,0.5,0.5,0.329,0.3362,0.3348,D,,
2223,2022-08-13,Man City,Bournemouth,H,No external context supplied,1.0,0.0,0.5,0.5,0.8532,0.079,0.0678,H,,
2223,2022-08-13,Southampton,Leeds,D,No external context supplied,0.0,0.0,0.5,0.5,0.4063,0.2805,0.3133,H,,
2223,2022-08-13,Wolves,Fulham,D,No external context supplied,0.0,0.0,0.5,0.5,0.507,0.2683,0.2247,H,,
2223,2022-08-14,Chelsea,Tottenham,D,No external context supplied,1.0,1.0,0.5,0.5,0.4352,0.3031,0.2617,H,,
2223,2022-08-14,Nott'm Forest,West Ham,H,No external context supplied,0.0,0.0,0.5,0.5,0.2079,0.1372,0.6549,A,A,0.1066
2223,2022-08-15,Liverpool,Crystal Palace,D,No external context supplied,1.0,0.0,0.5,0.5,0.7485,0.1017,0.1497,H,,
2223,2022-08-20,Bournemouth,Arsenal,A,No external context supplied,0.0,1.0,0.5,0.5,0.1416,0.1804,0.678,A,,
2223,2022-08-20,Crystal Palace,Aston Villa,H,No external context supplied,0.0,0.0,0.5,0.5,0.3888,0.29,0.3211,H,,
2223,2022-08-20,Everton,Nott'm Forest,D,No external context supplied,0.0,0.0,0.5,0.5,0.4688,0.3545,0.1767,H,,
2223,2022-08-20,Fulham,Brentford,H,No external context supplied,0.0,1.0,0.5,0.5,0.2937,0.3765,0.3299,D,,
2223,2022-08-20,Leicester,Southampton,A,No external context supplied,1.0,0.0,0.5,0.5,0.6665,0.1834,0.1501,H,H,0.1063
2223,2022-08-20,Tottenham,Wolves,H,No external context supplied,1.0,0.0,0.5,0.5,0.6328,0.1906,0.1766,H,,
2223,2022-08-21,Leeds,Chelsea,H,No external context supplied,0.0,1.0,0.5,0.5,0.1858,0.2005,0.6136,A,,
2223,2022-08-21,Newcastle,Man City,D,No external context supplied,0.0,1.0,0.5,0.5,0.0949,0.1139,0.7912,A,,
2223,2022-08-21,West Ham,Brighton,A,No external context supplied,0.0,0.0,0.5,0.5,0.3886,0.3088,0.3025,H,,
2223,2022-08-22,Man United,Liverpool,H,No external context supplied,1.0,1.0,0.5,0.5,0.3189,0.1776,0.5035,A,H,0.0976
2223,2022-08-27,Arsenal,Fulham,H,No external context supplied,1.0,0.0,0.5,0.5,0.5774,0.2122,0.2104,H,,
2223,2022-08-27,Brentford,Everton,D,No external context supplied,1.0,0.0,0.5,0.5,0.3734,0.22,0.4066,A,A,0.1089
2223,2022-08-27,Brighton,Leeds,H,No external context supplied,0.0,0.0,0.5,0.5,0.4756,0.3076,0.2169,H,,
2223,2022-08-27,Chelsea,Leicester,H,No external context supplied,1.0,1.0,0.5,0.5,0.7334,0.156,0.1106,H,,
2223,2022-08-27,Liverpool,Bournemouth,H,No external context supplied,1.0,0.0,0.5,0.5,0.8339,0.0714,0.0947,H,,
2223,2022-08-27,Man City,Crystal Palace,H,No external context supplied,1.0,0.0,0.5,0.5,0.8478,0.0889,0.0633,H,,
2223,2022-08-27,Southampton,Man United,A,No external context supplied,0.0,1.0,0.5,0.5,0.3437,0.1744,0.4819,A,H,0.0847
2223,2022-08-28,Aston Villa,West Ham,A,No external context supplied,0.0,0.0,0.5,0.5,0.4842,0.1987,0.3171,H,,
2223,2022-08-28,Nott'm Forest,Tottenham,A,No external context supplied,0.0,1.0,0.5,0.5,0.1187,0.1546,0.7267,A,,
2223,2022-08-28,Wolves,Newcastle,D,No external context supplied,0.0,0.0,0.5,0.5,0.4414,0.2929,0.2658,H,,
2223,2022-08-30,Crystal Palace,Brentford,D,No external context supplied,0.0,1.0,0.5,0.5,0.3646,0.3696,0.2657,D,,
2223,2022-08-30,Fulham,Brighton,H,No external context supplied,0.0,0.0,0.5,0.5,0.2219,0.3042,0.474,A,,
2223,2022-08-30,Leeds,Everton,D,No external context supplied,0.0,0.0,0.5,0.5,0.3961,0.2761,0.3278,H,,
2223,2022-08-30,Southampton,Chelsea,H,No external context supplied,0.0,1.0,0.5,0.5,0.2387,0.2089,0.5524,A,,
2223,2022-08-31,Arsenal,Aston Villa,H,No external context supplied,1.0,0.0,0.5,0.5,0.5544,0.2281,0.2175,H,,
2223,2022-08-31,Bournemouth,Wolves,D,No external context supplied,0.0,0.0,0.5,0.5,0.2489,0.2283,0.5228,A,,
2223,2022-08-31,Liverpool,Newcastle,H,No external context supplied,1.0,0.0,0.5,0.5,0.8166,0.1175,0.0658,H,,
2223,2022-08-31,Man City,Nott'm Forest,H,No external context supplied,1.0,0.0,0.5,0.5,0.8482,0.0996,0.0522,H,,
2223,2022-08-31,West Ham,Tottenham,D,No external context supplied,0.0,1.0,0.5,0.5,0.2668,0.2499,0.4833,A,,
2223,2022-09-01,Leicester,Man United,A,No external context supplied,1.0,1.0,0.5,0.5,0.3996,0.2129,0.3875,H,H,0.0845
2223,2022-09-03,Aston Villa,Man City,D,No external context supplied,0.0,1.0,0.5,0.5,0.1036,0.1086,0.7878,A,,
2223,2022-09-03,Brentford,Leeds,H,No external context supplied,1.0,0.0,0.5,0.5,0.4416,0.2497,0.3087,H,,
2223,2022-09-03,Chelsea,West Ham,H,No external context supplied,1.0,0.0,0.5,0.5,0.6136,0.1566,0.2298,H,,
2223,2022-09-03,Everton,Liverpool,D,No external context supplied,0.0,1.0,0.5,0.5,0.1604,0.1553,0.6843,A,,
2223,2022-09-03,Newcastle,Crystal Palace,D,No external context supplied,0.0,0.0,0.5,0.5,0.4581,0.2775,0.2644,H,,
2223,2022-09-03,Nott'm Forest,Bournemouth,A,No external context supplied,0.0,0.0,0.5,0.5,0.4356,0.2396,0.3249,H,,
2223,2022-09-03,Tottenham,Fulham,H,No external context supplied,1.0,0.0,0.5,0.5,0.6186,0.2222,0.1592,H,,
2223,2022-09-03,Wolves,Southampton,H,No external context supplied,0.0,0.0,0.5,0.5,0.5546,0.2354,0.21,H,H,0.0905
2223,2022-09-04,Brighton,Leicester,H,No external context supplied,0.0,1.0,0.5,0.5,0.4015,0.2773,0.3212,H,,
2223,2022-09-04,Man United,Arsenal,H,No external context supplied,1.0,1.0,0.5,0.5,0.4139,0.2995,0.2867,H,,
2223,2022-09-16,Aston Villa,Southampton,H,No external context supplied,0.0,0.0,0.5,0.5,0.5052,0.2358,0.259,H,,
2223,2022-09-16,Nott'm Forest,Fulham,A,No external context supplied,0.0,0.0,0.5,0.5,0.3056,0.2648,0.4296,A,,
2223,2022-09-17,Newcastle,Bournemouth,D,No external context supplied,0.0,0.0,0.5,0.5,0.8091,0.1247,0.0662,H,H,0.1112
2223,2022-09-17,Tottenham,Leicester,H,No external context supplied,1.0,1.0,0.5,0.5,0.6704,0.1505,0.1791,H,,
2223,2022-09-17,Wolves,Man City,A,No external context supplied,0.0,1.0,0.5,0.5,0.1338,0.1236,0.7426,A,,
2223,2022-09-18,Brentford,Arsenal,A,No external context supplied,0.0,1.0,0.5,0.5,0.2333,0.2335,0.5332,A,,
2223,2022-09-18,Everton,West Ham,H,No external context supplied,0.0,0.0,0.5,0.5,0.4096,0.2697,0.3206,H,,
2223,2022-10-01,Arsenal,Tottenham,H,No external context supplied,1.0,1.0,0.5,0.5,0.4437,0.297,0.2593,H,,
2223,2022-10-01,Bournemouth,Brentford,D,No external context supplied,0.0,0.0,0.5,0.5,0.2852,0.2603,0.4545,A,,
2223,2022-10-01,Crystal Palace,Chelsea,A,No external context supplied,0.0,1.0,0.5,0.5,0.3069,0.2608,0.4323,A,,
2223,2022-10-01,Fulham,Newcastle,A,No external context supplied,0.0,0.0,0.5,0.5,0.1938,0.2854,0.5208,A,A,0.0828
2223,2022-10-01,Liverpool,Brighton,D,No external context supplied,1.0,0.0,0.5,0.5,0.6903,0.1588,0.1508,H,,
2223,2022-10-01,Southampton,Everton,A,No external context supplied,0.0,0.0,0.5,0.5,0.3126,0.3154,0.372,A,,
2223,2022-10-01,West Ham,Wolves,H,No external context supplied,0.0,0.0,0.5,0.5,0.4704,0.2489,0.2807,H,,
2223,2022-10-02,Leeds,Aston Villa,D,No external context supplied,0.0,0.0,0.5,0.5,0.3826,0.2418,0.3757,H,,
2223,2022-10-02,Man City,Man United,H,No external context supplied,1.0,1.0,0.5,0.5,0.7862,0.1247,0.0892,H,,
2223,2022-10-03,Leicester,Nott'm Forest,H,No external context supplied,1.0,0.0,0.5,0.5,0.6975,0.1972,0.1053,H,H,0.1095
2223,2022-10-08,Bournemouth,Leicester,H,No external context supplied,0.0,1.0,0.5,0.5,0.356,0.199,0.445,A,,
2223,2022-10-08,Brighton,Tottenham,A,No external context supplied,0.0,1.0,0.5,0.5,0.277,0.2978,0.4252,A,,
2223,2022-10-08,Chelsea,Wolves,H,No external context supplied,1.0,0.0,0.5,0.5,0.5783,0.1907,0.231,H,,
2223,2022-10-08,Man City,Southampton,H,No external context supplied,1.0,0.0,0.5,0.5,0.8713,0.0747,0.054,H,,
2223,2022-10-08,Newcastle,Brentford,H,No external context supplied,0.0,0.0,0.5,0.5,0.5436,0.2334,0.2229,H,,
2223,2022-10-09,Arsenal,Liverpool,H,No external context supplied,1.0,1.0,0.5,0.5,0.3146,0.2249,0.4605,A,,
2223,2022-10-09,Crystal Palace,Leeds,H,No external context supplied,0.0,0.0,0.5,0.5,0.4643,0.2735,0.2622,H,,
2223,2022-10-09,Everton,Man United,A,No external context supplied,0.0,1.0,0.5,0.5,0.3663,0.2873,0.3464,H,,
2223,2022-10-09,West Ham,Fulham,H,No external context supplied,0.0,0.0,0.5,0.5,0.6422,0.2338,0.124,H,,
2223,2022-10-10,Nott'm Forest,Aston Villa,D,No external context supplied,0.0,0.0,0.5,0.5,0.1886,0.1946,0.6168,A,A,0.1285
2223,2022-10-14,Brentford,Brighton,H,No external context supplied,0.0,0.0,0.5,0.5,0.3124,0.2678,0.4198,A,,
2223,2022-10-15,Fulham,Bournemouth,D,No external context supplied,0.0,0.0,0.5,0.5,0.3342,0.3153,0.3506,A,A,0.0848
2223,2022-10-15,Leicester,Crystal Palace,D,No external context supplied,1.0,0.0,0.5,0.5,0.4425,0.2421,0.3154,H,,
2223,2022-10-15,Tottenham,Everton,H,No external context supplied,1.0,0.0,0.5,0.5,0.6666,0.1885,0.1449,H,,
2223,2022-10-15,Wolves,Nott'm Forest,H,No external context supplied,0.0,0.0,0.5,0.5,0.655,0.2193,0.1257,H,,
2223,2022-10-16,Aston Villa,Chelsea,A,No external context supplied,0.0,1.0,0.5,0.5,0.3005,0.2413,0.4583,A,,
2223,2022-10-16,Leeds,Arsenal,A,No external context supplied,0.0,1.0,0.5,0.5,0.2071,0.1905,0.6024,A,,
2223,2022-10-16,Liverpool,Man City,H,No external context supplied,1.0,1.0,0.5,0.5,0.3625,0.1866,0.451,A,,
2223,2022-10-16,Man United,Newcastle,D,No external context supplied,1.0,0.0,0.5,0.5,0.432,0.2475,0.3206,H,,
2223,2022-10-16,Southampton,West Ham,D,No external context supplied,0.0,0.0,0.5,0.5,0.2931,0.2485,0.4584,A,,
2223,2022-10-18,Brighton,Nott'm Forest,D,No external context supplied,0.0,0.0,0.5,0.5,0.7085,0.1808,0.1107,H,,
2223,2022-10-18,Crystal Palace,Wolves,H,No external context supplied,0.0,0.0,0.5,0.5,0.5203,0.2784,0.2013,H,,
2223,2022-10-19,Bournemouth,Southampton,A,No external context supplied,0.0,0.0,0.5,0.5,0.3688,0.2824,0.3488,H,,
2223,2022-10-19,Brentford,Chelsea,D,No external context supplied,0.0,1.0,0.5,0.5,0.2057,0.1851,0.6092,A,,
2223,2022-10-19,Liverpool,West Ham,H,No external context supplied,1.0,0.0,0.5,0.5,0.7995,0.1043,0.0962,H,H,0.0938
2223,2022-10-19,Man United,Tottenham,H,No external context supplied,1.0,1.0,0.5,0.5,0.453,0.2475,0.2995,H,,
2223,2022-10-19,Newcastle,Everton,H,No external context supplied,0.0,0.0,0.5,0.5,0.5392,0.2517,0.209,H,,
2223,2022-10-20,Fulham,Aston Villa,H,No external context supplied,0.0,0.0,0.5,0.5,0.2397,0.2872,0.4731,A,,
2223,2022-10-20,Leicester,Leeds,H,No external context supplied,1.0,0.0,0.5,0.5,0.4713,0.2537,0.275,H,,
2223,2022-10-22,Chelsea,Man United,D,No external context supplied,1.0,1.0,0.5,0.5,0.5097,0.2935,0.1967,H,,
2223,2022-10-22,Everton,Crystal Palace,H,No external context supplied,0.0,0.0,0.5,0.5,0.3103,0.2991,0.3906,A,,
2223,2022-10-22,Man City,Brighton,H,No external context supplied,1.0,0.0,0.5,0.5,0.8145,0.0937,0.0919,H,,
2223,2022-10-22,Nott'm Forest,Liverpool,H,No external context supplied,0.0,1.0,0.5,0.5,0.0802,0.0697,0.8501,A,,
2223,2022-10-23,Aston Villa,Brentford,H,No external context supplied,0.0,0.0,0.5,0.5,0.4544,0.2694,0.2762,H,,
2223,2022-10-23,Leeds,Fulham,A,No external context supplied,0.0,0.0,0.5,0.5,0.4518,0.2383,0.31,H,,
2223,2022-10-23,Southampton,Arsenal,D,No external context supplied,0.0,1.0,0.5,0.5,0.1714,0.2462,0.5824,A,,
2223,2022-10-23,Tottenham,Newcastle,A,No external context supplied,1.0,0.0,0.5,0.5,0.4054,0.2439,0.3507,H,,
2223,2022-10-23,Wolves,Leicester,A,No external context supplied,0.0,1.0,0.5,0.5,0.385,0.2595,0.3555,H,,
2223,2022-10-24,West Ham,Bournemouth,H,No external context supplied,0.0,0.0,0.5,0.5,0.5804,0.2322,0.1874,H,,
2223,2022-10-29,Bournemouth,Tottenham,A,No external context supplied,0.0,1.0,0.5,0.5,0.2036,0.2121,0.5844,A,,
2223,2022-10-29,Brentford,Wolves,D,No external context supplied,0.0,0.0,0.5,0.5,0.5022,0.2151,0.2827,H,,
2223,2022-10-29,Brighton,Chelsea,H,No external context supplied,0.0,1.0,0.5,0.5,0.3348,0.2687,0.3965,A,,
2223,2022-10-29,Crystal Palace,Southampton,H,No external context supplied,0.0,0.0,0.5,0.5,0.4235,0.2834,0.2932,H,,
2223,2022-10-29,Fulham,Everton,D,No external context supplied,0.0,0.0,0.5,0.5,0.3033,0.2909,0.4058,A,,
2223,2022-10-29,Leicester,Man City,A,No external context supplied,1.0,1.0,0.5,0.5,0.1128,0.1133,0.7739,A,,
2223,2022-10-29,Liverpool,Leeds,A,No external context supplied,1.0,0.0,0.5,0.5,0.893,0.0639,0.0431,H,H,0.112
2223,2022-10-29,Newcastle,Aston Villa,H,No external context supplied,0.0,0.0,0.5,0.5,0.4594,0.3084,0.2321,H,,
2223,2022-10-30,Arsenal,Nott'm Forest,H,No external context supplied,1.0,0.0,0.5,0.5,0.7428,0.1637,0.0936,H,,
2223,2022-10-30,Man United,West Ham,H,No external context supplied,1.0,0.0,0.5,0.5,0.5846,0.1983,0.2171,H,,
2223,2022-11-05,Everton,Leicester,A,No external context supplied,0.0,1.0,0.5,0.5,0.3117,0.2886,0.3998,A,,
2223,2022-11-05,Leeds,Bournemouth,H,No external context supplied,0.0,0.0,0.5,0.5,0.5817,0.2305,0.1878,H,,
2223,2022-11-05,Man City,Fulham,H,No external context supplied,1.0,0.0,0.5,0.5,0.752,0.1163,0.1317,H,,
2223,2022-11-05,Nott'm Forest,Brentford,D,No external context supplied,0.0,0.0,0.5,0.5,0.3404,0.2622,0.3974,A,,
2223,2022-11-05,Wolves,Brighton,A,No external context supplied,0.0,0.0,0.5,0.5,0.2544,0.225,0.5206,A,,
2223,2022-11-06,Aston Villa,Man United,H,No external context supplied,0.0,1.0,0.5,0.5,0.2888,0.2597,0.4515,A,,
2223,2022-11-06,Chelsea,Arsenal,A,No external context supplied,1.0,1.0,0.5,0.5,0.4404,0.2838,0.2758,H,,
2223,2022-11-06,Southampton,Newcastle,A,No external context supplied,0.0,0.0,0.5,0.5,0.209,0.265,0.526,A,,
2223,2022-11-06,Tottenham,Liverpool,A,No external context supplied,1.0,1.0,0.5,0.5,0.3226,0.1991,0.4783,A,,
2223,2022-11-06,West Ham,Crystal Palace,A,No external context supplied,0.0,0.0,0.5,0.5,0.5173,0.2634,0.2193,H,,
2223,2022-11-12,Bournemouth,Everton,H,No external context supplied,0.0,0.0,0.5,0.5,0.2567,0.25,0.4933,A,A,0.0894
2223,2022-11-12,Liverpool,Southampton,H,No external context supplied,1.0,0.0,0.5,0.5,0.7908,0.1128,0.0964,H,,
2223,2022-11-12,Man City,Brentford,A,No external context supplied,1.0,0.0,0.5,0.5,0.8122,0.0976,0.0902,H,,
2223,2022-11-12,Newcastle,Chelsea,H,No external context supplied,0.0,1.0,0.5,0.5,0.3566,0.3232,0.3202,H,,
2223,2022-11-12,Nott'm Forest,Crystal Palace,H,No external context supplied,0.0,0.0,0.5,0.5,0.2929,0.2697,0.4375,A,,
2223,2022-11-12,Tottenham,Leeds,H,No external context supplied,1.0,0.0,0.5,0.5,0.6732,0.1643,0.1625,H,,
2223,2022-11-12,West Ham,Leicester,A,No external context supplied,0.0,1.0,0.5,0.5,0.4471,0.2678,0.2851,H,,
2223,2022-11-12,Wolves,Arsenal,A,No external context supplied,0.0,1.0,0.5,0.5,0.1706,0.2118,0.6176,A,,
2223,2022-11-13,Brighton,Aston Villa,A,No external context supplied,0.0,0.0,0.5,0.5,0.5894,0.2309,0.1798,H,,
2223,2022-11-13,Fulham,Man United,A,No external context supplied,0.0,1.0,0.5,0.5,0.1857,0.2657,0.5486,A,,
2223,2022-12-26,Arsenal,West Ham,H,No external context supplied,1.0,0.0,0.5,0.5,0.5862,0.1765,0.2373,H,,
2223,2022-12-26,Aston Villa,Liverpool,A,No external context supplied,0.0,1.0,0.5,0.5,0.1739,0.1576,0.6685,A,A,0.086
2223,2022-12-26,Brentford,Tottenham,D,No external context supplied,0.0,1.0,0.5,0.5,0.3337,0.2058,0.4606,A,,
2223,2022-12-26,Crystal Palace,Fulham,A,No external context supplied,0.0,0.0,0.5,0.5,0.3362,0.2924,0.3714,A,,
2223,2022-12-26,Everton,Wolves,A,No external context supplied,0.0,0.0,0.5,0.5,0.3721,0.2737,0.3542,H,,
2223,2022-12-26,Leicester,Newcastle,A,No external context supplied,1.0,0.0,0.5,0.5,0.2499,0.3195,0.4306,A,,
2223,2022-12-26,Southampton,Brighton,A,No external context supplied,0.0,0.0,0.5,0.5,0.2686,0.2299,0.5016,A,,
2223,2022-12-27,Chelsea,Bournemouth,H,No external context supplied,1.0,0.0,0.5,0.5,0.7654,0.1229,0.1117,H,,
2223,2022-12-27,Man United,Nott'm Forest,H,No external context supplied,1.0,0.0,0.5,0.5,0.7151,0.1932,0.0917,H,,
2223,2022-12-28,Leeds,Man City,A,No external context supplied,0.0,1.0,0.5,0.5,0.1024,0.0922,0.8054,A,,
2223,2022-12-30,Liverpool,Leicester,H,No external context supplied,1.0,1.0,0.5,0.5,0.8448,0.102,0.0532,H,,
2223,2022-12-30,West Ham,Brentford,A,No external context supplied,0.0,0.0,0.5,0.5,0.4665,0.2834,0.2502,H,,
2223,2022-12-31,Bournemouth,Crystal Palace,A,No external context supplied,0.0,0.0,0.5,0.5,0.288,0.2718,0.4402,A,,
2223,2022-12-31,Brighton,Arsenal,A,No external context supplied,0.0,1.0,0.5,0.5,0.1968,0.3029,0.5004,A,,
2223,2022-12-31,Fulham,Southampton,H,No external context supplied,0.0,0.0,0.5,0.5,0.489,0.2726,0.2384,H,,
2223,2022-12-31,Man City,Everton,D,No external context supplied,1.0,0.0,0.5,0.5,0.8271,0.084,0.0889,H,,
2223,2022-12-31,Newcastle,Leeds,D,No external context supplied,0.0,0.0,0.5,0.5,0.5985,0.2109,0.1906,H,,
2223,2022-12-31,Wolves,Man United,A,No external context supplied,0.0,1.0,0.5,0.5,0.2703,0.2775,0.4521,A,,
2223,2023-01-01,Nott'm Forest,Chelsea,D,No external context supplied,0.0,1.0,0.5,0.5,0.1376,0.1792,0.6832,A,A,0.0828
2223,2023-01-01,Tottenham,Aston Villa,A,No external context supplied,1.0,0.0,0.5,0.5,0.6898,0.1724,0.1378,H,H,0.0861
2223,2023-01-02,Brentford,Liverpool,H,No external context supplied,0.0,1.0,0.5,0.5,0.2111,0.1465,0.6423,A,,
2223,2023-01-03,Arsenal,Newcastle,D,No external context supplied,1.0,0.0,0.5,0.5,0.4334,0.2935,0.2731,H,,
2223,2023-01-03,Everton,Brighton,A,No external context supplied,0.0,0.0,0.5,0.5,0.3544,0.2309,0.4146,A,,
2223,2023-01-03,Leicester,Fulham,A,No external context supplied,1.0,0.0,0.5,0.5,0.3473,0.2861,0.3665,A,,
2223,2023-01-03,Man United,Bournemouth,H,No external context supplied,1.0,0.0,0.5,0.5,0.7481,0.1449,0.107,H,,
2223,2023-01-04,Aston Villa,Wolves,D,No external context supplied,0.0,0.0,0.5,0.5,0.4429,0.2556,0.3015,H,,
2223,2023-01-04,Crystal Palace,Tottenham,A,No external context supplied,0.0,1.0,0.5,0.5,0.2749,0.2461,0.4791,A,,
2223,2023-01-04,Leeds,West Ham,D,No external context supplied,0.0,0.0,0.5,0.5,0.3051,0.2259,0.469,A,,
2223,2023-01-04,Southampton,Nott'm Forest,A,No external context supplied,0.0,0.0,0.5,0.5,0.3968,0.3235,0.2797,H,,
2223,2023-01-05,Chelsea,Man City,A,No external context supplied,1.0,1.0,0.5,0.5,0.2311,0.1644,0.6045,A,,
2223,2023-01-12,Fulham,Chelsea,H,No external context supplied,0.0,1.0,0.5,0.5,0.1346,0.2393,0.6261,A,A,0.1329
2223,2023-01-13,Aston Villa,Leeds,H,No external context supplied,0.0,0.0,0.5,0.5,0.4306,0.2679,0.3015,H,,
2223,2023-01-14,Brentford,Bournemouth,H,No external context supplied,0.0,0.0,0.5,0.5,0.5838,0.22,0.1962,H,,
2223,2023-01-14,Brighton,Liverpool,H,No external context supplied,0.0,1.0,0.5,0.5,0.3343,0.2169,0.4487,A,,
2223,2023-01-14,Everton,Southampton,A,No external context supplied,0.0,0.0,0.5,0.5,0.4429,0.2354,0.3217,H,,
2223,2023-01-14,Man United,Man City,H,No external context supplied,1.0,1.0,0.5,0.5,0.2192,0.1815,0.5993,A,,
2223,2023-01-14,Nott'm Forest,Leicester,H,No external context supplied,0.0,1.0,0.5,0.5,0.2605,0.2555,0.484,A,A,0.087
2223,2023-01-14,Wolves,West Ham,H,No external context supplied,0.0,0.0,0.5,0.5,0.3968,0.2556,0.3476,H,,
2223,2023-01-15,Chelsea,Crystal Palace,H,No external context supplied,1.0,0.0,0.5,0.5,0.5423,0.2092,0.2485,H,,
2223,2023-01-15,Newcastle,Fulham,H,No external context supplied,0.0,0.0,0.5,0.5,0.6207,0.2218,0.1575,H,,
2223,2023-01-15,Tottenham,Arsenal,A,No external context supplied,1.0,1.0,0.5,0.5,0.3443,0.2656,0.3901,A,,
2223,2023-01-18,Crystal Palace,Man United,D,No external context supplied,0.0,1.0,0.5,0.5,0.1912,0.2715,0.5373,A,,
2223,2023-01-19,Man City,Tottenham,H,No external context supplied,1.0,1.0,0.5,0.5,0.7519,0.1081,0.14,H,,
2223,2023-01-21,Bournemouth,Nott'm Forest,D,No external context supplied,0.0,0.0,0.5,0.5,0.3012,0.3138,0.385,A,,
2223,2023-01-21,Crystal Palace,Newcastle,D,No external context supplied,0.0,0.0,0.5,0.5,0.1883,0.2772,0.5345,A,,
2223,2023-01-21,Leicester,Brighton,D,No external context supplied,1.0,0.0,0.5,0.5,0.2632,0.2147,0.5221,A,,
2223,2023-01-21,Liverpool,Chelsea,D,No external context supplied,1.0,1.0,0.5,0.5,0.5584,0.1811,0.2605,H,,
2223,2023-01-21,Southampton,Aston Villa,A,No external context supplied,0.0,0.0,0.5,0.5,0.2993,0.2898,0.4109,A,,
2223,2023-01-21,West Ham,Everton,H,No external context supplied,0.0,0.0,0.5,0.5,0.5532,0.219,0.2278,H,,
2223,2023-01-22,Arsenal,Man United,H,No external context supplied,1.0,1.0,0.5,0.5,0.5028,0.256,0.2411,H,,
2223,2023-01-22,Leeds,Brentford,D,No external context supplied,0.0,0.0,0.5,0.5,0.4059,0.2492,0.3449,H,,
2223,2023-01-22,Man City,Wolves,H,No external context supplied,1.0,0.0,0.5,0.5,0.7756,0.096,0.1284,H,,
2223,2023-01-23,Fulham,Tottenham,A,No external context supplied,0.0,1.0,0.5,0.5,0.1954,0.2153,0.5893,A,A,0.1005
2223,2023-02-03,Chelsea,Fulham,D,No external context supplied,1.0,0.0,0.5,0.5,0.696,0.1903,0.1137,H,,
2223,2023-02-04,Aston Villa,Leicester,A,No external context supplied,0.0,1.0,0.5,0.5,0.368,0.2787,0.3532,H,,
2223,2023-02-04,Brentford,Southampton,H,No external context supplied,0.0,0.0,0.5,0.5,0.5575,0.2187,0.2238,H,,
2223,2023-02-04,Brighton,Bournemouth,H,No external context supplied,0.0,0.0,0.5,0.5,0.6694,0.1758,0.1548,H,,
2223,2023-02-04,Everton,Arsenal,H,No external context supplied,0.0,1.0,0.5,0.5,0.1388,0.1609,0.7004,A,,
2223,2023-02-04,Man United,Crystal Palace,H,No external context supplied,1.0,0.0,0.5,0.5,0.7138,0.1772,0.109,H,,
2223,2023-02-04,Newcastle,West Ham,D,No external context supplied,0.0,0.0,0.5,0.5,0.5551,0.1917,0.2532,H,,
2223,2023-02-04,Wolves,Liverpool,H,No external context supplied,0.0,1.0,0.5,0.5,0.2636,0.225,0.5114,A,,
2223,2023-02-05,Nott'm Forest,Leeds,H,No external context supplied,1.0,0.0,0.5,0.5,0.2241,0.2386,0.5373,A,A,0.1312
2223,2023-02-05,Tottenham,Man City,H,No external context supplied,1.0,1.0,0.5,0.5,0.2592,0.1503,0.5905,A,,
2223,2023-02-08,Man United,Leeds,D,No external context supplied,1.0,0.0,0.5,0.5,0.5749,0.1761,0.2491,H,,
2223,2023-02-11,Arsenal,Brentford,D,No external context supplied,1.0,0.0,0.5,0.5,0.5458,0.2055,0.2488,H,,
2223,2023-02-11,Bournemouth,Newcastle,D,No external context supplied,0.0,0.0,0.5,0.5,0.1461,0.2062,0.6477,A,,
2223,2023-02-11,Crystal Palace,Brighton,D,No external context supplied,0.0,0.0,0.5,0.5,0.2442,0.2384,0.5174,A,,
2223,2023-02-11,Fulham,Nott'm Forest,H,No external context supplied,0.0,1.0,0.5,0.5,0.3675,0.3317,0.3008,H,,
2223,2023-02-11,Leicester,Tottenham,H,No external context supplied,1.0,1.0,0.5,0.5,0.3616,0.2178,0.4207,A,,
2223,2023-02-11,Southampton,Wolves,A,No external context supplied,0.0,0.0,0.5,0.5,0.2853,0.3243,0.3903,A,,
2223,2023-02-11,West Ham,Chelsea,D,No external context supplied,0.0,1.0,0.5,0.5,0.316,0.2978,0.3862,A,,
2223,2023-02-12,Leeds,Man United,A,No external context supplied,0.0,1.0,0.5,0.5,0.2999,0.2352,0.4649,A,,
2223,2023-02-12,Man City,Aston Villa,H,No external context supplied,1.0,0.0,0.5,0.5,0.7417,0.1118,0.1465,H,,
2223,2023-02-13,Liverpool,Everton,H,No external context supplied,1.0,0.0,0.5,0.5,0.744,0.1275,0.1285,H,H,0.0843
2223,2023-02-15,Arsenal,Man City,A,No external context supplied,1.0,1.0,0.5,0.5,0.3494,0.194,0.4566,A,,
2223,2023-02-18,Aston Villa,Arsenal,A,No external context supplied,0.0,1.0,0.5,0.5,0.2238,0.2146,0.5616,A,,
2223,2023-02-18,Brentford,Crystal Palace,D,No external context supplied,0.0,0.0,0.5,0.5,0.4262,0.2732,0.3006,H,,
2223,2023-02-18,Brighton,Fulham,A,No external context supplied,0.0,0.0,0.5,0.5,0.6055,0.2694,0.125,H,,
2223,2023-02-18,Chelsea,Southampton,A,No external context supplied,1.0,0.0,0.5,0.5,0.7641,0.1222,0.1137,H,,
2223,2023-02-18,Everton,Leeds,H,No external context supplied,0.0,0.0,0.5,0.5,0.2954,0.2745,0.43,A,,
2223,2023-02-18,Newcastle,Liverpool,A,No external context supplied,0.0,1.0,0.5,0.5,0.4449,0.2059,0.3492,H,,
2223,2023-02-18,Nott'm Forest,Man City,D,No external context supplied,1.0,1.0,0.5,0.5,0.0715,0.0679,0.8607,A,A,0.0918
2223,2023-02-18,Wolves,Bournemouth,A,No external context supplied,0.0,0.0,0.5,0.5,0.4024,0.2803,0.3173,H,A,0.1031
2223,2023-02-19,Man United,Leicester,H,No external context supplied,1.0,1.0,0.5,0.5,0.669,0.1984,0.1326,H,,
2223,2023-02-19,Tottenham,West Ham,H,No external context supplied,1.0,0.0,0.5,0.5,0.5629,0.1989,0.2382,H,,
2223,2023-02-24,Fulham,Wolves,D,No external context supplied,0.0,0.0,0.5,0.5,0.2574,0.3198,0.4228,A,,
2223,2023-02-25,Bournemouth,Man City,A,No external context supplied,0.0,1.0,0.5,0.5,0.0874,0.0979,0.8147,A,,
2223,2023-02-25,Crystal Palace,Liverpool,D,No external context supplied,0.0,1.0,0.5,0.5,0.3209,0.2082,0.4709,A,H,0.084
2223,2023-02-25,Everton,Aston Villa,A,No external context supplied,0.0,0.0,0.5,0.5,0.3814,0.3281,0.2905,H,,
2223,2023-02-25,Leeds,Southampton,H,No external context supplied,0.0,0.0,0.5,0.5,0.5496,0.2348,0.2156,H,,
2223,2023-02-25,Leicester,Arsenal,A,No external context supplied,1.0,1.0,0.5,0.5,0.2366,0.2335,0.5299,A,,
2223,2023-02-25,West Ham,Nott'm Forest,H,No external context supplied,0.0,1.0,0.5,0.5,0.5509,0.3613,0.0878,H,,
2223,2023-02-26,Tottenham,Chelsea,H,No external context supplied,1.0,1.0,0.5,0.5,0.336,0.315,0.349,A,,
2223,2023-03-01,Arsenal,Everton,H,No external context supplied,1.0,0.0,0.5,0.5,0.8223,0.1095,0.0681,H,H,0.0835
2223,2023-03-01,Liverpool,Wolves,H,No external context supplied,1.0,0.0,0.5,0.5,0.717,0.1564,0.1266,H,,
2223,2023-03-04,Arsenal,Bournemouth,H,No external context supplied,1.0,0.0,0.5,0.5,0.7596,0.1338,0.1065,H,,
2223,2023-03-04,Aston Villa,Crystal Palace,H,No external context supplied,0.0,0.0,0.5,0.5,0.3491,0.2638,0.3871,A,A,0.1006
2223,2023-03-04,Brighton,West Ham,H,No external context supplied,0.0,0.0,0.5,0.5,0.6036,0.1996,0.1968,H,,
2223,2023-03-04,Chelsea,Leeds,H,No external context supplied,1.0,0.0,0.5,0.5,0.7051,0.166,0.1289,H,H,0.0854
2223,2023-03-04,Man City,Newcastle,H,No external context supplied,1.0,0.0,0.5,0.5,0.7076,0.1471,0.1453,H,,
2223,2023-03-04,Southampton,Leicester,H,No external context supplied,0.0,1.0,0.5,0.5,0.3187,0.3055,0.3758,A,,
2223,2023-03-04,Wolves,Tottenham,H,No external context supplied,0.0,1.0,0.5,0.5,0.2639,0.3095,0.4266,A,,
2223,2023-03-05,Liverpool,Man United,H,No external context supplied,1.0,1.0,0.5,0.5,0.4467,0.2706,0.2828,H,,
2223,2023-03-05,Nott'm Forest,Everton,D,No external context supplied,1.0,0.0,0.5,0.5,0.2809,0.2193,0.4997,A,A,0.1228
2223,2023-03-06,Brentford,Fulham,H,No external context supplied,0.0,0.0,0.5,0.5,0.4339,0.2775,0.2886,H,,
2223,2023-03-11,Bournemouth,Liverpool,H,No external context supplied,0.0,1.0,0.5,0.5,0.1401,0.1484,0.7115,A,,
2223,2023-03-11,Crystal Palace,Man City,A,No external context supplied,0.0,1.0,0.5,0.5,0.14,0.1308,0.7292,A,,
2223,2023-03-11,Everton,Brentford,H,No external context supplied,0.0,0.0,0.5,0.5,0.2936,0.3478,0.3586,A,,
2223,2023-03-11,Leeds,Brighton,D,No external context supplied,0.0,0.0,0.5,0.5,0.1817,0.2404,0.5778,A,,
2223,2023-03-11,Leicester,Chelsea,A,No external context supplied,1.0,1.0,0.5,0.5,0.2745,0.2821,0.4435,A,,
2223,2023-03-11,Tottenham,Nott'm Forest,H,No external context supplied,1.0,1.0,0.5,0.5,0.6617,0.2225,0.1158,H,,
2223,2023-03-12,Fulham,Arsenal,A,No external context supplied,0.0,1.0,0.5,0.5,0.158,0.2204,0.6215,A,,
2223,2023-03-12,Man United,Southampton,D,No external context supplied,1.0,0.0,0.5,0.5,0.8195,0.1214,0.0592,H,,
2223,2023-03-12,Newcastle,Wolves,H,No external context supplied,0.0,0.0,0.5,0.5,0.6302,0.1992,0.1707,H,,
2223,2023-03-12,West Ham,Aston Villa,D,No external context supplied,0.0,0.0,0.5,0.5,0.4553,0.2438,0.301,H,,
2223,2023-03-15,Brighton,Crystal Palace,H,No external context supplied,0.0,0.0,0.5,0.5,0.7051,0.1879,0.107,H,,
2223,2023-03-15,Southampton,Brentford,A,No external context supplied,0.0,0.0,0.5,0.5,0.1921,0.3184,0.4896,A,,
2223,2023-03-17,Nott'm Forest,Newcastle,A,No external context supplied,1.0,0.0,0.5,0.5,0.141,0.1527,0.7063,A,A,0.0936
2223,2023-03-18,Aston Villa,Bournemouth,H,No external context supplied,0.0,0.0,0.5,0.5,0.5447,0.2608,0.1945,H,,
2223,2023-03-18,Brentford,Leicester,D,No external context supplied,0.0,1.0,0.5,0.5,0.5034,0.2311,0.2656,H,,
2223,2023-03-18,Chelsea,Everton,D,No external context supplied,1.0,0.0,0.5,0.5,0.7064,0.1776,0.1161,H,,
2223,2023-03-18,Southampton,Tottenham,D,No external context supplied,0.0,1.0,0.5,0.5,0.1852,0.2495,0.5653,A,,
2223,2023-03-18,Wolves,Leeds,A,No external context supplied,0.0,0.0,0.5,0.5,0.3419,0.2981,0.36,A,,
2223,2023-03-19,Arsenal,Crystal Palace,H,No external context supplied,1.0,0.0,0.5,0.5,0.6898,0.152,0.1582,H,,
2223,2023-04-01,Arsenal,Leeds,H,No external context supplied,1.0,0.0,0.5,0.5,0.731,0.1621,0.1069,H,,
2223,2023-04-01,Bournemouth,Fulham,H,No external context supplied,0.0,0.0,0.5,0.5,0.3001,0.3109,0.389,A,,
2223,2023-04-01,Brighton,Brentford,D,No external context supplied,0.0,0.0,0.5,0.5,0.5223,0.2609,0.2168,H,,
2223,2023-04-01,Chelsea,Aston Villa,A,No external context supplied,1.0,0.0,0.5,0.5,0.6385,0.2011,0.1604,H,,
2223,2023-04-01,Crystal Palace,Leicester,H,No external context supplied,0.0,1.0,0.5,0.5,0.4505,0.2626,0.2868,H,,
2223,2023-04-01,Man City,Liverpool,H,No external context supplied,1.0,1.0,0.5,0.5,0.669,0.1512,0.1798,H,,
2223,2023-04-01,Nott'm Forest,Wolves,D,No external context supplied,1.0,0.0,0.5,0.5,0.2318,0.2517,0.5165,A,A,0.1068
2223,2023-04-02,Newcastle,Man United,H,No external context supplied,0.0,1.0,0.5,0.5,0.4668,0.2428,0.2904,H,,
2223,2023-04-02,West Ham,Southampton,H,No external context supplied,0.0,0.0,0.5,0.5,0.5454,0.2681,0.1866,H,,
2223,2023-04-03,Everton,Tottenham,D,No external context supplied,0.0,1.0,0.5,0.5,0.2668,0.2746,0.4585,A,,
2223,2023-04-04,Bournemouth,Brighton,A,No external context supplied,0.0,0.0,0.5,0.5,0.1132,0.171,0.7157,A,,
2223,2023-04-04,Chelsea,Liverpool,D,No external context supplied,1.0,1.0,0.5,0.5,0.453,0.2232,0.3239,H,,
2223,2023-04-04,Leeds,Nott'm Forest,H,No external context supplied,0.0,1.0,0.5,0.5,0.5036,0.3351,0.1614,H,,
2223,2023-04-04,Leicester,Aston Villa,A,No external context supplied,1.0,0.0,0.5,0.5,0.3957,0.2922,0.3121,H,,
2223,2023-04-05,Man United,Brentford,H,No external context supplied,1.0,0.0,0.5,0.5,0.622,0.2062,0.1718,H,,
2223,2023-04-05,West Ham,Newcastle,A,No external context supplied,0.0,0.0,0.5,0.5,0.2997,0.2521,0.4481,A,,
2223,2023-04-08,Aston Villa,Nott'm Forest,H,No external context supplied,0.0,1.0,0.5,0.5,0.5434,0.2983,0.1583,H,,
2223,2023-04-08,Brentford,Newcastle,A,No external context supplied,0.0,0.0,0.5,0.5,0.2876,0.2125,0.4999,A,,
2223,2023-04-08,Fulham,West Ham,A,No external context supplied,0.0,0.0,0.5,0.5,0.3116,0.2629,0.4254,A,,
2223,2023-04-08,Leicester,Bournemouth,A,No external context supplied,1.0,0.0,0.5,0.5,0.53,0.2417,0.2284,H,,
2223,2023-04-08,Man United,Everton,H,No external context supplied,1.0,0.0,0.5,0.5,0.6454,0.1945,0.1601,H,,
2223,2023-04-08,Southampton,Man City,A,No external context supplied,0.0,1.0,0.5,0.5,0.097,0.1189,0.7842,A,,
2223,2023-04-08,Tottenham,Brighton,H,No external context supplied,1.0,0.0,0.5,0.5,0.3844,0.2785,0.3372,H,,
2223,2023-04-08,Wolves,Chelsea,H,No external context supplied,0.0,1.0,0.5,0.5,0.2071,0.2712,0.5217,A,,
2223,2023-04-09,Leeds,Crystal Palace,A,No external context supplied,0.0,0.0,0.5,0.5,0.4125,0.2621,0.3254,H,,
2223,2023-04-09,Liverpool,Arsenal,D,No external context supplied,1.0,1.0,0.5,0.5,0.442,0.2248,0.3332,H,,
2223,2023-04-15,Aston Villa,Newcastle,H,No external context supplied,0.0,0.0,0.5,0.5,0.2559,0.291,0.4531,A,,
2223,2023-04-15,Chelsea,Brighton,A,No external context supplied,1.0,0.0,0.5,0.5,0.3923,0.2515,0.3563,H,,
2223,2023-04-15,Everton,Fulham,A,No external context supplied,0.0,0.0,0.5,0.5,0.4109,0.3039,0.2851,H,,
2223,2023-04-15,Man City,Leicester,H,No external context supplied,1.0,1.0,0.5,0.5,0.8753,0.0741,0.0505,H,,
2223,2023-04-15,Southampton,Crystal Palace,A,No external context supplied,0.0,0.0,0.5,0.5,0.3251,0.2717,0.4031,A,,
2223,2023-04-15,Tottenham,Bournemouth,A,No external context supplied,1.0,0.0,0.5,0.5,0.6979,0.1744,0.1277,H,,
2223,2023-04-15,Wolves,Brentford,H,No external context supplied,0.0,0.0,0.5,0.5,0.2437,0.2917,0.4645,A,A,0.1036
2223,2023-04-16,Nott'm Forest,Man United,A,No external context supplied,1.0,1.0,0.5,0.5,0.219,0.1861,0.5949,A,,
2223,2023-04-16,West Ham,Arsenal,D,No external context supplied,0.0,1.0,0.5,0.5,0.2034,0.2052,0.5914,A,,
2223,2023-04-17,Leeds,Liverpool,A,No external context supplied,0.0,1.0,0.5,0.5,0.1624,0.1544,0.6832,A,A,0.0936
2223,2023-04-21,Arsenal,Southampton,D,No external context supplied,1.0,0.0,0.5,0.5,0.7928,0.1214,0.0858,H,,
2223,2023-04-22,Brentford,Aston Villa,D,No external context supplied,0.0,0.0,0.5,0.5,0.3682,0.2452,0.3866,A,,
2223,2023-04-22,Crystal Palace,Everton,D,No external context supplied,0.0,0.0,0.5,0.5,0.4633,0.2998,0.2369,H,,
2223,2023-04-22,Fulham,Leeds,H,No external context supplied,0.0,0.0,0.5,0.5,0.4414,0.2217,0.3369,H,,
2223,2023-04-22,Leicester,Wolves,H,No external context supplied,1.0,0.0,0.5,0.5,0.4436,0.2849,0.2715,H,,
2223,2023-04-22,Liverpool,Nott'm Forest,H,No external context supplied,1.0,1.0,0.5,0.5,0.8655,0.098,0.0365,H,,
2223,2023-04-23,Bournemouth,West Ham,A,No external context supplied,0.0,0.0,0.5,0.5,0.2522,0.2875,0.4603,A,,
2223,2023-04-23,Newcastle,Tottenham,H,No external context supplied,0.0,1.0,0.5,0.5,0.4686,0.2535,0.2779,H,,
2223,2023-04-25,Aston Villa,Fulham,H,No external context supplied,0.0,0.0,0.5,0.5,0.4683,0.2665,0.2652,H,,
2223,2023-04-25,Leeds,Leicester,D,No external context supplied,0.0,1.0,0.5,0.5,0.4038,0.2316,0.3646,H,,
2223,2023-04-25,Wolves,Crystal Palace,H,No external context supplied,0.0,0.0,0.5,0.5,0.3752,0.3355,0.2893,H,,
2223,2023-04-26,Chelsea,Brentford,A,No external context supplied,1.0,0.0,0.5,0.5,0.6034,0.1716,0.225,H,,
2223,2023-04-26,Man City,Arsenal,H,No external context supplied,1.0,1.0,0.5,0.5,0.6053,0.1652,0.2295,H,,
2223,2023-04-26,Nott'm Forest,Brighton,H,No external context supplied,1.0,0.0,0.5,0.5,0.142,0.1842,0.6738,A,,
2223,2023-04-26,West Ham,Liverpool,A,No external context supplied,0.0,1.0,0.5,0.5,0.2291,0.2513,0.5196,A,,
2223,2023-04-27,Everton,Newcastle,A,No external context supplied,0.0,0.0,0.5,0.5,0.2733,0.2449,0.4818,A,,
2223,2023-04-27,Southampton,Bournemouth,A,No external context supplied,0.0,0.0,0.5,0.5,0.3974,0.2829,0.3197,H,,
2223,2023-04-27,Tottenham,Man United,D,No external context supplied,1.0,1.0,0.5,0.5,0.4708,0.2526,0.2765,H,H,0.0914
2223,2023-04-29,Brentford,Nott'm Forest,H,No external context supplied,0.0,1.0,0.5,0.5,0.5853,0.21,0.2047,H,,
2223,2023-04-29,Brighton,Wolves,H,No external context supplied,0.0,0.0,0.5,0.5,0.5618,0.2162,0.222,H,,
2223,2023-04-29,Crystal Palace,West Ham,H,No external context supplied,0.0,0.0,0.5,0.5,0.368,0.2937,0.3383,H,,
2223,2023-04-30,Bournemouth,Leeds,H,No external context supplied,0.0,0.0,0.5,0.5,0.3908,0.2582,0.351,H,,
2223,2023-04-30,Fulham,Man City,A,No external context supplied,0.0,1.0,0.5,0.5,0.0745,0.0985,0.827,A,,
2223,2023-04-30,Liverpool,Tottenham,H,No external context supplied,1.0,1.0,0.5,0.5,0.7428,0.1435,0.1137,H,H,0.0847
2223,2023-04-30,Man United,Aston Villa,H,No external context supplied,1.0,0.0,0.5,0.5,0.5503,0.2792,0.1706,H,,
2223,2023-04-30,Newcastle,Southampton,H,No external context supplied,0.0,0.0,0.5,0.5,0.7694,0.149,0.0816,H,,
2223,2023-05-01,Leicester,Everton,D,No external context supplied,1.0,0.0,0.5,0.5,0.5484,0.241,0.2106,H,,
2223,2023-05-02,Arsenal,Chelsea,H,No external context supplied,1.0,1.0,0.5,0.5,0.6894,0.149,0.1615,H,,
2223,2023-05-03,Liverpool,Fulham,H,No external context supplied,1.0,0.0,0.5,0.5,0.7621,0.1353,0.1026,H,,
2223,2023-05-03,Man City,West Ham,H,No external context supplied,1.0,0.0,0.5,0.5,0.8536,0.0862,0.0602,H,,
2223,2023-05-04,Brighton,Man United,H,No external context supplied,0.0,1.0,0.5,0.5,0.4076,0.2829,0.3095,H,,
2223,2023-05-06,Bournemouth,Chelsea,A,No external context supplied,0.0,1.0,0.5,0.5,0.191,0.2534,0.5556,A,A,0.0814
2223,2023-05-06,Liverpool,Brentford,H,No external context supplied,1.0,0.0,0.5,0.5,0.7206,0.1687,0.1107,H,,
2223,2023-05-06,Man City,Leeds,H,No external context supplied,1.0,0.0,0.5,0.5,0.8753,0.0701,0.0546,H,,
2223,2023-05-06,Tottenham,Crystal Palace,H,No external context supplied,1.0,0.0,0.5,0.5,0.6191,0.1901,0.1909,H,,
2223,2023-05-06,Wolves,Aston Villa,H,No external context supplied,0.0,0.0,0.5,0.5,0.2311,0.3185,0.4504,A,,
2223,2023-05-07,Newcastle,Arsenal,A,No external context supplied,0.0,1.0,0.5,0.5,0.3664,0.2746,0.359,H,,
2223,2023-05-07,West Ham,Man United,H,No external context supplied,0.0,1.0,0.5,0.5,0.3257,0.287,0.3873,A,,
2223,2023-05-08,Brighton,Everton,A,No external context supplied,0.0,0.0,0.5,0.5,0.6609,0.1777,0.1614,H,,
2223,2023-05-08,Fulham,Leicester,H,No external context supplied,0.0,1.0,0.5,0.5,0.2745,0.2883,0.4372,A,,
2223,2023-05-08,Nott'm Forest,Southampton,H,No external context supplied,1.0,0.0,0.5,0.5,0.386,0.2293,0.3847,H,,
2223,2023-05-13,Aston Villa,Tottenham,H,No external context supplied,0.0,1.0,0.5,0.5,0.4109,0.2203,0.3687,H,,
2223,2023-05-13,Chelsea,Nott'm Forest,D,No external context supplied,1.0,1.0,0.5,0.5,0.6654,0.2059,0.1287,H,,
2223,2023-05-13,Crystal Palace,Bournemouth,H,No external context supplied,0.0,0.0,0.5,0.5,0.5639,0.2618,0.1744,H,,
2223,2023-05-13,Leeds,Newcastle,D,No external context supplied,0.0,0.0,0.5,0.5,0.223,0.1798,0.5972,A,,
2223,2023-05-13,Man United,Wolves,H,No external context supplied,1.0,0.0,0.5,0.5,0.7427,0.1576,0.0997,H,,
2223,2023-05-13,Southampton,Fulham,A,No external context supplied,0.0,0.0,0.5,0.5,0.362,0.2813,0.3567,H,,
2223,2023-05-14,Arsenal,Brighton,A,No external context supplied,1.0,0.0,0.5,0.5,0.6927,0.1567,0.1506,H,H,0.1081
2223,2023-05-14,Brentford,West Ham,H,No external context supplied,0.0,0.0,0.5,0.5,0.5416,0.189,0.2694,H,,
2223,2023-05-14,Everton,Man City,A,No external context supplied,0.0,1.0,0.5,0.5,0.1421,0.1637,0.6942,A,,
2223,2023-05-15,Leicester,Liverpool,A,No external context supplied,1.0,1.0,0.5,0.5,0.2879,0.202,0.5101,A,,
2223,2023-05-18,Newcastle,Brighton,H,No external context supplied,0.0,0.0,0.5,0.5,0.5597,0.2393,0.201,H,,
2223,2023-05-20,Bournemouth,Man United,A,No external context supplied,0.0,1.0,0.5,0.5,0.1317,0.1904,0.6779,A,,
2223,2023-05-20,Fulham,Crystal Palace,D,No external context supplied,0.0,0.0,0.5,0.5,0.3101,0.2848,0.4051,A,,
2223,2023-05-20,Liverpool,Aston Villa,D,No external context supplied,1.0,0.0,0.5,0.5,0.6419,0.1888,0.1693,H,,
2223,2023-05-20,Nott'm Forest,Arsenal,H,No external context supplied,1.0,1.0,0.5,0.5,0.1679,0.1454,0.6867,A,,
2223,2023-05-20,Tottenham,Brentford,A,No external context supplied,1.0,0.0,0.5,0.5,0.5627,0.2105,0.2268,H,,
2223,2023-05-20,Wolves,Everton,D,No external context supplied,0.0,0.0,0.5,0.5,0.2801,0.2746,0.4452,A,,
2223,2023-05-21,Brighton,Southampton,H,No external context supplied,0.0,0.0,0.5,0.5,0.7751,0.129,0.0959,H,,
2223,2023-05-21,Man City,Chelsea,H,No external context supplied,1.0,1.0,0.5,0.5,0.4524,0.1434,0.4042,H,A,0.2305
2223,2023-05-21,West Ham,Leeds,H,No external context supplied,0.0,0.0,0.5,0.5,0.3802,0.2266,0.3932,A,,
2223,2023-05-22,Newcastle,Leicester,D,No external context supplied,0.0,1.0,0.5,0.5,0.7624,0.1596,0.078,H,,
2223,2023-05-24,Brighton,Man City,D,No external context supplied,0.0,1.0,0.5,0.5,0.2079,0.1772,0.6149,A,,
2223,2023-05-25,Man United,Chelsea,H,No external context supplied,1.0,1.0,0.5,0.5,0.6341,0.1956,0.1703,H,,
2223,2023-05-28,Arsenal,Wolves,H,No external context supplied,1.0,0.0,0.5,0.5,0.8518,0.1025,0.0457,H,H,0.1102
2223,2023-05-28,Aston Villa,Brighton,H,No external context supplied,0.0,0.0,0.5,0.5,0.5137,0.1876,0.2988,H,,
2223,2023-05-28,Brentford,Man City,H,No external context supplied,0.0,1.0,0.5,0.5,0.1739,0.1582,0.6679,A,A,0.1113
2223,2023-05-28,Chelsea,Newcastle,D,No external context supplied,1.0,0.0,0.5,0.5,0.3876,0.239,0.3733,H,,
2223,2023-05-28,Crystal Palace,Nott'm Forest,D,No external context supplied,0.0,1.0,0.5,0.5,0.5564,0.3178,0.1258,H,,
2223,2023-05-28,Everton,Bournemouth,H,No external context supplied,0.0,0.0,0.5,0.5,0.5694,0.2295,0.2011,H,,
2223,2023-05-28,Leeds,Tottenham,A,No external context supplied,0.0,1.0,0.5,0.5,0.4424,0.2061,0.3515,H,,
2223,2023-05-28,Leicester,West Ham,H,No external context supplied,1.0,0.0,0.5,0.5,0.6086,0.1936,0.1979,H,H,0.0829
2223,2023-05-28,Man United,Fulham,H,No external context supplied,1.0,0.0,0.5,0.5,0.6074,0.223,0.1696,H,,
2223,2023-05-28,Southampton,Liverpool,D,No external context supplied,0.0,1.0,0.5,0.5,0.1573,0.1764,0.6663,A,,
2324,2023-08-11,Burnley,Man City,A,No external context supplied,0.0,1.0,0.5,0.5,0.0835,0.1329,0.7836,A,,
2324,2023-08-12,Arsenal,Nott'm Forest,H,No external context supplied,1.0,1.0,0.5,0.5,0.856,0.0966,0.0474,H,,
2324,2023-08-12,Bournemouth,West Ham,D,No external context supplied,0.0,0.0,0.5,0.5,0.2462,0.2608,0.493,A,A,0.093
2324,2023-08-12,Brighton,Luton,H,No external context supplied,0.0,0.0,0.5,0.5,0.7076,0.2162,0.0762,H,,
2324,2023-08-12,Everton,Fulham,A,No external context supplied,0.0,0.0,0.5,0.5,0.3873,0.2914,0.3212,H,,
2324,2023-08-12,Newcastle,Aston Villa,H,No external context supplied,0.0,0.0,0.5,0.5,0.5762,0.2604,0.1635,H,,
2324,2023-08-12,Sheffield United,Crystal Palace,A,No external context supplied,0.0,0.0,0.5,0.5,0.1621,0.3075,0.5304,A,A,0.0957
2324,2023-08-13,Brentford,Tottenham,D,No external context supplied,0.0,1.0,0.5,0.5,0.4553,0.1934,0.3513,H,,
2324,2023-08-13,Chelsea,Liverpool,D,No external context supplied,1.0,1.0,0.5,0.5,0.3608,0.2882,0.351,H,,
2324,2023-08-14,Man United,Wolves,H,No external context supplied,1.0,0.0,0.5,0.5,0.7388,0.1642,0.097,H,,
2324,2023-08-18,Nott'm Forest,Sheffield United,H,No external context supplied,1.0,0.0,0.5,0.5,0.4834,0.2868,0.2298,H,,
2324,2023-08-19,Fulham,Brentford,A,No external context supplied,0.0,0.0,0.5,0.5,0.2764,0.2251,0.4985,A,A,0.0962
2324,2023-08-19,Liverpool,Bournemouth,H,No external context supplied,1.0,0.0,0.5,0.5,0.808,0.1262,0.0658,H,,
2324,2023-08-19,Man City,Newcastle,H,No external context supplied,1.0,0.0,0.5,0.5,0.6118,0.1692,0.2189,H,,
2324,2023-08-19,Tottenham,Man United,H,No external context supplied,1.0,1.0,0.5,0.5,0.4506,0.2734,0.276,H,H,0.0808
2324,2023-08-19,Wolves,Brighton,A,No external context supplied,0.0,0.0,0.5,0.5,0.2204,0.2448,0.5347,A,,
2324,2023-08-20,Aston Villa,Everton,H,No external context supplied,0.0,0.0,0.5,0.5,0.4432,0.2894,0.2674,H,,
2324,2023-08-20,West Ham,Chelsea,H,No external context supplied,0.0,1.0,0.5,0.5,0.3937,0.253,0.3534,H,H,0.0949
2324,2023-08-21,Crystal Palace,Arsenal,A,No external context supplied,0.0,1.0,0.5,0.5,0.2584,0.1568,0.5849,A,,
2324,2023-08-25,Chelsea,Luton,H,No external context supplied,1.0,0.0,0.5,0.5,0.9056,0.0754,0.019,H,H,0.1146
2324,2023-08-26,Arsenal,Fulham,D,No external context supplied,1.0,0.0,0.5,0.5,0.7392,0.1438,0.117,H,,
2324,2023-08-26,Bournemouth,Tottenham,A,No external context supplied,0.0,1.0,0.5,0.5,0.29,0.2017,0.5083,A,,
2324,2023-08-26,Brentford,Crystal Palace,D,No external context supplied,0.0,0.0,0.5,0.5,0.4253,0.3016,0.2731,H,,
2324,2023-08-26,Brighton,West Ham,A,No external context supplied,0.0,0.0,0.5,0.5,0.601,0.2315,0.1674,H,,
2324,2023-08-26,Everton,Wolves,A,No external context supplied,0.0,0.0,0.5,0.5,0.3836,0.2892,0.3272,H,,
2324,2023-08-26,Man United,Nott'm Forest,H,No external context supplied,1.0,1.0,0.5,0.5,0.692,0.1777,0.1303,H,,
2324,2023-08-27,Burnley,Aston Villa,A,No external context supplied,0.0,0.0,0.5,0.5,0.2699,0.227,0.503,A,,
2324,2023-08-27,Newcastle,Liverpool,A,No external context supplied,0.0,1.0,0.5,0.5,0.446,0.286,0.268,H,,
2324,2023-08-27,Sheffield United,Man City,A,No external context supplied,0.0,1.0,0.5,0.5,0.0743,0.0975,0.8282,A,,
2324,2023-09-01,Luton,West Ham,A,No external context supplied,0.0,0.0,0.5,0.5,0.2295,0.2363,0.5342,A,,
2324,2023-09-02,Brentford,Bournemouth,D,No external context supplied,0.0,0.0,0.5,0.5,0.5322,0.2303,0.2375,H,,
2324,2023-09-02,Brighton,Newcastle,H,No external context supplied,0.0,0.0,0.5,0.5,0.3533,0.2551,0.3916,A,,
2324,2023-09-02,Burnley,Tottenham,A,No external context supplied,0.0,1.0,0.5,0.5,0.2574,0.233,0.5096,A,,
2324,2023-09-02,Chelsea,Nott'm Forest,A,No external context supplied,1.0,1.0,0.5,0.5,0.7508,0.1529,0.0963,H,,
2324,2023-09-02,Man City,Fulham,H,No external context supplied,1.0,0.0,0.5,0.5,0.8282,0.0913,0.0804,H,,
2324,2023-09-02,Sheffield United,Everton,D,No external context supplied,0.0,0.0,0.5,0.5,0.2161,0.2921,0.4919,A,,
2324,2023-09-03,Arsenal,Man United,H,No external context supplied,1.0,1.0,0.5,0.5,0.6671,0.2027,0.1303,H,H,0.0895
2324,2023-09-03,Crystal Palace,Wolves,H,No external context supplied,0.0,0.0,0.5,0.5,0.5653,0.2329,0.2018,H,,
2324,2023-09-03,Liverpool,Aston Villa,H,No external context supplied,1.0,0.0,0.5,0.5,0.7046,0.1758,0.1196,H,H,0.0918
2324,2023-09-16,Aston Villa,Crystal Palace,H,No external context supplied,0.0,0.0,0.5,0.5,0.4344,0.2943,0.2713,H,,
2324,2023-09-16,Fulham,Luton,H,No external context supplied,0.0,0.0,0.5,0.5,0.7087,0.1906,0.1007,H,H,0.0985
2324,2023-09-16,Man United,Brighton,A,No external context supplied,1.0,0.0,0.5,0.5,0.5224,0.2114,0.2662,H,,
2324,2023-09-16,Newcastle,Brentford,H,No external context supplied,0.0,0.0,0.5,0.5,0.5191,0.2325,0.2483,H,,
2324,2023-09-16,Tottenham,Sheffield United,H,No external context supplied,1.0,0.0,0.5,0.5,0.7302,0.1575,0.1123,H,,
2324,2023-09-16,West Ham,Man City,A,No external context supplied,0.0,1.0,0.5,0.5,0.1824,0.1643,0.6533,A,,
2324,2023-09-16,Wolves,Liverpool,A,No external context supplied,0.0,1.0,0.5,0.5,0.2039,0.2001,0.5959,A,,
2324,2023-09-17,Bournemouth,Chelsea,D,No external context supplied,0.0,1.0,0.5,0.5,0.2287,0.2157,0.5556,A,,
2324,2023-09-17,Everton,Arsenal,A,No external context supplied,0.0,1.0,0.5,0.5,0.2015,0.1967,0.6019,A,,
2324,2023-09-18,Nott'm Forest,Burnley,D,No external context supplied,1.0,0.0,0.5,0.5,0.3903,0.2723,0.3374,H,,
2324,2023-09-23,Brentford,Everton,A,No external context supplied,0.0,0.0,0.5,0.5,0.4483,0.2383,0.3134,H,,
2324,2023-09-23,Burnley,Man United,A,No external context supplied,0.0,1.0,0.5,0.5,0.212,0.2238,0.5642,A,,
2324,2023-09-23,Crystal Palace,Fulham,D,No external context supplied,0.0,0.0,0.5,0.5,0.4299,0.2801,0.29,H,,
2324,2023-09-23,Luton,Wolves,D,No external context supplied,0.0,0.0,0.5,0.5,0.3618,0.168,0.4702,A,,
2324,2023-09-23,Man City,Nott'm Forest,H,No external context supplied,1.0,1.0,0.5,0.5,0.8806,0.0711,0.0483,H,,
2324,2023-09-24,Arsenal,Tottenham,D,No external context supplied,1.0,1.0,0.5,0.5,0.6658,0.205,0.1292,H,,
2324,2023-09-24,Brighton,Bournemouth,H,No external context supplied,0.0,0.0,0.5,0.5,0.552,0.2406,0.2074,H,,
2324,2023-09-24,Chelsea,Aston Villa,A,No external context supplied,1.0,0.0,0.5,0.5,0.6169,0.1853,0.1978,H,H,0.0823
2324,2023-09-24,Liverpool,West Ham,H,No external context supplied,1.0,0.0,0.5,0.5,0.7604,0.1512,0.0884,H,,
2324,2023-09-24,Sheffield United,Newcastle,A,No external context supplied,0.0,0.0,0.5,0.5,0.1253,0.123,0.7517,A,,
2324,2023-09-30,Aston Villa,Brighton,H,No external context supplied,0.0,0.0,0.5,0.5,0.3829,0.2459,0.3712,H,,
2324,2023-09-30,Bournemouth,Arsenal,A,No external context supplied,0.0,1.0,0.5,0.5,0.1969,0.201,0.6021,A,,
2324,2023-09-30,Everton,Luton,A,No external context supplied,0.0,0.0,0.5,0.5,0.6152,0.2515,0.1333,H,,
2324,2023-09-30,Man United,Crystal Palace,A,No external context supplied,1.0,0.0,0.5,0.5,0.5475,0.2596,0.1929,H,,
2324,2023-09-30,Newcastle,Burnley,H,No external context supplied,0.0,0.0,0.5,0.5,0.6632,0.1609,0.1759,H,,
2324,2023-09-30,Tottenham,Liverpool,H,No external context supplied,1.0,1.0,0.5,0.5,0.3825,0.2344,0.3832,A,,
2324,2023-09-30,West Ham,Sheffield United,H,No external context supplied,0.0,0.0,0.5,0.5,0.6476,0.2099,0.1425,H,,
2324,2023-09-30,Wolves,Man City,H,No external context supplied,0.0,1.0,0.5,0.5,0.1504,0.1385,0.711,A,,
2324,2023-10-01,Nott'm Forest,Brentford,D,No external context supplied,1.0,0.0,0.5,0.5,0.2985,0.2427,0.4588,A,,
2324,2023-10-02,Fulham,Chelsea,A,No external context supplied,0.0,1.0,0.5,0.5,0.2861,0.2727,0.4412,A,,
2324,2023-10-03,Luton,Burnley,A,No external context supplied,0.0,0.0,0.5,0.5,0.3869,0.2031,0.41,A,,
2324,2023-10-07,Burnley,Chelsea,A,No external context supplied,0.0,1.0,0.5,0.5,0.2183,0.2425,0.5391,A,,
2324,2023-10-07,Crystal Palace,Nott'm Forest,D,No external context supplied,0.0,1.0,0.5,0.5,0.4361,0.317,0.2469,H,,
2324,2023-10-07,Everton,Bournemouth,H,No external context supplied,0.0,0.0,0.5,0.5,0.5368,0.2289,0.2342,H,,
2324,2023-10-07,Fulham,Sheffield United,H,No external context supplied,0.0,0.0,0.5,0.5,0.6504,0.2346,0.115,H,,
2324,2023-10-07,Luton,Tottenham,A,No external context supplied,0.0,1.0,0.5,0.5,0.185,0.203,0.6121,A,,
2324,2023-10-07,Man United,Brentford,H,No external context supplied,1.0,0.0,0.5,0.5,0.5434,0.2193,0.2373,H,,
2324,2023-10-08,Arsenal,Man City,H,No external context supplied,1.0,1.0,0.5,0.5,0.4376,0.2013,0.3611,H,,
2324,2023-10-08,Brighton,Liverpool,D,No external context supplied,0.0,1.0,0.5,0.5,0.2668,0.2902,0.443,A,,
2324,2023-10-08,West Ham,Newcastle,D,No external context supplied,0.0,0.0,0.5,0.5,0.2266,0.2336,0.5397,A,,
2324,2023-10-08,Wolves,Aston Villa,D,No external context supplied,0.0,0.0,0.5,0.5,0.2727,0.2675,0.4598,A,,
2324,2023-10-21,Bournemouth,Wolves,A,No external context supplied,0.0,0.0,0.5,0.5,0.4169,0.2747,0.3084,H,,
2324,2023-10-21,Brentford,Burnley,H,No external context supplied,0.0,0.0,0.5,0.5,0.6122,0.1914,0.1964,H,,
2324,2023-10-21,Chelsea,Arsenal,D,No external context supplied,1.0,1.0,0.5,0.5,0.3446,0.2438,0.4116,A,,
2324,2023-10-21,Liverpool,Everton,H,No external context supplied,1.0,0.0,0.5,0.5,0.7127,0.1688,0.1185,H,,
2324,2023-10-21,Man City,Brighton,H,No external context supplied,1.0,0.0,0.5,0.5,0.8372,0.0963,0.0665,H,H,0.1128
2324,2023-10-21,Newcastle,Crystal Palace,H,No external context supplied,0.0,0.0,0.5,0.5,0.6261,0.2397,0.1342,H,,
2324,2023-10-21,Nott'm Forest,Luton,D,No external context supplied,1.0,0.0,0.5,0.5,0.597,0.2311,0.1719,H,,
2324,2023-10-21,Sheffield United,Man United,A,No external context supplied,0.0,1.0,0.5,0.5,0.1214,0.1766,0.7019,A,,
2324,2023-10-22,Aston Villa,West Ham,H,No external context supplied,0.0,0.0,0.5,0.5,0.5131,0.2665,0.2203,H,,
2324,2023-10-23,Tottenham,Fulham,H,No external context supplied,1.0,0.0,0.5,0.5,0.6561,0.1997,0.1442,H,,
2324,2023-10-27,Crystal Palace,Tottenham,A,No external context supplied,0.0,1.0,0.5,0.5,0.2226,0.28,0.4974,A,,
2324,2023-10-28,Arsenal,Sheffield United,H,No external context supplied,1.0,0.0,0.5,0.5,0.8527,0.0847,0.0626,H,,
2324,2023-10-28,Bournemouth,Burnley,H,No external context supplied,0.0,0.0,0.5,0.5,0.4637,0.2216,0.3147,H,,
2324,2023-10-28,Chelsea,Brentford,A,No external context supplied,1.0,0.0,0.5,0.5,0.5958,0.1919,0.2122,H,,
2324,2023-10-28,Wolves,Newcastle,D,No external context supplied,0.0,1.0,0.5,0.5,0.2876,0.2879,0.4246,A,,
2324,2023-10-29,Aston Villa,Luton,H,No external context supplied,0.0,0.0,0.5,0.5,0.6909,0.207,0.1021,H,,
2324,2023-10-29,Brighton,Fulham,D,No external context supplied,0.0,0.0,0.5,0.5,0.6107,0.2198,0.1695,H,,
2324,2023-10-29,Liverpool,Nott'm Forest,H,No external context supplied,1.0,1.0,0.5,0.5,0.8466,0.1136,0.0398,H,,
2324,2023-10-29,Man United,Man City,A,No external context supplied,1.0,1.0,0.5,0.5,0.2197,0.1683,0.612,A,,
2324,2023-10-29,West Ham,Everton,A,No external context supplied,0.0,0.0,0.5,0.5,0.4138,0.3131,0.2731,H,,
2324,2023-11-04,Brentford,West Ham,H,No external context supplied,0.0,0.0,0.5,0.5,0.4333,0.242,0.3247,H,,
2324,2023-11-04,Burnley,Crystal Palace,A,No external context supplied,0.0,0.0,0.5,0.5,0.246,0.2941,0.4598,A,,
2324,2023-11-04,Everton,Brighton,D,No external context supplied,0.0,0.0,0.5,0.5,0.3152,0.2135,0.4713,A,,
2324,2023-11-04,Fulham,Man United,A,No external context supplied,0.0,1.0,0.5,0.5,0.4077,0.2363,0.356,H,,
2324,2023-11-04,Man City,Bournemouth,H,No external context supplied,1.0,0.0,0.5,0.5,0.8914,0.0601,0.0484,H,,
2324,2023-11-04,Newcastle,Arsenal,H,No external context supplied,1.0,1.0,0.5,0.5,0.373,0.3052,0.3218,H,,
2324,2023-11-04,Sheffield United,Wolves,H,No external context supplied,0.0,0.0,0.5,0.5,0.1981,0.3399,0.462,A,,
2324,2023-11-05,Luton,Liverpool,D,No external context supplied,0.0,1.0,0.5,0.5,0.1051,0.1391,0.7558,A,,
2324,2023-11-05,Nott'm Forest,Aston Villa,H,No external context supplied,1.0,0.0,0.5,0.5,0.2358,0.2426,0.5215,A,,
2324,2023-11-06,Tottenham,Chelsea,A,No external context supplied,1.0,1.0,0.5,0.5,0.4187,0.28,0.3013,H,,
2324,2023-11-11,Arsenal,Burnley,H,No external context supplied,1.0,0.0,0.5,0.5,0.8326,0.0955,0.072,H,,
2324,2023-11-11,Bournemouth,Newcastle,H,No external context supplied,0.0,1.0,0.5,0.5,0.2468,0.2729,0.4803,A,,
2324,2023-11-11,Crystal Palace,Everton,A,No external context supplied,0.0,0.0,0.5,0.5,0.3466,0.2947,0.3587,A,,
2324,2023-11-11,Man United,Luton,H,No external context supplied,1.0,0.0,0.5,0.5,0.8062,0.1403,0.0535,H,,
2324,2023-11-11,Wolves,Tottenham,H,No external context supplied,0.0,1.0,0.5,0.5,0.3091,0.3046,0.3863,A,,
2324,2023-11-12,Aston Villa,Fulham,H,No external context supplied,0.0,0.0,0.5,0.5,0.5413,0.2201,0.2386,H,,
2324,2023-11-12,Brighton,Sheffield United,D,No external context supplied,0.0,0.0,0.5,0.5,0.7793,0.1298,0.0909,H,,
2324,2023-11-12,Chelsea,Man City,D,No external context supplied,1.0,1.0,0.5,0.5,0.2176,0.2207,0.5617,A,,
2324,2023-11-12,Liverpool,Brentford,H,No external context supplied,1.0,0.0,0.5,0.5,0.7605,0.1395,0.1,H,,
2324,2023-11-12,West Ham,Nott'm Forest,H,No external context supplied,0.0,1.0,0.5,0.5,0.5801,0.2644,0.1555,H,,
2324,2023-11-25,Brentford,Arsenal,A,No external context supplied,0.0,1.0,0.5,0.5,0.1837,0.2446,0.5717,A,,
2324,2023-11-25,Burnley,West Ham,A,No external context supplied,0.0,0.0,0.5,0.5,0.2341,0.241,0.5249,A,,
2324,2023-11-25,Luton,Crystal Palace,H,No external context supplied,0.0,0.0,0.5,0.5,0.216,0.2085,0.5755,A,A,0.0896
2324,2023-11-25,Man City,Liverpool,D,No external context supplied,1.0,1.0,0.5,0.5,0.6768,0.1798,0.1435,H,H,0.0904
2324,2023-11-25,Newcastle,Chelsea,H,No external context supplied,1.0,1.0,0.5,0.5,0.3863,0.3191,0.2946,H,,
2324,2023-11-25,Nott'm Forest,Brighton,A,No external context supplied,1.0,0.0,0.5,0.5,0.2299,0.2266,0.5435,A,,
2324,2023-11-25,Sheffield United,Bournemouth,A,No external context supplied,0.0,0.0,0.5,0.5,0.3113,0.2563,0.4324,A,,
2324,2023-11-26,Everton,Man United,A,No external context supplied,0.0,1.0,0.5,0.5,0.3623,0.2778,0.3599,H,,
2324,2023-11-26,Tottenham,Aston Villa,A,No external context supplied,1.0,0.0,0.5,0.5,0.289,0.2563,0.4547,A,A,0.0801
2324,2023-11-27,Fulham,Wolves,H,No external context supplied,0.0,0.0,0.5,0.5,0.3491,0.3288,0.3221,H,,
2324,2023-12-02,Arsenal,Wolves,H,No external context supplied,1.0,0.0,0.5,0.5,0.7925,0.1303,0.0772,H,,
2324,2023-12-02,Brentford,Luton,H,No external context supplied,0.0,0.0,0.5,0.5,0.6578,0.2152,0.1269,H,,
2324,2023-12-02,Burnley,Sheffield United,H,No external context supplied,0.0,0.0,0.5,0.5,0.5902,0.2239,0.1859,H,,
2324,2023-12-02,Newcastle,Man United,H,No external context supplied,1.0,1.0,0.5,0.5,0.5205,0.2533,0.2262,H,,
2324,2023-12-02,Nott'm Forest,Everton,A,No external context supplied,1.0,0.0,0.5,0.5,0.2704,0.2583,0.4713,A,,
2324,2023-12-03,Bournemouth,Aston Villa,D,No external context supplied,0.0,0.0,0.5,0.5,0.2417,0.257,0.5013,A,,
2324,2023-12-03,Chelsea,Brighton,H,No external context supplied,1.0,0.0,0.5,0.5,0.6234,0.2169,0.1597,H,,
2324,2023-12-03,Liverpool,Fulham,H,No external context supplied,1.0,0.0,0.5,0.5,0.8511,0.0893,0.0597,H,,
2324,2023-12-03,Man City,Tottenham,D,No external context supplied,1.0,1.0,0.5,0.5,0.8676,0.0937,0.0387,H,H,0.0916
2324,2023-12-03,West Ham,Crystal Palace,D,No external context supplied,0.0,0.0,0.5,0.5,0.5098,0.227,0.2633,H,,
2324,2023-12-05,Luton,Arsenal,A,No external context supplied,0.0,1.0,0.5,0.5,0.094,0.1366,0.7693,A,,
2324,2023-12-05,Wolves,Burnley,H,No external context supplied,0.0,0.0,0.5,0.5,0.4585,0.2712,0.2703,H,,
2324,2023-12-06,Aston Villa,Man City,H,No external context supplied,0.0,1.0,0.5,0.5,0.1983,0.2027,0.5989,A,,
2324,2023-12-06,Brighton,Brentford,H,No external context supplied,0.0,0.0,0.5,0.5,0.6755,0.1879,0.1366,H,H,0.1274
2324,2023-12-06,Crystal Palace,Bournemouth,A,No external context supplied,0.0,0.0,0.5,0.5,0.4806,0.2548,0.2646,H,,
2324,2023-12-06,Fulham,Nott'm Forest,H,No external context supplied,0.0,1.0,0.5,0.5,0.5061,0.2301,0.2637,H,,
2324,2023-12-06,Man United,Chelsea,H,No external context supplied,1.0,1.0,0.5,0.5,0.4355,0.2404,0.3241,H,,
2324,2023-12-06,Sheffield United,Liverpool,A,No external context supplied,0.0,1.0,0.5,0.5,0.1178,0.184,0.6981,A,,
2324,2023-12-07,Everton,Newcastle,H,No external context supplied,0.0,1.0,0.5,0.5,0.2379,0.3579,0.4042,A,,
2324,2023-12-07,Tottenham,West Ham,A,No external context supplied,1.0,0.0,0.5,0.5,0.6423,0.1955,0.1622,H,,
2324,2023-12-09,Aston Villa,Arsenal,H,No external context supplied,0.0,1.0,0.5,0.5,0.2665,0.2918,0.4417,A,,
2324,2023-12-09,Brighton,Burnley,D,No external context supplied,0.0,0.0,0.5,0.5,0.6805,0.1831,0.1364,H,,
2324,2023-12-09,Crystal Palace,Liverpool,A,No external context supplied,0.0,1.0,0.5,0.5,0.1702,0.2088,0.621,A,,
2324,2023-12-09,Man United,Bournemouth,A,No external context supplied,1.0,0.0,0.5,0.5,0.6143,0.1915,0.1942,H,,
2324,2023-12-09,Sheffield United,Brentford,H,No external context supplied,0.0,0.0,0.5,0.5,0.2386,0.2471,0.5143,A,,
2324,2023-12-09,Wolves,Nott'm Forest,D,No external context supplied,0.0,1.0,0.5,0.5,0.5446,0.2186,0.2368,H,,
2324,2023-12-10,Everton,Chelsea,H,No external context supplied,0.0,1.0,0.5,0.5,0.3816,0.29,0.3284,H,,
2324,2023-12-10,Fulham,West Ham,H,No external context supplied,0.0,0.0,0.5,0.5,0.4149,0.2952,0.2899,H,,
2324,2023-12-10,Luton,Man City,A,No external context supplied,0.0,1.0,0.5,0.5,0.0934,0.075,0.8316,A,,
2324,2023-12-10,Tottenham,Newcastle,H,No external context supplied,1.0,1.0,0.5,0.5,0.5094,0.2312,0.2593,H,,
2324,2023-12-15,Nott'm Forest,Tottenham,A,No external context supplied,1.0,1.0,0.5,0.5,0.183,0.1884,0.6286,A,,
2324,2023-12-16,Burnley,Everton,A,No external context supplied,0.0,0.0,0.5,0.5,0.2567,0.2917,0.4516,A,,
2324,2023-12-16,Chelsea,Sheffield United,H,No external context supplied,1.0,0.0,0.5,0.5,0.8158,0.1307,0.0535,H,,
2324,2023-12-16,Man City,Crystal Palace,D,No external context supplied,1.0,0.0,0.5,0.5,0.8933,0.0653,0.0414,H,,
2324,2023-12-16,Newcastle,Fulham,H,No external context supplied,1.0,0.0,0.5,0.5,0.4992,0.2378,0.263,H,,
2324,2023-12-17,Arsenal,Brighton,H,No external context supplied,1.0,0.0,0.5,0.5,0.7158,0.1632,0.121,H,,
2324,2023-12-17,Brentford,Aston Villa,A,No external context supplied,0.0,0.0,0.5,0.5,0.26,0.226,0.514,A,,
2324,2023-12-17,Liverpool,Man United,D,No external context supplied,1.0,1.0,0.5,0.5,0.7881,0.1182,0.0936,H,,
2324,2023-12-17,West Ham,Wolves,H,No external context supplied,0.0,0.0,0.5,0.5,0.4717,0.3226,0.2057,H,,
2324,2023-12-21,Crystal Palace,Brighton,D,No external context supplied,0.0,0.0,0.5,0.5,0.3711,0.2211,0.4077,A,,
2324,2023-12-22,Aston Villa,Sheffield United,D,No external context supplied,0.0,0.0,0.5,0.5,0.7941,0.1407,0.0651,H,,
2324,2023-12-23,Fulham,Burnley,A,No external context supplied,0.0,0.0,0.5,0.5,0.5,0.2451,0.2549,H,,
2324,2023-12-23,Liverpool,Arsenal,D,No external context supplied,1.0,1.0,0.5,0.5,0.5281,0.2227,0.2492,H,H,0.0954
2324,2023-12-23,Luton,Newcastle,H,No external context supplied,0.0,1.0,0.5,0.5,0.2111,0.1891,0.5997,A,,
2324,2023-12-23,Nott'm Forest,Bournemouth,A,No external context supplied,1.0,0.0,0.5,0.5,0.3064,0.2932,0.4004,A,,
2324,2023-12-23,Tottenham,Everton,H,No external context supplied,1.0,0.0,0.5,0.5,0.5652,0.2506,0.1842,H,,
2324,2023-12-23,West Ham,Man United,H,No external context supplied,0.0,1.0,0.5,0.5,0.4993,0.3058,0.1949,H,H,0.0947
2324,2023-12-24,Wolves,Chelsea,H,No external context supplied,0.0,1.0,0.5,0.5,0.2888,0.2589,0.4523,A,,
2324,2023-12-26,Bournemouth,Fulham,H,No external context supplied,0.0,0.0,0.5,0.5,0.4878,0.2713,0.2408,H,,
2324,2023-12-26,Burnley,Liverpool,A,No external context supplied,0.0,1.0,0.5,0.5,0.1452,0.1879,0.6669,A,,
2324,2023-12-26,Man United,Aston Villa,H,No external context supplied,1.0,0.0,0.5,0.5,0.4379,0.2632,0.2989,H,,
2324,2023-12-26,Newcastle,Nott'm Forest,A,No external context supplied,1.0,1.0,0.5,0.5,0.7763,0.1458,0.0779,H,H,0.101
2324,2023-12-26,Sheffield United,Luton,A,No external context supplied,0.0,0.0,0.5,0.5,0.3999,0.289,0.3111,H,,
2324,2023-12-27,Brentford,Wolves,A,No external context supplied,0.0,0.0,0.5,0.5,0.402,0.2348,0.3632,H,A,0.0872
2324,2023-12-27,Chelsea,Crystal Palace,H,No external context supplied,1.0,0.0,0.5,0.5,0.5593,0.2273,0.2134,H,,
2324,2023-12-27,Everton,Man City,A,No external context supplied,0.0,1.0,0.5,0.5,0.1539,0.1915,0.6546,A,,
2324,2023-12-28,Arsenal,West Ham,A,No external context supplied,1.0,0.0,0.5,0.5,0.8038,0.1321,0.0641,H,,
2324,2023-12-28,Brighton,Tottenham,H,No external context supplied,0.0,1.0,0.5,0.5,0.4883,0.249,0.2626,H,,
2324,2023-12-30,Aston Villa,Burnley,H,No external context supplied,0.0,0.0,0.5,0.5,0.648,0.1976,0.1544,H,,
2324,2023-12-30,Crystal Palace,Brentford,H,No external context supplied,0.0,0.0,0.5,0.5,0.4928,0.2306,0.2766,H,,
2324,2023-12-30,Luton,Chelsea,A,No external context supplied,0.0,1.0,0.5,0.5,0.1838,0.176,0.6402,A,,
2324,2023-12-30,Man City,Sheffield United,H,No external context supplied,1.0,0.0,0.5,0.5,0.9035,0.0629,0.0336,H,,
2324,2023-12-30,Nott'm Forest,Man United,H,No external context supplied,0.0,1.0,0.5,0.5,0.3353,0.273,0.3917,A,,
2324,2023-12-30,Wolves,Everton,H,No external context supplied,0.0,0.0,0.5,0.5,0.2707,0.3191,0.4102,A,,
2324,2023-12-31,Fulham,Arsenal,H,No external context supplied,0.0,1.0,0.5,0.5,0.1707,0.1856,0.6437,A,,
2324,2023-12-31,Tottenham,Bournemouth,H,No external context supplied,1.0,0.0,0.5,0.5,0.5607,0.2698,0.1695,H,,
2324,2024-01-01,Liverpool,Newcastle,H,No external context supplied,1.0,1.0,0.5,0.5,0.8368,0.1065,0.0568,H,H,0.1293
2324,2024-01-02,West Ham,Brighton,D,No external context supplied,1.0,0.0,0.5,0.5,0.2828,0.2651,0.4521,A,,
2324,2024-01-12,Burnley,Luton,D,No external context supplied,0.0,0.0,0.5,0.5,0.4046,0.2278,0.3676,H,,
2324,2024-01-13,Chelsea,Fulham,H,No external context supplied,1.0,0.0,0.5,0.5,0.5777,0.223,0.1993,H,,
2324,2024-01-13,Newcastle,Man City,A,No external context supplied,0.0,1.0,0.5,0.5,0.2116,0.1641,0.6242,A,,
2324,2024-01-14,Everton,Aston Villa,D,No external context supplied,0.0,0.0,0.5,0.5,0.3253,0.2632,0.4115,A,,
2324,2024-01-14,Man United,Tottenham,D,No external context supplied,1.0,1.0,0.5,0.5,0.5667,0.1981,0.2352,H,H,0.094
2324,2024-01-20,Arsenal,Crystal Palace,H,No external context supplied,1.0,0.0,0.5,0.5,0.7983,0.1209,0.0808,H,,
2324,2024-01-20,Brentford,Nott'm Forest,H,No external context supplied,0.0,0.0,0.5,0.5,0.5936,0.2014,0.2051,H,,
2324,2024-01-21,Bournemouth,Liverpool,A,No external context supplied,0.0,1.0,0.5,0.5,0.1563,0.2241,0.6196,A,,
2324,2024-01-21,Sheffield United,West Ham,D,No external context supplied,0.0,1.0,0.5,0.5,0.3085,0.3204,0.3711,A,,
2324,2024-01-22,Brighton,Wolves,D,No external context supplied,0.0,0.0,0.5,0.5,0.5979,0.2161,0.1859,H,,
2324,2024-01-30,Aston Villa,Newcastle,A,No external context supplied,0.0,0.0,0.5,0.5,0.5582,0.1818,0.26,H,,
2324,2024-01-30,Crystal Palace,Sheffield United,H,No external context supplied,0.0,0.0,0.5,0.5,0.6249,0.2433,0.1318,H,,
2324,2024-01-30,Fulham,Everton,D,No external context supplied,0.0,0.0,0.5,0.5,0.3291,0.2997,0.3712,A,,
2324,2024-01-30,Luton,Brighton,H,No external context supplied,1.0,0.0,0.5,0.5,0.2155,0.1618,0.6227,A,,
2324,2024-01-30,Nott'm Forest,Arsenal,A,No external context supplied,0.0,1.0,0.5,0.5,0.1286,0.157,0.7144,A,,
2324,2024-01-31,Liverpool,Chelsea,H,No external context supplied,1.0,1.0,0.5,0.5,0.6777,0.1911,0.1311,H,,
2324,2024-01-31,Man City,Burnley,H,No external context supplied,1.0,0.0,0.5,0.5,0.8564,0.0868,0.0567,H,,
2324,2024-01-31,Tottenham,Brentford,H,No external context supplied,1.0,0.0,0.5,0.5,0.7085,0.1402,0.1514,H,H,0.0954
2324,2024-02-01,West Ham,Bournemouth,D,No external context supplied,0.0,0.0,0.5,0.5,0.3821,0.2584,0.3595,H,,
2324,2024-02-01,Wolves,Man United,A,No external context supplied,0.0,1.0,0.5,0.5,0.2869,0.3273,0.3858,A,,
2324,2024-02-03,Brighton,Crystal Palace,H,No external context supplied,0.0,0.0,0.5,0.5,0.6677,0.1911,0.1412,H,,
2324,2024-02-03,Burnley,Fulham,D,No external context supplied,0.0,0.0,0.5,0.5,0.2319,0.2506,0.5174,A,A,0.0881
2324,2024-02-03,Everton,Tottenham,D,No external context supplied,0.0,1.0,0.5,0.5,0.3171,0.2828,0.4001,A,,
2324,2024-02-03,Newcastle,Luton,D,No external context supplied,1.0,1.0,0.5,0.5,0.6474,0.2205,0.1321,H,,
2324,2024-02-03,Sheffield United,Aston Villa,A,No external context supplied,0.0,0.0,0.5,0.5,0.1642,0.2094,0.6265,A,,
2324,2024-02-04,Arsenal,Liverpool,H,No external context supplied,1.0,1.0,0.5,0.5,0.5262,0.2252,0.2486,H,,
2324,2024-02-04,Bournemouth,Nott'm Forest,D,No external context supplied,0.0,0.0,0.5,0.5,0.5288,0.2336,0.2375,H,,
2324,2024-02-04,Chelsea,Wolves,A,No external context supplied,1.0,0.0,0.5,0.5,0.6513,0.2283,0.1204,H,,
2324,2024-02-04,Man United,West Ham,H,No external context supplied,1.0,0.0,0.5,0.5,0.6117,0.2675,0.1208,H,,
2324,2024-02-05,Brentford,Man City,A,No external context supplied,0.0,1.0,0.5,0.5,0.2029,0.191,0.6061,A,,
2324,2024-02-10,Fulham,Bournemouth,H,No external context supplied,0.0,0.0,0.5,0.5,0.3012,0.3098,0.389,A,,
2324,2024-02-10,Liverpool,Burnley,H,No external context supplied,1.0,0.0,0.5,0.5,0.7842,0.138,0.0778,H,,
2324,2024-02-10,Luton,Sheffield United,A,No external context supplied,1.0,0.0,0.5,0.5,0.6084,0.1835,0.2081,H,,
2324,2024-02-10,Man City,Everton,H,No external context supplied,1.0,0.0,0.5,0.5,0.7774,0.1374,0.0852,H,,
2324,2024-02-10,Nott'm Forest,Newcastle,A,No external context supplied,0.0,1.0,0.5,0.5,0.4109,0.2297,0.3594,H,H,0.0865
2324,2024-02-10,Tottenham,Brighton,H,No external context supplied,1.0,0.0,0.5,0.5,0.6151,0.227,0.1579,H,,
2324,2024-02-10,Wolves,Brentford,A,No external context supplied,0.0,0.0,0.5,0.5,0.4491,0.2043,0.3466,H,,
2324,2024-02-11,Aston Villa,Man United,A,No external context supplied,0.0,1.0,0.5,0.5,0.5281,0.2445,0.2275,H,,
2324,2024-02-11,West Ham,Arsenal,A,No external context supplied,0.0,1.0,0.5,0.5,0.2076,0.1871,0.6053,A,,
2324,2024-02-12,Crystal Palace,Chelsea,A,No external context supplied,0.0,1.0,0.5,0.5,0.2362,0.2966,0.4672,A,,
2324,2024-02-17,Brentford,Liverpool,A,No external context supplied,0.0,1.0,0.5,0.5,0.2441,0.1968,0.5591,A,,
2324,2024-02-17,Burnley,Arsenal,A,No external context supplied,0.0,1.0,0.5,0.5,0.1244,0.1723,0.7033,A,,
2324,2024-02-17,Fulham,Aston Villa,A,No external context supplied,0.0,0.0,0.5,0.5,0.2879,0.234,0.478,A,,
2324,2024-02-17,Man City,Chelsea,D,No external context supplied,1.0,1.0,0.5,0.5,0.8459,0.1065,0.0476,H,H,0.0961
2324,2024-02-17,Newcastle,Bournemouth,D,No external context supplied,1.0,0.0,0.5,0.5,0.4762,0.2656,0.2582,H,,
2324,2024-02-17,Nott'm Forest,West Ham,H,No external context supplied,0.0,0.0,0.5,0.5,0.4306,0.2669,0.3024,H,,
2324,2024-02-17,Tottenham,Wolves,A,No external context supplied,1.0,0.0,0.5,0.5,0.6197,0.244,0.1362,H,,
2324,2024-02-18,Luton,Man United,A,No external context supplied,1.0,1.0,0.5,0.5,0.2716,0.2687,0.4597,A,,
2324,2024-02-18,Sheffield United,Brighton,A,No external context supplied,0.0,0.0,0.5,0.5,0.1457,0.2117,0.6426,A,,
2324,2024-02-19,Everton,Crystal Palace,D,No external context supplied,0.0,0.0,0.5,0.5,0.5885,0.1937,0.2178,H,,
2324,2024-02-20,Man City,Brentford,H,No external context supplied,1.0,0.0,0.5,0.5,0.8885,0.0627,0.0489,H,,
2324,2024-02-21,Liverpool,Luton,H,No external context supplied,1.0,1.0,0.5,0.5,0.7725,0.1232,0.1043,H,,
2324,2024-02-24,Arsenal,Newcastle,H,No external context supplied,1.0,1.0,0.5,0.5,0.817,0.1263,0.0567,H,H,0.0888
2324,2024-02-24,Aston Villa,Nott'm Forest,H,No external context supplied,0.0,0.0,0.5,0.5,0.6064,0.2091,0.1845,H,,
2324,2024-02-24,Bournemouth,Man City,A,No external context supplied,0.0,1.0,0.5,0.5,0.1442,0.1504,0.7053,A,,
2324,2024-02-24,Brighton,Everton,D,No external context supplied,0.0,0.0,0.5,0.5,0.5086,0.2548,0.2367,H,,
2324,2024-02-24,Crystal Palace,Burnley,H,No external context supplied,0.0,0.0,0.5,0.5,0.4813,0.3003,0.2184,H,,
2324,2024-02-24,Man United,Fulham,A,No external context supplied,1.0,0.0,0.5,0.5,0.5943,0.2228,0.1829,H,,
2324,2024-02-25,Wolves,Sheffield United,H,No external context supplied,0.0,0.0,0.5,0.5,0.6199,0.2234,0.1567,H,,
2324,2024-02-26,West Ham,Brentford,H,No external context supplied,0.0,0.0,0.5,0.5,0.5014,0.1909,0.3076,H,H,0.0852
2324,2024-03-02,Brentford,Chelsea,D,No external context supplied,0.0,1.0,0.5,0.5,0.3307,0.2963,0.373,A,,
2324,2024-03-02,Everton,West Ham,A,No external context supplied,0.0,0.0,0.5,0.5,0.4989,0.2601,0.2409,H,,
2324,2024-03-02,Fulham,Brighton,H,No external context supplied,0.0,0.0,0.5,0.5,0.3878,0.2564,0.3558,H,,
2324,2024-03-02,Luton,Aston Villa,A,No external context supplied,1.0,0.0,0.5,0.5,0.1837,0.1672,0.6491,A,,
2324,2024-03-02,Newcastle,Wolves,H,No external context supplied,0.0,0.0,0.5,0.5,0.6091,0.26,0.1309,H,,
2324,2024-03-02,Nott'm Forest,Liverpool,A,No external context supplied,0.0,1.0,0.5,0.5,0.1617,0.1938,0.6445,A,,
2324,2024-03-02,Tottenham,Crystal Palace,H,No external context supplied,1.0,0.0,0.5,0.5,0.6648,0.1787,0.1565,H,,
2324,2024-03-03,Burnley,Bournemouth,A,No external context supplied,0.0,0.0,0.5,0.5,0.2095,0.2651,0.5253,A,,
2324,2024-03-03,Man City,Man United,H,No external context supplied,1.0,1.0,0.5,0.5,0.8604,0.0935,0.0461,H,,
2324,2024-03-04,Sheffield United,Arsenal,A,No external context supplied,0.0,1.0,0.5,0.5,0.0712,0.1364,0.7924,A,,
2324,2024-03-09,Arsenal,Brentford,H,No external context supplied,1.0,0.0,0.5,0.5,0.8296,0.0968,0.0737,H,,
2324,2024-03-09,Bournemouth,Sheffield United,D,No external context supplied,0.0,0.0,0.5,0.5,0.7485,0.1463,0.1052,H,,
2324,2024-03-09,Crystal Palace,Luton,D,No external context supplied,0.0,1.0,0.5,0.5,0.543,0.243,0.214,H,,
2324,2024-03-09,Man United,Everton,H,No external context supplied,1.0,0.0,0.5,0.5,0.5538,0.2338,0.2124,H,,
2324,2024-03-09,Wolves,Fulham,H,No external context supplied,0.0,0.0,0.5,0.5,0.3318,0.3233,0.3449,A,,
2324,2024-03-10,Aston Villa,Tottenham,A,No external context supplied,0.0,1.0,0.5,0.5,0.4187,0.2611,0.3203,H,,
2324,2024-03-10,Brighton,Nott'm Forest,H,No external context supplied,0.0,0.0,0.5,0.5,0.6349,0.2012,0.1639,H,,
2324,2024-03-10,Liverpool,Man City,D,No external context supplied,1.0,1.0,0.5,0.5,0.3125,0.2367,0.4508,A,,
2324,2024-03-10,West Ham,Burnley,D,No external context supplied,0.0,0.0,0.5,0.5,0.5658,0.2441,0.19,H,,
2324,2024-03-11,Chelsea,Newcastle,H,No external context supplied,1.0,1.0,0.5,0.5,0.6282,0.2186,0.1532,H,H,0.0965
2324,2024-03-13,Bournemouth,Luton,H,No external context supplied,0.0,1.0,0.5,0.5,0.6501,0.2127,0.1372,H,,
2324,2024-03-16,Burnley,Brentford,H,No external context supplied,0.0,0.0,0.5,0.5,0.322,0.2158,0.4622,A,,
2324,2024-03-16,Fulham,Tottenham,H,No external context supplied,0.0,1.0,0.5,0.5,0.2638,0.2716,0.4646,A,,
2324,2024-03-16,Luton,Nott'm Forest,D,No external context supplied,1.0,0.0,0.5,0.5,0.3474,0.2118,0.4408,A,,
2324,2024-03-17,West Ham,Aston Villa,D,No external context supplied,0.0,0.0,0.5,0.5,0.4212,0.2386,0.3402,H,,
2324,2024-03-30,Aston Villa,Wolves,H,No external context supplied,0.0,0.0,0.5,0.5,0.6274,0.2333,0.1392,H,,
2324,2024-03-30,Bournemouth,Everton,H,No external context supplied,0.0,0.0,0.5,0.5,0.4561,0.261,0.2829,H,,
2324,2024-03-30,Brentford,Man United,D,No external context supplied,0.0,1.0,0.5,0.5,0.3177,0.2642,0.4181,A,,
2324,2024-03-30,Chelsea,Burnley,D,No external context supplied,1.0,0.0,0.5,0.5,0.7864,0.1396,0.074,H,,
2324,2024-03-30,Newcastle,West Ham,H,No external context supplied,1.0,0.0,0.5,0.5,0.62,0.2031,0.1769,H,,
2324,2024-03-30,Nott'm Forest,Crystal Palace,D,No external context supplied,0.0,0.0,0.5,0.5,0.3878,0.2883,0.3238,H,,
2324,2024-03-30,Sheffield United,Fulham,D,No external context supplied,0.0,0.0,0.5,0.5,0.1593,0.268,0.5726,A,,
2324,2024-03-30,Tottenham,Luton,H,No external context supplied,1.0,1.0,0.5,0.5,0.8079,0.129,0.0631,H,,
2324,2024-03-31,Liverpool,Brighton,H,No external context supplied,1.0,0.0,0.5,0.5,0.8039,0.1247,0.0714,H,,
2324,2024-03-31,Man City,Arsenal,D,No external context supplied,1.0,1.0,0.5,0.5,0.569,0.214,0.217,H,,
2324,2024-04-02,Bournemouth,Crystal Palace,H,No external context supplied,0.0,0.0,0.5,0.5,0.4973,0.2972,0.2054,H,,
2324,2024-04-02,Burnley,Wolves,D,No external context supplied,0.0,0.0,0.5,0.5,0.4005,0.3099,0.2896,H,,
2324,2024-04-02,Newcastle,Everton,D,No external context supplied,1.0,0.0,0.5,0.5,0.5417,0.2443,0.214,H,,
2324,2024-04-02,Nott'm Forest,Fulham,H,No external context supplied,0.0,0.0,0.5,0.5,0.3592,0.2642,0.3766,A,,
2324,2024-04-02,West Ham,Tottenham,D,No external context supplied,0.0,1.0,0.5,0.5,0.3535,0.274,0.3726,A,,
2324,2024-04-03,Arsenal,Luton,H,No external context supplied,1.0,1.0,0.5,0.5,0.8276,0.0712,0.1011,H,,
2324,2024-04-03,Brentford,Brighton,D,No external context supplied,0.0,0.0,0.5,0.5,0.4523,0.2302,0.3175,H,,
2324,2024-04-03,Man City,Aston Villa,H,No external context supplied,1.0,0.0,0.5,0.5,0.9048,0.0681,0.0271,H,H,0.121
2324,2024-04-04,Chelsea,Man United,H,No external context supplied,1.0,1.0,0.5,0.5,0.6233,0.2291,0.1476,H,H,0.1074
2324,2024-04-04,Liverpool,Sheffield United,H,No external context supplied,1.0,0.0,0.5,0.5,0.8998,0.0736,0.0266,H,,
2324,2024-04-06,Aston Villa,Brentford,D,No external context supplied,0.0,0.0,0.5,0.5,0.6515,0.1943,0.1542,H,,
2324,2024-04-06,Brighton,Arsenal,A,No external context supplied,0.0,1.0,0.5,0.5,0.1481,0.2678,0.584,A,,
2324,2024-04-06,Crystal Palace,Man City,A,No external context supplied,0.0,1.0,0.5,0.5,0.1754,0.1538,0.6708,A,,
2324,2024-04-06,Everton,Burnley,H,No external context supplied,0.0,0.0,0.5,0.5,0.5647,0.2307,0.2046,H,,
2324,2024-04-06,Fulham,Newcastle,A,No external context supplied,0.0,1.0,0.5,0.5,0.3878,0.2669,0.3453,H,,
2324,2024-04-06,Luton,Bournemouth,H,No external context supplied,1.0,0.0,0.5,0.5,0.3325,0.1935,0.474,A,,
2324,2024-04-06,Wolves,West Ham,A,No external context supplied,0.0,0.0,0.5,0.5,0.3484,0.2844,0.3672,A,,
2324,2024-04-07,Man United,Liverpool,D,No external context supplied,1.0,1.0,0.5,0.5,0.2167,0.2133,0.57,A,,
2324,2024-04-07,Sheffield United,Chelsea,D,No external context supplied,0.0,1.0,0.5,0.5,0.1884,0.2412,0.5704,A,,
2324,2024-04-07,Tottenham,Nott'm Forest,H,No external context supplied,1.0,0.0,0.5,0.5,0.6693,0.1831,0.1475,H,,
2324,2024-04-13,Bournemouth,Man United,D,No external context supplied,0.0,1.0,0.5,0.5,0.3602,0.2965,0.3433,H,,
2324,2024-04-13,Brentford,Sheffield United,H,No external context supplied,0.0,0.0,0.5,0.5,0.727,0.1691,0.1039,H,,
2324,2024-04-13,Burnley,Brighton,D,No external context supplied,0.0,0.0,0.5,0.5,0.2637,0.2496,0.4867,A,,
2324,2024-04-13,Man City,Luton,H,No external context supplied,1.0,1.0,0.5,0.5,0.9253,0.0483,0.0264,H,,
2324,2024-04-13,Newcastle,Tottenham,H,No external context supplied,1.0,1.0,0.5,0.5,0.4308,0.2355,0.3337,H,,
2324,2024-04-13,Nott'm Forest,Wolves,D,No external context supplied,0.0,0.0,0.5,0.5,0.4512,0.2617,0.2871,H,,
2324,2024-04-14,Arsenal,Aston Villa,A,No external context supplied,1.0,0.0,0.5,0.5,0.7576,0.1407,0.1017,H,,
2324,2024-04-14,Liverpool,Crystal Palace,A,No external context supplied,1.0,0.0,0.5,0.5,0.8306,0.1112,0.0582,H,,
2324,2024-04-14,West Ham,Fulham,A,No external context supplied,0.0,0.0,0.5,0.5,0.421,0.281,0.298,H,,
2324,2024-04-15,Chelsea,Everton,H,No external context supplied,1.0,0.0,0.5,0.5,0.6146,0.2294,0.1559,H,,
2324,2024-04-20,Luton,Brentford,A,No external context supplied,1.0,0.0,0.5,0.5,0.4008,0.1978,0.4014,A,,
2324,2024-04-20,Sheffield United,Burnley,A,No external context supplied,0.0,0.0,0.5,0.5,0.384,0.3007,0.3153,H,,
2324,2024-04-20,Wolves,Arsenal,A,No external context supplied,0.0,1.0,0.5,0.5,0.0931,0.2296,0.6773,A,,
2324,2024-04-21,Aston Villa,Bournemouth,H,No external context supplied,0.0,0.0,0.5,0.5,0.5867,0.2445,0.1688,H,,
2324,2024-04-21,Crystal Palace,West Ham,H,No external context supplied,0.0,0.0,0.5,0.5,0.4627,0.2309,0.3064,H,,
2324,2024-04-21,Everton,Nott'm Forest,H,No external context supplied,0.0,0.0,0.5,0.5,0.4102,0.2975,0.2923,H,,
2324,2024-04-21,Fulham,Liverpool,A,No external context supplied,0.0,1.0,0.5,0.5,0.1819,0.1765,0.6416,A,,
2324,2024-04-23,Arsenal,Chelsea,H,No external context supplied,1.0,1.0,0.5,0.5,0.7283,0.1853,0.0864,H,,
2324,2024-04-24,Crystal Palace,Newcastle,H,No external context supplied,0.0,1.0,0.5,0.5,0.2857,0.3512,0.363,A,,
2324,2024-04-24,Everton,Liverpool,H,No external context supplied,0.0,1.0,0.5,0.5,0.167,0.2119,0.6211,A,,
2324,2024-04-24,Man United,Sheffield United,H,No external context supplied,1.0,0.0,0.5,0.5,0.8101,0.1046,0.0854,H,,
2324,2024-04-24,Wolves,Bournemouth,A,No external context supplied,0.0,0.0,0.5,0.5,0.335,0.2861,0.3789,A,,
2324,2024-04-25,Brighton,Man City,A,No external context supplied,0.0,1.0,0.5,0.5,0.1736,0.2005,0.626,A,,
2324,2024-04-27,Aston Villa,Chelsea,D,No external context supplied,0.0,1.0,0.5,0.5,0.5503,0.2692,0.1805,H,,
2324,2024-04-27,Everton,Brentford,H,No external context supplied,0.0,0.0,0.5,0.5,0.3014,0.3236,0.375,A,,
2324,2024-04-27,Fulham,Crystal Palace,D,No external context supplied,0.0,0.0,0.5,0.5,0.3931,0.2825,0.3244,H,,
2324,2024-04-27,Man United,Burnley,D,No external context supplied,1.0,0.0,0.5,0.5,0.6519,0.2318,0.1163,H,,
2324,2024-04-27,Newcastle,Sheffield United,H,No external context supplied,1.0,0.0,0.5,0.5,0.8268,0.1058,0.0674,H,,
2324,2024-04-27,West Ham,Liverpool,D,No external context supplied,0.0,1.0,0.5,0.5,0.1964,0.191,0.6126,A,,
2324,2024-04-27,Wolves,Luton,H,No external context supplied,0.0,1.0,0.5,0.5,0.6519,0.1807,0.1674,H,H,0.1215
2324,2024-04-28,Bournemouth,Brighton,H,No external context supplied,0.0,0.0,0.5,0.5,0.4893,0.2501,0.2607,H,,
2324,2024-04-28,Nott'm Forest,Man City,A,No external context supplied,0.0,1.0,0.5,0.5,0.1246,0.1409,0.7344,A,,
2324,2024-04-28,Tottenham,Arsenal,A,No external context supplied,1.0,1.0,0.5,0.5,0.233,0.2193,0.5477,A,,
2324,2024-05-02,Chelsea,Tottenham,H,No external context supplied,1.0,1.0,0.5,0.5,0.4214,0.2617,0.3169,H,,
2324,2024-05-03,Luton,Everton,D,No external context supplied,1.0,0.0,0.5,0.5,0.3255,0.2858,0.3886,A,,
2324,2024-05-04,Arsenal,Bournemouth,H,No external context supplied,1.0,0.0,0.5,0.5,0.7051,0.1578,0.1371,H,,
2324,2024-05-04,Brentford,Fulham,D,No external context supplied,0.0,0.0,0.5,0.5,0.4835,0.2172,0.2993,H,,
2324,2024-05-04,Burnley,Newcastle,A,No external context supplied,0.0,1.0,0.5,0.5,0.2984,0.2845,0.4171,A,,
2324,2024-05-04,Man City,Wolves,H,No external context supplied,1.0,0.0,0.5,0.5,0.8565,0.0856,0.0579,H,,
2324,2024-05-04,Sheffield United,Nott'm Forest,A,No external context supplied,0.0,0.0,0.5,0.5,0.202,0.2149,0.583,A,,
2324,2024-05-05,Brighton,Aston Villa,H,No external context supplied,0.0,0.0,0.5,0.5,0.4745,0.2359,0.2896,H,H,0.0882
2324,2024-05-05,Chelsea,West Ham,H,No external context supplied,1.0,0.0,0.5,0.5,0.6742,0.2188,0.1069,H,,
2324,2024-05-05,Liverpool,Tottenham,H,No external context supplied,1.0,1.0,0.5,0.5,0.8264,0.0998,0.0738,H,H,0.129
2324,2024-05-06,Crystal Palace,Man United,H,No external context supplied,0.0,1.0,0.5,0.5,0.5067,0.2894,0.204,H,,
2324,2024-05-11,Bournemouth,Brentford,A,No external context supplied,0.0,0.0,0.5,0.5,0.3615,0.2982,0.3403,H,,
2324,2024-05-11,Everton,Sheffield United,H,No external context supplied,0.0,0.0,0.5,0.5,0.6988,0.168,0.1332,H,,
2324,2024-05-11,Fulham,Man City,A,No external context supplied,0.0,1.0,0.5,0.5,0.1294,0.1348,0.7358,A,,
2324,2024-05-11,Newcastle,Brighton,D,No external context supplied,1.0,0.0,0.5,0.5,0.6683,0.1615,0.1702,H,,
2324,2024-05-11,Nott'm Forest,Chelsea,A,No external context supplied,0.0,1.0,0.5,0.5,0.1862,0.2576,0.5562,A,,
2324,2024-05-11,Tottenham,Burnley,H,No external context supplied,1.0,0.0,0.5,0.5,0.6941,0.1939,0.112,H,,
2324,2024-05-11,West Ham,Luton,H,No external context supplied,0.0,1.0,0.5,0.5,0.6121,0.2172,0.1707,H,,
2324,2024-05-11,Wolves,Crystal Palace,A,No external context supplied,0.0,0.0,0.5,0.5,0.3033,0.3131,0.3836,A,,
2324,2024-05-12,Man United,Arsenal,A,No external context supplied,1.0,1.0,0.5,0.5,0.179,0.2003,0.6208,A,,
2324,2024-05-13,Aston Villa,Liverpool,D,No external context supplied,0.0,1.0,0.5,0.5,0.3682,0.1982,0.4336,A,H,0.0992
2324,2024-05-14,Tottenham,Man City,A,No external context supplied,1.0,1.0,0.5,0.5,0.1639,0.1559,0.6802,A,,
2324,2024-05-15,Brighton,Chelsea,A,No external context supplied,0.0,1.0,0.5,0.5,0.373,0.2734,0.3536,H,,
2324,2024-05-15,Man United,Newcastle,H,No external context supplied,1.0,1.0,0.5,0.5,0.4343,0.2829,0.2828,H,,
2324,2024-05-19,Arsenal,Everton,H,No external context supplied,1.0,0.0,0.5,0.5,0.7345,0.1518,0.1137,H,,
2324,2024-05-19,Brentford,Newcastle,A,No external context supplied,0.0,1.0,0.5,0.5,0.3723,0.2265,0.4012,A,,
2324,2024-05-19,Brighton,Man United,A,No external context supplied,0.0,1.0,0.5,0.5,0.4035,0.2516,0.3449,H,,
2324,2024-05-19,Burnley,Nott'm Forest,A,No external context supplied,0.0,0.0,0.5,0.5,0.281,0.2623,0.4567,A,,
2324,2024-05-19,Chelsea,Bournemouth,H,No external context supplied,1.0,0.0,0.5,0.5,0.6815,0.2002,0.1183,H,,
2324,2024-05-19,Crystal Palace,Aston Villa,H,No external context supplied,0.0,0.0,0.5,0.5,0.6416,0.1888,0.1696,H,H,0.0921
2324,2024-05-19,Liverpool,Wolves,H,No external context supplied,1.0,0.0,0.5,0.5,0.8969,0.0722,0.031,H,,
2324,2024-05-19,Luton,Fulham,A,No external context supplied,1.0,0.0,0.5,0.5,0.2962,0.2695,0.4343,A,,
2324,2024-05-19,Man City,West Ham,H,No external context supplied,1.0,0.0,0.5,0.5,0.923,0.0556,0.0215,H,,
2324,2024-05-19,Sheffield United,Tottenham,A,No external context supplied,0.0,1.0,0.5,0.5,0.1304,0.1216,0.7479,A,,
2425,2024-08-16,Man United,Fulham,H,No external context supplied,1.0,0.0,0.5,0.5,0.6189,0.2029,0.1782,H,,
2425,2024-08-17,Arsenal,Wolves,H,No external context supplied,1.0,0.0,0.5,0.5,0.8533,0.0911,0.0556,H,,
2425,2024-08-17,Everton,Brighton,A,No external context supplied,0.0,0.0,0.5,0.5,0.2832,0.2237,0.4932,A,A,0.097
2425,2024-08-17,Ipswich,Liverpool,A,No external context supplied,0.0,1.0,0.5,0.5,0.1626,0.0475,0.7898,A,,
2425,2024-08-17,Newcastle,Southampton,H,No external context supplied,1.0,0.0,0.5,0.5,0.6543,0.1732,0.1725,H,,
2425,2024-08-17,Nott'm Forest,Bournemouth,D,No external context supplied,0.0,0.0,0.5,0.5,0.3675,0.2971,0.3354,H,,
2425,2024-08-17,West Ham,Aston Villa,A,No external context supplied,0.0,0.0,0.5,0.5,0.3949,0.274,0.3311,H,,
2425,2024-08-18,Brentford,Crystal Palace,H,No external context supplied,0.0,0.0,0.5,0.5,0.2541,0.331,0.4149,A,,
2425,2024-08-18,Chelsea,Man City,A,No external context supplied,1.0,1.0,0.5,0.5,0.2849,0.2799,0.4353,A,,
2425,2024-08-19,Leicester,Tottenham,D,No external context supplied,0.0,1.0,0.5,0.5,0.2152,0.2058,0.5789,A,,
2425,2024-08-24,Aston Villa,Arsenal,A,No external context supplied,0.0,1.0,0.5,0.5,0.2281,0.3281,0.4438,A,,
2425,2024-08-24,Brighton,Man United,H,No external context supplied,0.0,1.0,0.5,0.5,0.4794,0.2942,0.2264,H,,
2425,2024-08-24,Crystal Palace,West Ham,A,No external context supplied,0.0,0.0,0.5,0.5,0.5242,0.2398,0.236,H,,
2425,2024-08-24,Fulham,Leicester,H,No external context supplied,0.0,0.0,0.5,0.5,0.5454,0.2447,0.2099,H,,
2425,2024-08-24,Man City,Ipswich,H,No external context supplied,1.0,0.0,0.5,0.5,0.8662,0.0717,0.0621,H,,
2425,2024-08-24,Southampton,Nott'm Forest,A,No external context supplied,0.0,0.0,0.5,0.5,0.4254,0.3154,0.2593,H,,
2425,2024-08-24,Tottenham,Everton,H,No external context supplied,1.0,0.0,0.5,0.5,0.7458,0.1741,0.0801,H,,
2425,2024-08-25,Bournemouth,Newcastle,D,No external context supplied,0.0,1.0,0.5,0.5,0.3935,0.284,0.3225,H,,
2425,2024-08-25,Liverpool,Brentford,H,No external context supplied,1.0,0.0,0.5,0.5,0.8227,0.1221,0.0552,H,,
2425,2024-08-25,Wolves,Chelsea,A,No external context supplied,0.0,1.0,0.5,0.5,0.2635,0.2798,0.4567,A,,
2425,2024-08-31,Arsenal,Brighton,D,No external context supplied,1.0,0.0,0.5,0.5,0.7634,0.11,0.1267,H,,
2425,2024-08-31,Brentford,Southampton,H,No external context supplied,0.0,0.0,0.5,0.5,0.4772,0.2415,0.2812,H,,
2425,2024-08-31,Everton,Bournemouth,A,No external context supplied,0.0,0.0,0.5,0.5,0.2462,0.2398,0.514,A,A,0.1028
2425,2024-08-31,Ipswich,Fulham,D,No external context supplied,0.0,0.0,0.5,0.5,0.4272,0.1862,0.3866,H,H,0.0845
2425,2024-08-31,Leicester,Aston Villa,A,No external context supplied,0.0,0.0,0.5,0.5,0.2825,0.1762,0.5414,A,,
2425,2024-08-31,Nott'm Forest,Wolves,D,No external context supplied,0.0,0.0,0.5,0.5,0.5183,0.2356,0.2461,H,,
2425,2024-08-31,West Ham,Man City,A,No external context supplied,0.0,1.0,0.5,0.5,0.1304,0.1925,0.677,A,,
2425,2024-09-01,Chelsea,Crystal Palace,D,No external context supplied,1.0,0.0,0.5,0.5,0.4931,0.2867,0.2202,H,,
2425,2024-09-01,Man United,Liverpool,A,No external context supplied,1.0,1.0,0.5,0.5,0.3847,0.1767,0.4385,A,H,0.0958
2425,2024-09-01,Newcastle,Tottenham,H,No external context supplied,1.0,1.0,0.5,0.5,0.4157,0.2284,0.356,H,,
2425,2024-09-14,Aston Villa,Everton,H,No external context supplied,0.0,0.0,0.5,0.5,0.4587,0.2973,0.244,H,,
2425,2024-09-14,Bournemouth,Chelsea,A,No external context supplied,0.0,1.0,0.5,0.5,0.2969,0.2954,0.4076,A,,
2425,2024-09-14,Brighton,Ipswich,D,No external context supplied,0.0,0.0,0.5,0.5,0.6521,0.1952,0.1527,H,,
2425,2024-09-14,Crystal Palace,Leicester,D,No external context supplied,0.0,0.0,0.5,0.5,0.4545,0.2697,0.2757,H,,
2425,2024-09-14,Fulham,West Ham,D,No external context supplied,0.0,0.0,0.5,0.5,0.4077,0.2653,0.327,H,,
2425,2024-09-14,Liverpool,Nott'm Forest,A,No external context supplied,1.0,0.0,0.5,0.5,0.8195,0.1105,0.07,H,,
2425,2024-09-14,Man City,Brentford,H,No external context supplied,1.0,0.0,0.5,0.5,0.7782,0.129,0.0928,H,,
2425,2024-09-14,Southampton,Man United,A,No external context supplied,0.0,1.0,0.5,0.5,0.2313,0.2813,0.4873,A,,
2425,2024-09-15,Tottenham,Arsenal,A,No external context supplied,1.0,1.0,0.5,0.5,0.4546,0.2766,0.2688,H,H,0.0963
2425,2024-09-15,Wolves,Newcastle,A,No external context supplied,0.0,1.0,0.5,0.5,0.2451,0.3461,0.4089,A,,
2425,2024-09-21,Aston Villa,Wolves,H,No external context supplied,0.0,0.0,0.5,0.5,0.6304,0.1899,0.1797,H,,
2425,2024-09-21,Crystal Palace,Man United,D,No external context supplied,0.0,1.0,0.5,0.5,0.2822,0.3045,0.4133,A,,
2425,2024-09-21,Fulham,Newcastle,H,No external context supplied,0.0,1.0,0.5,0.5,0.3813,0.327,0.2916,H,,
2425,2024-09-21,Leicester,Everton,D,No external context supplied,0.0,0.0,0.5,0.5,0.5167,0.2645,0.2187,H,H,0.0979
2425,2024-09-21,Liverpool,Bournemouth,H,No external context supplied,1.0,0.0,0.5,0.5,0.8387,0.0938,0.0675,H,,
2425,2024-09-21,Southampton,Ipswich,D,No external context supplied,0.0,0.0,0.5,0.5,0.3784,0.3014,0.3202,H,,
2425,2024-09-21,Tottenham,Brentford,H,No external context supplied,1.0,0.0,0.5,0.5,0.7505,0.1556,0.0939,H,H,0.0945
2425,2024-09-21,West Ham,Chelsea,A,No external context supplied,0.0,1.0,0.5,0.5,0.2934,0.3333,0.3733,A,,
2425,2024-09-22,Brighton,Nott'm Forest,D,No external context supplied,0.0,0.0,0.5,0.5,0.6047,0.239,0.1563,H,,
2425,2024-09-22,Man City,Arsenal,D,No external context supplied,1.0,1.0,0.5,0.5,0.6121,0.2477,0.1402,H,,
2425,2024-09-28,Arsenal,Leicester,H,No external context supplied,1.0,0.0,0.5,0.5,0.8003,0.0947,0.105,H,,
2425,2024-09-28,Brentford,West Ham,D,No external context supplied,0.0,0.0,0.5,0.5,0.3891,0.2501,0.3608,H,,
2425,2024-09-28,Chelsea,Brighton,H,No external context supplied,1.0,0.0,0.5,0.5,0.5394,0.1907,0.2699,H,,
2425,2024-09-28,Everton,Crystal Palace,H,No external context supplied,0.0,0.0,0.5,0.5,0.2126,0.3048,0.4826,A,A,0.0846
2425,2024-09-28,Newcastle,Man City,D,No external context supplied,1.0,1.0,0.5,0.5,0.2174,0.1853,0.5973,A,,
2425,2024-09-28,Nott'm Forest,Fulham,A,No external context supplied,0.0,0.0,0.5,0.5,0.3827,0.267,0.3503,H,,
2425,2024-09-28,Wolves,Liverpool,A,No external context supplied,0.0,1.0,0.5,0.5,0.1234,0.1832,0.6935,A,,
2425,2024-09-29,Ipswich,Aston Villa,D,No external context supplied,0.0,0.0,0.5,0.5,0.3652,0.1542,0.4806,A,H,0.0962
2425,2024-09-29,Man United,Tottenham,A,No external context supplied,1.0,1.0,0.5,0.5,0.5615,0.1926,0.2459,H,H,0.1115
2425,2024-09-30,Bournemouth,Southampton,H,No external context supplied,0.0,0.0,0.5,0.5,0.6396,0.2083,0.1521,H,,
2425,2024-10-05,Arsenal,Southampton,H,No external context supplied,1.0,0.0,0.5,0.5,0.7602,0.1062,0.1336,H,,
2425,2024-10-05,Brentford,Wolves,H,No external context supplied,0.0,0.0,0.5,0.5,0.5041,0.2096,0.2863,H,,
2425,2024-10-05,Crystal Palace,Liverpool,A,No external context supplied,0.0,1.0,0.5,0.5,0.1863,0.1906,0.6231,A,,
2425,2024-10-05,Everton,Newcastle,D,No external context supplied,0.0,1.0,0.5,0.5,0.2158,0.3133,0.471,A,,
2425,2024-10-05,Leicester,Bournemouth,H,No external context supplied,0.0,0.0,0.5,0.5,0.2815,0.2554,0.4632,A,,
2425,2024-10-05,Man City,Fulham,H,No external context supplied,1.0,0.0,0.5,0.5,0.8013,0.1115,0.0871,H,,
2425,2024-10-05,West Ham,Ipswich,H,No external context supplied,0.0,0.0,0.5,0.5,0.5785,0.2336,0.1879,H,,
2425,2024-10-06,Aston Villa,Man United,D,No external context supplied,0.0,1.0,0.5,0.5,0.4981,0.2877,0.2142,H,,
2425,2024-10-06,Brighton,Tottenham,H,No external context supplied,0.0,1.0,0.5,0.5,0.3377,0.2748,0.3876,A,,
2425,2024-10-06,Chelsea,Nott'm Forest,D,No external context supplied,1.0,0.0,0.5,0.5,0.6134,0.215,0.1716,H,,
2425,2024-10-19,Bournemouth,Arsenal,H,No external context supplied,0.0,1.0,0.5,0.5,0.2164,0.2193,0.5643,A,,
2425,2024-10-19,Fulham,Aston Villa,A,No external context supplied,0.0,0.0,0.5,0.5,0.4437,0.2504,0.306,H,,
2425,2024-10-19,Ipswich,Everton,A,No external context supplied,0.0,0.0,0.5,0.5,0.489,0.2215,0.2895,H,,
2425,2024-10-19,Man United,Brentford,H,No external context supplied,1.0,0.0,0.5,0.5,0.6249,0.1771,0.198,H,,
2425,2024-10-19,Newcastle,Brighton,A,No external context supplied,1.0,0.0,0.5,0.5,0.6987,0.163,0.1383,H,H,0.1587
2425,2024-10-19,Southampton,Leicester,A,No external context supplied,0.0,0.0,0.5,0.5,0.4134,0.2876,0.2989,H,,
2425,2024-10-19,Tottenham,West Ham,H,No external context supplied,1.0,0.0,0.5,0.5,0.6693,0.1719,0.1587,H,,
2425,2024-10-20,Liverpool,Chelsea,H,No external context supplied,1.0,1.0,0.5,0.5,0.5997,0.2385,0.1619,H,,
2425,2024-10-20,Wolves,Man City,A,No external context supplied,0.0,1.0,0.5,0.5,0.1542,0.1794,0.6664,A,,
2425,2024-10-21,Nott'm Forest,Crystal Palace,H,No external context supplied,0.0,0.0,0.5,0.5,0.3002,0.3243,0.3756,A,,
2425,2024-10-25,Leicester,Nott'm Forest,A,No external context supplied,0.0,0.0,0.5,0.5,0.3205,0.2971,0.3824,A,,
2425,2024-10-26,Aston Villa,Bournemouth,D,No external context supplied,0.0,0.0,0.5,0.5,0.5868,0.2479,0.1653,H,,
2425,2024-10-26,Brentford,Ipswich,H,No external context supplied,0.0,0.0,0.5,0.5,0.6027,0.2243,0.1729,H,,
2425,2024-10-26,Brighton,Wolves,D,No external context supplied,0.0,0.0,0.5,0.5,0.6817,0.165,0.1533,H,,
2425,2024-10-26,Everton,Fulham,D,No external context supplied,0.0,0.0,0.5,0.5,0.4211,0.2738,0.3051,H,,
2425,2024-10-26,Man City,Southampton,H,No external context supplied,1.0,0.0,0.5,0.5,0.845,0.0778,0.0772,H,,
2425,2024-10-27,Arsenal,Liverpool,D,No external context supplied,1.0,1.0,0.5,0.5,0.5164,0.2686,0.215,H,H,0.095
2425,2024-10-27,Chelsea,Newcastle,H,No external context supplied,1.0,1.0,0.5,0.5,0.5548,0.2252,0.22,H,,
2425,2024-10-27,Crystal Palace,Tottenham,H,No external context supplied,0.0,1.0,0.5,0.5,0.2841,0.2426,0.4733,A,,
2425,2024-10-27,West Ham,Man United,H,No external context supplied,0.0,1.0,0.5,0.5,0.267,0.3272,0.4058,A,,
2425,2024-11-02,Bournemouth,Man City,H,No external context supplied,0.0,1.0,0.5,0.5,0.1724,0.1879,0.6396,A,,
2425,2024-11-02,Ipswich,Leicester,D,No external context supplied,0.0,0.0,0.5,0.5,0.4315,0.2612,0.3073,H,,
2425,2024-11-02,Liverpool,Brighton,H,No external context supplied,1.0,0.0,0.5,0.5,0.7729,0.1249,0.1022,H,,
2425,2024-11-02,Newcastle,Arsenal,H,No external context supplied,1.0,1.0,0.5,0.5,0.2864,0.19,0.5236,A,,
2425,2024-11-02,Nott'm Forest,West Ham,H,No external context supplied,0.0,0.0,0.5,0.5,0.4511,0.2468,0.302,H,,
2425,2024-11-02,Southampton,Everton,H,No external context supplied,0.0,0.0,0.5,0.5,0.3324,0.2658,0.4018,A,,
2425,2024-11-02,Wolves,Crystal Palace,D,No external context supplied,0.0,0.0,0.5,0.5,0.3709,0.3057,0.3234,H,,
2425,2024-11-03,Man United,Chelsea,D,No external context supplied,1.0,1.0,0.5,0.5,0.3831,0.2306,0.3862,A,,
2425,2024-11-03,Tottenham,Aston Villa,H,No external context supplied,1.0,0.0,0.5,0.5,0.5395,0.1882,0.2722,H,,
2425,2024-11-04,Fulham,Brentford,H,No external context supplied,0.0,0.0,0.5,0.5,0.4998,0.2481,0.2521,H,,
2425,2024-11-09,Brentford,Bournemouth,H,No external context supplied,0.0,0.0,0.5,0.5,0.3482,0.3304,0.3214,H,,
2425,2024-11-09,Brighton,Man City,H,No external context supplied,0.0,1.0,0.5,0.5,0.2423,0.229,0.5288,A,,
2425,2024-11-09,Crystal Palace,Fulham,A,No external context supplied,0.0,0.0,0.5,0.5,0.2862,0.2398,0.474,A,,
2425,2024-11-09,Liverpool,Aston Villa,H,No external context supplied,1.0,0.0,0.5,0.5,0.6775,0.1384,0.1841,H,,
2425,2024-11-09,West Ham,Everton,D,No external context supplied,0.0,0.0,0.5,0.5,0.4595,0.286,0.2545,H,,
2425,2024-11-09,Wolves,Southampton,H,No external context supplied,0.0,0.0,0.5,0.5,0.5101,0.2894,0.2005,H,,
2425,2024-11-10,Chelsea,Arsenal,D,No external context supplied,1.0,1.0,0.5,0.5,0.3651,0.231,0.4038,A,,
2425,2024-11-10,Man United,Leicester,H,No external context supplied,1.0,0.0,0.5,0.5,0.7916,0.1224,0.086,H,,
2425,2024-11-10,Nott'm Forest,Newcastle,A,No external context supplied,0.0,1.0,0.5,0.5,0.296,0.2853,0.4187,A,,
2425,2024-11-10,Tottenham,Ipswich,A,No external context supplied,1.0,0.0,0.5,0.5,0.8146,0.1044,0.081,H,,
2425,2024-11-23,Arsenal,Nott'm Forest,H,No external context supplied,1.0,0.0,0.5,0.5,0.7233,0.1676,0.1091,H,,
2425,2024-11-23,Aston Villa,Crystal Palace,D,No external context supplied,0.0,0.0,0.5,0.5,0.515,0.2436,0.2413,H,,
2425,2024-11-23,Bournemouth,Brighton,A,No external context supplied,0.0,0.0,0.5,0.5,0.3673,0.2875,0.3452,H,,
2425,2024-11-23,Everton,Brentford,D,No external context supplied,0.0,0.0,0.5,0.5,0.5221,0.2447,0.2332,H,H,0.0944
2425,2024-11-23,Fulham,Wolves,A,No external context supplied,0.0,0.0,0.5,0.5,0.6352,0.2168,0.148,H,,
2425,2024-11-23,Leicester,Chelsea,A,No external context supplied,0.0,1.0,0.5,0.5,0.1363,0.1995,0.6642,A,,
2425,2024-11-23,Man City,Tottenham,A,No external context supplied,1.0,1.0,0.5,0.5,0.7811,0.1419,0.077,H,H,0.0976
2425,2024-11-24,Ipswich,Man United,D,No external context supplied,0.0,1.0,0.5,0.5,0.1926,0.1885,0.6189,A,,
2425,2024-11-24,Southampton,Liverpool,A,No external context supplied,0.0,1.0,0.5,0.5,0.1071,0.1441,0.7488,A,,
2425,2024-11-25,Newcastle,West Ham,A,No external context supplied,1.0,0.0,0.5,0.5,0.7063,0.1669,0.1268,H,,
2425,2024-11-29,Brighton,Southampton,D,No external context supplied,0.0,0.0,0.5,0.5,0.6862,0.1912,0.1226,H,,
2425,2024-11-30,Brentford,Leicester,H,No external context supplied,0.0,0.0,0.5,0.5,0.6039,0.2335,0.1626,H,,
2425,2024-11-30,Crystal Palace,Newcastle,D,No external context supplied,0.0,1.0,0.5,0.5,0.3323,0.2659,0.4018,A,,
2425,2024-11-30,Nott'm Forest,Ipswich,H,No external context supplied,0.0,0.0,0.5,0.5,0.5784,0.2482,0.1734,H,,
2425,2024-11-30,West Ham,Arsenal,A,No external context supplied,0.0,1.0,0.5,0.5,0.1524,0.1565,0.691,A,,
2425,2024-11-30,Wolves,Bournemouth,A,No external context supplied,0.0,0.0,0.5,0.5,0.4011,0.2861,0.3128,H,,
2425,2024-12-01,Chelsea,Aston Villa,H,No external context supplied,1.0,0.0,0.5,0.5,0.5988,0.1826,0.2187,H,,
2425,2024-12-01,Liverpool,Man City,H,No external context supplied,1.0,1.0,0.5,0.5,0.59,0.2038,0.2063,H,H,0.0953
2425,2024-12-01,Man United,Everton,H,No external context supplied,1.0,0.0,0.5,0.5,0.5675,0.2176,0.215,H,,
2425,2024-12-01,Tottenham,Fulham,D,No external context supplied,1.0,0.0,0.5,0.5,0.4873,0.2268,0.2859,H,,
2425,2024-12-03,Ipswich,Crystal Palace,A,No external context supplied,0.0,0.0,0.5,0.5,0.3507,0.2196,0.4296,A,,
2425,2024-12-03,Leicester,West Ham,H,No external context supplied,0.0,0.0,0.5,0.5,0.2879,0.2685,0.4436,A,,
2425,2024-12-04,Arsenal,Man United,H,No external context supplied,1.0,1.0,0.5,0.5,0.7455,0.1695,0.0851,H,,
2425,2024-12-04,Aston Villa,Brentford,H,No external context supplied,0.0,0.0,0.5,0.5,0.6449,0.2111,0.144,H,,
2425,2024-12-04,Everton,Wolves,H,No external context supplied,0.0,0.0,0.5,0.5,0.5264,0.2162,0.2574,H,,
2425,2024-12-04,Man City,Nott'm Forest,H,No external context supplied,1.0,0.0,0.5,0.5,0.8336,0.1087,0.0577,H,H,0.0964
2425,2024-12-04,Newcastle,Liverpool,D,No external context supplied,1.0,1.0,0.5,0.5,0.4023,0.1788,0.4188,A,H,0.1281
2425,2024-12-04,Southampton,Chelsea,A,No external context supplied,0.0,1.0,0.5,0.5,0.1172,0.1574,0.7254,A,,
2425,2024-12-05,Bournemouth,Tottenham,H,No external context supplied,0.0,1.0,0.5,0.5,0.4712,0.267,0.2619,H,,
2425,2024-12-05,Fulham,Brighton,H,No external context supplied,0.0,0.0,0.5,0.5,0.3406,0.2988,0.3606,A,,
2425,2024-12-07,Aston Villa,Southampton,H,No external context supplied,0.0,0.0,0.5,0.5,0.7485,0.1633,0.0882,H,,
2425,2024-12-07,Brentford,Newcastle,H,No external context supplied,0.0,1.0,0.5,0.5,0.4102,0.2418,0.348,H,,
2425,2024-12-07,Crystal Palace,Man City,D,No external context supplied,0.0,1.0,0.5,0.5,0.2602,0.1481,0.5916,A,,
2425,2024-12-07,Man United,Nott'm Forest,A,No external context supplied,1.0,0.0,0.5,0.5,0.6304,0.1914,0.1782,H,,
2425,2024-12-08,Fulham,Arsenal,D,No external context supplied,0.0,1.0,0.5,0.5,0.2079,0.2109,0.5812,A,,
2425,2024-12-08,Ipswich,Bournemouth,A,No external context supplied,0.0,0.0,0.5,0.5,0.3132,0.2275,0.4593,A,,
2425,2024-12-08,Leicester,Brighton,D,No external context supplied,0.0,0.0,0.5,0.5,0.1638,0.1979,0.6382,A,,
2425,2024-12-08,Tottenham,Chelsea,A,No external context supplied,1.0,1.0,0.5,0.5,0.3983,0.2237,0.378,H,,
2425,2024-12-09,West Ham,Wolves,H,No external context supplied,0.0,0.0,0.5,0.5,0.5847,0.2342,0.1811,H,,
2425,2024-12-14,Arsenal,Everton,D,No external context supplied,1.0,0.0,0.5,0.5,0.7714,0.1558,0.0728,H,,
2425,2024-12-14,Liverpool,Fulham,D,No external context supplied,1.0,0.0,0.5,0.5,0.8064,0.1156,0.078,H,,
2425,2024-12-14,Newcastle,Leicester,H,No external context supplied,1.0,0.0,0.5,0.5,0.7615,0.1478,0.0907,H,,
2425,2024-12-14,Nott'm Forest,Aston Villa,H,No external context supplied,0.0,0.0,0.5,0.5,0.3027,0.2398,0.4575,A,,
2425,2024-12-14,Wolves,Ipswich,A,No external context supplied,0.0,0.0,0.5,0.5,0.4815,0.2797,0.2388,H,,
2425,2024-12-15,Brighton,Crystal Palace,A,No external context supplied,0.0,0.0,0.5,0.5,0.5616,0.24,0.1984,H,,
2425,2024-12-15,Chelsea,Brentford,H,No external context supplied,1.0,0.0,0.5,0.5,0.7286,0.1693,0.1021,H,,
2425,2024-12-15,Man City,Man United,A,No external context supplied,1.0,1.0,0.5,0.5,0.7634,0.1398,0.0968,H,H,0.1153
2425,2024-12-15,Southampton,Tottenham,A,No external context supplied,0.0,1.0,0.5,0.5,0.1789,0.2076,0.6136,A,,
2425,2024-12-16,Bournemouth,West Ham,D,No external context supplied,0.0,0.0,0.5,0.5,0.4788,0.2666,0.2546,H,,
2425,2024-12-21,Aston Villa,Man City,H,No external context supplied,0.0,1.0,0.5,0.5,0.3948,0.2056,0.3996,A,,
2425,2024-12-21,Brentford,Nott'm Forest,A,No external context supplied,0.0,0.0,0.5,0.5,0.3429,0.3581,0.299,D,,
2425,2024-12-21,Crystal Palace,Arsenal,A,No external context supplied,0.0,1.0,0.5,0.5,0.2059,0.2046,0.5894,A,,
2425,2024-12-21,Ipswich,Newcastle,A,No external context supplied,0.0,1.0,0.5,0.5,0.2719,0.2041,0.524,A,,
2425,2024-12-21,West Ham,Brighton,D,No external context supplied,0.0,0.0,0.5,0.5,0.3302,0.2556,0.4142,A,,
2425,2024-12-22,Everton,Chelsea,D,No external context supplied,0.0,1.0,0.5,0.5,0.2483,0.2153,0.5364,A,,
2425,2024-12-22,Fulham,Southampton,D,No external context supplied,0.0,0.0,0.5,0.5,0.5266,0.2356,0.2378,H,,
2425,2024-12-22,Leicester,Wolves,A,No external context supplied,0.0,0.0,0.5,0.5,0.2414,0.2878,0.4707,A,A,0.0828
2425,2024-12-22,Man United,Bournemouth,A,No external context supplied,1.0,0.0,0.5,0.5,0.5388,0.2181,0.2431,H,,
2425,2024-12-22,Tottenham,Liverpool,A,No external context supplied,1.0,1.0,0.5,0.5,0.265,0.2056,0.5294,A,,
2425,2024-12-26,Bournemouth,Crystal Palace,D,No external context supplied,0.0,0.0,0.5,0.5,0.4634,0.2698,0.2668,H,,
2425,2024-12-26,Chelsea,Fulham,A,No external context supplied,1.0,0.0,0.5,0.5,0.7253,0.1541,0.1205,H,,
2425,2024-12-26,Liverpool,Leicester,H,No external context supplied,1.0,0.0,0.5,0.5,0.8733,0.0805,0.0461,H,,
2425,2024-12-26,Man City,Everton,D,No external context supplied,1.0,0.0,0.5,0.5,0.8065,0.1146,0.0789,H,,
2425,2024-12-26,Newcastle,Aston Villa,H,No external context supplied,1.0,0.0,0.5,0.5,0.5697,0.2154,0.2149,H,,
2425,2024-12-26,Nott'm Forest,Tottenham,H,No external context supplied,0.0,1.0,0.5,0.5,0.4605,0.2693,0.2703,H,,
2425,2024-12-26,Southampton,West Ham,A,No external context supplied,0.0,0.0,0.5,0.5,0.2948,0.247,0.4582,A,,
2425,2024-12-26,Wolves,Man United,H,No external context supplied,0.0,1.0,0.5,0.5,0.1662,0.2682,0.5657,A,,
2425,2024-12-27,Arsenal,Ipswich,H,No external context supplied,1.0,0.0,0.5,0.5,0.8866,0.0785,0.035,H,,
2425,2024-12-27,Brighton,Brentford,D,No external context supplied,0.0,0.0,0.5,0.5,0.5934,0.234,0.1727,H,,
2425,2024-12-29,Crystal Palace,Southampton,H,No external context supplied,0.0,0.0,0.5,0.5,0.6645,0.2129,0.1226,H,,
2425,2024-12-29,Everton,Nott'm Forest,A,No external context supplied,0.0,0.0,0.5,0.5,0.3833,0.3005,0.3162,H,,
2425,2024-12-29,Fulham,Bournemouth,D,No external context supplied,0.0,0.0,0.5,0.5,0.4412,0.2798,0.279,H,,
2425,2024-12-29,Leicester,Man City,A,No external context supplied,0.0,1.0,0.5,0.5,0.1555,0.1207,0.7238,A,,
2425,2024-12-29,Tottenham,Wolves,D,No external context supplied,1.0,0.0,0.5,0.5,0.5387,0.2246,0.2367,H,,
2425,2024-12-29,West Ham,Liverpool,A,No external context supplied,0.0,1.0,0.5,0.5,0.1819,0.1579,0.6602,A,,
2425,2024-12-30,Aston Villa,Brighton,D,No external context supplied,0.0,0.0,0.5,0.5,0.6092,0.1959,0.1949,H,H,0.0857
2425,2024-12-30,Ipswich,Chelsea,H,No external context supplied,0.0,1.0,0.5,0.5,0.1399,0.1786,0.6815,A,,
2425,2024-12-30,Man United,Newcastle,A,No external context supplied,1.0,1.0,0.5,0.5,0.4024,0.2208,0.3767,H,,
2425,2025-01-01,Brentford,Arsenal,A,No external context supplied,0.0,1.0,0.5,0.5,0.1707,0.1604,0.6689,A,,
2425,2025-01-04,Aston Villa,Leicester,H,No external context supplied,0.0,0.0,0.5,0.5,0.746,0.1613,0.0927,H,,
2425,2025-01-04,Bournemouth,Everton,H,No external context supplied,0.0,0.0,0.5,0.5,0.5867,0.237,0.1763,H,,
2425,2025-01-04,Brighton,Arsenal,D,No external context supplied,0.0,1.0,0.5,0.5,0.2495,0.2308,0.5197,A,,
2425,2025-01-04,Crystal Palace,Chelsea,D,No external context supplied,0.0,1.0,0.5,0.5,0.2876,0.282,0.4304,A,,
2425,2025-01-04,Man City,West Ham,H,No external context supplied,1.0,0.0,0.5,0.5,0.8961,0.0737,0.0302,H,H,0.1208
2425,2025-01-04,Southampton,Brentford,A,No external context supplied,0.0,0.0,0.5,0.5,0.202,0.2172,0.5807,A,A,0.1404
2425,2025-01-04,Tottenham,Newcastle,A,No external context supplied,1.0,1.0,0.5,0.5,0.234,0.2919,0.4741,A,,
2425,2025-01-05,Fulham,Ipswich,D,No external context supplied,0.0,0.0,0.5,0.5,0.6525,0.2081,0.1394,H,,
2425,2025-01-05,Liverpool,Man United,D,No external context supplied,1.0,1.0,0.5,0.5,0.6706,0.2011,0.1282,H,,
2425,2025-01-06,Wolves,Nott'm Forest,A,No external context supplied,0.0,0.0,0.5,0.5,0.2319,0.3494,0.4188,A,,
2425,2025-01-14,Brentford,Man City,D,No external context supplied,0.0,1.0,0.5,0.5,0.1772,0.1552,0.6677,A,,
2425,2025-01-14,Chelsea,Bournemouth,D,No external context supplied,1.0,0.0,0.5,0.5,0.6069,0.2061,0.187,H,,
2425,2025-01-14,Nott'm Forest,Liverpool,D,No external context supplied,0.0,1.0,0.5,0.5,0.222,0.2231,0.5549,A,,
2425,2025-01-14,West Ham,Fulham,H,No external context supplied,0.0,0.0,0.5,0.5,0.3286,0.2549,0.4165,A,,
2425,2025-01-15,Arsenal,Tottenham,H,No external context supplied,1.0,1.0,0.5,0.5,0.7923,0.1237,0.084,H,H,0.0802
2425,2025-01-15,Everton,Aston Villa,A,No external context supplied,0.0,0.0,0.5,0.5,0.3016,0.2139,0.4845,A,,
2425,2025-01-15,Leicester,Crystal Palace,A,No external context supplied,0.0,0.0,0.5,0.5,0.2372,0.2265,0.5363,A,,
2425,2025-01-15,Newcastle,Wolves,H,No external context supplied,1.0,0.0,0.5,0.5,0.699,0.1775,0.1235,H,,
2425,2025-01-16,Ipswich,Brighton,A,No external context supplied,1.0,0.0,0.5,0.5,0.2156,0.1973,0.5871,A,,
2425,2025-01-16,Man United,Southampton,H,No external context supplied,1.0,0.0,0.5,0.5,0.7656,0.1334,0.101,H,,
2425,2025-01-18,Arsenal,Aston Villa,D,No external context supplied,1.0,0.0,0.5,0.5,0.6987,0.165,0.1363,H,,
2425,2025-01-18,Brentford,Liverpool,A,No external context supplied,0.0,1.0,0.5,0.5,0.1937,0.1592,0.6472,A,,
2425,2025-01-18,Leicester,Fulham,A,No external context supplied,0.0,0.0,0.5,0.5,0.2138,0.1772,0.609,A,,
2425,2025-01-18,Newcastle,Bournemouth,A,No external context supplied,1.0,0.0,0.5,0.5,0.6653,0.1933,0.1413,H,,
2425,2025-01-18,West Ham,Crystal Palace,A,No external context supplied,0.0,0.0,0.5,0.5,0.3248,0.2892,0.386,A,,
2425,2025-01-19,Everton,Tottenham,H,No external context supplied,0.0,1.0,0.5,0.5,0.4358,0.206,0.3583,H,,
2425,2025-01-19,Ipswich,Man City,A,No external context supplied,1.0,1.0,0.5,0.5,0.1348,0.0874,0.7778,A,,
2425,2025-01-19,Man United,Brighton,A,No external context supplied,1.0,0.0,0.5,0.5,0.4197,0.1925,0.3878,H,,
2425,2025-01-19,Nott'm Forest,Southampton,H,No external context supplied,0.0,0.0,0.5,0.5,0.6742,0.1803,0.1455,H,,
2425,2025-01-20,Chelsea,Wolves,H,No external context supplied,1.0,0.0,0.5,0.5,0.6487,0.1609,0.1904,H,,
2425,2025-01-25,Bournemouth,Nott'm Forest,H,No external context supplied,0.0,0.0,0.5,0.5,0.4696,0.3051,0.2253,H,,
2425,2025-01-25,Brighton,Everton,A,No external context supplied,0.0,0.0,0.5,0.5,0.6081,0.2378,0.1541,H,,
2425,2025-01-25,Liverpool,Ipswich,H,No external context supplied,1.0,1.0,0.5,0.5,0.9059,0.0649,0.0292,H,,
2425,2025-01-25,Man City,Chelsea,H,No external context supplied,1.0,1.0,0.5,0.5,0.4953,0.2455,0.2591,H,,
2425,2025-01-25,Southampton,Newcastle,A,No external context supplied,0.0,1.0,0.5,0.5,0.1239,0.1951,0.681,A,,
2425,2025-01-25,Wolves,Arsenal,A,No external context supplied,0.0,1.0,0.5,0.5,0.2001,0.1916,0.6083,A,,
2425,2025-01-26,Aston Villa,West Ham,D,No external context supplied,0.0,0.0,0.5,0.5,0.7043,0.1992,0.0965,H,,
2425,2025-01-26,Crystal Palace,Brentford,A,No external context supplied,0.0,0.0,0.5,0.5,0.5418,0.2343,0.2239,H,,
2425,2025-01-26,Fulham,Man United,A,No external context supplied,0.0,1.0,0.5,0.5,0.4006,0.3181,0.2813,H,,
2425,2025-01-26,Tottenham,Leicester,A,No external context supplied,1.0,0.0,0.5,0.5,0.6408,0.1632,0.196,H,,
2425,2025-02-01,Bournemouth,Liverpool,A,No external context supplied,0.0,1.0,0.5,0.5,0.1876,0.2123,0.6,A,,
2425,2025-02-01,Everton,Leicester,H,No external context supplied,0.0,0.0,0.5,0.5,0.4244,0.2369,0.3387,H,A,0.0964
2425,2025-02-01,Ipswich,Southampton,A,No external context supplied,1.0,0.0,0.5,0.5,0.5347,0.2275,0.2379,H,,
2425,2025-02-01,Newcastle,Fulham,A,No external context supplied,1.0,0.0,0.5,0.5,0.5682,0.2085,0.2234,H,,
2425,2025-02-01,Nott'm Forest,Brighton,H,No external context supplied,0.0,0.0,0.5,0.5,0.3121,0.271,0.4169,A,,
2425,2025-02-01,Wolves,Aston Villa,H,No external context supplied,0.0,0.0,0.5,0.5,0.3075,0.2315,0.461,A,,
2425,2025-02-02,Arsenal,Man City,H,No external context supplied,1.0,1.0,0.5,0.5,0.6722,0.2016,0.1263,H,H,0.1352
2425,2025-02-02,Brentford,Tottenham,A,No external context supplied,0.0,1.0,0.5,0.5,0.5413,0.233,0.2258,H,,
2425,2025-02-02,Man United,Crystal Palace,A,No external context supplied,1.0,0.0,0.5,0.5,0.6619,0.2074,0.1307,H,H,0.1395
2425,2025-02-03,Chelsea,West Ham,H,No external context supplied,1.0,0.0,0.5,0.5,0.8075,0.1247,0.0678,H,,
2425,2025-02-12,Everton,Liverpool,D,No external context supplied,0.0,1.0,0.5,0.5,0.116,0.1566,0.7273,A,,
2425,2025-02-14,Brighton,Chelsea,H,No external context supplied,0.0,1.0,0.5,0.5,0.3905,0.2755,0.3339,H,,
2425,2025-02-15,Aston Villa,Ipswich,D,No external context supplied,0.0,1.0,0.5,0.5,0.7519,0.1576,0.0906,H,,
2425,2025-02-15,Crystal Palace,Everton,A,No external context supplied,0.0,0.0,0.5,0.5,0.4967,0.242,0.2613,H,,
2425,2025-02-15,Fulham,Nott'm Forest,H,No external context supplied,0.0,0.0,0.5,0.5,0.4183,0.3431,0.2386,H,,
2425,2025-02-15,Leicester,Arsenal,A,No external context supplied,0.0,1.0,0.5,0.5,0.1307,0.1515,0.7178,A,,
2425,2025-02-15,Man City,Newcastle,H,No external context supplied,1.0,1.0,0.5,0.5,0.512,0.3053,0.1827,H,,
2425,2025-02-15,Southampton,Bournemouth,A,No external context supplied,0.0,0.0,0.5,0.5,0.1074,0.1909,0.7016,A,,
2425,2025-02-15,West Ham,Brentford,A,No external context supplied,0.0,0.0,0.5,0.5,0.3951,0.2625,0.3423,H,,
2425,2025-02-16,Liverpool,Wolves,H,No external context supplied,1.0,0.0,0.5,0.5,0.7463,0.1537,0.1,H,,
2425,2025-02-16,Tottenham,Man United,H,No external context supplied,1.0,1.0,0.5,0.5,0.5782,0.2245,0.1973,H,H,0.1359
2425,2025-02-19,Aston Villa,Liverpool,D,No external context supplied,0.0,1.0,0.5,0.5,0.3181,0.2621,0.4198,A,,
2425,2025-02-21,Leicester,Brentford,A,No external context supplied,0.0,0.0,0.5,0.5,0.2922,0.2187,0.4892,A,,
2425,2025-02-22,Arsenal,West Ham,A,No external context supplied,1.0,0.0,0.5,0.5,0.7698,0.1114,0.1188,H,,
2425,2025-02-22,Aston Villa,Chelsea,H,No external context supplied,0.0,1.0,0.5,0.5,0.4608,0.2631,0.2761,H,,
2425,2025-02-22,Bournemouth,Wolves,A,No external context supplied,0.0,0.0,0.5,0.5,0.4836,0.2717,0.2447,H,,
2425,2025-02-22,Everton,Man United,D,No external context supplied,0.0,1.0,0.5,0.5,0.4015,0.3048,0.2937,H,,
2425,2025-02-22,Fulham,Crystal Palace,A,No external context supplied,0.0,0.0,0.5,0.5,0.4275,0.3102,0.2624,H,,
2425,2025-02-22,Ipswich,Tottenham,A,No external context supplied,1.0,1.0,0.5,0.5,0.2475,0.2395,0.5131,A,,
2425,2025-02-22,Southampton,Brighton,A,No external context supplied,0.0,0.0,0.5,0.5,0.1509,0.1946,0.6545,A,,
2425,2025-02-23,Man City,Liverpool,A,No external context supplied,1.0,1.0,0.5,0.5,0.4377,0.2285,0.3338,H,,
2425,2025-02-23,Newcastle,Nott'm Forest,H,No external context supplied,1.0,0.0,0.5,0.5,0.4089,0.2589,0.3323,H,,
2425,2025-02-25,Brighton,Bournemouth,H,No external context supplied,0.0,0.0,0.5,0.5,0.4779,0.2798,0.2423,H,,
2425,2025-02-25,Chelsea,Southampton,H,No external context supplied,1.0,0.0,0.5,0.5,0.8507,0.0822,0.0671,H,,
2425,2025-02-25,Crystal Palace,Aston Villa,H,No external context supplied,0.0,0.0,0.5,0.5,0.5187,0.2159,0.2654,H,H,0.1023
2425,2025-02-25,Wolves,Fulham,A,No external context supplied,0.0,0.0,0.5,0.5,0.413,0.2578,0.3291,H,,
2425,2025-02-26,Brentford,Everton,D,No external context supplied,0.0,0.0,0.5,0.5,0.504,0.2474,0.2486,H,,
2425,2025-02-26,Liverpool,Newcastle,H,No external context supplied,1.0,1.0,0.5,0.5,0.8278,0.1283,0.0439,H,H,0.1427
2425,2025-02-26,Man United,Ipswich,H,No external context supplied,1.0,1.0,0.5,0.5,0.8082,0.1076,0.0842,H,H,0.1304
2425,2025-02-26,Nott'm Forest,Arsenal,D,No external context supplied,0.0,1.0,0.5,0.5,0.1624,0.2863,0.5512,A,,
2425,2025-02-26,Tottenham,Man City,A,No external context supplied,1.0,1.0,0.5,0.5,0.3333,0.2126,0.4541,A,,
2425,2025-02-27,West Ham,Leicester,H,No external context supplied,0.0,0.0,0.5,0.5,0.5706,0.1937,0.2357,H,,
2425,2025-03-08,Brentford,Aston Villa,A,No external context supplied,0.0,0.0,0.5,0.5,0.4883,0.2312,0.2805,H,,
2425,2025-03-08,Brighton,Fulham,H,No external context supplied,0.0,0.0,0.5,0.5,0.4441,0.2977,0.2582,H,,
2425,2025-03-08,Crystal Palace,Ipswich,H,No external context supplied,0.0,1.0,0.5,0.5,0.6423,0.1856,0.1721,H,,
2425,2025-03-08,Liverpool,Southampton,H,No external context supplied,1.0,0.0,0.5,0.5,0.8959,0.0664,0.0377,H,,
2425,2025-03-08,Nott'm Forest,Man City,H,No external context supplied,0.0,1.0,0.5,0.5,0.1949,0.2714,0.5337,A,,
2425,2025-03-08,Wolves,Everton,D,No external context supplied,0.0,0.0,0.5,0.5,0.3355,0.2754,0.3891,A,,
2425,2025-03-09,Chelsea,Leicester,H,No external context supplied,1.0,0.0,0.5,0.5,0.7879,0.1063,0.1058,H,,
2425,2025-03-09,Man United,Arsenal,D,No external context supplied,1.0,1.0,0.5,0.5,0.2446,0.2137,0.5417,A,,
2425,2025-03-09,Tottenham,Bournemouth,D,No external context supplied,1.0,0.0,0.5,0.5,0.3652,0.2102,0.4246,A,,
2425,2025-03-10,West Ham,Newcastle,A,No external context supplied,0.0,1.0,0.5,0.5,0.3161,0.2796,0.4044,A,,
2425,2025-03-15,Bournemouth,Brentford,A,No external context supplied,0.0,0.0,0.5,0.5,0.4986,0.2626,0.2387,H,,
2425,2025-03-15,Everton,West Ham,D,No external context supplied,0.0,0.0,0.5,0.5,0.4147,0.3025,0.2828,H,,
2425,2025-03-15,Ipswich,Nott'm Forest,A,No external context supplied,1.0,0.0,0.5,0.5,0.2285,0.2276,0.5439,A,,
2425,2025-03-15,Man City,Brighton,D,No external context supplied,1.0,0.0,0.5,0.5,0.5651,0.193,0.2419,H,,
2425,2025-03-15,Southampton,Wolves,A,No external context supplied,0.0,0.0,0.5,0.5,0.2121,0.254,0.5339,A,,
2425,2025-03-16,Arsenal,Chelsea,H,No external context supplied,1.0,1.0,0.5,0.5,0.7246,0.1648,0.1107,H,H,0.1411
2425,2025-03-16,Fulham,Tottenham,H,No external context supplied,0.0,1.0,0.5,0.5,0.6147,0.2345,0.1508,H,H,0.0999
2425,2025-03-16,Leicester,Man United,A,No external context supplied,0.0,1.0,0.5,0.5,0.1937,0.217,0.5894,A,,
2425,2025-04-01,Arsenal,Fulham,H,No external context supplied,1.0,0.0,0.5,0.5,0.7235,0.1642,0.1123,H,,
2425,2025-04-01,Nott'm Forest,Man United,H,No external context supplied,0.0,1.0,0.5,0.5,0.3692,0.3559,0.2748,H,,
2425,2025-04-01,Wolves,West Ham,H,No external context supplied,0.0,0.0,0.5,0.5,0.4021,0.3032,0.2947,H,,
2425,2025-04-02,Bournemouth,Ipswich,A,No external context supplied,0.0,1.0,0.5,0.5,0.7229,0.1587,0.1184,H,,
2425,2025-04-02,Brighton,Aston Villa,A,No external context supplied,0.0,0.0,0.5,0.5,0.407,0.2642,0.3288,H,,
2425,2025-04-02,Liverpool,Everton,H,No external context supplied,1.0,0.0,0.5,0.5,0.6272,0.1951,0.1778,H,,
2425,2025-04-02,Man City,Leicester,H,No external context supplied,1.0,0.0,0.5,0.5,0.8168,0.0986,0.0846,H,,
2425,2025-04-02,Newcastle,Brentford,H,No external context supplied,1.0,0.0,0.5,0.5,0.5524,0.2323,0.2153,H,,
2425,2025-04-02,Southampton,Crystal Palace,D,No external context supplied,0.0,0.0,0.5,0.5,0.1131,0.2497,0.6372,A,,
2425,2025-04-03,Chelsea,Tottenham,H,No external context supplied,1.0,1.0,0.5,0.5,0.6146,0.1913,0.194,H,,
2425,2025-04-05,Aston Villa,Nott'm Forest,H,No external context supplied,0.0,0.0,0.5,0.5,0.4783,0.2659,0.2558,H,,
2425,2025-04-05,Crystal Palace,Brighton,H,No external context supplied,0.0,0.0,0.5,0.5,0.3698,0.2651,0.3652,H,,
2425,2025-04-05,Everton,Arsenal,D,No external context supplied,0.0,1.0,0.5,0.5,0.2634,0.2474,0.4893,A,,
2425,2025-04-05,Ipswich,Wolves,A,No external context supplied,1.0,0.0,0.5,0.5,0.3266,0.3183,0.3551,A,,
2425,2025-04-05,West Ham,Bournemouth,D,No external context supplied,0.0,0.0,0.5,0.5,0.3075,0.2287,0.4638,A,,
2425,2025-04-06,Brentford,Chelsea,D,No external context supplied,0.0,1.0,0.5,0.5,0.3633,0.2545,0.3821,A,,
2425,2025-04-06,Fulham,Liverpool,H,No external context supplied,0.0,1.0,0.5,0.5,0.2366,0.2371,0.5263,A,,
2425,2025-04-06,Man United,Man City,D,No external context supplied,1.0,1.0,0.5,0.5,0.2852,0.2369,0.4778,A,,
2425,2025-04-06,Tottenham,Southampton,H,No external context supplied,1.0,0.0,0.5,0.5,0.7425,0.132,0.1255,H,,
2425,2025-04-07,Leicester,Newcastle,A,No external context supplied,0.0,1.0,0.5,0.5,0.1491,0.1815,0.6694,A,,
2425,2025-04-12,Arsenal,Brentford,D,No external context supplied,1.0,0.0,0.5,0.5,0.6824,0.1656,0.152,H,,
2425,2025-04-12,Brighton,Leicester,D,No external context supplied,0.0,0.0,0.5,0.5,0.6949,0.1754,0.1296,H,,
2425,2025-04-12,Man City,Crystal Palace,H,No external context supplied,1.0,0.0,0.5,0.5,0.6462,0.184,0.1698,H,,
2425,2025-04-12,Nott'm Forest,Everton,A,No external context supplied,0.0,0.0,0.5,0.5,0.51,0.2928,0.1972,H,,
2425,2025-04-12,Southampton,Aston Villa,A,No external context supplied,0.0,0.0,0.5,0.5,0.1449,0.2016,0.6534,A,,
2425,2025-04-13,Chelsea,Ipswich,D,No external context supplied,1.0,1.0,0.5,0.5,0.9199,0.0516,0.0285,H,H,0.1165
2425,2025-04-13,Liverpool,West Ham,H,No external context supplied,1.0,0.0,0.5,0.5,0.8029,0.1096,0.0875,H,,
2425,2025-04-13,Newcastle,Man United,H,No external context supplied,1.0,1.0,0.5,0.5,0.6972,0.1977,0.1051,H,H,0.0884
2425,2025-04-13,Wolves,Tottenham,H,No external context supplied,0.0,1.0,0.5,0.5,0.3681,0.3114,0.3205,H,,
2425,2025-04-14,Bournemouth,Fulham,H,No external context supplied,0.0,0.0,0.5,0.5,0.403,0.2863,0.3107,H,,
2425,2025-04-16,Newcastle,Crystal Palace,H,No external context supplied,1.0,0.0,0.5,0.5,0.6935,0.1967,0.1098,H,H,0.0975
2425,2025-04-19,Aston Villa,Newcastle,H,No external context supplied,0.0,1.0,0.5,0.5,0.4358,0.2773,0.2869,H,,
2425,2025-04-19,Brentford,Brighton,H,No external context supplied,0.0,0.0,0.5,0.5,0.3341,0.2309,0.435,A,,
2425,2025-04-19,Crystal Palace,Bournemouth,D,No external context supplied,0.0,0.0,0.5,0.5,0.3784,0.27,0.3516,H,,
2425,2025-04-19,Everton,Man City,A,No external context supplied,0.0,1.0,0.5,0.5,0.2584,0.2223,0.5193,A,,
2425,2025-04-19,West Ham,Southampton,D,No external context supplied,0.0,0.0,0.5,0.5,0.5345,0.2244,0.2411,H,,
2425,2025-04-20,Fulham,Chelsea,A,No external context supplied,0.0,1.0,0.5,0.5,0.2949,0.2953,0.4098,A,,
2425,2025-04-20,Ipswich,Arsenal,A,No external context supplied,1.0,1.0,0.5,0.5,0.1406,0.1768,0.6826,A,,
2425,2025-04-20,Leicester,Liverpool,A,No external context supplied,0.0,1.0,0.5,0.5,0.1104,0.1305,0.7591,A,,
2425,2025-04-20,Man United,Wolves,A,No external context supplied,1.0,0.0,0.5,0.5,0.3162,0.2904,0.3934,A,A,0.0986
2425,2025-04-21,Tottenham,Nott'm Forest,A,No external context supplied,1.0,0.0,0.5,0.5,0.4059,0.2151,0.379,H,,
2425,2025-04-22,Man City,Aston Villa,H,No external context supplied,1.0,0.0,0.5,0.5,0.6794,0.1709,0.1497,H,H,0.1154
2425,2025-04-23,Arsenal,Crystal Palace,D,No external context supplied,1.0,0.0,0.5,0.5,0.781,0.135,0.084,H,,
2425,2025-04-26,Brighton,West Ham,H,No external context supplied,0.0,0.0,0.5,0.5,0.4657,0.2735,0.2608,H,,
2425,2025-04-26,Chelsea,Everton,H,No external context supplied,1.0,0.0,0.5,0.5,0.7474,0.164,0.0886,H,H,0.103
2425,2025-04-26,Newcastle,Ipswich,H,No external context supplied,1.0,1.0,0.5,0.5,0.8722,0.0886,0.0392,H,,
2425,2025-04-26,Southampton,Fulham,A,No external context supplied,0.0,0.0,0.5,0.5,0.1514,0.1973,0.6513,A,,
2425,2025-04-26,Wolves,Leicester,H,No external context supplied,0.0,0.0,0.5,0.5,0.6044,0.1951,0.2005,H,,
2425,2025-04-27,Bournemouth,Man United,D,No external context supplied,0.0,1.0,0.5,0.5,0.4583,0.2802,0.2615,H,,
2425,2025-04-27,Liverpool,Tottenham,H,No external context supplied,1.0,1.0,0.5,0.5,0.8533,0.0978,0.0489,H,,
2425,2025-05-01,Nott'm Forest,Brentford,A,No external context supplied,0.0,0.0,0.5,0.5,0.3939,0.2892,0.3169,H,,
2425,2025-05-02,Man City,Wolves,H,No external context supplied,1.0,0.0,0.5,0.5,0.8113,0.1278,0.0609,H,H,0.0907
2425,2025-05-03,Arsenal,Bournemouth,A,No external context supplied,1.0,0.0,0.5,0.5,0.7951,0.1174,0.0875,H,H,0.2417
2425,2025-05-03,Aston Villa,Fulham,H,No external context supplied,0.0,0.0,0.5,0.5,0.5052,0.2523,0.2425,H,,
2425,2025-05-03,Everton,Ipswich,D,No external context supplied,0.0,1.0,0.5,0.5,0.6713,0.1893,0.1394,H,,
2425,2025-05-03,Leicester,Southampton,H,No external context supplied,0.0,0.0,0.5,0.5,0.3901,0.2335,0.3764,H,,
2425,2025-05-04,Brentford,Man United,H,No external context supplied,0.0,1.0,0.5,0.5,0.54,0.2796,0.1804,H,,
2425,2025-05-04,Brighton,Newcastle,D,No external context supplied,0.0,1.0,0.5,0.5,0.2622,0.3043,0.4335,A,,
2425,2025-05-04,Chelsea,Liverpool,H,No external context supplied,1.0,1.0,0.5,0.5,0.4945,0.2492,0.2563,H,,
2425,2025-05-04,West Ham,Tottenham,D,No external context supplied,0.0,1.0,0.5,0.5,0.5816,0.2322,0.1862,H,H,0.0911
2425,2025-05-05,Crystal Palace,Nott'm Forest,D,No external context supplied,0.0,0.0,0.5,0.5,0.4596,0.2682,0.2722,H,,
2425,2025-05-10,Bournemouth,Aston Villa,A,No external context supplied,0.0,0.0,0.5,0.5,0.4372,0.2791,0.2836,H,,
2425,2025-05-10,Fulham,Everton,A,No external context supplied,0.0,0.0,0.5,0.5,0.5897,0.2384,0.1719,H,,
2425,2025-05-10,Ipswich,Brentford,A,No external context supplied,1.0,0.0,0.5,0.5,0.166,0.1991,0.6349,A,,
2425,2025-05-10,Southampton,Man City,D,No external context supplied,0.0,1.0,0.5,0.5,0.0877,0.1104,0.8019,A,,
2425,2025-05-10,Wolves,Brighton,A,No external context supplied,0.0,0.0,0.5,0.5,0.2399,0.2195,0.5406,A,A,0.1188
2425,2025-05-11,Liverpool,Arsenal,D,No external context supplied,1.0,1.0,0.5,0.5,0.5405,0.1968,0.2627,H,,
2425,2025-05-11,Man United,West Ham,A,No external context supplied,1.0,0.0,0.5,0.5,0.457,0.2251,0.3179,H,,
2425,2025-05-11,Newcastle,Chelsea,H,No external context supplied,1.0,1.0,0.5,0.5,0.4386,0.2943,0.2671,H,,
2425,2025-05-11,Nott'm Forest,Leicester,D,No external context supplied,0.0,0.0,0.5,0.5,0.6372,0.1849,0.1779,H,,
2425,2025-05-11,Tottenham,Crystal Palace,A,No external context supplied,1.0,0.0,0.5,0.5,0.3004,0.2287,0.4709,A,,
2425,2025-05-16,Aston Villa,Tottenham,H,No external context supplied,0.0,1.0,0.5,0.5,0.8152,0.1194,0.0654,H,,
2425,2025-05-16,Chelsea,Man United,H,No external context supplied,1.0,1.0,0.5,0.5,0.5817,0.1901,0.2282,H,,
2425,2025-05-18,Arsenal,Newcastle,H,No external context supplied,1.0,1.0,0.5,0.5,0.64,0.2354,0.1246,H,H,0.1185
2425,2025-05-18,Brentford,Fulham,A,No external context supplied,0.0,0.0,0.5,0.5,0.4239,0.2655,0.3106,H,,
2425,2025-05-18,Everton,Southampton,H,No external context supplied,0.0,0.0,0.5,0.5,0.6463,0.1985,0.1553,H,,
2425,2025-05-18,Leicester,Ipswich,H,No external context supplied,0.0,1.0,0.5,0.5,0.5342,0.2479,0.218,H,H,0.0897
2425,2025-05-18,West Ham,Nott'm Forest,A,No external context supplied,0.0,0.0,0.5,0.5,0.3079,0.2531,0.439,A,,
2425,2025-05-19,Brighton,Liverpool,H,No external context supplied,0.0,1.0,0.5,0.5,0.5448,0.2576,0.1976,H,H,0.1311
2425,2025-05-20,Crystal Palace,Wolves,H,No external context supplied,0.0,0.0,0.5,0.5,0.3528,0.3664,0.2808,D,,
2425,2025-05-20,Man City,Bournemouth,H,No external context supplied,1.0,0.0,0.5,0.5,0.879,0.0812,0.0398,H,H,0.1901
2425,2025-05-25,Bournemouth,Leicester,H,No external context supplied,0.0,0.0,0.5,0.5,0.7297,0.1698,0.1005,H,,
2425,2025-05-25,Fulham,Man City,A,No external context supplied,0.0,1.0,0.5,0.5,0.1656,0.2078,0.6266,A,,
2425,2025-05-25,Ipswich,West Ham,A,No external context supplied,1.0,0.0,0.5,0.5,0.2298,0.1753,0.5949,A,A,0.1171
2425,2025-05-25,Liverpool,Crystal Palace,D,No external context supplied,1.0,0.0,0.5,0.5,0.8042,0.1126,0.0832,H,H,0.0896
2425,2025-05-25,Man United,Aston Villa,H,No external context supplied,1.0,0.0,0.5,0.5,0.1663,0.188,0.6457,A,,
2425,2025-05-25,Newcastle,Everton,A,No external context supplied,1.0,0.0,0.5,0.5,0.7738,0.1359,0.0903,H,,
2425,2025-05-25,Nott'm Forest,Chelsea,A,No external context supplied,0.0,1.0,0.5,0.5,0.2687,0.3257,0.4056,A,,
2425,2025-05-25,Southampton,Arsenal,A,No external context supplied,0.0,1.0,0.5,0.5,0.0922,0.1159,0.7919,A,,
2425,2025-05-25,Tottenham,Brighton,A,No external context supplied,1.0,0.0,0.5,0.5,0.3187,0.1403,0.5409,A,,
2425,2025-05-25,Wolves,Brentford,D,No external context supplied,0.0,0.0,0.5,0.5,0.2769,0.237,0.486,A,,
2526,2025-08-15,Liverpool,Bournemouth,H,Away travel 0.1,1.0,0.0,0.5,0.5,0.7297,0.1623,0.1079,H,,
2526,2025-08-16,Aston Villa,Newcastle,D,No external context supplied,0.0,1.0,0.5,0.5,0.2796,0.3171,0.4033,A,,
2526,2025-08-16,Brighton,Fulham,D,No external context supplied,0.0,0.0,0.5,0.5,0.5936,0.2454,0.1609,H,,
2526,2025-08-16,Sunderland,West Ham,H,No external context supplied,0.0,0.0,0.5,0.5,0.1481,0.1457,0.7062,A,A,0.2061
2526,2025-08-16,Tottenham,Burnley,H,No external context supplied,1.0,0.0,0.5,0.5,0.5254,0.2508,0.2238,H,,
2526,2025-08-16,Wolves,Man City,A,No external context supplied,0.0,1.0,0.5,0.5,0.098,0.1827,0.7193,A,,
2526,2025-08-17,Chelsea,Crystal Palace,D,No external context supplied,1.0,0.0,0.5,0.5,0.5079,0.1749,0.3172,H,A,0.0941
2526,2025-08-17,Man United,Arsenal,A,No external context supplied,1.0,1.0,0.5,0.5,0.2339,0.1533,0.6129,A,A,0.1029
2526,2025-08-17,Nott'm Forest,Brentford,H,No external context supplied,0.0,0.0,0.5,0.5,0.578,0.2331,0.1889,H,H,0.0985
2526,2025-08-18,Leeds,Everton,H,No external context supplied,0.0,0.0,0.5,0.5,0.4076,0.2954,0.297,H,,
2526,2025-08-22,West Ham,Chelsea,A,No external context supplied,0.0,1.0,0.5,0.5,0.1793,0.2545,0.5662,A,,
2526,2025-08-23,Arsenal,Leeds,H,No external context supplied,1.0,0.0,0.5,0.5,0.7211,0.1581,0.1209,H,,
2526,2025-08-23,Bournemouth,Wolves,H,No external context supplied,0.0,0.0,0.5,0.5,0.4698,0.3254,0.2049,H,,
2526,2025-08-23,Brentford,Aston Villa,H,No external context supplied,0.0,0.0,0.5,0.5,0.2203,0.3325,0.4472,A,,
2526,2025-08-23,Burnley,Sunderland,H,No external context supplied,0.0,0.0,0.5,0.5,0.2993,0.4805,0.2202,D,D,0.1296
2526,2025-08-23,Man City,Tottenham,A,No external context supplied,1.0,1.0,0.5,0.5,0.6866,0.1504,0.163,H,,
2526,2025-08-24,Crystal Palace,Nott'm Forest,D,No external context supplied,0.0,0.0,0.5,0.5,0.5146,0.245,0.2404,H,H,0.0809
2526,2025-08-24,Everton,Brighton,H,No external context supplied,0.0,0.0,0.5,0.5,0.3525,0.2557,0.3917,A,,
2526,2025-08-24,Fulham,Man United,D,No external context supplied,0.0,1.0,0.5,0.5,0.2779,0.2425,0.4795,A,,
2526,2025-08-25,Newcastle,Liverpool,A,No external context supplied,1.0,1.0,0.5,0.5,0.3632,0.1697,0.4671,A,,
2526,2025-08-30,Chelsea,Fulham,H,No external context supplied,1.0,0.0,0.5,0.5,0.5665,0.1819,0.2516,H,,
2526,2025-08-30,Leeds,Newcastle,D,No external context supplied,0.0,1.0,0.5,0.5,0.1979,0.3548,0.4473,A,,
2526,2025-08-30,Man United,Burnley,H,No external context supplied,1.0,0.0,0.5,0.5,0.6737,0.1823,0.144,H,,
2526,2025-08-30,Sunderland,Brentford,H,No external context supplied,0.0,0.0,0.5,0.5,0.1565,0.2322,0.6113,A,A,0.1627
2526,2025-08-30,Tottenham,Bournemouth,A,No external context supplied,1.0,0.0,0.5,0.5,0.473,0.2343,0.2927,H,,
2526,2025-08-30,Wolves,Everton,A,No external context supplied,0.0,0.0,0.5,0.5,0.1657,0.3483,0.4861,A,A,0.1008
2526,2025-08-31,Aston Villa,Crystal Palace,A,No external context supplied,0.0,0.0,0.5,0.5,0.4384,0.2102,0.3514,H,A,0.0859
2526,2025-08-31,Brighton,Man City,H,No external context supplied,0.0,1.0,0.5,0.5,0.296,0.3127,0.3913,A,,
2526,2025-08-31,Liverpool,Arsenal,H,No external context supplied,1.0,1.0,0.5,0.5,0.4984,0.2842,0.2175,H,,
2526,2025-08-31,Nott'm Forest,West Ham,A,No external context supplied,0.0,0.0,0.5,0.5,0.6065,0.2771,0.1163,H,,
2526,2025-09-13,Arsenal,Nott'm Forest,H,No external context supplied,1.0,0.0,0.5,0.5,0.7526,0.1281,0.1193,H,,
2526,2025-09-13,Bournemouth,Brighton,H,No external context supplied,0.0,0.0,0.5,0.5,0.3854,0.2831,0.3314,H,,
2526,2025-09-13,Brentford,Chelsea,D,No external context supplied,0.0,1.0,0.5,0.5,0.1797,0.2855,0.5348,A,,
2526,2025-09-13,Crystal Palace,Sunderland,D,No external context supplied,0.0,0.0,0.5,0.5,0.5319,0.3621,0.106,H,,
2526,2025-09-13,Everton,Aston Villa,D,No external context supplied,0.0,0.0,0.5,0.5,0.2999,0.2491,0.451,A,A,0.0933
2526,2025-09-13,Fulham,Leeds,H,No external context supplied,0.0,0.0,0.5,0.5,0.4806,0.2432,0.2762,H,,
2526,2025-09-13,Newcastle,Wolves,H,No external context supplied,1.0,0.0,0.5,0.5,0.6956,0.1705,0.1339,H,,
2526,2025-09-13,West Ham,Tottenham,A,No external context supplied,0.0,1.0,0.5,0.5,0.2735,0.2432,0.4833,A,,
2526,2025-09-14,Burnley,Liverpool,A,No external context supplied,0.0,1.0,0.5,0.5,0.0938,0.1215,0.7847,A,,
2526,2025-09-14,Man City,Man United,H,No external context supplied,1.0,1.0,0.5,0.5,0.6661,0.1317,0.2021,H,H,0.0928
2526,2025-09-20,Brighton,Tottenham,D,No external context supplied,0.0,1.0,0.5,0.5,0.4613,0.2926,0.2461,H,,
2526,2025-09-20,Burnley,Nott'm Forest,D,No external context supplied,0.0,0.0,0.5,0.5,0.2152,0.189,0.5958,A,A,0.1154
2526,2025-09-20,Fulham,Brentford,H,No external context supplied,0.0,0.0,0.5,0.5,0.4314,0.2991,0.2696,H,,
2526,2025-09-20,Liverpool,Everton,H,No external context supplied,1.0,0.0,0.5,0.5,0.663,0.2241,0.1129,H,,
2526,2025-09-20,Man United,Chelsea,H,No external context supplied,1.0,1.0,0.5,0.5,0.3782,0.2412,0.3806,A,,
2526,2025-09-20,West Ham,Crystal Palace,A,No external context supplied,0.0,0.0,0.5,0.5,0.245,0.2185,0.5365,A,A,0.0984
2526,2025-09-20,Wolves,Leeds,A,No external context supplied,0.0,0.0,0.5,0.5,0.2885,0.2161,0.4954,A,A,0.1079
2526,2025-09-21,Arsenal,Man City,D,No external context supplied,1.0,1.0,0.5,0.5,0.5154,0.2607,0.2239,H,,
2526,2025-09-21,Bournemouth,Newcastle,D,No external context supplied,0.0,1.0,0.5,0.5,0.3962,0.2776,0.3263,H,,
2526,2025-09-21,Sunderland,Aston Villa,D,No external context supplied,0.0,0.0,0.5,0.5,0.0894,0.1666,0.744,A,A,0.2111
2526,2025-09-27,Brentford,Man United,H,No external context supplied,0.0,1.0,0.5,0.5,0.2957,0.2553,0.449,A,,
2526,2025-09-27,Chelsea,Brighton,A,No external context supplied,1.0,0.0,0.5,0.5,0.3773,0.2866,0.3361,H,,
2526,2025-09-27,Crystal Palace,Liverpool,H,No external context supplied,0.0,1.0,0.5,0.5,0.3076,0.3305,0.362,A,,
2526,2025-09-27,Leeds,Bournemouth,D,No external context supplied,0.0,0.0,0.5,0.5,0.2829,0.278,0.4392,A,,
2526,2025-09-27,Man City,Burnley,H,No external context supplied,1.0,0.0,0.5,0.5,0.7329,0.1529,0.1142,H,,
2526,2025-09-27,Nott'm Forest,Sunderland,A,No external context supplied,0.0,0.0,0.5,0.5,0.5647,0.2875,0.1477,H,,
2526,2025-09-27,Tottenham,Wolves,D,No external context supplied,1.0,0.0,0.5,0.5,0.6567,0.1546,0.1887,H,,
2526,2025-09-28,Aston Villa,Fulham,H,No external context supplied,0.0,0.0,0.5,0.5,0.4238,0.288,0.2882,H,,
2526,2025-09-28,Newcastle,Arsenal,A,No external context supplied,1.0,1.0,0.5,0.5,0.31,0.2533,0.4367,A,,
2526,2025-09-29,Everton,West Ham,D,No external context supplied,0.0,0.0,0.5,0.5,0.5965,0.252,0.1515,H,,
2526,2025-10-03,Bournemouth,Fulham,H,No external context supplied,0.0,0.0,0.5,0.5,0.5241,0.271,0.2049,H,,
2526,2025-10-04,Arsenal,West Ham,H,No external context supplied,1.0,0.0,0.5,0.5,0.8113,0.1248,0.0639,H,,
2526,2025-10-04,Chelsea,Liverpool,H,No external context supplied,1.0,1.0,0.5,0.5,0.3623,0.2553,0.3824,A,,
2526,2025-10-04,Leeds,Tottenham,A,No external context supplied,0.0,1.0,0.5,0.5,0.3427,0.2658,0.3915,A,,
2526,2025-10-04,Man United,Sunderland,H,No external context supplied,1.0,0.0,0.5,0.5,0.5668,0.2512,0.182,H,,
2526,2025-10-05,Aston Villa,Burnley,H,No external context supplied,0.0,0.0,0.5,0.5,0.6243,0.213,0.1627,H,,
2526,2025-10-05,Brentford,Man City,A,No external context supplied,0.0,1.0,0.5,0.5,0.1674,0.2272,0.6054,A,,
2526,2025-10-05,Everton,Crystal Palace,H,No external context supplied,0.0,0.0,0.5,0.5,0.2935,0.3556,0.3509,D,,
2526,2025-10-05,Newcastle,Nott'm Forest,H,No external context supplied,1.0,0.0,0.5,0.5,0.6476,0.1679,0.1845,H,,
2526,2025-10-05,Wolves,Brighton,D,No external context supplied,0.0,0.0,0.5,0.5,0.2507,0.241,0.5083,A,,
2526,2025-10-18,Brighton,Newcastle,H,No external context supplied,0.0,1.0,0.5,0.5,0.2799,0.2916,0.4285,A,,
2526,2025-10-18,Burnley,Leeds,H,No external context supplied,0.0,0.0,0.5,0.5,0.2082,0.1757,0.6161,A,A,0.1411
2526,2025-10-18,Crystal Palace,Bournemouth,D,No external context supplied,0.0,0.0,0.5,0.5,0.5243,0.2373,0.2384,H,,
2526,2025-10-18,Fulham,Arsenal,A,No external context supplied,0.0,1.0,0.5,0.5,0.1095,0.2095,0.681,A,,
2526,2025-10-18,Man City,Everton,H,No external context supplied,1.0,0.0,0.5,0.5,0.6265,0.2061,0.1674,H,,
2526,2025-10-18,Nott'm Forest,Chelsea,A,No external context supplied,0.0,1.0,0.5,0.5,0.327,0.2602,0.4128,A,,
2526,2025-10-18,Sunderland,Wolves,H,No external context supplied,0.0,0.0,0.5,0.5,0.2697,0.2018,0.5285,A,A,0.1618
2526,2025-10-19,Liverpool,Man United,A,No external context supplied,1.0,1.0,0.5,0.5,0.69,0.1679,0.1421,H,,
2526,2025-10-19,Tottenham,Aston Villa,A,No external context supplied,1.0,0.0,0.5,0.5,0.3898,0.1863,0.424,A,A,0.1064
2526,2025-10-20,West Ham,Brentford,A,No external context supplied,0.0,0.0,0.5,0.5,0.2808,0.207,0.5122,A,A,0.1274
2526,2025-10-24,Leeds,West Ham,H,No external context supplied,0.0,0.0,0.5,0.5,0.5071,0.2601,0.2328,H,,
2526,2025-10-25,Brentford,Liverpool,H,No external context supplied,0.0,1.0,0.5,0.5,0.2764,0.2496,0.4739,A,,
2526,2025-10-25,Chelsea,Sunderland,A,No external context supplied,1.0,0.0,0.5,0.5,0.6154,0.2294,0.1552,H,,
2526,2025-10-25,Man United,Brighton,H,No external context supplied,1.0,0.0,0.5,0.5,0.4827,0.2114,0.3059,H,,
2526,2025-10-25,Newcastle,Fulham,H,No external context supplied,1.0,0.0,0.5,0.5,0.6644,0.1819,0.1537,H,,
2526,2025-10-26,Arsenal,Crystal Palace,H,No external context supplied,1.0,0.0,0.5,0.5,0.717,0.1743,0.1088,H,,
2526,2025-10-26,Aston Villa,Man City,H,No external context supplied,0.0,1.0,0.5,0.5,0.2647,0.2966,0.4387,A,,
2526,2025-10-26,Bournemouth,Nott'm Forest,H,No external context supplied,0.0,0.0,0.5,0.5,0.408,0.3354,0.2565,H,,
2526,2025-10-26,Everton,Tottenham,A,No external context supplied,0.0,1.0,0.5,0.5,0.4718,0.2619,0.2662,H,,
2526,2025-10-26,Wolves,Burnley,A,No external context supplied,0.0,0.0,0.5,0.5,0.5646,0.2301,0.2053,H,,
2526,2025-11-01,Brighton,Leeds,H,No external context supplied,0.0,0.0,0.5,0.5,0.5131,0.2949,0.192,H,,
2526,2025-11-01,Burnley,Arsenal,A,No external context supplied,0.0,1.0,0.5,0.5,0.0533,0.1618,0.7849,A,,
2526,2025-11-01,Crystal Palace,Brentford,H,No external context supplied,0.0,0.0,0.5,0.5,0.475,0.2942,0.2307,H,,
2526,2025-11-01,Fulham,Wolves,H,No external context supplied,0.0,0.0,0.5,0.5,0.5906,0.1862,0.2232,H,,
2526,2025-11-01,Liverpool,Aston Villa,H,No external context supplied,1.0,0.0,0.5,0.5,0.6643,0.1577,0.178,H,,
2526,2025-11-01,Nott'm Forest,Man United,D,No external context supplied,0.0,1.0,0.5,0.5,0.3358,0.3257,0.3385,A,,
2526,2025-11-01,Tottenham,Chelsea,A,No external context supplied,1.0,1.0,0.5,0.5,0.2535,0.2808,0.4657,A,,
2526,2025-11-02,Man City,Bournemouth,H,No external context supplied,1.0,0.0,0.5,0.5,0.7526,0.1228,0.1247,H,H,0.0843
2526,2025-11-02,West Ham,Newcastle,H,No external context supplied,0.0,1.0,0.5,0.5,0.1421,0.1585,0.6995,A,A,0.0876
2526,2025-11-03,Sunderland,Everton,D,No external context supplied,0.0,0.0,0.5,0.5,0.1555,0.2408,0.6037,A,A,0.1803
2526,2025-11-08,Chelsea,Wolves,H,No external context supplied,1.0,0.0,0.5,0.5,0.7301,0.1132,0.1567,H,,
2526,2025-11-08,Everton,Fulham,H,No external context supplied,0.0,0.0,0.5,0.5,0.377,0.3211,0.3019,H,,
2526,2025-11-08,Sunderland,Arsenal,D,No external context supplied,0.0,1.0,0.5,0.5,0.0981,0.2284,0.6736,A,,
2526,2025-11-08,Tottenham,Man United,D,No external context supplied,1.0,1.0,0.5,0.5,0.2888,0.2431,0.4681,A,,
2526,2025-11-08,West Ham,Burnley,H,No external context supplied,0.0,0.0,0.5,0.5,0.5719,0.2574,0.1708,H,,
2526,2025-11-09,Aston Villa,Bournemouth,H,No external context supplied,0.0,0.0,0.5,0.5,0.4602,0.2595,0.2803,H,,
2526,2025-11-09,Brentford,Newcastle,H,No external context supplied,0.0,1.0,0.5,0.5,0.3855,0.2445,0.37,H,,
2526,2025-11-09,Crystal Palace,Brighton,D,No external context supplied,0.0,0.0,0.5,0.5,0.3953,0.2954,0.3093,H,,
2526,2025-11-09,Man City,Liverpool,H,No external context supplied,1.0,1.0,0.5,0.5,0.5871,0.1969,0.2159,H,,
2526,2025-11-09,Nott'm Forest,Leeds,H,No external context supplied,0.0,0.0,0.5,0.5,0.4532,0.2511,0.2957,H,,
2526,2025-11-22,Bournemouth,West Ham,D,No external context supplied,0.0,0.0,0.5,0.5,0.5129,0.3218,0.1653,H,,
2526,2025-11-22,Brighton,Brentford,H,No external context supplied,0.0,0.0,0.5,0.5,0.4233,0.3239,0.2528,H,,
2526,2025-11-22,Burnley,Chelsea,A,No external context supplied,0.0,1.0,0.5,0.5,0.1377,0.2162,0.6461,A,,
2526,2025-11-22,Fulham,Sunderland,H,No external context supplied,0.0,0.0,0.5,0.5,0.5632,0.1998,0.237,H,,
2526,2025-11-22,Liverpool,Nott'm Forest,A,No external context supplied,1.0,0.0,0.5,0.5,0.7013,0.123,0.1758,H,,
2526,2025-11-22,Newcastle,Man City,H,No external context supplied,1.0,1.0,0.5,0.5,0.2684,0.2185,0.5131,A,,
2526,2025-11-22,Wolves,Crystal Palace,A,No external context supplied,0.0,0.0,0.5,0.5,0.1186,0.17,0.7114,A,A,0.1649
2526,2025-11-23,Arsenal,Tottenham,H,No external context supplied,1.0,1.0,0.5,0.5,0.6481,0.2251,0.1268,H,,
2526,2025-11-23,Leeds,Aston Villa,A,No external context supplied,0.0,0.0,0.5,0.5,0.2629,0.2493,0.4877,A,,
2526,2025-11-24,Man United,Everton,A,No external context supplied,1.0,0.0,0.5,0.5,0.4158,0.3139,0.2704,H,,
2526,2025-11-29,Brentford,Burnley,H,No external context supplied,0.0,0.0,0.5,0.5,0.6655,0.2127,0.1218,H,,
2526,2025-11-29,Everton,Newcastle,A,No external context supplied,0.0,1.0,0.5,0.5,0.4019,0.3144,0.2837,H,,
2526,2025-11-29,Man City,Leeds,H,No external context supplied,1.0,0.0,0.5,0.5,0.7727,0.1167,0.1106,H,,
2526,2025-11-29,Sunderland,Bournemouth,H,No external context supplied,0.0,0.0,0.5,0.5,0.2533,0.2425,0.5042,A,,
2526,2025-11-29,Tottenham,Fulham,A,No external context supplied,1.0,0.0,0.5,0.5,0.3304,0.2484,0.4212,A,A,0.0981
2526,2025-11-30,Aston Villa,Wolves,H,No external context supplied,0.0,0.0,0.5,0.5,0.6943,0.1822,0.1235,H,,
2526,2025-11-30,Chelsea,Arsenal,D,No external context supplied,1.0,1.0,0.5,0.5,0.4083,0.207,0.3847,H,H,0.0896
2526,2025-11-30,Crystal Palace,Man United,A,No external context supplied,0.0,1.0,0.5,0.5,0.5491,0.2756,0.1753,H,H,0.1018
2526,2025-11-30,Nott'm Forest,Brighton,A,No external context supplied,0.0,0.0,0.5,0.5,0.321,0.3204,0.3586,A,,
2526,2025-11-30,West Ham,Liverpool,A,No external context supplied,0.0,1.0,0.5,0.5,0.1503,0.1897,0.66,A,A,0.0829
2526,2025-12-02,Bournemouth,Everton,A,No external context supplied,0.0,0.0,0.5,0.5,0.4563,0.3317,0.2121,H,,
2526,2025-12-02,Fulham,Man City,A,No external context supplied,0.0,1.0,0.5,0.5,0.1745,0.2446,0.5809,A,,
2526,2025-12-02,Newcastle,Tottenham,D,No external context supplied,1.0,1.0,0.5,0.5,0.5175,0.2848,0.1977,H,,
2526,2025-12-03,Arsenal,Brentford,H,No external context supplied,1.0,0.0,0.5,0.5,0.6612,0.2389,0.0999,H,,
2526,2025-12-03,Brighton,Aston Villa,A,No external context supplied,0.0,0.0,0.5,0.5,0.4067,0.371,0.2223,H,,
2526,2025-12-03,Burnley,Crystal Palace,A,No external context supplied,0.0,0.0,0.5,0.5,0.0982,0.1949,0.707,A,A,0.1228
2526,2025-12-03,Leeds,Chelsea,H,No external context supplied,0.0,1.0,0.5,0.5,0.2096,0.2685,0.522,A,,
2526,2025-12-03,Liverpool,Sunderland,D,No external context supplied,1.0,0.0,0.5,0.5,0.837,0.0941,0.069,H,H,0.0966
2526,2025-12-03,Wolves,Nott'm Forest,A,No external context supplied,0.0,0.0,0.5,0.5,0.3256,0.1786,0.4958,A,,
2526,2025-12-04,Man United,West Ham,D,No external context supplied,1.0,0.0,0.5,0.5,0.7494,0.1455,0.1051,H,,
2526,2025-12-06,Aston Villa,Arsenal,H,No external context supplied,0.0,1.0,0.5,0.5,0.2424,0.2902,0.4674,A,,
2526,2025-12-06,Bournemouth,Chelsea,D,No external context supplied,0.0,1.0,0.5,0.5,0.297,0.3191,0.3838,A,,
2526,2025-12-06,Everton,Nott'm Forest,H,No external context supplied,0.0,0.0,0.5,0.5,0.5731,0.2279,0.199,H,H,0.0974
2526,2025-12-06,Leeds,Liverpool,D,No external context supplied,0.0,1.0,0.5,0.5,0.1645,0.198,0.6375,A,A,0.0874
2526,2025-12-06,Man City,Sunderland,H,No external context supplied,1.0,0.0,0.5,0.5,0.8345,0.096,0.0695,H,,
2526,2025-12-06,Newcastle,Burnley,H,No external context supplied,1.0,0.0,0.5,0.5,0.6215,0.2658,0.1128,H,,
2526,2025-12-06,Tottenham,Brentford,H,No external context supplied,1.0,0.0,0.5,0.5,0.3129,0.2845,0.4026,A,,
2526,2025-12-07,Brighton,West Ham,D,No external context supplied,0.0,0.0,0.5,0.5,0.6534,0.2121,0.1345,H,,
2526,2025-12-07,Fulham,Crystal Palace,A,No external context supplied,0.0,0.0,0.5,0.5,0.3976,0.319,0.2834,H,,
2526,2025-12-08,Wolves,Man United,A,No external context supplied,0.0,1.0,0.5,0.5,0.1405,0.1713,0.6882,A,A,0.1111
2526,2025-12-13,Arsenal,Wolves,H,No external context supplied,1.0,0.0,0.5,0.5,0.77,0.1543,0.0757,H,,
2526,2025-12-13,Burnley,Fulham,A,No external context supplied,0.0,0.0,0.5,0.5,0.1758,0.2045,0.6197,A,A,0.0961
2526,2025-12-13,Chelsea,Everton,H,No external context supplied,1.0,0.0,0.5,0.5,0.5664,0.2643,0.1693,H,,
2526,2025-12-13,Liverpool,Brighton,H,No external context supplied,1.0,0.0,0.5,0.5,0.5948,0.2283,0.177,H,,
2526,2025-12-14,Brentford,Leeds,D,No external context supplied,0.0,0.0,0.5,0.5,0.4267,0.2239,0.3494,H,,
2526,2025-12-14,Crystal Palace,Man City,A,No external context supplied,0.0,1.0,0.5,0.5,0.2939,0.2894,0.4167,A,,
2526,2025-12-14,Nott'm Forest,Tottenham,H,No external context supplied,0.0,1.0,0.5,0.5,0.4616,0.2343,0.3041,H,,
2526,2025-12-14,Sunderland,Newcastle,H,No external context supplied,0.0,1.0,0.5,0.5,0.2858,0.3084,0.4058,A,,
2526,2025-12-14,West Ham,Aston Villa,A,No external context supplied,0.0,0.0,0.5,0.5,0.3002,0.3738,0.326,D,,
2526,2025-12-15,Man United,Bournemouth,D,No external context supplied,1.0,0.0,0.5,0.5,0.5306,0.1956,0.2738,H,,
2526,2025-12-20,Bournemouth,Burnley,D,No external context supplied,0.0,0.0,0.5,0.5,0.6024,0.2914,0.1062,H,,
2526,2025-12-20,Brighton,Sunderland,D,No external context supplied,0.0,0.0,0.5,0.5,0.5638,0.2648,0.1715,H,,
2526,2025-12-20,Everton,Arsenal,A,No external context supplied,0.0,1.0,0.5,0.5,0.1703,0.2189,0.6108,A,,
2526,2025-12-20,Leeds,Crystal Palace,H,No external context supplied,0.0,0.0,0.5,0.5,0.2772,0.3653,0.3575,D,,
2526,2025-12-20,Man City,West Ham,H,No external context supplied,1.0,0.0,0.5,0.5,0.7629,0.1289,0.1081,H,,
2526,2025-12-20,Newcastle,Chelsea,D,No external context supplied,1.0,1.0,0.5,0.5,0.3445,0.2901,0.3654,A,,
2526,2025-12-20,Tottenham,Liverpool,A,No external context supplied,1.0,1.0,0.5,0.5,0.2359,0.1484,0.6157,A,A,0.1077
2526,2025-12-20,Wolves,Brentford,A,No external context supplied,0.0,0.0,0.5,0.5,0.2127,0.1818,0.6055,A,A,0.1026
2526,2025-12-21,Aston Villa,Man United,H,No external context supplied,0.0,1.0,0.5,0.5,0.5648,0.2806,0.1547,H,H,0.0825
2526,2025-12-22,Fulham,Nott'm Forest,H,No external context supplied,0.0,0.0,0.5,0.5,0.3396,0.3284,0.332,H,,
2526,2025-12-26,Man United,Newcastle,H,No external context supplied,1.0,1.0,0.5,0.5,0.4193,0.2373,0.3434,H,,
2526,2025-12-27,Arsenal,Brighton,H,No external context supplied,1.0,0.0,0.5,0.5,0.7853,0.132,0.0827,H,H,0.0822
2526,2025-12-27,Brentford,Bournemouth,H,No external context supplied,0.0,0.0,0.5,0.5,0.3689,0.2152,0.4159,A,,
2526,2025-12-27,Burnley,Everton,D,No external context supplied,0.0,0.0,0.5,0.5,0.1807,0.2538,0.5655,A,,
2526,2025-12-27,Chelsea,Aston Villa,A,No external context supplied,1.0,0.0,0.5,0.5,0.5984,0.2684,0.1332,H,,
2526,2025-12-27,Liverpool,Wolves,H,No external context supplied,1.0,0.0,0.5,0.5,0.7757,0.1374,0.087,H,,
2526,2025-12-27,Nott'm Forest,Man City,A,No external context supplied,0.0,1.0,0.5,0.5,0.2419,0.2472,0.511,A,,
2526,2025-12-27,West Ham,Fulham,A,No external context supplied,0.0,0.0,0.5,0.5,0.2837,0.2998,0.4165,A,,
2526,2025-12-28,Crystal Palace,Tottenham,A,No external context supplied,0.0,1.0,0.5,0.5,0.5032,0.2615,0.2353,H,,
2526,2025-12-28,Sunderland,Leeds,D,No external context supplied,0.0,0.0,0.5,0.5,0.3602,0.2197,0.4202,A,,
2526,2025-12-30,Arsenal,Aston Villa,H,No external context supplied,1.0,0.0,0.5,0.5,0.8148,0.1398,0.0454,H,H,0.1096
2526,2025-12-30,Burnley,Newcastle,A,No external context supplied,0.0,1.0,0.5,0.5,0.1313,0.1696,0.699,A,,
2526,2025-12-30,Chelsea,Bournemouth,D,No external context supplied,1.0,0.0,0.5,0.5,0.6485,0.1629,0.1887,H,,
2526,2025-12-30,Man United,Wolves,D,No external context supplied,1.0,0.0,0.5,0.5,0.6481,0.1972,0.1547,H,,
2526,2025-12-30,Nott'm Forest,Everton,A,No external context supplied,0.0,0.0,0.5,0.5,0.5567,0.2436,0.1997,H,,
2526,2025-12-30,West Ham,Brighton,D,No external context supplied,0.0,0.0,0.5,0.5,0.2089,0.238,0.5531,A,,
2526,2026-01-01,Brentford,Tottenham,D,No external context supplied,0.0,1.0,0.5,0.5,0.4312,0.2706,0.2983,H,,
2526,2026-01-01,Crystal Palace,Fulham,D,No external context supplied,0.0,0.0,0.5,0.5,0.4651,0.3206,0.2143,H,,
2526,2026-01-01,Liverpool,Leeds,D,No external context supplied,1.0,0.0,0.5,0.5,0.7599,0.1229,0.1171,H,H,0.0998
2526,2026-01-01,Sunderland,Man City,D,No external context supplied,0.0,1.0,0.5,0.5,0.1625,0.2288,0.6087,A,,
2526,2026-01-03,Aston Villa,Nott'm Forest,H,No external context supplied,0.0,0.0,0.5,0.5,0.4119,0.3701,0.218,H,D,0.0841
2526,2026-01-03,Bournemouth,Arsenal,A,No external context supplied,0.0,1.0,0.5,0.5,0.1793,0.3897,0.4311,A,D,0.1316
2526,2026-01-03,Brighton,Burnley,H,No external context supplied,0.0,0.0,0.5,0.5,0.6993,0.1767,0.124,H,,
2526,2026-01-03,Wolves,West Ham,H,No external context supplied,0.0,0.0,0.5,0.5,0.3245,0.2582,0.4173,A,,
2526,2026-01-04,Everton,Brentford,A,No external context supplied,0.0,0.0,0.5,0.5,0.3758,0.2478,0.3764,A,,
2526,2026-01-04,Fulham,Liverpool,D,No external context supplied,0.0,1.0,0.5,0.5,0.2492,0.2412,0.5097,A,,
2526,2026-01-04,Leeds,Man United,D,No external context supplied,0.0,1.0,0.5,0.5,0.3953,0.3231,0.2816,H,,
2526,2026-01-04,Man City,Chelsea,D,No external context supplied,1.0,1.0,0.5,0.5,0.7784,0.1183,0.1033,H,H,0.1421
2526,2026-01-04,Newcastle,Crystal Palace,H,No external context supplied,1.0,0.0,0.5,0.5,0.6053,0.2211,0.1736,H,,
2526,2026-01-04,Tottenham,Sunderland,D,No external context supplied,1.0,0.0,0.5,0.5,0.5981,0.1377,0.2642,H,,
2526,2026-01-06,West Ham,Nott'm Forest,A,No external context supplied,0.0,0.0,0.5,0.5,0.2642,0.2781,0.4577,A,,
2526,2026-01-07,Bournemouth,Tottenham,H,No external context supplied,0.0,1.0,0.5,0.5,0.4636,0.3553,0.1811,H,,
2526,2026-01-07,Brentford,Sunderland,H,No external context supplied,0.0,1.0,0.5,0.5,0.5887,0.1745,0.2368,H,,
2526,2026-01-07,Burnley,Man United,D,No external context supplied,0.0,1.0,0.5,0.5,0.1858,0.1916,0.6226,A,,
2526,2026-01-07,Crystal Palace,Aston Villa,D,No external context supplied,0.0,0.0,0.5,0.5,0.2908,0.4122,0.297,D,D,0.0937
2526,2026-01-07,Everton,Wolves,D,No external context supplied,0.0,0.0,0.5,0.5,0.492,0.2473,0.2607,H,,
2526,2026-01-07,Fulham,Chelsea,H,No external context supplied,0.0,1.0,0.5,0.5,0.3068,0.2543,0.4389,A,,
2526,2026-01-07,Man City,Brighton,D,No external context supplied,1.0,0.0,0.5,0.5,0.6146,0.196,0.1894,H,,
2526,2026-01-07,Newcastle,Leeds,H,No external context supplied,1.0,0.0,0.5,0.5,0.6824,0.146,0.1716,H,H,0.0832
2526,2026-01-08,Arsenal,Liverpool,D,No external context supplied,1.0,1.0,0.5,0.5,0.778,0.1415,0.0805,H,H,0.1351
2526,2026-01-17,Chelsea,Brentford,H,No external context supplied,1.0,0.0,0.5,0.5,0.5287,0.2422,0.2291,H,,
2526,2026-01-17,Leeds,Fulham,H,No external context supplied,0.0,0.0,0.5,0.5,0.3502,0.3508,0.299,D,,
2526,2026-01-17,Liverpool,Burnley,D,No external context supplied,1.0,0.0,0.5,0.5,0.7901,0.1139,0.096,H,,
2526,2026-01-17,Man United,Man City,H,No external context supplied,1.0,1.0,0.5,0.5,0.3209,0.2146,0.4646,A,,
2526,2026-01-17,Nott'm Forest,Arsenal,D,No external context supplied,0.0,1.0,0.5,0.5,0.1622,0.2013,0.6366,A,,
2526,2026-01-17,Sunderland,Crystal Palace,H,No external context supplied,1.0,0.0,0.5,0.5,0.4182,0.2226,0.3592,H,,
2526,2026-01-17,Tottenham,West Ham,A,No external context supplied,1.0,0.0,0.5,0.5,0.4885,0.2009,0.3106,H,,
2526,2026-01-18,Aston Villa,Everton,A,No external context supplied,0.0,0.0,0.5,0.5,0.5786,0.2724,0.1491,H,,
2526,2026-01-18,Wolves,Newcastle,D,No external context supplied,0.0,1.0,0.5,0.5,0.2055,0.2286,0.5659,A,,
2526,2026-01-19,Brighton,Bournemouth,D,No external context supplied,0.0,0.0,0.5,0.5,0.5111,0.2338,0.2551,H,,
2526,2026-01-24,Bournemouth,Liverpool,H,No external context supplied,0.0,1.0,0.5,0.5,0.2342,0.2419,0.5239,A,,
2526,2026-01-24,Burnley,Tottenham,D,No external context supplied,0.0,1.0,0.5,0.5,0.2201,0.2295,0.5504,A,,
2526,2026-01-24,Fulham,Brighton,H,No external context supplied,0.0,0.0,0.5,0.5,0.3489,0.2491,0.402,A,,
2526,2026-01-24,Man City,Wolves,H,No external context supplied,1.0,0.0,0.5,0.5,0.6835,0.1507,0.1658,H,,
2526,2026-01-24,West Ham,Sunderland,H,No external context supplied,0.0,1.0,0.5,0.5,0.599,0.1515,0.2495,H,H,0.1602
2526,2026-01-25,Arsenal,Man United,A,No external context supplied,1.0,1.0,0.5,0.5,0.7016,0.2076,0.0908,H,,
2526,2026-01-25,Brentford,Nott'm Forest,A,No external context supplied,0.0,0.0,0.5,0.5,0.5465,0.2219,0.2317,H,,
2526,2026-01-25,Crystal Palace,Chelsea,A,No external context supplied,0.0,1.0,0.5,0.5,0.327,0.2046,0.4684,A,,
2526,2026-01-25,Newcastle,Aston Villa,A,No external context supplied,1.0,0.0,0.5,0.5,0.3662,0.3254,0.3084,H,,
2526,2026-01-26,Everton,Leeds,D,No external context supplied,0.0,0.0,0.5,0.5,0.3782,0.2763,0.3455,H,,
2526,2026-01-31,Brighton,Everton,D,No external context supplied,0.0,0.0,0.5,0.5,0.5642,0.2707,0.1651,H,,
2526,2026-01-31,Chelsea,West Ham,H,No external context supplied,1.0,0.0,0.5,0.5,0.6006,0.2264,0.173,H,,
2526,2026-01-31,Leeds,Arsenal,A,No external context supplied,0.0,1.0,0.5,0.5,0.1401,0.2087,0.6513,A,,
2526,2026-01-31,Liverpool,Newcastle,H,No external context supplied,1.0,1.0,0.5,0.5,0.6513,0.2144,0.1343,H,H,0.0846
2526,2026-01-31,Wolves,Bournemouth,A,No external context supplied,0.0,0.0,0.5,0.5,0.3532,0.2066,0.4402,A,,
2526,2026-02-01,Aston Villa,Brentford,A,No external context supplied,0.0,0.0,0.5,0.5,0.3713,0.2958,0.3329,H,,
2526,2026-02-01,Man United,Fulham,H,No external context supplied,1.0,0.0,0.5,0.5,0.6462,0.2201,0.1337,H,,
2526,2026-02-01,Nott'm Forest,Crystal Palace,D,No external context supplied,0.0,0.0,0.5,0.5,0.4343,0.2469,0.3188,H,,
2526,2026-02-01,Tottenham,Man City,D,No external context supplied,1.0,1.0,0.5,0.5,0.1149,0.1721,0.713,A,A,0.1153
2526,2026-02-02,Sunderland,Burnley,H,No external context supplied,1.0,0.0,0.5,0.5,0.5446,0.1593,0.2961,H,,
2526,2026-02-06,Leeds,Nott'm Forest,H,No external context supplied,0.0,0.0,0.5,0.5,0.4686,0.2533,0.278,H,,
2526,2026-02-07,Arsenal,Sunderland,H,No external context supplied,1.0,1.0,0.5,0.5,0.8119,0.1193,0.0688,H,,
2526,2026-02-07,Bournemouth,Aston Villa,D,No external context supplied,0.0,0.0,0.5,0.5,0.285,0.33,0.385,A,,
2526,2026-02-07,Burnley,West Ham,A,No external context supplied,0.0,0.0,0.5,0.5,0.285,0.2933,0.4217,A,,
2526,2026-02-07,Fulham,Everton,A,No external context supplied,0.0,0.0,0.5,0.5,0.4793,0.2658,0.2549,H,,
2526,2026-02-07,Man United,Tottenham,H,No external context supplied,1.0,1.0,0.5,0.5,0.6765,0.1634,0.1601,H,,
2526,2026-02-07,Newcastle,Brentford,A,No external context supplied,1.0,0.0,0.5,0.5,0.521,0.2583,0.2207,H,,
2526,2026-02-07,Wolves,Chelsea,A,No external context supplied,0.0,1.0,0.5,0.5,0.1423,0.1856,0.6721,A,,
2526,2026-02-08,Brighton,Crystal Palace,A,No external context supplied,0.0,0.0,0.5,0.5,0.4165,0.2437,0.3398,H,,
2526,2026-02-08,Liverpool,Man City,A,No external context supplied,1.0,1.0,0.5,0.5,0.5374,0.21,0.2526,H,H,0.097
2526,2026-02-10,Chelsea,Leeds,D,No external context supplied,1.0,0.0,0.5,0.5,0.7101,0.1689,0.121,H,,
2526,2026-02-10,Everton,Bournemouth,A,No external context supplied,0.0,0.0,0.5,0.5,0.5023,0.2731,0.2246,H,,
2526,2026-02-10,Tottenham,Newcastle,A,No external context supplied,1.0,1.0,0.5,0.5,0.3497,0.2171,0.4333,A,,
2526,2026-02-10,West Ham,Man United,D,No external context supplied,0.0,1.0,0.5,0.5,0.2315,0.2727,0.4958,A,,
2526,2026-02-11,Aston Villa,Brighton,H,No external context supplied,0.0,0.0,0.5,0.5,0.4269,0.2239,0.3491,H,,
2526,2026-02-11,Crystal Palace,Burnley,A,No external context supplied,0.0,0.0,0.5,0.5,0.7766,0.1388,0.0847,H,H,0.1202
2526,2026-02-11,Man City,Fulham,H,No external context supplied,1.0,0.0,0.5,0.5,0.626,0.2402,0.1338,H,,
2526,2026-02-11,Nott'm Forest,Wolves,D,No external context supplied,0.0,0.0,0.5,0.5,0.5503,0.2587,0.1911,H,,
2526,2026-02-11,Sunderland,Liverpool,A,No external context supplied,1.0,1.0,0.5,0.5,0.1865,0.1708,0.6426,A,,
2526,2026-02-12,Brentford,Arsenal,D,No external context supplied,0.0,1.0,0.5,0.5,0.1535,0.2119,0.6346,A,,
2526,2026-02-18,Wolves,Arsenal,D,No external context supplied,0.0,1.0,0.5,0.5,0.0557,0.0983,0.846,A,,
2526,2026-02-21,Aston Villa,Leeds,D,No external context supplied,0.0,0.0,0.5,0.5,0.5838,0.2193,0.1969,H,,
2526,2026-02-21,Brentford,Brighton,A,No external context supplied,0.0,0.0,0.5,0.5,0.3052,0.2454,0.4494,A,A,0.1263
2526,2026-02-21,Chelsea,Burnley,D,No external context supplied,1.0,0.0,0.5,0.5,0.7681,0.1412,0.0906,H,,
2526,2026-02-21,Man City,Newcastle,H,No external context supplied,1.0,1.0,0.5,0.5,0.6412,0.2015,0.1573,H,,
2526,2026-02-21,West Ham,Bournemouth,D,No external context supplied,0.0,0.0,0.5,0.5,0.342,0.2553,0.4028,A,,
2526,2026-02-22,Crystal Palace,Wolves,H,No external context supplied,0.0,0.0,0.5,0.5,0.4667,0.2739,0.2595,H,,
2526,2026-02-22,Nott'm Forest,Liverpool,A,No external context supplied,0.0,1.0,0.5,0.5,0.2722,0.2516,0.4762,A,,
2526,2026-02-22,Sunderland,Fulham,A,No external context supplied,1.0,0.0,0.5,0.5,0.288,0.1989,0.5131,A,A,0.1145
2526,2026-02-22,Tottenham,Arsenal,A,No external context supplied,1.0,1.0,0.5,0.5,0.0843,0.0986,0.8171,A,A,0.1544
2526,2026-02-23,Everton,Man United,A,No external context supplied,0.0,1.0,0.5,0.5,0.3019,0.278,0.4201,A,,
2526,2026-02-27,Wolves,Aston Villa,H,No external context supplied,0.0,0.0,0.5,0.5,0.1243,0.1669,0.7088,A,A,0.1405
2526,2026-02-28,Bournemouth,Sunderland,D,No external context supplied,0.0,1.0,0.5,0.5,0.6169,0.2139,0.1692,H,,
2526,2026-02-28,Burnley,Brentford,A,No external context supplied,0.0,0.0,0.5,0.5,0.1544,0.2407,0.6049,A,,
2526,2026-02-28,Leeds,Man City,A,No external context supplied,0.0,1.0,0.5,0.5,0.2049,0.2452,0.5499,A,,
2526,2026-02-28,Liverpool,West Ham,H,No external context supplied,1.0,0.0,0.5,0.5,0.6936,0.1559,0.1505,H,,
2526,2026-02-28,Newcastle,Everton,A,No external context supplied,1.0,0.0,0.5,0.5,0.5035,0.2371,0.2593,H,,
2526,2026-03-01,Arsenal,Chelsea,H,No external context supplied,1.0,1.0,0.5,0.5,0.7916,0.1426,0.0657,H,H,0.1477
2526,2026-03-01,Brighton,Nott'm Forest,H,No external context supplied,0.0,0.0,0.5,0.5,0.4255,0.2048,0.3697,H,,
2526,2026-03-01,Fulham,Tottenham,H,No external context supplied,0.0,1.0,0.5,0.5,0.5372,0.2375,0.2254,H,,
2526,2026-03-01,Man United,Crystal Palace,H,No external context supplied,1.0,0.0,0.5,0.5,0.6848,0.1621,0.1531,H,,
2526,2026-03-03,Bournemouth,Brentford,D,No external context supplied,0.0,0.0,0.5,0.5,0.4403,0.2713,0.2884,H,,
2526,2026-03-03,Everton,Burnley,H,No external context supplied,0.0,0.0,0.5,0.5,0.5974,0.2556,0.147,H,,
2526,2026-03-03,Leeds,Sunderland,A,No external context supplied,0.0,1.0,0.5,0.5,0.6135,0.2285,0.1581,H,,
2526,2026-03-03,Wolves,Liverpool,H,No external context supplied,0.0,1.0,0.5,0.5,0.1177,0.1615,0.7208,A,,
2526,2026-03-04,Aston Villa,Chelsea,A,No external context supplied,0.0,1.0,0.5,0.5,0.4354,0.2725,0.2922,H,,
2526,2026-03-04,Brighton,Arsenal,A,No external context supplied,0.0,1.0,0.5,0.5,0.2397,0.1986,0.5618,A,,
2526,2026-03-04,Fulham,West Ham,A,No external context supplied,0.0,0.0,0.5,0.5,0.3882,0.3193,0.2925,H,,
2526,2026-03-04,Man City,Nott'm Forest,D,No external context supplied,1.0,0.0,0.5,0.5,0.7303,0.132,0.1377,H,,
2526,2026-03-04,Newcastle,Man United,H,No external context supplied,1.0,1.0,0.5,0.5,0.3787,0.3317,0.2896,H,,
2526,2026-03-05,Tottenham,Crystal Palace,A,No external context supplied,1.0,0.0,0.5,0.5,0.3846,0.213,0.4024,A,,
2526,2026-03-14,Arsenal,Everton,H,No external context supplied,1.0,0.0,0.5,0.5,0.7082,0.2177,0.0741,H,,
2526,2026-03-14,Burnley,Bournemouth,D,No external context supplied,0.0,0.0,0.5,0.5,0.1545,0.1831,0.6623,A,A,0.1034
2526,2026-03-14,Chelsea,Newcastle,A,No external context supplied,1.0,1.0,0.5,0.5,0.6023,0.2323,0.1654,H,,
2526,2026-03-14,Sunderland,Brighton,A,No external context supplied,1.0,0.0,0.5,0.5,0.1853,0.2142,0.6005,A,A,0.128
2526,2026-03-14,West Ham,Man City,D,No external context supplied,0.0,1.0,0.5,0.5,0.2,0.207,0.593,A,,
2526,2026-03-15,Crystal Palace,Leeds,D,No external context supplied,0.0,0.0,0.5,0.5,0.3464,0.2142,0.4394,A,,
2526,2026-03-15,Liverpool,Tottenham,D,No external context supplied,1.0,1.0,0.5,0.5,0.7368,0.1402,0.1229,H,,
2526,2026-03-15,Man United,Aston Villa,H,No external context supplied,1.0,0.0,0.5,0.5,0.5625,0.176,0.2614,H,,
2526,2026-03-15,Nott'm Forest,Fulham,D,No external context supplied,0.0,0.0,0.5,0.5,0.3651,0.2933,0.3416,H,,
2526,2026-03-16,Brentford,Wolves,D,No external context supplied,0.0,0.0,0.5,0.5,0.6078,0.2349,0.1573,H,,
2526,2026-03-20,Bournemouth,Man United,D,No external context supplied,0.0,1.0,0.5,0.5,0.2535,0.4112,0.3352,D,D,0.1154
2526,2026-03-21,Brighton,Liverpool,H,No external context supplied,0.0,1.0,0.5,0.5,0.3983,0.2203,0.3814,H,,
2526,2026-03-21,Everton,Chelsea,H,No external context supplied,0.0,1.0,0.5,0.5,0.2993,0.2503,0.4504,A,,
2526,2026-03-21,Fulham,Burnley,H,No external context supplied,0.0,0.0,0.5,0.5,0.6887,0.1863,0.125,H,,
2526,2026-03-21,Leeds,Brentford,D,No external context supplied,0.0,0.0,0.5,0.5,0.4268,0.2189,0.3543,H,,
2526,2026-03-22,Aston Villa,West Ham,H,No external context supplied,0.0,0.0,0.5,0.5,0.6017,0.2345,0.1638,H,H,0.0862
2526,2026-03-22,Newcastle,Sunderland,A,No external context supplied,1.0,1.0,0.5,0.5,0.7939,0.1084,0.0977,H,H,0.1606
2526,2026-03-22,Tottenham,Nott'm Forest,A,No external context supplied,1.0,0.0,0.5,0.5,0.3534,0.1685,0.4781,A,A,0.1264
2526,2026-04-10,West Ham,Wolves,H,No external context supplied,0.0,0.0,0.5,0.5,0.5208,0.2372,0.242,H,,
2526,2026-04-11,Arsenal,Bournemouth,A,No external context supplied,1.0,0.0,0.5,0.5,0.6595,0.1551,0.1853,H,,
2526,2026-04-11,Brentford,Everton,D,No external context supplied,0.0,0.0,0.5,0.5,0.4173,0.3569,0.2259,H,,
2526,2026-04-11,Burnley,Brighton,A,No external context supplied,0.0,0.0,0.5,0.5,0.0974,0.1868,0.7158,A,A,0.1201
2526,2026-04-11,Liverpool,Fulham,H,No external context supplied,1.0,0.0,0.5,0.5,0.5447,0.1832,0.2722,H,,
2526,2026-04-12,Chelsea,Man City,A,No external context supplied,1.0,1.0,0.5,0.5,0.2403,0.1653,0.5944,A,A,0.1057
2526,2026-04-12,Crystal Palace,Newcastle,H,No external context supplied,0.0,1.0,0.5,0.5,0.3353,0.2455,0.4192,A,,
2526,2026-04-12,Nott'm Forest,Aston Villa,D,No external context supplied,0.0,0.0,0.5,0.5,0.3977,0.2146,0.3878,H,,
2526,2026-04-12,Sunderland,Tottenham,H,No external context supplied,0.0,1.0,0.5,0.5,0.3632,0.2149,0.4219,A,,
2526,2026-04-13,Man United,Leeds,A,No external context supplied,1.0,0.0,0.5,0.5,0.451,0.2025,0.3464,H,A,0.1217
2526,2026-04-18,Brentford,Fulham,D,No external context supplied,0.0,0.0,0.5,0.5,0.496,0.2996,0.2044,H,,
2526,2026-04-18,Chelsea,Man United,A,No external context supplied,1.0,1.0,0.5,0.5,0.4983,0.2592,0.2425,H,,
2526,2026-04-18,Leeds,Wolves,H,No external context supplied,0.0,0.0,0.5,0.5,0.6427,0.2174,0.1399,H,,
2526,2026-04-18,Newcastle,Bournemouth,A,No external context supplied,1.0,0.0,0.5,0.5,0.4555,0.1861,0.3583,H,,
2526,2026-04-18,Tottenham,Brighton,D,No external context supplied,1.0,0.0,0.5,0.5,0.2705,0.2093,0.5201,A,A,0.0932
2526,2026-04-19,Aston Villa,Sunderland,H,No external context supplied,0.0,0.0,0.5,0.5,0.6076,0.2288,0.1636,H,,
2526,2026-04-19,Everton,Liverpool,A,No external context supplied,0.0,1.0,0.5,0.5,0.3355,0.291,0.3736,A,,
2526,2026-04-19,Man City,Arsenal,H,No external context supplied,1.0,1.0,0.5,0.5,0.6419,0.227,0.1311,H,H,0.0899
2526,2026-04-19,Nott'm Forest,Burnley,H,No external context supplied,0.0,0.0,0.5,0.5,0.6379,0.2322,0.1299,H,,
2526,2026-04-20,Crystal Palace,West Ham,D,No external context supplied,0.0,0.0,0.5,0.5,0.3567,0.3288,0.3145,H,,
2526,2026-04-21,Brighton,Chelsea,H,No external context supplied,0.0,1.0,0.5,0.5,0.4187,0.3025,0.2788,H,,
2526,2026-04-22,Bournemouth,Leeds,D,No external context supplied,0.0,0.0,0.5,0.5,0.5157,0.264,0.2202,H,,
2526,2026-04-22,Burnley,Man City,A,No external context supplied,0.0,1.0,0.5,0.5,0.0645,0.1125,0.823,A,,
2526,2026-04-24,Sunderland,Nott'm Forest,A,No external context supplied,0.0,0.0,0.5,0.5,0.3881,0.2024,0.4095,A,,
2526,2026-04-25,Arsenal,Newcastle,H,No external context supplied,1.0,1.0,0.5,0.5,0.7709,0.1435,0.0855,H,H,0.0888
2526,2026-04-25,Fulham,Aston Villa,H,No external context supplied,0.0,0.0,0.5,0.5,0.516,0.1847,0.2993,H,H,0.1183
2526,2026-04-25,Liverpool,Crystal Palace,H,No external context supplied,1.0,0.0,0.5,0.5,0.5965,0.1958,0.2076,H,,
2526,2026-04-25,West Ham,Everton,H,No external context supplied,0.0,0.0,0.5,0.5,0.3787,0.2954,0.3259,H,,
2526,2026-04-25,Wolves,Tottenham,A,No external context supplied,0.0,1.0,0.5,0.5,0.1492,0.1726,0.6782,A,A,0.0895
2526,2026-04-27,Man United,Brentford,H,No external context supplied,1.0,0.0,0.5,0.5,0.3973,0.1616,0.4411,A,A,0.1416
2526,2026-05-01,Leeds,Burnley,H,No external context supplied,0.0,0.0,0.5,0.5,0.6204,0.2459,0.1337,H,,
2526,2026-05-02,Arsenal,Fulham,H,No external context supplied,1.0,0.0,0.5,0.5,0.716,0.1459,0.1381,H,,
2526,2026-05-02,Brentford,West Ham,H,No external context supplied,0.0,0.0,0.5,0.5,0.4843,0.3207,0.1951,H,,
2526,2026-05-02,Newcastle,Brighton,H,No external context supplied,1.0,0.0,0.5,0.5,0.3775,0.2078,0.4147,A,,
2526,2026-05-02,Wolves,Sunderland,D,No external context supplied,0.0,0.0,0.5,0.5,0.2435,0.1933,0.5632,A,A,0.0956
2526,2026-05-03,Aston Villa,Tottenham,A,No external context supplied,0.0,1.0,0.5,0.5,0.4742,0.2402,0.2856,H,,
2526,2026-05-03,Bournemouth,Crystal Palace,H,No external context supplied,0.0,0.0,0.5,0.5,0.5977,0.2747,0.1277,H,,
2526,2026-05-03,Man United,Liverpool,H,No external context supplied,1.0,1.0,0.5,0.5,0.4252,0.2674,0.3074,H,,
2526,2026-05-04,Chelsea,Nott'm Forest,A,No external context supplied,1.0,0.0,0.5,0.5,0.8094,0.0797,0.1109,H,H,0.1803
2526,2026-05-04,Everton,Man City,D,No external context supplied,0.0,1.0,0.5,0.5,0.133,0.1797,0.6873,A,,
2526,2026-05-09,Brighton,Wolves,H,No external context supplied,0.0,0.0,0.5,0.5,0.7172,0.1949,0.088,H,,
2526,2026-05-09,Fulham,Bournemouth,A,No external context supplied,0.0,0.0,0.5,0.5,0.3975,0.2238,0.3787,H,,
2526,2026-05-09,Liverpool,Chelsea,D,No external context supplied,1.0,1.0,0.5,0.5,0.4773,0.2081,0.3146,H,,
2526,2026-05-09,Man City,Brentford,H,No external context supplied,1.0,0.0,0.5,0.5,0.7322,0.1385,0.1293,H,,
2526,2026-05-09,Sunderland,Man United,D,No external context supplied,0.0,1.0,0.5,0.5,0.3747,0.2975,0.3277,H,H,0.0974
2526,2026-05-10,Burnley,Aston Villa,D,No external context supplied,0.0,0.0,0.5,0.5,0.0757,0.1013,0.8229,A,A,0.1645
2526,2026-05-10,Crystal Palace,Everton,D,No external context supplied,0.0,0.0,0.5,0.5,0.3446,0.232,0.4234,A,,
2526,2026-05-10,Nott'm Forest,Newcastle,D,No external context supplied,0.0,1.0,0.5,0.5,0.1907,0.2961,0.5133,A,A,0.1056
2526,2026-05-10,West Ham,Arsenal,A,No external context supplied,0.0,1.0,0.5,0.5,0.11,0.2183,0.6717,A,,
2526,2026-05-11,Tottenham,Leeds,D,No external context supplied,1.0,0.0,0.5,0.5,0.5469,0.1833,0.2698,H,,
