season,date,home_team,away_team,result,home_win_probability,draw_probability,away_win_probability,predicted_result,suggested_bet,suggested_edge
2021,2020-09-12,Crystal Palace,Southampton,H,0.358,0.2797,0.3623,A,,
2021,2020-09-12,Fulham,Arsenal,A,0.2049,0.165,0.63,A,,
2021,2020-09-12,Liverpool,Leeds,H,0.7595,0.1885,0.0521,H,,
2021,2020-09-12,West Ham,Newcastle,A,0.4778,0.2378,0.2844,H,,
2021,2020-09-13,Tottenham,Everton,A,0.5549,0.2155,0.2296,H,,
2021,2020-09-13,West Brom,Leicester,A,0.3036,0.2108,0.4856,A,,
2021,2020-09-14,Brighton,Chelsea,A,0.2868,0.1995,0.5136,A,,
2021,2020-09-14,Sheffield United,Wolves,A,0.2978,0.2799,0.4224,A,,
2021,2020-09-19,Arsenal,West Ham,H,0.5553,0.2035,0.2412,H,,
2021,2020-09-19,Everton,West Brom,H,0.5287,0.3089,0.1624,H,,
2021,2020-09-19,Leeds,Fulham,H,0.6284,0.2371,0.1344,H,,
2021,2020-09-19,Man United,Crystal Palace,A,0.6466,0.1558,0.1976,H,,
2021,2020-09-20,Chelsea,Liverpool,A,0.3891,0.2133,0.3976,A,,
2021,2020-09-20,Leicester,Burnley,H,0.5754,0.2808,0.1437,H,,
2021,2020-09-20,Newcastle,Brighton,A,0.396,0.3282,0.2758,H,,
2021,2020-09-20,Southampton,Tottenham,A,0.3311,0.2574,0.4116,A,,
2021,2020-09-21,Aston Villa,Sheffield United,H,0.3315,0.2437,0.4248,A,,
2021,2020-09-21,Wolves,Man City,A,0.1727,0.1746,0.6528,A,,
2021,2020-09-26,Brighton,Man United,A,0.2565,0.273,0.4705,A,,
2021,2020-09-26,Burnley,Southampton,A,0.3372,0.2737,0.3891,A,,
2021,2020-09-26,Crystal Palace,Everton,A,0.3332,0.2892,0.3776,A,,
2021,2020-09-26,West Brom,Chelsea,D,0.1939,0.1633,0.6429,A,,
2021,2020-09-27,Man City,Leicester,A,0.6973,0.1809,0.1218,H,,
2021,2020-09-27,Sheffield United,Leeds,A,0.3698,0.2448,0.3854,A,,
2021,2020-09-27,Tottenham,Newcastle,D,0.6052,0.228,0.1668,H,,
2021,2020-09-27,West Ham,Wolves,H,0.2943,0.2588,0.4469,A,,
2021,2020-09-28,Fulham,Aston Villa,A,0.2128,0.315,0.4722,A,,
2021,2020-09-28,Liverpool,Arsenal,H,0.6915,0.2189,0.0897,H,,
2021,2020-10-03,Chelsea,Crystal Palace,H,0.6079,0.1706,0.2215,H,,
2021,2020-10-03,Everton,Brighton,H,0.4216,0.2838,0.2947,H,,
2021,2020-10-03,Leeds,Man City,D,0.1281,0.1947,0.6772,A,,
2021,2020-10-03,Newcastle,Burnley,H,0.4271,0.3208,0.2521,H,,
2021,2020-10-04,Arsenal,Sheffield United,H,0.5535,0.2975,0.149,H,,
2021,2020-10-04,Aston Villa,Liverpool,H,0.1639,0.1507,0.6855,A,,
2021,2020-10-04,Leicester,West Ham,A,0.5173,0.2096,0.2731,H,,
2021,2020-10-04,Man United,Tottenham,A,0.5143,0.2539,0.2318,H,,
2021,2020-10-04,Southampton,West Brom,H,0.4225,0.2854,0.2921,H,,
2021,2020-10-04,Wolves,Fulham,H,0.5578,0.2449,0.1973,H,,
2021,2020-10-17,Chelsea,Southampton,D,0.5567,0.217,0.2263,H,,
2021,2020-10-17,Everton,Liverpool,D,0.2507,0.1961,0.5532,A,,
2021,2020-10-17,Man City,Arsenal,H,0.6811,0.1743,0.1446,H,,
2021,2020-10-17,Newcastle,Man United,A,0.3107,0.2205,0.4688,A,,
2021,2020-10-18,Crystal Palace,Brighton,D,0.3637,0.2525,0.3838,A,,
2021,2020-10-18,Leicester,Aston Villa,A,0.4051,0.1985,0.3963,H,A,0.1114
2021,2020-10-18,Sheffield United,Fulham,D,0.5186,0.3098,0.1716,H,,
2021,2020-10-18,Tottenham,West Ham,D,0.5542,0.2013,0.2445,H,,
2021,2020-10-19,Leeds,Wolves,A,0.329,0.2565,0.4145,A,,
2021,2020-10-19,West Brom,Burnley,D,0.3344,0.2027,0.4628,A,A,0.1004
2021,2020-10-23,Aston Villa,Leeds,A,0.364,0.3226,0.3135,H,,
2021,2020-10-24,Fulham,Crystal Palace,A,0.2806,0.241,0.4784,A,A,0.0956
2021,2020-10-24,Liverpool,Sheffield United,H,0.7296,0.2081,0.0623,H,,
2021,2020-10-24,Man United,Chelsea,D,0.4999,0.1919,0.3083,H,,
2021,2020-10-24,West Ham,Man City,D,0.2006,0.1668,0.6327,A,,
2021,2020-10-25,Arsenal,Leicester,A,0.5491,0.2049,0.2461,H,,
2021,2020-10-25,Southampton,Everton,H,0.3288,0.2162,0.4551,A,,
2021,2020-10-25,Wolves,Newcastle,D,0.4927,0.256,0.2513,H,,
2021,2020-10-26,Brighton,West Brom,D,0.5503,0.2602,0.1895,H,,
2021,2020-10-26,Burnley,Tottenham,A,0.2588,0.2229,0.5183,A,,
2021,2020-10-30,Wolves,Crystal Palace,H,0.4837,0.2677,0.2486,H,,
2021,2020-10-31,Burnley,Chelsea,A,0.3243,0.1909,0.4848,A,H,0.1194
2021,2020-10-31,Liverpool,West Ham,H,0.7039,0.1597,0.1364,H,,
2021,2020-10-31,Sheffield United,Man City,A,0.2273,0.1798,0.5929,A,,
2021,2020-11-01,Aston Villa,Southampton,A,0.2904,0.2156,0.494,A,A,0.1076
2021,2020-11-01,Man United,Arsenal,A,0.6159,0.2114,0.1727,H,H,0.105
2021,2020-11-01,Newcastle,Everton,H,0.362,0.1851,0.453,A,,
2021,2020-11-01,Tottenham,Brighton,H,0.5868,0.2104,0.2028,H,,
2021,2020-11-02,Fulham,West Brom,H,0.3024,0.2566,0.441,A,A,0.0882
2021,2020-11-02,Leeds,Leicester,A,0.3914,0.2182,0.3904,H,,
2021,2020-11-06,Brighton,Burnley,D,0.5007,0.2362,0.2631,H,,
2021,2020-11-06,Southampton,Newcastle,H,0.405,0.2523,0.3427,H,,
2021,2020-11-07,Chelsea,Sheffield United,H,0.6749,0.1974,0.1277,H,,
2021,2020-11-07,Crystal Palace,Leeds,H,0.3545,0.3358,0.3097,H,,
2021,2020-11-07,Everton,Man United,A,0.4002,0.2574,0.3424,H,,
2021,2020-11-07,West Ham,Fulham,H,0.5277,0.2647,0.2076,H,,
2021,2020-11-08,Arsenal,Aston Villa,A,0.4658,0.292,0.2422,H,,
2021,2020-11-08,Leicester,Wolves,H,0.4135,0.327,0.2595,H,,
2021,2020-11-08,Man City,Liverpool,D,0.6855,0.1722,0.1424,H,H,0.1467
2021,2020-11-08,West Brom,Tottenham,A,0.1876,0.2019,0.6105,A,,
2021,2020-11-21,Aston Villa,Brighton,A,0.3453,0.2233,0.4315,A,A,0.096
2021,2020-11-21,Man United,West Brom,H,0.6627,0.2642,0.0731,H,,
2021,2020-11-21,Newcastle,Chelsea,A,0.2203,0.1941,0.5856,A,,
2021,2020-11-21,Tottenham,Man City,H,0.3455,0.2395,0.4151,A,H,0.0806
2021,2020-11-22,Fulham,Everton,A,0.2076,0.1881,0.6043,A,,
2021,2020-11-22,Leeds,Arsenal,D,0.3853,0.2335,0.3812,H,,
2021,2020-11-22,Liverpool,Leicester,H,0.7268,0.186,0.0872,H,H,0.16
2021,2020-11-22,Sheffield United,West Ham,A,0.3664,0.2256,0.408,A,,
2021,2020-11-23,Burnley,Crystal Palace,H,0.4014,0.3045,0.2941,H,,
2021,2020-11-23,Wolves,Southampton,D,0.4025,0.2427,0.3548,H,,
2021,2020-11-27,Crystal Palace,Newcastle,A,0.3984,0.3159,0.2857,H,,
2021,2020-11-28,Brighton,Liverpool,D,0.2847,0.2028,0.5126,A,,
2021,2020-11-28,Everton,Leeds,A,0.4836,0.302,0.2144,H,,
2021,2020-11-28,Man City,Burnley,H,0.7628,0.2092,0.028,H,,
2021,2020-11-28,West Brom,Sheffield United,H,0.3487,0.3067,0.3446,H,,
2021,2020-11-29,Arsenal,Wolves,A,0.5054,0.2917,0.2029,H,,
2021,2020-11-29,Chelsea,Tottenham,D,0.5296,0.2552,0.2152,H,,
2021,2020-11-29,Southampton,Man United,A,0.357,0.2572,0.3857,A,,
2021,2020-11-30,Leicester,Fulham,A,0.5714,0.2731,0.1555,H,,
2021,2020-11-30,West Ham,Aston Villa,H,0.3683,0.2645,0.3672,H,,
2021,2020-12-05,Burnley,Everton,D,0.3365,0.2472,0.4163,A,,
2021,2020-12-05,Chelsea,Leeds,H,0.5747,0.3312,0.0941,H,D,0.0851
2021,2020-12-05,Man City,Fulham,H,0.7489,0.1959,0.0551,H,,
2021,2020-12-05,West Ham,Man United,A,0.3406,0.2602,0.3992,A,,
2021,2020-12-06,Liverpool,Wolves,H,0.6474,0.2506,0.102,H,,
2021,2020-12-06,Sheffield United,Leicester,A,0.371,0.2398,0.3892,A,H,0.0883
2021,2020-12-06,Tottenham,Arsenal,H,0.5608,0.2801,0.1591,H,,
2021,2020-12-06,West Brom,Crystal Palace,A,0.2733,0.3239,0.4028,A,,
2021,2020-12-07,Brighton,Southampton,A,0.3942,0.2409,0.3649,H,,
2021,2020-12-11,Leeds,West Ham,A,0.4031,0.2248,0.3721,H,,
2021,2020-12-12,Everton,Chelsea,H,0.3064,0.2285,0.4651,A,,
2021,2020-12-12,Man United,Man City,D,0.3404,0.2188,0.4408,A,H,0.0878
2021,2020-12-12,Newcastle,West Brom,H,0.4088,0.2692,0.322,H,,
2021,2020-12-12,Wolves,Aston Villa,A,0.3713,0.2817,0.347,H,,
2021,2020-12-13,Arsenal,Burnley,A,0.6435,0.2479,0.1085,H,,
2021,2020-12-13,Crystal Palace,Tottenham,D,0.2563,0.2838,0.46,A,,
2021,2020-12-13,Fulham,Liverpool,D,0.1432,0.1537,0.7031,A,,
2021,2020-12-13,Leicester,Brighton,H,0.4487,0.2907,0.2606,H,,
2021,2020-12-13,Southampton,Sheffield United,H,0.4843,0.265,0.2508,H,,
2021,2020-12-15,Man City,West Brom,D,0.7664,0.178,0.0556,H,,
2021,2020-12-15,Wolves,Chelsea,H,0.3461,0.2099,0.444,A,H,0.1223
2021,2020-12-16,Arsenal,Southampton,D,0.5111,0.2272,0.2617,H,,
2021,2020-12-16,Fulham,Brighton,D,0.2882,0.2111,0.5007,A,A,0.0868
2021,2020-12-16,Leeds,Newcastle,H,0.5075,0.2599,0.2325,H,,
2021,2020-12-16,Leicester,Everton,A,0.482,0.248,0.27,H,,
2021,2020-12-16,Liverpool,Tottenham,H,0.6857,0.2333,0.081,H,H,0.1086
2021,2020-12-16,West Ham,Crystal Palace,D,0.3751,0.2497,0.3751,A,A,0.0808
2021,2020-12-17,Aston Villa,Burnley,D,0.484,0.2245,0.2915,H,,
2021,2020-12-17,Sheffield United,Man United,A,0.3136,0.1872,0.4992,A,H,0.1293
2021,2020-12-19,Crystal Palace,Liverpool,A,0.3102,0.165,0.5248,A,H,0.1121
2021,2020-12-19,Everton,Arsenal,H,0.4723,0.3095,0.2182,H,,
2021,2020-12-19,Newcastle,Fulham,D,0.3627,0.3736,0.2636,D,,
2021,2020-12-19,Southampton,Man City,A,0.263,0.2023,0.5347,A,H,0.0832
2021,2020-12-20,Brighton,Sheffield United,D,0.4443,0.2567,0.299,H,A,0.0883
2021,2020-12-20,Man United,Leeds,H,0.5154,0.3291,0.1555,H,,
2021,2020-12-20,Tottenham,Leicester,A,0.6082,0.2252,0.1666,H,H,0.1065
2021,2020-12-20,West Brom,Aston Villa,A,0.2169,0.261,0.5222,A,,
2021,2020-12-21,Burnley,Wolves,H,0.3017,0.3073,0.391,A,,
2021,2020-12-21,Chelsea,West Ham,H,0.5784,0.2072,0.2144,H,,
2021,2020-12-26,Arsenal,Chelsea,H,0.431,0.2406,0.3284,H,H,0.1403
2021,2020-12-26,Aston Villa,Crystal Palace,H,0.4677,0.251,0.2812,H,,
2021,2020-12-26,Fulham,Southampton,D,0.2576,0.1997,0.5427,A,A,0.094
2021,2020-12-26,Leicester,Man United,D,0.3569,0.254,0.3891,A,,
2021,2020-12-26,Man City,Newcastle,H,0.7277,0.181,0.0912,H,,
2021,2020-12-26,Sheffield United,Everton,A,0.3378,0.199,0.4632,A,,
2021,2020-12-27,Leeds,Burnley,H,0.5201,0.241,0.2389,H,,
2021,2020-12-27,Liverpool,West Brom,D,0.7477,0.1764,0.0759,H,,
2021,2020-12-27,West Ham,Brighton,D,0.4612,0.291,0.2477,H,,
2021,2020-12-27,Wolves,Tottenham,D,0.4181,0.2556,0.3262,H,H,0.1106
2021,2020-12-28,Chelsea,Aston Villa,D,0.4799,0.2151,0.305,H,,
2021,2020-12-28,Crystal Palace,Leicester,D,0.4024,0.2045,0.3931,H,H,0.1087
2021,2020-12-29,Brighton,Arsenal,A,0.4019,0.2385,0.3595,H,,
2021,2020-12-29,Burnley,Sheffield United,H,0.3713,0.3431,0.2856,H,,
2021,2020-12-29,Man United,Wolves,H,0.6155,0.2283,0.1562,H,,
2021,2020-12-29,Southampton,West Ham,D,0.5033,0.2557,0.241,H,,
2021,2020-12-29,West Brom,Leeds,A,0.247,0.2619,0.4911,A,,
2021,2020-12-30,Newcastle,Liverpool,D,0.2186,0.1509,0.6305,A,,
2021,2021-01-01,Everton,West Ham,A,0.4349,0.2861,0.279,H,,
2021,2021-01-01,Man United,Aston Villa,H,0.5725,0.2194,0.2081,H,,
2021,2021-01-02,Brighton,Wolves,D,0.3766,0.2506,0.3728,H,,
2021,2021-01-02,Crystal Palace,Sheffield United,H,0.5116,0.2649,0.2235,H,,
2021,2021-01-02,Tottenham,Leeds,H,0.5166,0.2423,0.2412,H,,
2021,2021-01-02,West Brom,Arsenal,A,0.2727,0.2179,0.5094,A,,
2021,2021-01-03,Chelsea,Man City,A,0.4446,0.2305,0.3249,H,H,0.0927
2021,2021-01-03,Newcastle,Leicester,A,0.3338,0.2106,0.4556,A,H,0.1074
2021,2021-01-04,Southampton,Liverpool,H,0.3282,0.2269,0.4449,A,H,0.0956
2021,2021-01-12,Burnley,Man United,A,0.1929,0.2182,0.5889,A,,
2021,2021-01-12,Sheffield United,Newcastle,H,0.4444,0.2852,0.2705,H,,
2021,2021-01-12,Wolves,Everton,A,0.5232,0.2031,0.2737,H,H,0.1006
2021,2021-01-13,Man City,Brighton,H,0.7491,0.1679,0.0831,H,,
2021,2021-01-13,Tottenham,Fulham,D,0.6563,0.2006,0.1431,H,,
2021,2021-01-14,Arsenal,Crystal Palace,D,0.5507,0.2254,0.2239,H,,
2021,2021-01-16,Fulham,Chelsea,A,0.2236,0.2223,0.5541,A,,
2021,2021-01-16,Leeds,Brighton,A,0.4154,0.1959,0.3887,H,,
2021,2021-01-16,Leicester,Southampton,H,0.6117,0.2322,0.1561,H,,
2021,2021-01-16,West Ham,Burnley,H,0.5757,0.237,0.1873,H,,
2021,2021-01-16,Wolves,West Brom,A,0.5762,0.3335,0.0903,H,,
2021,2021-01-17,Liverpool,Man United,D,0.6574,0.1826,0.1599,H,H,0.1226
2021,2021-01-17,Man City,Crystal Palace,H,0.742,0.1659,0.0921,H,,
2021,2021-01-17,Sheffield United,Tottenham,A,0.2713,0.2313,0.4974,A,,
2021,2021-01-18,Arsenal,Newcastle,H,0.577,0.257,0.166,H,,
2021,2021-01-19,Leicester,Chelsea,H,0.4451,0.288,0.2668,H,H,0.0817
2021,2021-01-19,West Ham,West Brom,H,0.5476,0.2791,0.1733,H,,
2021,2021-01-20,Fulham,Man United,A,0.2659,0.1763,0.5578,A,,
2021,2021-01-20,Man City,Aston Villa,H,0.623,0.2219,0.1551,H,,
2021,2021-01-21,Liverpool,Burnley,A,0.7091,0.1469,0.144,H,,
2021,2021-01-23,Aston Villa,Newcastle,H,0.5365,0.2396,0.2239,H,,
2021,2021-01-26,Crystal Palace,West Ham,A,0.4047,0.2582,0.3371,H,,
2021,2021-01-26,Newcastle,Leeds,A,0.3208,0.2662,0.413,A,,
2021,2021-01-26,Southampton,Arsenal,A,0.3741,0.26,0.3659,H,,
2021,2021-01-26,West Brom,Man City,A,0.1612,0.1778,0.661,A,,
2021,2021-01-27,Brighton,Fulham,D,0.5167,0.291,0.1923,H,,
2021,2021-01-27,Burnley,Aston Villa,H,0.2245,0.2983,0.4772,A,,
2021,2021-01-27,Chelsea,Wolves,D,0.621,0.1888,0.1902,H,,
2021,2021-01-27,Everton,Leicester,D,0.3314,0.2764,0.3921,A,,
2021,2021-01-27,Man United,Sheffield United,A,0.656,0.22,0.124,H,,
2021,2021-01-28,Tottenham,Liverpool,A,0.4826,0.2729,0.2445,H,H,0.1332
2021,2021-01-30,Arsenal,Man United,D,0.3862,0.2756,0.3382,H,,
2021,2021-01-30,Crystal Palace,Wolves,H,0.3768,0.2884,0.3347,H,,
2021,2021-01-30,Everton,Newcastle,A,0.5367,0.2762,0.1871,H,,
2021,2021-01-30,Man City,Sheffield United,H,0.6142,0.1799,0.206,H,,
2021,2021-01-30,Southampton,Aston Villa,A,0.3829,0.2201,0.397,A,,
2021,2021-01-30,West Brom,Fulham,D,0.3218,0.386,0.2922,D,,
2021,2021-01-31,Brighton,Tottenham,H,0.353,0.2516,0.3954,A,,
2021,2021-01-31,Chelsea,Burnley,H,0.6881,0.1943,0.1176,H,,
2021,2021-01-31,Leicester,Leeds,A,0.4874,0.2109,0.3017,H,,
2021,2021-01-31,West Ham,Liverpool,A,0.3191,0.2283,0.4526,A,,
2021,2021-02-02,Man United,Southampton,H,0.6749,0.2152,0.1099,H,,
2021,2021-02-02,Newcastle,Crystal Palace,A,0.3317,0.3355,0.3328,D,,
2021,2021-02-02,Sheffield United,West Brom,H,0.3629,0.3489,0.2882,H,,
2021,2021-02-02,Wolves,Arsenal,H,0.426,0.2422,0.3318,H,H,0.1161
2021,2021-02-03,Aston Villa,West Ham,A,0.3844,0.2483,0.3673,H,,
2021,2021-02-03,Burnley,Man City,A,0.1586,0.1721,0.6693,A,,
2021,2021-02-03,Fulham,Leicester,A,0.2807,0.1885,0.5308,A,,
2021,2021-02-03,Leeds,Everton,A,0.3515,0.2223,0.4262,A,,
2021,2021-02-03,Liverpool,Brighton,A,0.6661,0.1955,0.1383,H,,
2021,2021-02-04,Tottenham,Chelsea,A,0.4831,0.2695,0.2474,H,H,0.1492
2021,2021-02-06,Aston Villa,Arsenal,H,0.3704,0.2494,0.3802,A,,
2021,2021-02-06,Burnley,Brighton,D,0.2618,0.3196,0.4187,A,,
2021,2021-02-06,Fulham,West Ham,D,0.2303,0.2138,0.5559,A,,
2021,2021-02-06,Man United,Everton,D,0.6331,0.2064,0.1605,H,,
2021,2021-02-06,Newcastle,Southampton,H,0.3343,0.2897,0.3761,A,,
2021,2021-02-07,Liverpool,Man City,A,0.4962,0.222,0.2818,H,H,0.1526
2021,2021-02-07,Sheffield United,Chelsea,A,0.2382,0.1966,0.5651,A,,
2021,2021-02-07,Tottenham,West Brom,H,0.6567,0.2508,0.0925,H,,
2021,2021-02-07,Wolves,Leicester,D,0.4335,0.2347,0.3318,H,H,0.1162
2021,2021-02-08,Leeds,Crystal Palace,H,0.5657,0.1762,0.2581,H,,
2021,2021-02-13,Brighton,Aston Villa,D,0.2685,0.2752,0.4563,A,,
2021,2021-02-13,Crystal Palace,Burnley,A,0.3616,0.3344,0.304,H,,
2021,2021-02-13,Leicester,Liverpool,H,0.3924,0.2806,0.3269,H,H,0.0826
2021,2021-02-13,Man City,Tottenham,H,0.6732,0.2161,0.1107,H,,
2021,2021-02-14,Arsenal,Leeds,H,0.4193,0.3591,0.2216,H,,
2021,2021-02-14,Everton,Fulham,A,0.5277,0.2905,0.1818,H,,
2021,2021-02-14,Southampton,Wolves,A,0.487,0.2374,0.2756,H,,
2021,2021-02-14,West Brom,Man United,D,0.1666,0.1792,0.6543,A,,
2021,2021-02-15,Chelsea,Newcastle,H,0.595,0.1979,0.2071,H,,
2021,2021-02-15,West Ham,Sheffield United,H,0.4107,0.2481,0.3412,H,A,0.1088
2021,2021-02-17,Burnley,Fulham,D,0.3719,0.2894,0.3387,H,,
2021,2021-02-17,Everton,Man City,A,0.2506,0.1704,0.579,A,,
2021,2021-02-19,Wolves,Leeds,H,0.3703,0.3389,0.2908,H,,
2021,2021-02-20,Burnley,West Brom,D,0.4753,0.3445,0.1802,H,,
2021,2021-02-20,Fulham,Sheffield United,H,0.3637,0.3068,0.3295,H,,
2021,2021-02-20,Liverpool,Everton,A,0.7214,0.1951,0.0836,H,,
2021,2021-02-20,Southampton,Chelsea,D,0.3852,0.2158,0.399,A,H,0.1374
2021,2021-02-21,Arsenal,Man City,A,0.2412,0.1929,0.5659,A,,
2021,2021-02-21,Aston Villa,Leicester,A,0.4159,0.2331,0.351,H,,
2021,2021-02-21,Man United,Newcastle,H,0.6713,0.1476,0.1811,H,,
2021,2021-02-21,West Ham,Tottenham,H,0.4074,0.2857,0.3069,H,,
2021,2021-02-22,Brighton,Crystal Palace,A,0.472,0.2645,0.2636,H,,
2021,2021-02-23,Leeds,Southampton,H,0.4411,0.2321,0.3268,H,,
2021,2021-02-27,Leeds,Aston Villa,A,0.3868,0.248,0.3653,H,,
2021,2021-02-27,Man City,West Ham,H,0.6787,0.1659,0.1554,H,,
2021,2021-02-27,Newcastle,Wolves,D,0.2583,0.3294,0.4122,A,,
2021,2021-02-27,West Brom,Brighton,H,0.261,0.2657,0.4733,A,,
2021,2021-02-28,Chelsea,Man United,D,0.4298,0.2755,0.2947,H,,
2021,2021-02-28,Crystal Palace,Fulham,D,0.2235,0.3605,0.416,A,,
2021,2021-02-28,Leicester,Arsenal,A,0.4847,0.2666,0.2487,H,,
2021,2021-02-28,Sheffield United,Liverpool,A,0.2115,0.2139,0.5746,A,,
2021,2021-02-28,Tottenham,Burnley,H,0.618,0.2683,0.1136,H,,
2021,2021-03-01,Everton,Southampton,H,0.5114,0.2153,0.2733,H,,
2021,2021-03-02,Man City,Wolves,H,0.6855,0.2107,0.1038,H,,
2021,2021-03-03,Burnley,Leicester,D,0.4019,0.2274,0.3707,H,H,0.1155
2021,2021-03-03,Crystal Palace,Man United,D,0.2017,0.1874,0.6109,A,,
2021,2021-03-03,Sheffield United,Aston Villa,H,0.2281,0.2803,0.4916,A,,
2021,2021-03-04,Fulham,Tottenham,A,0.2638,0.2166,0.5195,A,,
2021,2021-03-04,Liverpool,Chelsea,A,0.6568,0.2135,0.1297,H,H,0.1676
2021,2021-03-04,West Brom,Everton,A,0.2509,0.1901,0.5589,A,,
2021,2021-03-06,Aston Villa,Wolves,D,0.3583,0.3093,0.3324,H,,
2021,2021-03-06,Brighton,Leicester,A,0.4068,0.2539,0.3394,H,,
2021,2021-03-06,Burnley,Arsenal,D,0.3136,0.2085,0.4779,A,H,0.1002
2021,2021-03-06,Sheffield United,Southampton,A,0.3193,0.2324,0.4482,A,,
2021,2021-03-07,Liverpool,Fulham,A,0.6398,0.2041,0.1561,H,,
2021,2021-03-07,Man City,Man United,A,0.67,0.2271,0.1029,H,,
2021,2021-03-07,Tottenham,Crystal Palace,H,0.6037,0.2331,0.1632,H,,
2021,2021-03-07,West Brom,Newcastle,D,0.3104,0.2889,0.4008,A,,
2021,2021-03-08,Chelsea,Everton,H,0.5801,0.2213,0.1986,H,,
2021,2021-03-08,West Ham,Leeds,H,0.3741,0.3065,0.3195,H,,
2021,2021-03-10,Man City,Southampton,H,0.7553,0.1668,0.0779,H,,
2021,2021-03-12,Newcastle,Aston Villa,D,0.3078,0.3237,0.3685,A,,
2021,2021-03-13,Crystal Palace,West Brom,H,0.4642,0.3618,0.174,H,,
2021,2021-03-13,Everton,Burnley,A,0.477,0.2928,0.2302,H,,
2021,2021-03-13,Fulham,Man City,A,0.1365,0.1601,0.7033,A,,
2021,2021-03-13,Leeds,Chelsea,D,0.3552,0.2084,0.4364,A,H,0.1048
2021,2021-03-14,Arsenal,Tottenham,H,0.4741,0.2264,0.2995,H,,
2021,2021-03-14,Leicester,Sheffield United,H,0.5995,0.2177,0.1829,H,,
2021,2021-03-14,Man United,West Ham,H,0.6437,0.2102,0.1461,H,H,0.0927
2021,2021-03-14,Southampton,Brighton,A,0.4054,0.3582,0.2364,H,,
2021,2021-03-15,Wolves,Liverpool,A,0.378,0.2199,0.4021,A,H,0.1287
2021,2021-03-19,Fulham,Leeds,A,0.3603,0.2838,0.3559,H,,
2021,2021-03-20,Brighton,Newcastle,H,0.4011,0.3206,0.2783,H,A,0.09
2021,2021-03-21,Aston Villa,Tottenham,A,0.4272,0.2168,0.3559,H,,
2021,2021-03-21,West Ham,Arsenal,D,0.3582,0.2783,0.3635,A,,
2021,2021-04-03,Arsenal,Liverpool,A,0.506,0.2352,0.2588,H,H,0.1437
2021,2021-04-03,Chelsea,West Brom,A,0.6634,0.2199,0.1167,H,,
2021,2021-04-03,Leeds,Sheffield United,H,0.4836,0.2322,0.2842,H,A,0.096
2021,2021-04-03,Leicester,Man City,A,0.2665,0.1674,0.5661,A,H,0.0801
2021,2021-04-04,Aston Villa,Fulham,H,0.4584,0.3038,0.2378,H,,
2021,2021-04-04,Man United,Brighton,H,0.6153,0.2189,0.1657,H,,
2021,2021-04-04,Newcastle,Tottenham,D,0.2783,0.1953,0.5264,A,,
2021,2021-04-04,Southampton,Burnley,H,0.4932,0.3148,0.192,H,,
2021,2021-04-05,Everton,Crystal Palace,D,0.4477,0.3363,0.2159,H,,
2021,2021-04-05,Wolves,West Ham,A,0.3925,0.2236,0.3839,H,,
2021,2021-04-09,Fulham,Wolves,A,0.2305,0.3029,0.4666,A,A,0.1154
2021,2021-04-10,Crystal Palace,Chelsea,A,0.3083,0.2783,0.4134,A,H,0.1228
2021,2021-04-10,Liverpool,Aston Villa,H,0.6744,0.2276,0.098,H,,
2021,2021-04-10,Man City,Leeds,A,0.6759,0.2285,0.0956,H,,
2021,2021-04-11,Burnley,Newcastle,A,0.423,0.3463,0.2307,H,,
2021,2021-04-11,Sheffield United,Arsenal,A,0.2244,0.2217,0.5539,A,,
2021,2021-04-11,Tottenham,Man United,A,0.4638,0.2778,0.2584,H,H,0.0929
2021,2021-04-11,West Ham,Leicester,H,0.4615,0.2128,0.3256,H,H,0.1029
2021,2021-04-12,Brighton,Everton,D,0.3707,0.2802,0.3491,H,,
2021,2021-04-12,West Brom,Southampton,H,0.2177,0.265,0.5174,A,,
2021,2021-04-16,Everton,Tottenham,D,0.4126,0.2454,0.342,H,H,0.0949
2021,2021-04-17,Newcastle,West Ham,H,0.3383,0.2004,0.4613,A,,
2021,2021-04-17,Wolves,Sheffield United,H,0.5142,0.268,0.2178,H,,
2021,2021-04-18,Arsenal,Fulham,D,0.6151,0.2583,0.1267,H,,
2021,2021-04-18,Man United,Burnley,H,0.6277,0.2327,0.1396,H,,
2021,2021-04-19,Leeds,Liverpool,D,0.3602,0.1606,0.4792,A,H,0.1124
2021,2021-04-20,Chelsea,Brighton,D,0.5212,0.2336,0.2452,H,,
2021,2021-04-21,Aston Villa,Man City,A,0.2589,0.1552,0.5859,A,,
2021,2021-04-21,Tottenham,Southampton,H,0.6082,0.2119,0.1799,H,,
2021,2021-04-22,Leicester,West Brom,H,0.5504,0.2234,0.2262,H,,
2021,2021-04-23,Arsenal,Everton,A,0.5532,0.2653,0.1815,H,,
2021,2021-04-24,Liverpool,Newcastle,D,0.6992,0.2243,0.0765,H,,
2021,2021-04-24,Sheffield United,Brighton,H,0.2195,0.2661,0.5144,A,,
2021,2021-04-24,West Ham,Chelsea,A,0.3626,0.2216,0.4158,A,H,0.1154
2021,2021-04-25,Aston Villa,West Brom,D,0.4308,0.2187,0.3505,H,A,0.0876
2021,2021-04-25,Leeds,Man United,D,0.409,0.1346,0.4565,A,H,0.1241
2021,2021-04-25,Wolves,Burnley,A,0.4473,0.2365,0.3162,H,,
2021,2021-04-26,Leicester,Crystal Palace,H,0.5742,0.3146,0.1112,H,,
2021,2021-04-30,Southampton,Leicester,D,0.3595,0.1565,0.4841,A,,
2021,2021-05-01,Brighton,Leeds,H,0.3387,0.3621,0.2992,D,,
2021,2021-05-01,Chelsea,Fulham,H,0.6054,0.2493,0.1453,H,,
2021,2021-05-01,Crystal Palace,Man City,A,0.197,0.1866,0.6164,A,,
2021,2021-05-01,Everton,Aston Villa,A,0.4824,0.2695,0.248,H,,
2021,2021-05-02,Newcastle,Arsenal,A,0.3517,0.259,0.3893,A,,
2021,2021-05-02,Tottenham,Sheffield United,H,0.6689,0.1892,0.1419,H,,
2021,2021-05-03,Burnley,West Ham,A,0.3119,0.2179,0.4702,A,,
2021,2021-05-03,West Brom,Wolves,D,0.3011,0.1898,0.5091,A,A,0.0994
2021,2021-05-07,Leicester,Newcastle,A,0.627,0.2042,0.1688,H,,
2021,2021-05-08,Leeds,Tottenham,H,0.3359,0.1999,0.4642,A,,
2021,2021-05-08,Liverpool,Southampton,H,0.6863,0.1703,0.1434,H,,
2021,2021-05-08,Man City,Chelsea,A,0.6519,0.2356,0.1124,H,H,0.1126
2021,2021-05-08,Sheffield United,Crystal Palace,A,0.2955,0.278,0.4265,A,,
2021,2021-05-09,Arsenal,West Brom,H,0.5538,0.2432,0.203,H,,
2021,2021-05-09,Aston Villa,Man United,A,0.3193,0.2493,0.4314,A,,
2021,2021-05-09,West Ham,Everton,A,0.4609,0.2935,0.2457,H,,
2021,2021-05-09,Wolves,Brighton,H,0.3592,0.2804,0.3604,A,,
2021,2021-05-10,Fulham,Burnley,A,0.3722,0.1871,0.4407,A,A,0.1115
2021,2021-05-11,Man United,Leicester,A,0.4747,0.2337,0.2916,H,,
2021,2021-05-11,Southampton,Crystal Palace,H,0.4887,0.2838,0.2274,H,,
2021,2021-05-12,Chelsea,Arsenal,A,0.5442,0.2142,0.2416,H,,
2021,2021-05-13,Aston Villa,Everton,D,0.4196,0.2021,0.3782,H,,
2021,2021-05-13,Man United,Liverpool,A,0.46,0.2666,0.2734,H,H,0.1119
2021,2021-05-14,Newcastle,Man City,A,0.1763,0.1684,0.6552,A,,
2021,2021-05-15,Brighton,West Ham,D,0.3587,0.2022,0.4391,A,,
2021,2021-05-15,Burnley,Leeds,A,0.2797,0.4205,0.2999,D,D,0.1128
2021,2021-05-15,Southampton,Fulham,H,0.5287,0.3327,0.1386,H,,
2021,2021-05-16,Crystal Palace,Aston Villa,H,0.2916,0.2627,0.4457,A,,
2021,2021-05-16,Everton,Sheffield United,A,0.571,0.3087,0.1204,H,,
2021,2021-05-16,Tottenham,Wolves,H,0.5992,0.2449,0.1559,H,,
2021,2021-05-16,West Brom,Liverpool,A,0.1665,0.1573,0.6762,A,,
2021,2021-05-18,Brighton,Man City,H,0.2304,0.1819,0.5877,A,,
2021,2021-05-18,Chelsea,Leicester,H,0.5473,0.2978,0.155,H,,
2021,2021-05-18,Man United,Fulham,D,0.7206,0.1943,0.0851,H,,
2021,2021-05-18,Southampton,Leeds,A,0.3588,0.3291,0.3122,H,,
2021,2021-05-19,Burnley,Liverpool,A,0.2145,0.1561,0.6294,A,,
2021,2021-05-19,Crystal Palace,Arsenal,A,0.2652,0.205,0.5298,A,,
2021,2021-05-19,Everton,Wolves,H,0.5188,0.272,0.2092,H,,
2021,2021-05-19,Newcastle,Sheffield United,H,0.4505,0.2711,0.2785,H,,
2021,2021-05-19,Tottenham,Aston Villa,A,0.5558,0.2006,0.2436,H,,
2021,2021-05-19,West Brom,West Ham,A,0.256,0.1795,0.5646,A,,
2021,2021-05-23,Arsenal,Brighton,H,0.4945,0.2762,0.2293,H,,
2021,2021-05-23,Aston Villa,Chelsea,H,0.3012,0.2312,0.4675,A,H,0.1124
2021,2021-05-23,Fulham,Newcastle,A,0.3724,0.1683,0.4594,A,A,0.1226
2021,2021-05-23,Leeds,West Brom,H,0.5175,0.1536,0.3289,H,A,0.1306
2021,2021-05-23,Leicester,Tottenham,A,0.5785,0.2124,0.2091,H,,
2021,2021-05-23,Liverpool,Crystal Palace,H,0.7007,0.1609,0.1384,H,,
2021,2021-05-23,Man City,Everton,H,0.7429,0.2129,0.0442,H,,
2021,2021-05-23,Sheffield United,Burnley,H,0.288,0.2293,0.4827,A,,
2021,2021-05-23,West Ham,Southampton,H,0.5299,0.2333,0.2368,H,,
2021,2021-05-23,Wolves,Man United,A,0.5062,0.1765,0.3173,H,H,0.0915
2122,2021-08-13,Brentford,Arsenal,H,0.257,0.2068,0.5362,A,,
2122,2021-08-14,Burnley,Brighton,A,0.3076,0.2724,0.42,A,,
2122,2021-08-14,Chelsea,Crystal Palace,H,0.4611,0.2079,0.3311,H,A,0.1843
2122,2021-08-14,Everton,Southampton,H,0.4146,0.234,0.3515,H,A,0.0814
2122,2021-08-14,Leicester,Wolves,H,0.5227,0.2235,0.2539,H,,
2122,2021-08-14,Man United,Leeds,H,0.4636,0.2134,0.323,H,A,0.1144
2122,2021-08-14,Norwich,Liverpool,A,0.1281,0.2014,0.6705,A,,
2122,2021-08-14,Watford,Aston Villa,H,0.2668,0.2449,0.4883,A,,
2122,2021-08-15,Newcastle,West Ham,A,0.2366,0.2376,0.5258,A,,
2122,2021-08-15,Tottenham,Man City,H,0.2074,0.2055,0.5871,A,,
2122,2021-08-21,Aston Villa,Newcastle,H,0.4431,0.2204,0.3364,H,,
2122,2021-08-21,Brighton,Watford,H,0.4522,0.2331,0.3147,H,A,0.1013
2122,2021-08-21,Crystal Palace,Brentford,D,0.323,0.3026,0.3745,A,,
2122,2021-08-21,Leeds,Everton,D,0.3871,0.2308,0.3821,H,,
2122,2021-08-21,Liverpool,Burnley,H,0.5433,0.1981,0.2586,H,,
2122,2021-08-21,Man City,Norwich,H,0.7019,0.1817,0.1164,H,,
2122,2021-08-22,Arsenal,Chelsea,A,0.2185,0.2294,0.5521,A,,
2122,2021-08-22,Southampton,Man United,D,0.2217,0.2151,0.5632,A,,
2122,2021-08-22,Wolves,Tottenham,A,0.3085,0.24,0.4515,A,,
2122,2021-08-23,West Ham,Leicester,H,0.4055,0.2321,0.3624,H,,
2122,2021-08-28,Aston Villa,Brentford,D,0.3851,0.274,0.3409,H,,
2122,2021-08-28,Brighton,Everton,A,0.3404,0.2399,0.4198,A,A,0.0903
2122,2021-08-28,Liverpool,Chelsea,D,0.3909,0.2459,0.3632,H,,
2122,2021-08-28,Man City,Arsenal,H,0.5483,0.2003,0.2514,H,,
2122,2021-08-28,Newcastle,Southampton,D,0.3429,0.2468,0.4102,A,,
2122,2021-08-28,Norwich,Leicester,A,0.2293,0.2277,0.543,A,,
2122,2021-08-28,West Ham,Crystal Palace,D,0.5435,0.2194,0.2371,H,,
2122,2021-08-29,Burnley,Leeds,D,0.3083,0.2469,0.4448,A,,
2122,2021-08-29,Tottenham,Watford,H,0.5445,0.223,0.2325,H,,
2122,2021-08-29,Wolves,Man United,A,0.2261,0.2353,0.5385,A,,
2122,2021-09-11,Arsenal,Norwich,H,0.6735,0.2074,0.1191,H,,
2122,2021-09-11,Brentford,Brighton,A,0.3145,0.2381,0.4474,A,,
2122,2021-09-11,Chelsea,Aston Villa,H,0.5028,0.2192,0.278,H,A,0.1388
2122,2021-09-11,Crystal Palace,Tottenham,H,0.3018,0.249,0.4492,A,,
2122,2021-09-11,Leicester,Man City,A,0.1972,0.1983,0.6045,A,,
2122,2021-09-11,Man United,Newcastle,H,0.6517,0.1857,0.1626,H,,
2122,2021-09-11,Southampton,West Ham,D,0.3289,0.2396,0.4315,A,,
2122,2021-09-11,Watford,Wolves,A,0.2871,0.2363,0.4766,A,,
2122,2021-09-12,Leeds,Liverpool,A,0.2748,0.2089,0.5163,A,,
2122,2021-09-13,Everton,Burnley,H,0.4466,0.2205,0.333,H,A,0.1016
2122,2021-09-17,Newcastle,Leeds,D,0.3546,0.2345,0.4109,A,,
2122,2021-09-18,Aston Villa,Everton,H,0.418,0.2266,0.3554,H,,
2122,2021-09-18,Burnley,Arsenal,A,0.3156,0.2577,0.4267,A,,
2122,2021-09-18,Liverpool,Crystal Palace,H,0.5167,0.1985,0.2848,H,A,0.1556
2122,2021-09-18,Man City,Southampton,D,0.6237,0.19,0.1863,H,,
2122,2021-09-18,Norwich,Watford,A,0.3532,0.23,0.4168,A,A,0.101
2122,2021-09-18,Wolves,Brentford,A,0.4951,0.277,0.2279,H,,
2122,2021-09-19,Brighton,Leicester,H,0.3497,0.2531,0.3971,A,,
2122,2021-09-19,Tottenham,Chelsea,A,0.2405,0.2429,0.5167,A,,
2122,2021-09-19,West Ham,Man United,A,0.2558,0.2197,0.5245,A,,
2122,2021-09-25,Brentford,Liverpool,D,0.1713,0.2103,0.6184,A,,
2122,2021-09-25,Chelsea,Man City,A,0.281,0.2284,0.4907,A,A,0.1054
2122,2021-09-25,Everton,Norwich,H,0.5408,0.2465,0.2127,H,,
2122,2021-09-25,Leeds,West Ham,A,0.3873,0.2039,0.4088,A,,
2122,2021-09-25,Leicester,Burnley,D,0.5,0.2209,0.2791,H,A,0.0878
2122,2021-09-25,Man United,Aston Villa,A,0.5761,0.2034,0.2205,H,,
2122,2021-09-25,Watford,Newcastle,D,0.3694,0.2534,0.3772,A,,
2122,2021-09-26,Arsenal,Tottenham,H,0.4309,0.2518,0.3173,H,,
2122,2021-09-26,Southampton,Wolves,A,0.5202,0.2211,0.2587,H,H,0.1131
2122,2021-09-27,Crystal Palace,Brighton,D,0.3632,0.2624,0.3744,A,,
2122,2021-10-02,Brighton,Arsenal,D,0.2964,0.2626,0.441,A,,
2122,2021-10-02,Burnley,Norwich,D,0.5273,0.2462,0.2265,H,,
2122,2021-10-02,Chelsea,Southampton,H,0.5273,0.2213,0.2513,H,,
2122,2021-10-02,Leeds,Watford,H,0.5558,0.2124,0.2317,H,,
2122,2021-10-02,Man United,Everton,D,0.5617,0.2114,0.2269,H,,
2122,2021-10-02,Wolves,Newcastle,H,0.3758,0.2335,0.3907,A,A,0.1435
2122,2021-10-03,Crystal Palace,Leicester,D,0.4083,0.2372,0.3545,H,,
2122,2021-10-03,Liverpool,Man City,D,0.3745,0.2197,0.4059,A,,
2122,2021-10-03,Tottenham,Aston Villa,H,0.4401,0.2416,0.3183,H,,
2122,2021-10-03,West Ham,Brentford,A,0.5307,0.2453,0.224,H,,
2122,2021-10-16,Aston Villa,Wolves,A,0.4377,0.2421,0.3202,H,,
2122,2021-10-16,Brentford,Chelsea,A,0.1919,0.2253,0.5828,A,,
2122,2021-10-16,Leicester,Man United,H,0.3708,0.2397,0.3895,A,,
2122,2021-10-16,Man City,Burnley,H,0.6533,0.1774,0.1693,H,,
2122,2021-10-16,Norwich,Brighton,D,0.2426,0.2617,0.4957,A,,
2122,2021-10-16,Southampton,Leeds,H,0.47,0.2332,0.2968,H,,
2122,2021-10-16,Watford,Liverpool,A,0.1794,0.2118,0.6087,A,,
2122,2021-10-17,Everton,West Ham,A,0.2889,0.2367,0.4744,A,A,0.1023
2122,2021-10-17,Newcastle,Tottenham,A,0.3625,0.2362,0.4014,A,,
2122,2021-10-18,Arsenal,Crystal Palace,D,0.5242,0.2304,0.2453,H,,
2122,2021-10-22,Arsenal,Aston Villa,H,0.4733,0.2329,0.2938,H,,
2122,2021-10-23,Brighton,Man City,A,0.1921,0.2045,0.6034,A,,
2122,2021-10-23,Chelsea,Norwich,H,0.5665,0.2257,0.2078,H,,
2122,2021-10-23,Crystal Palace,Newcastle,D,0.4906,0.224,0.2855,H,,
2122,2021-10-23,Everton,Watford,A,0.4489,0.2349,0.3162,H,A,0.1015
2122,2021-10-23,Leeds,Wolves,D,0.4409,0.2422,0.3169,H,,
2122,2021-10-23,Southampton,Burnley,D,0.4787,0.2349,0.2864,H,,
2122,2021-10-24,Brentford,Leicester,A,0.3175,0.226,0.4565,A,,
2122,2021-10-24,Man United,Liverpool,A,0.3299,0.2253,0.4448,A,,
2122,2021-10-24,West Ham,Tottenham,H,0.4294,0.2246,0.346,H,,
2122,2021-10-30,Burnley,Brentford,H,0.4249,0.2612,0.3139,H,,
2122,2021-10-30,Leicester,Arsenal,A,0.4397,0.2485,0.3118,H,,
2122,2021-10-30,Liverpool,Brighton,D,0.5763,0.2008,0.2229,H,,
2122,2021-10-30,Man City,Crystal Palace,A,0.6924,0.1771,0.1305,H,,
2122,2021-10-30,Newcastle,Chelsea,A,0.2072,0.2225,0.5703,A,,
2122,2021-10-30,Tottenham,Man United,A,0.3486,0.2249,0.4265,A,,
2122,2021-10-30,Watford,Southampton,A,0.3279,0.2536,0.4185,A,,
2122,2021-10-31,Aston Villa,West Ham,A,0.3096,0.2275,0.463,A,,
2122,2021-10-31,Norwich,Leeds,A,0.2765,0.2439,0.4796,A,,
2122,2021-11-01,Wolves,Everton,H,0.3737,0.2248,0.4015,A,A,0.0861
2122,2021-11-05,Southampton,Aston Villa,H,0.3731,0.2255,0.4015,A,A,0.1009
2122,2021-11-06,Brentford,Norwich,A,0.5538,0.2331,0.2131,H,,
2122,2021-11-06,Brighton,Newcastle,D,0.5481,0.2038,0.248,H,,
2122,2021-11-06,Chelsea,Burnley,D,0.5189,0.2084,0.2727,H,,
2122,2021-11-06,Crystal Palace,Wolves,H,0.4655,0.2477,0.2868,H,,
2122,2021-11-06,Man United,Man City,A,0.2898,0.2089,0.5012,A,,
2122,2021-11-07,Arsenal,Watford,H,0.531,0.2118,0.2572,H,,
2122,2021-11-07,Everton,Tottenham,D,0.3335,0.2449,0.4216,A,,
2122,2021-11-07,Leeds,Leicester,D,0.3814,0.2255,0.3931,A,,
2122,2021-11-07,West Ham,Liverpool,H,0.2139,0.2178,0.5683,A,,
2122,2021-11-20,Aston Villa,Brighton,H,0.3421,0.2393,0.4186,A,,
2122,2021-11-20,Burnley,Crystal Palace,D,0.3387,0.2584,0.4029,A,,
2122,2021-11-20,Leicester,Chelsea,A,0.2706,0.242,0.4874,A,,
2122,2021-11-20,Liverpool,Arsenal,H,0.586,0.2056,0.2085,H,,
2122,2021-11-20,Newcastle,Brentford,D,0.4439,0.2505,0.3055,H,,
2122,2021-11-20,Norwich,Southampton,H,0.2691,0.2562,0.4747,A,,
2122,2021-11-20,Watford,Man United,H,0.1961,0.2068,0.5971,A,,
2122,2021-11-20,Wolves,West Ham,H,0.2623,0.2363,0.5014,A,A,0.0812
2122,2021-11-21,Man City,Everton,H,0.5902,0.1736,0.2362,H,,
2122,2021-11-21,Tottenham,Leeds,H,0.588,0.2141,0.1979,H,,
2122,2021-11-27,Arsenal,Newcastle,H,0.4843,0.2104,0.3053,H,A,0.1152
2122,2021-11-27,Brighton,Leeds,D,0.3994,0.2222,0.3784,H,A,0.0838
2122,2021-11-27,Crystal Palace,Aston Villa,A,0.4122,0.2294,0.3584,H,,
2122,2021-11-27,Liverpool,Southampton,H,0.6919,0.1932,0.1149,H,,
2122,2021-11-27,Norwich,Wolves,D,0.2167,0.25,0.5333,A,,
2122,2021-11-28,Brentford,Everton,H,0.4237,0.2052,0.3711,H,,
2122,2021-11-28,Chelsea,Man United,D,0.5564,0.2081,0.2355,H,,
2122,2021-11-28,Leicester,Watford,H,0.4925,0.2212,0.2864,H,,
2122,2021-11-28,Man City,West Ham,H,0.6444,0.1884,0.1672,H,,
2122,2021-11-30,Leeds,Crystal Palace,H,0.4485,0.2181,0.3335,H,,
2122,2021-11-30,Newcastle,Norwich,D,0.5606,0.2659,0.1736,H,,
2122,2021-12-01,Aston Villa,Man City,A,0.1705,0.1928,0.6367,A,,
2122,2021-12-01,Everton,Liverpool,A,0.188,0.1952,0.6167,A,,
2122,2021-12-01,Southampton,Leicester,D,0.3617,0.2412,0.3971,A,,
2122,2021-12-01,Watford,Chelsea,A,0.1364,0.2161,0.6476,A,,
2122,2021-12-01,West Ham,Brighton,D,0.4521,0.2235,0.3245,H,,
2122,2021-12-01,Wolves,Burnley,D,0.4121,0.2585,0.3293,H,,
2122,2021-12-02,Man United,Arsenal,H,0.5458,0.2357,0.2185,H,,
2122,2021-12-02,Tottenham,Brentford,H,0.5775,0.2189,0.2036,H,,
2122,2021-12-04,Newcastle,Burnley,H,0.428,0.2526,0.3193,H,,
2122,2021-12-04,Southampton,Brighton,D,0.3214,0.2585,0.4201,A,,
2122,2021-12-04,Watford,Man City,A,0.1552,0.1955,0.6493,A,,
2122,2021-12-04,West Ham,Chelsea,H,0.2549,0.2264,0.5187,A,,
2122,2021-12-04,Wolves,Liverpool,A,0.1812,0.2047,0.6142,A,,
2122,2021-12-05,Aston Villa,Leicester,H,0.4004,0.2341,0.3655,H,,
2122,2021-12-05,Leeds,Brentford,D,0.5223,0.2144,0.2632,H,,
2122,2021-12-05,Man United,Crystal Palace,H,0.6325,0.2093,0.1583,H,,
2122,2021-12-05,Tottenham,Norwich,H,0.6116,0.2461,0.1424,H,,
2122,2021-12-06,Everton,Arsenal,H,0.3451,0.2377,0.4171,A,,
2122,2021-12-10,Brentford,Watford,H,0.4166,0.2204,0.363,H,,
2122,2021-12-11,Arsenal,Southampton,H,0.4507,0.2349,0.3144,H,A,0.0959
2122,2021-12-11,Chelsea,Leeds,H,0.673,0.194,0.133,H,,
2122,2021-12-11,Liverpool,Aston Villa,H,0.6382,0.1866,0.1752,H,,
2122,2021-12-11,Man City,Wolves,H,0.6264,0.1899,0.1836,H,,
2122,2021-12-11,Norwich,Man United,A,0.1802,0.2115,0.6084,A,,
2122,2021-12-12,Burnley,West Ham,D,0.2818,0.2234,0.4948,A,,
2122,2021-12-12,Crystal Palace,Everton,H,0.4142,0.2392,0.3466,H,,
2122,2021-12-12,Leicester,Newcastle,H,0.542,0.2258,0.2322,H,,
2122,2021-12-14,Man City,Leeds,H,0.6766,0.1877,0.1357,H,,
2122,2021-12-14,Norwich,Aston Villa,A,0.2395,0.2471,0.5134,A,,
2122,2021-12-15,Arsenal,West Ham,H,0.421,0.2166,0.3624,H,,
2122,2021-12-15,Brighton,Wolves,A,0.5608,0.2169,0.2223,H,H,0.1065
2122,2021-12-15,Crystal Palace,Southampton,D,0.4299,0.2406,0.3295,H,,
2122,2021-12-16,Chelsea,Everton,D,0.703,0.1775,0.1196,H,,
2122,2021-12-16,Liverpool,Newcastle,H,0.7158,0.1823,0.1019,H,,
2122,2021-12-18,Leeds,Arsenal,A,0.3704,0.2,0.4296,A,H,0.0896
2122,2021-12-19,Newcastle,Man City,A,0.2306,0.1966,0.5728,A,,
2122,2021-12-19,Tottenham,Liverpool,D,0.263,0.2126,0.5245,A,,
2122,2021-12-19,Wolves,Chelsea,D,0.1883,0.2148,0.597,A,,
2122,2021-12-26,Aston Villa,Chelsea,A,0.2305,0.2246,0.5449,A,,
2122,2021-12-26,Brighton,Brentford,H,0.4479,0.2377,0.3145,H,,
2122,2021-12-26,Man City,Leicester,H,0.7271,0.1874,0.0855,H,,
2122,2021-12-26,Norwich,Arsenal,A,0.1488,0.213,0.6381,A,,
2122,2021-12-26,Tottenham,Crystal Palace,H,0.5018,0.2322,0.266,H,,
2122,2021-12-26,West Ham,Southampton,A,0.4463,0.2119,0.3417,H,A,0.0809
2122,2021-12-27,Newcastle,Man United,D,0.2487,0.2275,0.5238,A,,
2122,2021-12-28,Crystal Palace,Norwich,H,0.5218,0.2589,0.2193,H,,
2122,2021-12-28,Leicester,Liverpool,H,0.2238,0.2118,0.5644,A,,
2122,2021-12-28,Southampton,Tottenham,D,0.3098,0.2443,0.4459,A,,
2122,2021-12-28,Watford,West Ham,A,0.3215,0.2155,0.463,A,,
2122,2021-12-29,Brentford,Man City,A,0.1513,0.1869,0.6618,A,,
2122,2021-12-29,Chelsea,Brighton,D,0.6915,0.193,0.1155,H,,
2122,2021-12-30,Man United,Burnley,H,0.6186,0.2219,0.1595,H,,
2122,2022-01-01,Arsenal,Man City,A,0.1647,0.2081,0.6272,A,,
2122,2022-01-01,Crystal Palace,West Ham,A,0.2593,0.2219,0.5187,A,,
2122,2022-01-01,Watford,Tottenham,A,0.2213,0.2325,0.5462,A,,
2122,2022-01-02,Brentford,Aston Villa,H,0.3574,0.2201,0.4224,A,,
2122,2022-01-02,Chelsea,Liverpool,D,0.4634,0.2094,0.3273,H,H,0.1078
2122,2022-01-02,Everton,Brighton,A,0.4139,0.2352,0.3509,H,,
2122,2022-01-02,Leeds,Burnley,H,0.469,0.2053,0.3257,H,,
2122,2022-01-03,Man United,Wolves,A,0.4682,0.248,0.2838,H,A,0.0911
2122,2022-01-11,Southampton,Brentford,H,0.4611,0.2482,0.2907,H,,
2122,2022-01-12,West Ham,Norwich,H,0.5473,0.2267,0.226,H,,
2122,2022-01-14,Brighton,Crystal Palace,D,0.4225,0.2425,0.335,H,,
2122,2022-01-15,Aston Villa,Man United,D,0.3555,0.2386,0.4059,A,,
2122,2022-01-15,Man City,Chelsea,H,0.5553,0.2181,0.2266,H,,
2122,2022-01-15,Newcastle,Watford,D,0.5125,0.2232,0.2643,H,,
2122,2022-01-15,Norwich,Everton,H,0.1675,0.2304,0.602,A,A,0.0966
2122,2022-01-15,Wolves,Southampton,H,0.3366,0.2294,0.4341,A,A,0.1092
2122,2022-01-16,Liverpool,Brentford,H,0.7259,0.1835,0.0906,H,,
2122,2022-01-16,West Ham,Leeds,A,0.4455,0.2164,0.3381,H,A,0.105
2122,2022-01-18,Brighton,Chelsea,D,0.2502,0.2144,0.5355,A,,
2122,2022-01-19,Brentford,Man United,A,0.2427,0.2328,0.5244,A,,
2122,2022-01-19,Leicester,Tottenham,A,0.3486,0.2537,0.3976,A,,
2122,2022-01-21,Watford,Norwich,A,0.5045,0.2596,0.2359,H,,
2122,2022-01-22,Brentford,Wolves,A,0.3304,0.244,0.4256,A,,
2122,2022-01-22,Everton,Aston Villa,A,0.397,0.2511,0.3519,H,,
2122,2022-01-22,Leeds,Newcastle,A,0.4826,0.2103,0.3071,H,,
2122,2022-01-22,Man United,West Ham,H,0.4376,0.2117,0.3507,H,,
2122,2022-01-22,Southampton,Man City,D,0.1793,0.1956,0.6251,A,,
2122,2022-01-23,Arsenal,Burnley,D,0.6294,0.2095,0.1611,H,,
2122,2022-01-23,Chelsea,Tottenham,H,0.56,0.2089,0.2311,H,,
2122,2022-01-23,Crystal Palace,Liverpool,A,0.245,0.2097,0.5453,A,,
2122,2022-01-23,Leicester,Brighton,D,0.3953,0.2621,0.3426,H,,
2122,2022-02-05,Burnley,Watford,D,0.4181,0.2437,0.3381,H,,
2122,2022-02-08,Burnley,Man United,D,0.2252,0.2428,0.532,A,,
2122,2022-02-08,Newcastle,Everton,H,0.3765,0.2249,0.3986,A,,
2122,2022-02-08,West Ham,Watford,H,0.5537,0.1982,0.2481,H,,
2122,2022-02-09,Aston Villa,Leeds,D,0.3928,0.2146,0.3926,H,A,0.1206
2122,2022-02-09,Man City,Brentford,H,0.7484,0.1764,0.0752,H,,
2122,2022-02-09,Norwich,Crystal Palace,D,0.1904,0.2339,0.5758,A,A,0.0976
2122,2022-02-09,Tottenham,Southampton,A,0.508,0.2262,0.2658,H,,
2122,2022-02-10,Liverpool,Leicester,H,0.7085,0.1765,0.115,H,,
2122,2022-02-10,Wolves,Arsenal,A,0.2037,0.2373,0.559,A,A,0.0885
2122,2022-02-12,Brentford,Crystal Palace,D,0.301,0.2317,0.4673,A,A,0.0998
2122,2022-02-12,Everton,Leeds,H,0.4037,0.2275,0.3688,H,,
2122,2022-02-12,Man United,Southampton,D,0.5837,0.2075,0.2089,H,,
2122,2022-02-12,Norwich,Man City,A,0.0956,0.1948,0.7095,A,,
2122,2022-02-12,Watford,Brighton,A,0.2804,0.2864,0.4332,A,,
2122,2022-02-13,Burnley,Liverpool,A,0.2535,0.1966,0.5499,A,,
2122,2022-02-13,Leicester,West Ham,D,0.4024,0.2183,0.3794,H,,
2122,2022-02-13,Newcastle,Aston Villa,H,0.3515,0.2452,0.4033,A,,
2122,2022-02-13,Tottenham,Wolves,A,0.5121,0.2405,0.2474,H,,
2122,2022-02-15,Man United,Brighton,H,0.489,0.2255,0.2856,H,,
2122,2022-02-19,Arsenal,Brentford,H,0.5584,0.2268,0.2148,H,,
2122,2022-02-19,Aston Villa,Watford,A,0.5519,0.2138,0.2343,H,,
2122,2022-02-19,Brighton,Burnley,A,0.5407,0.2212,0.2381,H,,
2122,2022-02-19,Crystal Palace,Chelsea,A,0.2589,0.2249,0.5162,A,,
2122,2022-02-19,Liverpool,Norwich,H,0.6722,0.1979,0.1299,H,,
2122,2022-02-19,Man City,Tottenham,A,0.6726,0.1903,0.1371,H,,
2122,2022-02-19,Southampton,Everton,H,0.444,0.2212,0.3348,H,,
2122,2022-02-19,West Ham,Newcastle,D,0.5728,0.2208,0.2064,H,,
2122,2022-02-20,Leeds,Man United,A,0.3511,0.2282,0.4208,A,,
2122,2022-02-20,Wolves,Leicester,H,0.3388,0.2514,0.4099,A,A,0.0876
2122,2022-02-23,Burnley,Tottenham,H,0.2617,0.2252,0.5132,A,,
2122,2022-02-23,Liverpool,Leeds,H,0.5978,0.172,0.2302,H,,
2122,2022-02-23,Watford,Crystal Palace,A,0.2965,0.2547,0.4489,A,,
2122,2022-02-24,Arsenal,Wolves,H,0.518,0.2325,0.2495,H,,
2122,2022-02-25,Southampton,Norwich,H,0.6194,0.2342,0.1464,H,,
2122,2022-02-26,Brentford,Newcastle,A,0.4114,0.2267,0.3618,H,,
2122,2022-02-26,Brighton,Aston Villa,A,0.41,0.2383,0.3517,H,,
2122,2022-02-26,Crystal Palace,Burnley,D,0.5143,0.2436,0.2421,H,,
2122,2022-02-26,Everton,Man City,A,0.189,0.1991,0.612,A,,
2122,2022-02-26,Leeds,Tottenham,A,0.3813,0.2068,0.4119,A,H,0.1025
2122,2022-02-26,Man United,Watford,D,0.5989,0.1994,0.2017,H,,
2122,2022-02-27,West Ham,Wolves,H,0.5723,0.2129,0.2148,H,H,0.0838
2122,2022-03-01,Burnley,Leicester,A,0.2998,0.2466,0.4536,A,,
2122,2022-03-05,Aston Villa,Southampton,H,0.3951,0.245,0.3599,H,,
2122,2022-03-05,Burnley,Chelsea,A,0.1672,0.2361,0.5967,A,,
2122,2022-03-05,Leicester,Leeds,H,0.4885,0.1993,0.3122,H,,
2122,2022-03-05,Liverpool,West Ham,H,0.6674,0.1857,0.1468,H,,
2122,2022-03-05,Newcastle,Brighton,H,0.341,0.2666,0.3924,A,,
2122,2022-03-05,Norwich,Brentford,A,0.2658,0.2726,0.4616,A,,
2122,2022-03-05,Wolves,Crystal Palace,A,0.3074,0.2499,0.4427,A,A,0.1149
2122,2022-03-06,Man City,Man United,H,0.6329,0.2006,0.1664,H,,
2122,2022-03-06,Watford,Arsenal,A,0.2094,0.2491,0.5415,A,,
2122,2022-03-07,Tottenham,Everton,H,0.4505,0.2241,0.3253,H,A,0.111
2122,2022-03-10,Leeds,Aston Villa,A,0.368,0.2246,0.4074,A,,
2122,2022-03-10,Norwich,Chelsea,A,0.1285,0.2092,0.6623,A,,
2122,2022-03-10,Southampton,Newcastle,A,0.4295,0.2505,0.32,H,,
2122,2022-03-10,Wolves,Watford,H,0.3937,0.246,0.3603,H,A,0.1166
2122,2022-03-12,Brentford,Burnley,H,0.4555,0.2409,0.3036,H,,
2122,2022-03-12,Brighton,Liverpool,A,0.1844,0.2105,0.6051,A,,
2122,2022-03-12,Man United,Tottenham,H,0.4404,0.2218,0.3379,H,,
2122,2022-03-13,Arsenal,Leicester,H,0.6223,0.2126,0.1651,H,,
2122,2022-03-13,Chelsea,Newcastle,H,0.4988,0.2217,0.2796,H,A,0.1331
2122,2022-03-13,Everton,Wolves,A,0.3972,0.2402,0.3626,H,,
2122,2022-03-13,Leeds,Norwich,H,0.5625,0.2248,0.2127,H,,
2122,2022-03-13,Southampton,Watford,A,0.4755,0.2352,0.2893,H,A,0.0845
2122,2022-03-13,West Ham,Aston Villa,H,0.4052,0.2237,0.3711,H,,
2122,2022-03-14,Crystal Palace,Man City,D,0.1676,0.1944,0.638,A,,
2122,2022-03-16,Arsenal,Liverpool,A,0.2292,0.2236,0.5472,A,,
2122,2022-03-16,Brighton,Tottenham,A,0.2647,0.2312,0.5041,A,,
2122,2022-03-17,Everton,Newcastle,H,0.3732,0.2628,0.3641,H,,
2122,2022-03-18,Wolves,Leeds,A,0.3633,0.225,0.4117,A,A,0.1009
2122,2022-03-19,Aston Villa,Arsenal,A,0.2816,0.2427,0.4756,A,,
2122,2022-03-20,Leicester,Brentford,H,0.4951,0.2578,0.2471,H,,
2122,2022-03-20,Tottenham,West Ham,H,0.4911,0.2312,0.2777,H,,
2122,2022-04-02,Brighton,Norwich,D,0.5544,0.2413,0.2043,H,,
2122,2022-04-02,Burnley,Man City,A,0.1677,0.1847,0.6477,A,,
2122,2022-04-02,Chelsea,Brentford,A,0.5325,0.2336,0.2339,H,,
2122,2022-04-02,Leeds,Southampton,D,0.3756,0.2378,0.3865,A,,
2122,2022-04-02,Liverpool,Watford,H,0.549,0.1901,0.2609,H,,
2122,2022-04-02,Man United,Leicester,D,0.5401,0.2244,0.2355,H,,
2122,2022-04-02,Wolves,Aston Villa,H,0.2532,0.2494,0.4974,A,A,0.091
2122,2022-04-03,Tottenham,Newcastle,H,0.4852,0.2423,0.2725,H,A,0.0909
2122,2022-04-03,West Ham,Everton,H,0.5105,0.214,0.2755,H,,
2122,2022-04-04,Crystal Palace,Arsenal,H,0.2814,0.2519,0.4666,A,,
2122,2022-04-06,Burnley,Everton,H,0.3675,0.2316,0.4009,A,,
2122,2022-04-08,Newcastle,Wolves,H,0.3981,0.2578,0.3441,H,,
2122,2022-04-09,Arsenal,Brighton,A,0.5198,0.217,0.2632,H,,
2122,2022-04-09,Aston Villa,Tottenham,A,0.2392,0.2276,0.5333,A,,
2122,2022-04-09,Everton,Man United,H,0.2404,0.2469,0.5127,A,,
2122,2022-04-09,Southampton,Chelsea,A,0.2667,0.2309,0.5024,A,,
2122,2022-04-09,Watford,Leeds,A,0.3315,0.2414,0.4271,A,,
2122,2022-04-10,Brentford,West Ham,H,0.2717,0.2238,0.5044,A,A,0.1096
2122,2022-04-10,Leicester,Crystal Palace,H,0.3733,0.2476,0.3791,A,,
2122,2022-04-10,Man City,Liverpool,D,0.516,0.2027,0.2813,H,,
2122,2022-04-10,Norwich,Burnley,H,0.2739,0.2563,0.4698,A,,
2122,2022-04-16,Man United,Norwich,H,0.6183,0.2185,0.1633,H,,
2122,2022-04-16,Southampton,Arsenal,H,0.3107,0.226,0.4634,A,,
2122,2022-04-16,Tottenham,Brighton,A,0.5557,0.2277,0.2166,H,,
2122,2022-04-16,Watford,Brentford,A,0.3124,0.3011,0.3865,A,,
2122,2022-04-17,Newcastle,Leicester,H,0.4214,0.2649,0.3136,H,,
2122,2022-04-17,West Ham,Burnley,D,0.4578,0.2196,0.3227,H,A,0.0945
2122,2022-04-19,Liverpool,Man United,H,0.6583,0.1807,0.1609,H,,
2122,2022-04-20,Chelsea,Arsenal,A,0.4783,0.2129,0.3087,H,,
2122,2022-04-20,Everton,Leicester,D,0.3481,0.2598,0.3921,A,,
2122,2022-04-20,Man City,Brighton,H,0.6594,0.1762,0.1644,H,,
2122,2022-04-20,Newcastle,Crystal Palace,H,0.2909,0.2691,0.4399,A,A,0.1041
2122,2022-04-21,Burnley,Southampton,H,0.344,0.2392,0.4168,A,,
2122,2022-04-23,Arsenal,Man United,H,0.4659,0.2272,0.3069,H,,
2122,2022-04-23,Brentford,Tottenham,D,0.1841,0.2419,0.5739,A,,
2122,2022-04-23,Leicester,Aston Villa,D,0.3197,0.244,0.4364,A,,
2122,2022-04-23,Man City,Watford,H,0.6919,0.1725,0.1356,H,,
2122,2022-04-23,Norwich,Newcastle,A,0.2353,0.2511,0.5136,A,,
2122,2022-04-24,Brighton,Southampton,D,0.4811,0.2328,0.286,H,,
2122,2022-04-24,Burnley,Wolves,H,0.2913,0.2758,0.4329,A,,
2122,2022-04-24,Chelsea,West Ham,H,0.627,0.199,0.174,H,,
2122,2022-04-24,Liverpool,Everton,H,0.6333,0.181,0.1857,H,,
2122,2022-04-25,Crystal Palace,Leeds,D,0.31,0.2453,0.4447,A,A,0.1245
2122,2022-04-28,Man United,Chelsea,D,0.371,0.226,0.403,A,,
2122,2022-04-30,Aston Villa,Norwich,H,0.5656,0.2191,0.2153,H,,
2122,2022-04-30,Leeds,Man City,A,0.1703,0.1977,0.632,A,,
2122,2022-04-30,Newcastle,Liverpool,A,0.1204,0.2122,0.6673,A,,
2122,2022-04-30,Southampton,Crystal Palace,A,0.3807,0.2369,0.3824,A,,
2122,2022-04-30,Watford,Burnley,A,0.3372,0.2695,0.3933,A,,
2122,2022-04-30,Wolves,Brighton,A,0.3446,0.251,0.4044,A,,
2122,2022-05-01,Everton,Chelsea,H,0.247,0.2294,0.5236,A,,
2122,2022-05-01,Tottenham,Leicester,H,0.6513,0.2118,0.1369,H,,
2122,2022-05-01,West Ham,Arsenal,A,0.3184,0.2131,0.4685,A,,
2122,2022-05-02,Man United,Brentford,H,0.5591,0.2471,0.1938,H,,
2122,2022-05-07,Brentford,Southampton,H,0.4206,0.2291,0.3503,H,,
2122,2022-05-07,Brighton,Man United,H,0.3393,0.2262,0.4344,A,,
2122,2022-05-07,Burnley,Aston Villa,A,0.2894,0.251,0.4596,A,,
2122,2022-05-07,Chelsea,Wolves,D,0.579,0.1996,0.2215,H,,
2122,2022-05-07,Crystal Palace,Watford,H,0.4773,0.2171,0.3057,H,A,0.0871
2122,2022-05-07,Liverpool,Tottenham,D,0.5718,0.2017,0.2265,H,,
2122,2022-05-08,Arsenal,Leeds,H,0.5033,0.2096,0.2871,H,A,0.1045
2122,2022-05-08,Leicester,Everton,A,0.3975,0.2346,0.3679,H,,
2122,2022-05-08,Man City,Newcastle,H,0.6733,0.1832,0.1434,H,,
2122,2022-05-08,Norwich,West Ham,A,0.219,0.2298,0.5512,A,,
2122,2022-05-10,Aston Villa,Liverpool,A,0.1683,0.2016,0.6301,A,,
2122,2022-05-11,Leeds,Chelsea,A,0.2561,0.2157,0.5282,A,,
2122,2022-05-11,Leicester,Norwich,H,0.7212,0.2024,0.0763,H,,
2122,2022-05-11,Watford,Everton,D,0.2466,0.2292,0.5243,A,,
2122,2022-05-11,Wolves,Man City,A,0.1634,0.1925,0.6441,A,,
2122,2022-05-12,Tottenham,Arsenal,H,0.4604,0.2309,0.3087,H,,
2122,2022-05-15,Aston Villa,Crystal Palace,D,0.4682,0.2267,0.3051,H,,
2122,2022-05-15,Everton,Brentford,A,0.4902,0.2875,0.2224,H,,
2122,2022-05-15,Leeds,Brighton,D,0.3264,0.2514,0.4222,A,,
2122,2022-05-15,Tottenham,Burnley,H,0.6461,0.2026,0.1514,H,,
2122,2022-05-15,Watford,Leicester,A,0.2894,0.2445,0.4661,A,,
2122,2022-05-15,West Ham,Man City,D,0.1845,0.1892,0.6263,A,,
2122,2022-05-15,Wolves,Norwich,D,0.5635,0.2339,0.2027,H,,
2122,2022-05-16,Newcastle,Arsenal,H,0.2889,0.2408,0.4702,A,,
2122,2022-05-17,Southampton,Liverpool,A,0.1994,0.2057,0.5949,A,,
2122,2022-05-19,Aston Villa,Burnley,D,0.4694,0.2239,0.3067,H,,
2122,2022-05-19,Chelsea,Leicester,D,0.6057,0.2099,0.1843,H,,
2122,2022-05-19,Everton,Crystal Palace,H,0.4396,0.2638,0.2966,H,,
2122,2022-05-22,Arsenal,Everton,H,0.6276,0.2095,0.1628,H,,
2122,2022-05-22,Brentford,Leeds,A,0.3421,0.2277,0.4302,A,,
2122,2022-05-22,Brighton,West Ham,H,0.3214,0.2114,0.4672,A,A,0.0986
2122,2022-05-22,Burnley,Newcastle,A,0.3255,0.2535,0.421,A,A,0.0904
2122,2022-05-22,Chelsea,Watford,H,0.6463,0.1822,0.1715,H,,
2122,2022-05-22,Crystal Palace,Man United,H,0.3043,0.2292,0.4665,A,,
2122,2022-05-22,Leicester,Southampton,H,0.5486,0.2082,0.2432,H,,
2122,2022-05-22,Liverpool,Wolves,H,0.6702,0.1782,0.1516,H,,
2122,2022-05-22,Man City,Aston Villa,H,0.6405,0.1809,0.1787,H,,
2122,2022-05-22,Norwich,Tottenham,A,0.1067,0.2077,0.6856,A,,
2223,2022-08-05,Crystal Palace,Arsenal,A,0.2325,0.2215,0.546,A,,
2223,2022-08-06,Bournemouth,Aston Villa,H,0.189,0.2224,0.5886,A,A,0.0841
2223,2022-08-06,Everton,Chelsea,A,0.1706,0.2147,0.6146,A,,
2223,2022-08-06,Fulham,Liverpool,D,0.1418,0.1866,0.6716,A,,
2223,2022-08-06,Leeds,Wolves,H,0.3248,0.2254,0.4498,A,A,0.1064
2223,2022-08-06,Newcastle,Nott'm Forest,H,0.4556,0.2476,0.2968,H,A,0.0896
2223,2022-08-06,Tottenham,Southampton,H,0.5877,0.2058,0.2066,H,,
2223,2022-08-07,Leicester,Brentford,D,0.4338,0.2667,0.2995,H,,
2223,2022-08-07,Man United,Brighton,A,0.4859,0.2213,0.2928,H,A,0.0893
2223,2022-08-07,West Ham,Man City,A,0.1749,0.1889,0.6362,A,,
2223,2022-08-13,Arsenal,Leicester,H,0.5239,0.2433,0.2328,H,,
2223,2022-08-13,Aston Villa,Everton,H,0.5003,0.224,0.2757,H,,
2223,2022-08-13,Brentford,Man United,H,0.2321,0.2139,0.554,A,,
2223,2022-08-13,Brighton,Newcastle,D,0.3314,0.2477,0.4209,A,,
2223,2022-08-13,Man City,Bournemouth,H,0.6895,0.1786,0.1319,H,,
2223,2022-08-13,Southampton,Leeds,D,0.3723,0.2417,0.386,A,,
2223,2022-08-13,Wolves,Fulham,D,0.4641,0.2479,0.288,H,,
2223,2022-08-14,Chelsea,Tottenham,D,0.4413,0.2546,0.3042,H,,
2223,2022-08-14,Nott'm Forest,West Ham,H,0.2488,0.1723,0.579,A,,
2223,2022-08-15,Liverpool,Crystal Palace,D,0.5999,0.1713,0.2287,H,,
2223,2022-08-20,Bournemouth,Arsenal,A,0.1612,0.2087,0.63,A,,
2223,2022-08-20,Crystal Palace,Aston Villa,H,0.3733,0.2376,0.3891,A,,
2223,2022-08-20,Everton,Nott'm Forest,D,0.4748,0.2791,0.2462,H,,
2223,2022-08-20,Fulham,Brentford,H,0.3265,0.2674,0.406,A,,
2223,2022-08-20,Leicester,Southampton,A,0.5628,0.2182,0.219,H,,
2223,2022-08-20,Tottenham,Wolves,H,0.5381,0.2223,0.2396,H,,
2223,2022-08-21,Leeds,Chelsea,H,0.1982,0.2086,0.5933,A,,
2223,2022-08-21,Newcastle,Man City,D,0.1376,0.1888,0.6736,A,,
2223,2022-08-21,West Ham,Brighton,A,0.3762,0.24,0.3837,A,,
2223,2022-08-22,Man United,Liverpool,H,0.3081,0.196,0.4959,A,H,0.0898
2223,2022-08-27,Arsenal,Fulham,H,0.488,0.2259,0.2861,H,A,0.1324
2223,2022-08-27,Brentford,Everton,D,0.3344,0.2186,0.447,A,A,0.138
2223,2022-08-27,Brighton,Leeds,H,0.4701,0.2509,0.279,H,,
2223,2022-08-27,Chelsea,Leicester,H,0.6305,0.216,0.1535,H,,
2223,2022-08-27,Liverpool,Bournemouth,H,0.6564,0.1662,0.1774,H,,
2223,2022-08-27,Man City,Crystal Palace,H,0.6852,0.1827,0.1321,H,,
2223,2022-08-27,Southampton,Man United,A,0.3092,0.1976,0.4932,A,,
2223,2022-08-28,Aston Villa,West Ham,A,0.4202,0.2081,0.3716,H,,
2223,2022-08-28,Nott'm Forest,Tottenham,A,0.137,0.197,0.6661,A,,
2223,2022-08-28,Wolves,Newcastle,D,0.4141,0.2421,0.3437,H,,
2223,2022-08-30,Crystal Palace,Brentford,D,0.3871,0.2704,0.3424,H,,
2223,2022-08-30,Fulham,Brighton,H,0.2409,0.2398,0.5193,A,,
2223,2022-08-30,Leeds,Everton,D,0.3593,0.2415,0.3992,A,A,0.0867
2223,2022-08-30,Southampton,Chelsea,H,0.2432,0.2125,0.5443,A,,
2223,2022-08-31,Arsenal,Aston Villa,H,0.4793,0.2259,0.2948,H,A,0.1133
2223,2022-08-31,Bournemouth,Wolves,D,0.2599,0.2177,0.5224,A,,
2223,2022-08-31,Liverpool,Newcastle,H,0.675,0.1936,0.1314,H,,
2223,2022-08-31,Man City,Nott'm Forest,H,0.7003,0.1902,0.1094,H,,
2223,2022-08-31,West Ham,Tottenham,D,0.2716,0.2234,0.505,A,,
2223,2022-09-01,Leicester,Man United,A,0.3444,0.2158,0.4398,A,,
2223,2022-09-03,Aston Villa,Man City,D,0.1453,0.1845,0.6702,A,,
2223,2022-09-03,Brentford,Leeds,H,0.4024,0.2243,0.3734,H,,
2223,2022-09-03,Chelsea,West Ham,H,0.5079,0.1928,0.2993,H,A,0.1006
2223,2022-09-03,Everton,Liverpool,D,0.1802,0.1929,0.6269,A,,
2223,2022-09-03,Newcastle,Crystal Palace,D,0.4271,0.2346,0.3383,H,,
2223,2022-09-03,Nott'm Forest,Bournemouth,A,0.362,0.2184,0.4196,A,A,0.1242
2223,2022-09-03,Tottenham,Fulham,H,0.5539,0.2288,0.2173,H,,
2223,2022-09-03,Wolves,Southampton,H,0.4901,0.2372,0.2727,H,,
2223,2022-09-04,Brighton,Leicester,H,0.3813,0.2481,0.3706,H,A,0.1103
2223,2022-09-04,Man United,Arsenal,H,0.4048,0.2458,0.3494,H,,
2223,2022-09-16,Aston Villa,Southampton,H,0.4491,0.2309,0.32,H,,
2223,2022-09-16,Nott'm Forest,Fulham,A,0.2835,0.2249,0.4916,A,A,0.0843
2223,2022-09-17,Newcastle,Bournemouth,D,0.6713,0.207,0.1217,H,,
2223,2022-09-17,Tottenham,Leicester,H,0.5565,0.2062,0.2372,H,,
2223,2022-09-17,Wolves,Man City,A,0.1687,0.1872,0.6441,A,,
2223,2022-09-18,Brentford,Arsenal,A,0.2356,0.2177,0.5468,A,,
2223,2022-09-18,Everton,West Ham,H,0.3755,0.2416,0.3829,A,,
2223,2022-10-01,Arsenal,Tottenham,H,0.4271,0.252,0.3208,H,,
2223,2022-10-01,Bournemouth,Brentford,D,0.3047,0.226,0.4693,A,,
2223,2022-10-01,Crystal Palace,Chelsea,A,0.3057,0.2248,0.4695,A,,
2223,2022-10-01,Fulham,Newcastle,A,0.2186,0.2347,0.5467,A,A,0.1015
2223,2022-10-01,Liverpool,Brighton,D,0.5631,0.199,0.2379,H,,
2223,2022-10-01,Southampton,Everton,A,0.3024,0.2614,0.4362,A,A,0.1129
2223,2022-10-01,West Ham,Wolves,H,0.421,0.2349,0.3442,H,,
2223,2022-10-02,Leeds,Aston Villa,D,0.3354,0.2214,0.4432,A,A,0.0912
2223,2022-10-02,Man City,Man United,H,0.652,0.2024,0.1456,H,,
2223,2022-10-03,Leicester,Nott'm Forest,H,0.6142,0.2253,0.1605,H,,
2223,2022-10-08,Bournemouth,Leicester,H,0.3356,0.2099,0.4545,A,,
2223,2022-10-08,Brighton,Tottenham,A,0.2875,0.24,0.4725,A,,
2223,2022-10-08,Chelsea,Wolves,H,0.4895,0.2141,0.2964,H,A,0.1319
2223,2022-10-08,Man City,Southampton,H,0.697,0.1762,0.1269,H,,
2223,2022-10-08,Newcastle,Brentford,H,0.4754,0.2239,0.3008,H,,
2223,2022-10-09,Arsenal,Liverpool,H,0.3146,0.2112,0.4743,A,,
2223,2022-10-09,Crystal Palace,Leeds,H,0.4294,0.2357,0.3349,H,,
2223,2022-10-09,Everton,Man United,A,0.3472,0.2478,0.405,A,,
2223,2022-10-09,West Ham,Fulham,H,0.5818,0.2361,0.1821,H,,
2223,2022-10-10,Nott'm Forest,Aston Villa,D,0.1995,0.1993,0.6012,A,A,0.1173
2223,2022-10-14,Brentford,Brighton,H,0.3173,0.2247,0.458,A,,
2223,2022-10-15,Fulham,Bournemouth,D,0.3176,0.2468,0.4356,A,A,0.146
2223,2022-10-15,Leicester,Crystal Palace,D,0.3986,0.2257,0.3757,H,,
2223,2022-10-15,Tottenham,Everton,H,0.5703,0.2223,0.2075,H,,
2223,2022-10-15,Wolves,Nott'm Forest,H,0.6031,0.2265,0.1703,H,,
2223,2022-10-16,Aston Villa,Chelsea,A,0.3019,0.2188,0.4793,A,,
2223,2022-10-16,Leeds,Arsenal,A,0.2154,0.2078,0.5768,A,,
2223,2022-10-16,Liverpool,Man City,H,0.3378,0.194,0.4682,A,,
2223,2022-10-16,Man United,Newcastle,D,0.4085,0.2218,0.3698,H,,
2223,2022-10-16,Southampton,West Ham,D,0.2789,0.2244,0.4967,A,,
2223,2022-10-18,Brighton,Nott'm Forest,D,0.6175,0.2057,0.1768,H,,
2223,2022-10-18,Crystal Palace,Wolves,H,0.4903,0.2499,0.2598,H,,
2223,2022-10-19,Bournemouth,Southampton,A,0.35,0.2347,0.4154,A,,
2223,2022-10-19,Brentford,Chelsea,D,0.2239,0.1964,0.5797,A,,
2223,2022-10-19,Liverpool,West Ham,H,0.648,0.1808,0.1712,H,,
2223,2022-10-19,Man United,Tottenham,H,0.4234,0.2235,0.3531,H,,
2223,2022-10-19,Newcastle,Everton,H,0.4814,0.2437,0.2749,H,,
2223,2022-10-20,Fulham,Aston Villa,H,0.244,0.2362,0.5198,A,A,0.0979
2223,2022-10-20,Leicester,Leeds,H,0.4291,0.231,0.3398,H,,
2223,2022-10-22,Chelsea,Man United,D,0.4974,0.2502,0.2524,H,,
2223,2022-10-22,Everton,Crystal Palace,H,0.2976,0.2464,0.456,A,A,0.0944
2223,2022-10-22,Man City,Brighton,H,0.6481,0.1762,0.1757,H,,
2223,2022-10-22,Nott'm Forest,Liverpool,H,0.1345,0.1649,0.7006,A,,
2223,2022-10-23,Aston Villa,Brentford,H,0.4285,0.2353,0.3362,H,,
2223,2022-10-23,Leeds,Fulham,A,0.3819,0.2304,0.3878,A,A,0.0864
2223,2022-10-23,Southampton,Arsenal,D,0.1864,0.2241,0.5895,A,,
2223,2022-10-23,Tottenham,Newcastle,A,0.3829,0.2196,0.3975,A,A,0.0903
2223,2022-10-23,Wolves,Leicester,A,0.3558,0.2458,0.3984,A,,
2223,2022-10-24,West Ham,Bournemouth,H,0.5046,0.2242,0.2712,H,A,0.0843
2223,2022-10-29,Bournemouth,Tottenham,A,0.2187,0.2121,0.5691,A,,
2223,2022-10-29,Brentford,Wolves,D,0.441,0.2164,0.3426,H,,
2223,2022-10-29,Brighton,Chelsea,H,0.3345,0.2254,0.4401,A,,
2223,2022-10-29,Crystal Palace,Southampton,H,0.3965,0.2417,0.3618,H,A,0.0889
2223,2022-10-29,Fulham,Everton,D,0.294,0.2458,0.4602,A,A,0.1061
2223,2022-10-29,Leicester,Man City,A,0.1463,0.188,0.6657,A,,
2223,2022-10-29,Liverpool,Leeds,A,0.7205,0.1712,0.1082,H,,
2223,2022-10-29,Newcastle,Aston Villa,H,0.4399,0.2542,0.3059,H,,
2223,2022-10-30,Arsenal,Nott'm Forest,H,0.6409,0.2049,0.1542,H,,
2223,2022-10-30,Man United,West Ham,H,0.505,0.2091,0.2859,H,,
2223,2022-11-05,Everton,Leicester,A,0.2884,0.2509,0.4607,A,A,0.1036
2223,2022-11-05,Leeds,Bournemouth,H,0.4866,0.2311,0.2823,H,,
2223,2022-11-05,Man City,Fulham,H,0.6076,0.1836,0.2088,H,,
2223,2022-11-05,Nott'm Forest,Brentford,D,0.3238,0.219,0.4572,A,,
2223,2022-11-05,Wolves,Brighton,A,0.2608,0.2101,0.529,A,,
2223,2022-11-06,Aston Villa,Man United,H,0.2947,0.2228,0.4825,A,,
2223,2022-11-06,Chelsea,Arsenal,A,0.427,0.2341,0.339,H,,
2223,2022-11-06,Southampton,Newcastle,A,0.2235,0.2313,0.5452,A,,
2223,2022-11-06,Tottenham,Liverpool,A,0.316,0.2086,0.4754,A,,
2223,2022-11-06,West Ham,Crystal Palace,A,0.471,0.2401,0.2889,H,,
2223,2022-11-12,Bournemouth,Everton,H,0.2413,0.2297,0.529,A,A,0.1151
2223,2022-11-12,Liverpool,Southampton,H,0.6446,0.1912,0.1642,H,,
2223,2022-11-12,Man City,Brentford,A,0.6559,0.176,0.1682,H,,
2223,2022-11-12,Newcastle,Chelsea,H,0.3525,0.2493,0.3982,A,,
2223,2022-11-12,Nott'm Forest,Crystal Palace,H,0.295,0.2202,0.4848,A,,
2223,2022-11-12,Tottenham,Leeds,H,0.5644,0.2067,0.2288,H,,
2223,2022-11-12,West Ham,Leicester,A,0.4071,0.2439,0.349,H,,
2223,2022-11-12,Wolves,Arsenal,A,0.1886,0.2096,0.6018,A,,
2223,2022-11-13,Brighton,Aston Villa,A,0.5239,0.2248,0.2513,H,,
2223,2022-11-13,Fulham,Man United,A,0.205,0.2286,0.5664,A,,
2223,2022-12-26,Arsenal,West Ham,H,0.4917,0.2006,0.3077,H,A,0.1157
2223,2022-12-26,Aston Villa,Liverpool,A,0.2022,0.1876,0.6102,A,,
2223,2022-12-26,Brentford,Tottenham,D,0.3283,0.2038,0.468,A,,
2223,2022-12-26,Crystal Palace,Fulham,A,0.3271,0.242,0.4309,A,A,0.1177
2223,2022-12-26,Everton,Wolves,A,0.3282,0.2454,0.4264,A,A,0.0937
2223,2022-12-26,Leicester,Newcastle,A,0.2657,0.2487,0.4856,A,,
2223,2022-12-26,Southampton,Brighton,A,0.2658,0.2167,0.5175,A,,
2223,2022-12-27,Chelsea,Bournemouth,H,0.6127,0.1977,0.1895,H,,
2223,2022-12-27,Man United,Nott'm Forest,H,0.6323,0.2306,0.137,H,,
2223,2022-12-28,Leeds,Man City,A,0.1419,0.1756,0.6825,A,,
2223,2022-12-30,Liverpool,Leicester,H,0.6991,0.1926,0.1083,H,,
2223,2022-12-30,West Ham,Brentford,A,0.4259,0.2455,0.3286,H,,
2223,2022-12-31,Bournemouth,Crystal Palace,A,0.2651,0.2331,0.5018,A,A,0.0902
2223,2022-12-31,Brighton,Arsenal,A,0.2238,0.2313,0.545,A,,
2223,2022-12-31,Fulham,Southampton,H,0.4339,0.2505,0.3156,H,,
2223,2022-12-31,Man City,Everton,D,0.6641,0.1744,0.1614,H,,
2223,2022-12-31,Newcastle,Leeds,D,0.5144,0.2262,0.2594,H,A,0.0839
2223,2022-12-31,Wolves,Man United,A,0.2709,0.2374,0.4917,A,,
2223,2023-01-01,Nott'm Forest,Chelsea,D,0.1715,0.2028,0.6256,A,,
2223,2023-01-01,Tottenham,Aston Villa,A,0.588,0.2071,0.2049,H,,
2223,2023-01-02,Brentford,Liverpool,H,0.2365,0.1781,0.5854,A,,
2223,2023-01-03,Arsenal,Newcastle,D,0.4153,0.234,0.3507,H,A,0.0946
2223,2023-01-03,Everton,Brighton,A,0.3237,0.2205,0.4558,A,,
2223,2023-01-03,Leicester,Fulham,A,0.3217,0.2404,0.4379,A,A,0.0963
2223,2023-01-03,Man United,Bournemouth,H,0.6181,0.2082,0.1737,H,,
2223,2023-01-04,Aston Villa,Wolves,D,0.4042,0.2299,0.3659,H,A,0.0844
2223,2023-01-04,Crystal Palace,Tottenham,A,0.2758,0.2221,0.5021,A,,
2223,2023-01-04,Leeds,West Ham,D,0.2883,0.215,0.4967,A,A,0.0971
2223,2023-01-04,Southampton,Nott'm Forest,A,0.3897,0.2473,0.363,H,A,0.0807
2223,2023-01-05,Chelsea,Man City,A,0.238,0.1915,0.5704,A,,
2223,2023-01-12,Fulham,Chelsea,H,0.1569,0.2221,0.621,A,A,0.1292
2223,2023-01-13,Aston Villa,Leeds,H,0.413,0.2407,0.3462,H,,
2223,2023-01-14,Brentford,Bournemouth,H,0.5155,0.2237,0.2608,H,,
2223,2023-01-14,Brighton,Liverpool,H,0.3269,0.2072,0.4659,A,,
2223,2023-01-14,Everton,Southampton,A,0.3783,0.2309,0.3908,A,,
2223,2023-01-14,Man United,Man City,H,0.2262,0.1976,0.5762,A,,
2223,2023-01-14,Nott'm Forest,Leicester,H,0.2536,0.2278,0.5186,A,A,0.1119
2223,2023-01-14,Wolves,West Ham,H,0.3557,0.236,0.4083,A,,
2223,2023-01-15,Chelsea,Crystal Palace,H,0.4606,0.213,0.3264,H,A,0.1084
2223,2023-01-15,Newcastle,Fulham,H,0.5451,0.2198,0.2351,H,,
2223,2023-01-15,Tottenham,Arsenal,A,0.3402,0.221,0.4388,A,,
2223,2023-01-18,Crystal Palace,Man United,D,0.2018,0.2329,0.5652,A,,
2223,2023-01-19,Man City,Tottenham,H,0.6102,0.1783,0.2115,H,,
2223,2023-01-21,Bournemouth,Nott'm Forest,D,0.2937,0.2465,0.4598,A,A,0.08
2223,2023-01-21,Crystal Palace,Newcastle,D,0.2215,0.2288,0.5497,A,,
2223,2023-01-21,Leicester,Brighton,D,0.261,0.2076,0.5313,A,,
2223,2023-01-21,Liverpool,Chelsea,D,0.4825,0.1977,0.3197,H,,
2223,2023-01-21,Southampton,Aston Villa,A,0.2766,0.2392,0.4842,A,,
2223,2023-01-21,West Ham,Everton,H,0.4796,0.2363,0.2841,H,,
2223,2023-01-22,Arsenal,Man United,H,0.4625,0.2268,0.3107,H,,
2223,2023-01-22,Leeds,Brentford,D,0.3559,0.2212,0.4229,A,,
2223,2023-01-22,Man City,Wolves,H,0.6203,0.1716,0.2081,H,,
2223,2023-01-23,Fulham,Tottenham,A,0.203,0.2144,0.5827,A,A,0.0957
2223,2023-02-03,Chelsea,Fulham,D,0.6097,0.2183,0.1719,H,,
2223,2023-02-04,Aston Villa,Leicester,A,0.3588,0.2403,0.4008,A,A,0.1076
2223,2023-02-04,Brentford,Southampton,H,0.4801,0.2222,0.2977,H,,
2223,2023-02-04,Brighton,Bournemouth,H,0.555,0.2191,0.2259,H,,
2223,2023-02-04,Everton,Arsenal,H,0.1615,0.1975,0.641,A,,
2223,2023-02-04,Man United,Crystal Palace,H,0.6033,0.2185,0.1781,H,,
2223,2023-02-04,Newcastle,West Ham,D,0.4797,0.2094,0.3108,H,A,0.1088
2223,2023-02-04,Wolves,Liverpool,H,0.2604,0.2186,0.521,A,,
2223,2023-02-05,Nott'm Forest,Leeds,H,0.2298,0.2204,0.5498,A,A,0.1402
2223,2023-02-05,Tottenham,Man City,H,0.2686,0.1801,0.5513,A,,
2223,2023-02-08,Man United,Leeds,D,0.4651,0.1993,0.3355,H,A,0.1358
2223,2023-02-11,Arsenal,Brentford,D,0.4729,0.2035,0.3236,H,A,0.1404
2223,2023-02-11,Bournemouth,Newcastle,D,0.1857,0.2146,0.5997,A,,
2223,2023-02-11,Crystal Palace,Brighton,D,0.2547,0.2104,0.5349,A,,
2223,2023-02-11,Fulham,Nott'm Forest,H,0.3707,0.2488,0.3805,A,A,0.1093
2223,2023-02-11,Leicester,Tottenham,H,0.3284,0.2127,0.459,A,,
2223,2023-02-11,Southampton,Wolves,A,0.2722,0.2611,0.4667,A,,
2223,2023-02-11,West Ham,Chelsea,D,0.3184,0.2466,0.4351,A,,
2223,2023-02-12,Leeds,Man United,A,0.2899,0.2213,0.4888,A,,
2223,2023-02-12,Man City,Aston Villa,H,0.5963,0.1733,0.2303,H,,
2223,2023-02-13,Liverpool,Everton,H,0.6054,0.195,0.1995,H,,
2223,2023-02-15,Arsenal,Man City,A,0.3337,0.1896,0.4768,A,,
2223,2023-02-18,Aston Villa,Arsenal,A,0.2496,0.2032,0.5473,A,,
2223,2023-02-18,Brentford,Crystal Palace,D,0.4,0.2309,0.3691,H,A,0.1146
2223,2023-02-18,Brighton,Fulham,A,0.5581,0.2382,0.2036,H,,
2223,2023-02-18,Chelsea,Southampton,A,0.6294,0.1983,0.1723,H,,
2223,2023-02-18,Everton,Leeds,H,0.2803,0.2391,0.4806,A,A,0.1145
2223,2023-02-18,Newcastle,Liverpool,A,0.4047,0.199,0.3964,H,,
2223,2023-02-18,Nott'm Forest,Man City,D,0.114,0.1626,0.7234,A,,
2223,2023-02-18,Wolves,Bournemouth,A,0.3692,0.253,0.3778,A,A,0.1466
2223,2023-02-19,Man United,Leicester,H,0.5737,0.2313,0.195,H,,
2223,2023-02-19,Tottenham,West Ham,H,0.4835,0.2138,0.3027,H,,
2223,2023-02-24,Fulham,Wolves,D,0.2533,0.2557,0.491,A,A,0.1222
2223,2023-02-25,Bournemouth,Man City,A,0.124,0.1773,0.6988,A,,
2223,2023-02-25,Crystal Palace,Liverpool,D,0.3084,0.2013,0.4903,A,,
2223,2023-02-25,Everton,Aston Villa,A,0.3614,0.2599,0.3787,A,,
2223,2023-02-25,Leeds,Southampton,H,0.469,0.2436,0.2874,H,,
2223,2023-02-25,Leicester,Arsenal,A,0.2528,0.2109,0.5363,A,,
2223,2023-02-25,West Ham,Nott'm Forest,H,0.5915,0.2801,0.1284,H,,
2223,2023-02-26,Tottenham,Chelsea,H,0.3487,0.2518,0.3995,A,,
2223,2023-03-01,Arsenal,Everton,H,0.6668,0.1944,0.1388,H,,
2223,2023-03-01,Liverpool,Wolves,H,0.6041,0.2021,0.1938,H,,
2223,2023-03-04,Arsenal,Bournemouth,H,0.6248,0.197,0.1782,H,,
2223,2023-03-04,Aston Villa,Crystal Palace,H,0.3398,0.2257,0.4345,A,A,0.1348
2223,2023-03-04,Brighton,West Ham,H,0.5271,0.2134,0.2594,H,,
2223,2023-03-04,Chelsea,Leeds,H,0.6001,0.2107,0.1892,H,,
2223,2023-03-04,Man City,Newcastle,H,0.5885,0.1861,0.2253,H,,
2223,2023-03-04,Southampton,Leicester,H,0.3019,0.2632,0.435,A,,
2223,2023-03-04,Wolves,Tottenham,H,0.2579,0.2533,0.4888,A,,
2223,2023-03-05,Liverpool,Man United,H,0.4307,0.2372,0.3321,H,,
2223,2023-03-05,Nott'm Forest,Everton,D,0.253,0.2151,0.5319,A,A,0.1459
2223,2023-03-06,Brentford,Fulham,H,0.3979,0.2252,0.3769,H,A,0.0854
2223,2023-03-11,Bournemouth,Liverpool,H,0.1613,0.1925,0.6461,A,,
2223,2023-03-11,Crystal Palace,Man City,A,0.1682,0.1797,0.6521,A,,
2223,2023-03-11,Everton,Brentford,H,0.3079,0.253,0.4391,A,,
2223,2023-03-11,Leeds,Brighton,D,0.1955,0.2193,0.5852,A,,
2223,2023-03-11,Leicester,Chelsea,A,0.2788,0.2429,0.4783,A,,
2223,2023-03-11,Tottenham,Nott'm Forest,H,0.6076,0.2259,0.1665,H,,
2223,2023-03-12,Fulham,Arsenal,A,0.1802,0.2114,0.6084,A,,
2223,2023-03-12,Man United,Southampton,D,0.6841,0.2049,0.111,H,,
2223,2023-03-12,Newcastle,Wolves,H,0.5462,0.2118,0.242,H,,
2223,2023-03-12,West Ham,Aston Villa,D,0.4148,0.2198,0.3654,H,,
2223,2023-03-15,Brighton,Crystal Palace,H,0.6093,0.2185,0.1722,H,,
2223,2023-03-15,Southampton,Brentford,A,0.204,0.247,0.549,A,A,0.1153
2223,2023-03-17,Nott'm Forest,Newcastle,A,0.1687,0.1896,0.6417,A,,
2223,2023-03-18,Aston Villa,Bournemouth,H,0.4907,0.2463,0.263,H,,
2223,2023-03-18,Brentford,Leicester,D,0.4407,0.2319,0.3275,H,,
2223,2023-03-18,Chelsea,Everton,D,0.6074,0.2225,0.1702,H,,
2223,2023-03-18,Southampton,Tottenham,D,0.1917,0.2322,0.5761,A,,
2223,2023-03-18,Wolves,Leeds,A,0.3164,0.2553,0.4283,A,A,0.1056
2223,2023-03-19,Arsenal,Crystal Palace,H,0.569,0.1955,0.2354,H,,
2223,2023-04-01,Arsenal,Leeds,H,0.6269,0.2118,0.1613,H,,
2223,2023-04-01,Bournemouth,Fulham,H,0.2979,0.2462,0.4559,A,A,0.085
2223,2023-04-01,Brighton,Brentford,D,0.4825,0.2285,0.289,H,,
2223,2023-04-01,Chelsea,Aston Villa,A,0.5596,0.2167,0.2236,H,,
2223,2023-04-01,Crystal Palace,Leicester,H,0.4069,0.2472,0.3459,H,,
2223,2023-04-01,Man City,Liverpool,H,0.5734,0.1883,0.2384,H,,
2223,2023-04-01,Nott'm Forest,Wolves,D,0.2258,0.2263,0.5479,A,A,0.1293
2223,2023-04-02,Newcastle,Man United,H,0.4386,0.2238,0.3376,H,,
2223,2023-04-02,West Ham,Southampton,H,0.4941,0.2517,0.2542,H,,
2223,2023-04-03,Everton,Tottenham,D,0.267,0.2325,0.5005,A,,
2223,2023-04-04,Bournemouth,Brighton,A,0.141,0.2039,0.6551,A,,
2223,2023-04-04,Chelsea,Liverpool,D,0.4254,0.2157,0.3589,H,,
2223,2023-04-04,Leeds,Nott'm Forest,H,0.5041,0.272,0.2239,H,,
2223,2023-04-04,Leicester,Aston Villa,A,0.3694,0.2395,0.3912,A,,
2223,2023-04-05,Man United,Brentford,H,0.5434,0.2161,0.2405,H,,
2223,2023-04-05,West Ham,Newcastle,A,0.2982,0.2155,0.4863,A,,
2223,2023-04-08,Aston Villa,Nott'm Forest,H,0.5336,0.2472,0.2192,H,,
2223,2023-04-08,Brentford,Newcastle,A,0.2867,0.1998,0.5135,A,,
2223,2023-04-08,Fulham,West Ham,A,0.2989,0.2313,0.4698,A,,
2223,2023-04-08,Leicester,Bournemouth,A,0.4523,0.2369,0.3108,H,,
2223,2023-04-08,Man United,Everton,H,0.5486,0.224,0.2274,H,,
2223,2023-04-08,Southampton,Man City,A,0.1237,0.1879,0.6884,A,,
2223,2023-04-08,Tottenham,Brighton,H,0.3773,0.2267,0.3959,A,,
2223,2023-04-08,Wolves,Chelsea,H,0.2103,0.2348,0.5549,A,,
2223,2023-04-09,Leeds,Crystal Palace,A,0.3764,0.2369,0.3867,A,A,0.0866
2223,2023-04-09,Liverpool,Arsenal,D,0.4082,0.2134,0.3784,H,,
2223,2023-04-15,Aston Villa,Newcastle,H,0.2746,0.2305,0.4949,A,,
2223,2023-04-15,Chelsea,Brighton,A,0.374,0.22,0.406,A,,
2223,2023-04-15,Everton,Fulham,A,0.3906,0.2488,0.3606,H,,
2223,2023-04-15,Man City,Leicester,H,0.712,0.179,0.109,H,,
2223,2023-04-15,Southampton,Crystal Palace,A,0.3081,0.2384,0.4536,A,,
2223,2023-04-15,Tottenham,Bournemouth,A,0.5918,0.2123,0.1959,H,,
2223,2023-04-15,Wolves,Brentford,H,0.2471,0.2374,0.5155,A,A,0.1403
2223,2023-04-16,Nott'm Forest,Man United,A,0.2189,0.2052,0.5759,A,,
2223,2023-04-16,West Ham,Arsenal,D,0.2303,0.2075,0.5623,A,,
2223,2023-04-17,Leeds,Liverpool,A,0.1969,0.1916,0.6115,A,,
2223,2023-04-21,Arsenal,Southampton,D,0.6426,0.199,0.1584,H,,
2223,2023-04-22,Brentford,Aston Villa,D,0.3464,0.2125,0.441,A,,
2223,2023-04-22,Crystal Palace,Everton,D,0.4297,0.2617,0.3086,H,,
2223,2023-04-22,Fulham,Leeds,H,0.3796,0.2219,0.3986,A,,
2223,2023-04-22,Leicester,Wolves,H,0.4138,0.2515,0.3347,H,,
2223,2023-04-22,Liverpool,Nott'm Forest,H,0.7215,0.1959,0.0826,H,,
2223,2023-04-23,Bournemouth,West Ham,A,0.2527,0.2421,0.5052,A,A,0.0995
2223,2023-04-23,Newcastle,Tottenham,H,0.4403,0.2267,0.333,H,,
2223,2023-04-25,Aston Villa,Fulham,H,0.4274,0.2288,0.3438,H,A,0.0912
2223,2023-04-25,Leeds,Leicester,D,0.3594,0.228,0.4126,A,,
2223,2023-04-25,Wolves,Crystal Palace,H,0.3691,0.2708,0.3601,H,,
2223,2023-04-26,Chelsea,Brentford,A,0.503,0.1954,0.3016,H,,
2223,2023-04-26,Man City,Arsenal,H,0.5336,0.188,0.2783,H,,
2223,2023-04-26,Nott'm Forest,Brighton,H,0.1631,0.2089,0.6281,A,,
2223,2023-04-26,West Ham,Liverpool,A,0.248,0.2337,0.5183,A,,
2223,2023-04-27,Everton,Newcastle,A,0.2687,0.2183,0.5131,A,,
2223,2023-04-27,Southampton,Bournemouth,A,0.3517,0.2414,0.4069,A,,
2223,2023-04-27,Tottenham,Man United,D,0.4299,0.2246,0.3454,H,,
2223,2023-04-29,Brentford,Nott'm Forest,H,0.512,0.2145,0.2735,H,,
2223,2023-04-29,Brighton,Wolves,H,0.4919,0.2198,0.2883,H,A,0.1042
2223,2023-04-29,Crystal Palace,West Ham,H,0.3553,0.2442,0.4005,A,,
2223,2023-04-30,Bournemouth,Leeds,H,0.3499,0.2321,0.4179,A,,
2223,2023-04-30,Fulham,Man City,A,0.108,0.1808,0.7111,A,,
2223,2023-04-30,Liverpool,Tottenham,H,0.6246,0.2081,0.1673,H,,
2223,2023-04-30,Man United,Aston Villa,H,0.5095,0.2394,0.2512,H,,
2223,2023-04-30,Newcastle,Southampton,H,0.6397,0.2114,0.1489,H,,
2223,2023-05-01,Leicester,Everton,D,0.4865,0.242,0.2714,H,,
2223,2023-05-02,Arsenal,Chelsea,H,0.5589,0.1943,0.2468,H,,
2223,2023-05-03,Liverpool,Fulham,H,0.6292,0.1962,0.1747,H,,
2223,2023-05-03,Man City,West Ham,H,0.6978,0.1779,0.1243,H,,
2223,2023-05-04,Brighton,Man United,H,0.3831,0.2357,0.3812,H,,
2223,2023-05-06,Bournemouth,Chelsea,A,0.1988,0.2351,0.5661,A,A,0.089
2223,2023-05-06,Liverpool,Brentford,H,0.6127,0.2084,0.1789,H,,
2223,2023-05-06,Man City,Leeds,H,0.7065,0.1724,0.1211,H,,
2223,2023-05-06,Tottenham,Crystal Palace,H,0.5283,0.2143,0.2574,H,,
2223,2023-05-06,Wolves,Aston Villa,H,0.2508,0.2422,0.507,A,A,0.0894
2223,2023-05-07,Newcastle,Arsenal,A,0.362,0.2273,0.4107,A,,
2223,2023-05-07,West Ham,Man United,H,0.3135,0.2321,0.4544,A,,
2223,2023-05-08,Brighton,Everton,A,0.5402,0.219,0.2408,H,,
2223,2023-05-08,Fulham,Leicester,H,0.2689,0.2511,0.48,A,,
2223,2023-05-08,Nott'm Forest,Southampton,H,0.3309,0.2276,0.4415,A,A,0.1183
2223,2023-05-13,Aston Villa,Tottenham,H,0.3704,0.2201,0.4095,A,,
2223,2023-05-13,Chelsea,Nott'm Forest,D,0.5867,0.2343,0.179,H,,
2223,2023-05-13,Crystal Palace,Bournemouth,H,0.5065,0.2421,0.2514,H,,
2223,2023-05-13,Leeds,Newcastle,D,0.2433,0.1945,0.5622,A,,
2223,2023-05-13,Man United,Wolves,H,0.625,0.2158,0.1592,H,,
2223,2023-05-13,Southampton,Fulham,A,0.3265,0.2433,0.4302,A,,
2223,2023-05-14,Arsenal,Brighton,A,0.5821,0.1921,0.2259,H,,
2223,2023-05-14,Brentford,West Ham,H,0.4656,0.1995,0.3349,H,,
2223,2023-05-14,Everton,Man City,A,0.1606,0.2003,0.6391,A,,
2223,2023-05-15,Leicester,Liverpool,A,0.279,0.212,0.5089,A,,
2223,2023-05-18,Newcastle,Brighton,H,0.4946,0.2181,0.2873,H,,
2223,2023-05-20,Bournemouth,Man United,A,0.1539,0.2109,0.6352,A,,
2223,2023-05-20,Fulham,Crystal Palace,D,0.2994,0.2345,0.4661,A,A,0.1023
2223,2023-05-20,Liverpool,Aston Villa,D,0.5453,0.2011,0.2536,H,,
2223,2023-05-20,Nott'm Forest,Arsenal,H,0.1947,0.1898,0.6155,A,,
2223,2023-05-20,Tottenham,Brentford,A,0.4939,0.2122,0.2939,H,,
2223,2023-05-20,Wolves,Everton,D,0.27,0.2428,0.4872,A,A,0.0875
2223,2023-05-21,Brighton,Southampton,H,0.6339,0.2072,0.1589,H,,
2223,2023-05-21,Man City,Chelsea,H,0.3962,0.18,0.4238,A,A,0.2447
2223,2023-05-21,West Ham,Leeds,H,0.332,0.2148,0.4532,A,A,0.0828
2223,2023-05-22,Newcastle,Leicester,D,0.6431,0.2294,0.1275,H,,
2223,2023-05-24,Brighton,Man City,D,0.2387,0.1892,0.572,A,,
2223,2023-05-25,Man United,Chelsea,H,0.5426,0.2264,0.2309,H,,
2223,2023-05-28,Arsenal,Wolves,H,0.7062,0.1968,0.097,H,,
2223,2023-05-28,Aston Villa,Brighton,H,0.4489,0.1932,0.3579,H,,
2223,2023-05-28,Brentford,Man City,H,0.2118,0.1818,0.6065,A,,
2223,2023-05-28,Chelsea,Newcastle,D,0.3709,0.2199,0.4092,A,,
2223,2023-05-28,Crystal Palace,Nott'm Forest,D,0.5475,0.2751,0.1774,H,,
2223,2023-05-28,Everton,Bournemouth,H,0.4755,0.2329,0.2916,H,A,0.1047
2223,2023-05-28,Leeds,Tottenham,A,0.3778,0.2156,0.4066,A,,
2223,2023-05-28,Leicester,West Ham,H,0.5184,0.2186,0.263,H,,
2223,2023-05-28,Man United,Fulham,H,0.527,0.2327,0.2404,H,,
2223,2023-05-28,Southampton,Liverpool,D,0.1671,0.2112,0.6217,A,,
2324,2023-08-11,Burnley,Man City,A,0.1082,0.1954,0.6965,A,,
2324,2023-08-12,Arsenal,Nott'm Forest,H,0.7457,0.1858,0.0684,H,,
2324,2023-08-12,Bournemouth,West Ham,D,0.244,0.2364,0.5196,A,A,0.1122
2324,2023-08-12,Brighton,Luton,H,0.6809,0.2011,0.118,H,,
2324,2023-08-12,Everton,Fulham,A,0.4055,0.2446,0.35,H,,
2324,2023-08-12,Newcastle,Aston Villa,H,0.6156,0.2166,0.1678,H,,
2324,2023-08-12,Sheffield United,Crystal Palace,A,0.1897,0.2465,0.5639,A,A,0.1199
2324,2023-08-13,Brentford,Tottenham,D,0.4413,0.1983,0.3604,H,,
2324,2023-08-13,Chelsea,Liverpool,D,0.4068,0.2392,0.354,H,,
2324,2023-08-14,Man United,Wolves,H,0.6657,0.2083,0.126,H,,
2324,2023-08-18,Nott'm Forest,Sheffield United,H,0.4871,0.2384,0.2745,H,,
2324,2023-08-19,Fulham,Brentford,A,0.3127,0.214,0.4733,A,,
2324,2023-08-19,Liverpool,Bournemouth,H,0.6972,0.196,0.1068,H,,
2324,2023-08-19,Man City,Newcastle,H,0.5773,0.1829,0.2398,H,,
2324,2023-08-19,Tottenham,Man United,H,0.4716,0.241,0.2874,H,H,0.0959
2324,2023-08-19,Wolves,Brighton,A,0.2432,0.2218,0.5349,A,,
2324,2023-08-20,Aston Villa,Everton,H,0.4742,0.2415,0.2843,H,,
2324,2023-08-20,West Ham,Chelsea,H,0.381,0.2332,0.3857,A,H,0.0858
2324,2023-08-21,Crystal Palace,Arsenal,A,0.2669,0.1885,0.5446,A,,
2324,2023-08-25,Chelsea,Luton,H,0.783,0.1837,0.0333,H,,
2324,2023-08-26,Arsenal,Fulham,D,0.6758,0.1932,0.1309,H,,
2324,2023-08-26,Bournemouth,Tottenham,A,0.2816,0.2126,0.5058,A,,
2324,2023-08-26,Brentford,Crystal Palace,D,0.459,0.232,0.309,H,,
2324,2023-08-26,Brighton,West Ham,A,0.6054,0.2179,0.1767,H,,
2324,2023-08-26,Everton,Wolves,A,0.3919,0.2485,0.3595,H,,
2324,2023-08-26,Man United,Nott'm Forest,H,0.641,0.2107,0.1484,H,,
2324,2023-08-27,Burnley,Aston Villa,A,0.2927,0.2143,0.4929,A,,
2324,2023-08-27,Newcastle,Liverpool,A,0.5017,0.2297,0.2686,H,,
2324,2023-08-27,Sheffield United,Man City,A,0.1037,0.1867,0.7096,A,,
2324,2023-09-01,Luton,West Ham,A,0.2437,0.233,0.5233,A,,
2324,2023-09-02,Brentford,Bournemouth,D,0.5005,0.2146,0.2849,H,,
2324,2023-09-02,Brighton,Newcastle,H,0.4083,0.2116,0.38,H,,
2324,2023-09-02,Burnley,Tottenham,A,0.2508,0.2225,0.5267,A,,
2324,2023-09-02,Chelsea,Nott'm Forest,A,0.6799,0.2019,0.1182,H,,
2324,2023-09-02,Man City,Fulham,H,0.7104,0.173,0.1165,H,,
2324,2023-09-02,Sheffield United,Everton,D,0.2057,0.2484,0.546,A,A,0.1166
2324,2023-09-03,Arsenal,Man United,H,0.657,0.2122,0.1308,H,H,0.0822
2324,2023-09-03,Crystal Palace,Wolves,H,0.5558,0.2211,0.2231,H,,
2324,2023-09-03,Liverpool,Aston Villa,H,0.6554,0.1974,0.1472,H,,
2324,2023-09-16,Aston Villa,Crystal Palace,H,0.4808,0.2347,0.2844,H,,
2324,2023-09-16,Fulham,Luton,H,0.6767,0.1973,0.126,H,,
2324,2023-09-16,Man United,Brighton,A,0.4994,0.2064,0.2943,H,,
2324,2023-09-16,Newcastle,Brentford,H,0.5632,0.2095,0.2273,H,,
2324,2023-09-16,Tottenham,Sheffield United,H,0.6431,0.2058,0.1511,H,,
2324,2023-09-16,West Ham,Man City,A,0.2246,0.1955,0.5799,A,,
2324,2023-09-16,Wolves,Liverpool,A,0.2162,0.2127,0.5711,A,,
2324,2023-09-17,Bournemouth,Chelsea,D,0.2081,0.2196,0.5722,A,,
2324,2023-09-17,Everton,Arsenal,A,0.22,0.211,0.569,A,,
2324,2023-09-18,Nott'm Forest,Burnley,D,0.3697,0.2288,0.4015,A,,
2324,2023-09-23,Brentford,Everton,A,0.425,0.2196,0.3555,H,A,0.1022
2324,2023-09-23,Burnley,Man United,A,0.2163,0.2234,0.5603,A,,
2324,2023-09-23,Crystal Palace,Fulham,D,0.4642,0.2348,0.301,H,,
2324,2023-09-23,Luton,Wolves,D,0.3624,0.1918,0.4458,A,,
2324,2023-09-23,Man City,Nott'm Forest,H,0.7401,0.1738,0.0861,H,,
2324,2023-09-24,Arsenal,Tottenham,D,0.6459,0.2127,0.1415,H,,
2324,2023-09-24,Brighton,Bournemouth,H,0.5561,0.2276,0.2164,H,,
2324,2023-09-24,Chelsea,Aston Villa,A,0.5913,0.2019,0.2068,H,,
2324,2023-09-24,Liverpool,West Ham,H,0.6848,0.1972,0.118,H,,
2324,2023-09-24,Sheffield United,Newcastle,A,0.1579,0.1839,0.6582,A,,
2324,2023-09-30,Aston Villa,Brighton,H,0.4254,0.2135,0.3611,H,,
2324,2023-09-30,Bournemouth,Arsenal,A,0.2308,0.2128,0.5564,A,,
2324,2023-09-30,Everton,Luton,A,0.6119,0.2218,0.1663,H,,
2324,2023-09-30,Man United,Crystal Palace,A,0.5468,0.2296,0.2236,H,,
2324,2023-09-30,Newcastle,Burnley,H,0.6038,0.1977,0.1985,H,,
2324,2023-09-30,Tottenham,Liverpool,H,0.3944,0.2236,0.3821,H,,
2324,2023-09-30,West Ham,Sheffield United,H,0.6117,0.2197,0.1686,H,,
2324,2023-09-30,Wolves,Man City,H,0.1868,0.1947,0.6185,A,,
2324,2023-10-01,Nott'm Forest,Brentford,D,0.3235,0.218,0.4585,A,,
2324,2023-10-02,Fulham,Chelsea,A,0.2928,0.2338,0.4734,A,,
2324,2023-10-03,Luton,Burnley,A,0.3583,0.2119,0.4298,A,,
2324,2023-10-07,Burnley,Chelsea,A,0.213,0.2307,0.5563,A,,
2324,2023-10-07,Crystal Palace,Nott'm Forest,D,0.4782,0.245,0.2768,H,,
2324,2023-10-07,Everton,Bournemouth,H,0.498,0.2313,0.2707,H,,
2324,2023-10-07,Fulham,Sheffield United,H,0.6451,0.2239,0.1309,H,,
2324,2023-10-07,Luton,Tottenham,A,0.1972,0.2147,0.588,A,,
2324,2023-10-07,Man United,Brentford,H,0.5273,0.2114,0.2613,H,,
2324,2023-10-08,Arsenal,Man City,H,0.4757,0.1962,0.3281,H,H,0.1051
2324,2023-10-08,Brighton,Liverpool,D,0.3383,0.2398,0.422,A,,
2324,2023-10-08,West Ham,Newcastle,D,0.2716,0.2164,0.512,A,,
2324,2023-10-08,Wolves,Aston Villa,D,0.3133,0.2294,0.4573,A,,
2324,2023-10-21,Bournemouth,Wolves,A,0.4319,0.2372,0.3309,H,,
2324,2023-10-21,Brentford,Burnley,H,0.5577,0.2042,0.2381,H,,
2324,2023-10-21,Chelsea,Arsenal,D,0.3741,0.2218,0.404,A,,
2324,2023-10-21,Liverpool,Everton,H,0.6412,0.2046,0.1543,H,,
2324,2023-10-21,Man City,Brighton,H,0.7277,0.1754,0.0969,H,,
2324,2023-10-21,Newcastle,Crystal Palace,H,0.6419,0.216,0.1422,H,,
2324,2023-10-21,Nott'm Forest,Luton,D,0.5779,0.2106,0.2115,H,,
2324,2023-10-21,Sheffield United,Man United,A,0.1346,0.2089,0.6565,A,,
2324,2023-10-22,Aston Villa,West Ham,H,0.5323,0.2268,0.2409,H,,
2324,2023-10-23,Tottenham,Fulham,H,0.616,0.2081,0.1759,H,,
2324,2023-10-27,Crystal Palace,Tottenham,A,0.245,0.2403,0.5147,A,,
2324,2023-10-28,Arsenal,Sheffield United,H,0.7135,0.1803,0.1062,H,,
2324,2023-10-28,Bournemouth,Burnley,H,0.4398,0.2267,0.3335,H,,
2324,2023-10-28,Chelsea,Brentford,A,0.5713,0.2035,0.2253,H,,
2324,2023-10-28,Wolves,Newcastle,D,0.3278,0.2373,0.4349,A,,
2324,2023-10-29,Aston Villa,Luton,H,0.6644,0.2103,0.1254,H,,
2324,2023-10-29,Brighton,Fulham,D,0.6096,0.2095,0.1809,H,,
2324,2023-10-29,Liverpool,Nott'm Forest,H,0.7444,0.1898,0.0658,H,,
2324,2023-10-29,Man United,Man City,A,0.2575,0.1962,0.5463,A,,
2324,2023-10-29,West Ham,Everton,A,0.4225,0.254,0.3236,H,,
2324,2023-11-04,Brentford,West Ham,H,0.4498,0.2164,0.3338,H,,
2324,2023-11-04,Burnley,Crystal Palace,A,0.2798,0.2437,0.4765,A,A,0.08
2324,2023-11-04,Everton,Brighton,D,0.3243,0.2117,0.464,A,,
2324,2023-11-04,Fulham,Man United,A,0.4231,0.2211,0.3558,H,H,0.091
2324,2023-11-04,Man City,Bournemouth,H,0.7361,0.17,0.0939,H,,
2324,2023-11-04,Newcastle,Arsenal,H,0.426,0.2355,0.3385,H,,
2324,2023-11-04,Sheffield United,Wolves,H,0.2245,0.2627,0.5128,A,,
2324,2023-11-05,Luton,Liverpool,D,0.144,0.1917,0.6643,A,,
2324,2023-11-05,Nott'm Forest,Aston Villa,H,0.2686,0.2195,0.5119,A,,
2324,2023-11-06,Tottenham,Chelsea,A,0.4076,0.2423,0.3501,H,,
2324,2023-11-11,Arsenal,Burnley,H,0.6982,0.1827,0.1191,H,,
2324,2023-11-11,Bournemouth,Newcastle,H,0.2954,0.2369,0.4677,A,,
2324,2023-11-11,Crystal Palace,Everton,A,0.3595,0.2442,0.3963,A,,
2324,2023-11-11,Man United,Luton,H,0.7274,0.1931,0.0795,H,,
2324,2023-11-11,Wolves,Tottenham,H,0.3281,0.2542,0.4177,A,,
2324,2023-11-12,Aston Villa,Fulham,H,0.5282,0.2099,0.2619,H,,
2324,2023-11-12,Brighton,Sheffield United,D,0.69,0.1918,0.1182,H,,
2324,2023-11-12,Chelsea,Man City,D,0.2521,0.2145,0.5333,A,,
2324,2023-11-12,Liverpool,Brentford,H,0.682,0.1897,0.1282,H,,
2324,2023-11-12,West Ham,Nott'm Forest,H,0.5935,0.2286,0.1779,H,,
2324,2023-11-25,Brentford,Arsenal,A,0.2415,0.2164,0.5422,A,,
2324,2023-11-25,Burnley,West Ham,A,0.2385,0.2228,0.5386,A,,
2324,2023-11-25,Luton,Crystal Palace,H,0.2512,0.2022,0.5466,A,,
2324,2023-11-25,Man City,Liverpool,D,0.642,0.1953,0.1627,H,,
2324,2023-11-25,Newcastle,Chelsea,H,0.424,0.2506,0.3254,H,,
2324,2023-11-25,Nott'm Forest,Brighton,A,0.2685,0.2053,0.5262,A,,
2324,2023-11-25,Sheffield United,Bournemouth,A,0.3023,0.2346,0.4631,A,,
2324,2023-11-26,Everton,Man United,A,0.3775,0.2474,0.3751,H,,
2324,2023-11-26,Tottenham,Aston Villa,A,0.3105,0.2216,0.4679,A,A,0.0896
2324,2023-11-27,Fulham,Wolves,H,0.392,0.2524,0.3557,H,,
2324,2023-12-02,Arsenal,Wolves,H,0.6983,0.1934,0.1083,H,,
2324,2023-12-02,Brentford,Luton,H,0.6558,0.2053,0.1388,H,,
2324,2023-12-02,Burnley,Sheffield United,H,0.5406,0.2288,0.2307,H,,
2324,2023-12-02,Newcastle,Man United,H,0.5465,0.2281,0.2254,H,,
2324,2023-12-02,Nott'm Forest,Everton,A,0.2615,0.2312,0.5073,A,A,0.1004
2324,2023-12-03,Bournemouth,Aston Villa,D,0.2815,0.2329,0.4856,A,,
2324,2023-12-03,Chelsea,Brighton,H,0.6045,0.2103,0.1852,H,,
2324,2023-12-03,Liverpool,Fulham,H,0.7207,0.177,0.1022,H,,
2324,2023-12-03,Man City,Tottenham,D,0.7549,0.1842,0.0608,H,,
2324,2023-12-03,West Ham,Crystal Palace,D,0.5059,0.2178,0.2762,H,,
2324,2023-12-05,Luton,Arsenal,A,0.1337,0.1889,0.6774,A,,
2324,2023-12-05,Wolves,Burnley,H,0.4312,0.2458,0.3231,H,,
2324,2023-12-06,Aston Villa,Man City,H,0.26,0.2007,0.5393,A,,
2324,2023-12-06,Brighton,Brentford,H,0.6624,0.1976,0.14,H,H,0.1179
2324,2023-12-06,Crystal Palace,Bournemouth,A,0.4677,0.2351,0.2972,H,,
2324,2023-12-06,Fulham,Nott'm Forest,H,0.5198,0.2171,0.2631,H,,
2324,2023-12-06,Man United,Chelsea,H,0.4016,0.2286,0.3697,H,,
2324,2023-12-06,Sheffield United,Liverpool,A,0.1433,0.2131,0.6435,A,,
2324,2023-12-07,Everton,Newcastle,H,0.2999,0.2708,0.4292,A,,
2324,2023-12-07,Tottenham,West Ham,A,0.587,0.2091,0.2039,H,,
2324,2023-12-09,Aston Villa,Arsenal,H,0.3344,0.236,0.4296,A,,
2324,2023-12-09,Brighton,Burnley,D,0.6357,0.2057,0.1586,H,,
2324,2023-12-09,Crystal Palace,Liverpool,A,0.2031,0.2145,0.5823,A,,
2324,2023-12-09,Man United,Bournemouth,A,0.5499,0.2181,0.232,H,,
2324,2023-12-09,Sheffield United,Brentford,H,0.283,0.2192,0.4977,A,,
2324,2023-12-09,Wolves,Nott'm Forest,D,0.5194,0.2171,0.2635,H,,
2324,2023-12-10,Everton,Chelsea,H,0.3675,0.2515,0.3811,A,,
2324,2023-12-10,Fulham,West Ham,H,0.4464,0.2429,0.3107,H,,
2324,2023-12-10,Luton,Man City,A,0.1596,0.1671,0.6733,A,,
2324,2023-12-10,Tottenham,Newcastle,H,0.5049,0.2219,0.2731,H,,
2324,2023-12-15,Nott'm Forest,Tottenham,A,0.2038,0.2048,0.5913,A,,
2324,2023-12-16,Burnley,Everton,A,0.2434,0.2525,0.5041,A,,
2324,2023-12-16,Chelsea,Sheffield United,H,0.7073,0.2032,0.0896,H,,
2324,2023-12-16,Man City,Crystal Palace,D,0.7508,0.1703,0.0789,H,,
2324,2023-12-16,Newcastle,Fulham,H,0.5182,0.2144,0.2674,H,,
2324,2023-12-17,Arsenal,Brighton,H,0.6736,0.1922,0.1342,H,,
2324,2023-12-17,Brentford,Aston Villa,A,0.3042,0.2077,0.4881,A,,
2324,2023-12-17,Liverpool,Man United,D,0.6942,0.1906,0.1152,H,,
2324,2023-12-17,West Ham,Wolves,H,0.5087,0.2563,0.2351,H,,
2324,2023-12-21,Crystal Palace,Brighton,D,0.4014,0.2057,0.3929,H,H,0.083
2324,2023-12-22,Aston Villa,Sheffield United,D,0.7109,0.1973,0.0918,H,,
2324,2023-12-23,Fulham,Burnley,A,0.4687,0.2342,0.2971,H,,
2324,2023-12-23,Liverpool,Arsenal,D,0.54,0.209,0.251,H,H,0.104
2324,2023-12-23,Luton,Newcastle,H,0.2724,0.1932,0.5344,A,,
2324,2023-12-23,Nott'm Forest,Bournemouth,A,0.3108,0.245,0.4442,A,,
2324,2023-12-23,Tottenham,Everton,H,0.5426,0.2323,0.2251,H,,
2324,2023-12-23,West Ham,Man United,H,0.5425,0.2455,0.2119,H,H,0.1258
2324,2023-12-24,Wolves,Chelsea,H,0.2615,0.2368,0.5017,A,,
2324,2023-12-26,Bournemouth,Fulham,H,0.4908,0.2356,0.2735,H,,
2324,2023-12-26,Burnley,Liverpool,A,0.1613,0.2147,0.624,A,,
2324,2023-12-26,Man United,Aston Villa,H,0.4504,0.2251,0.3245,H,,
2324,2023-12-26,Newcastle,Nott'm Forest,A,0.7057,0.1954,0.099,H,,
2324,2023-12-26,Sheffield United,Luton,A,0.4442,0.2308,0.325,H,,
2324,2023-12-27,Brentford,Wolves,A,0.4073,0.2175,0.3752,H,A,0.0958
2324,2023-12-27,Chelsea,Crystal Palace,H,0.543,0.2228,0.2341,H,,
2324,2023-12-27,Everton,Man City,A,0.1879,0.2109,0.6012,A,,
2324,2023-12-28,Arsenal,West Ham,A,0.7225,0.1923,0.0853,H,,
2324,2023-12-28,Brighton,Tottenham,H,0.5243,0.2188,0.2569,H,H,0.1034
2324,2023-12-30,Aston Villa,Burnley,H,0.6179,0.2117,0.1704,H,,
2324,2023-12-30,Crystal Palace,Brentford,H,0.508,0.2104,0.2815,H,,
2324,2023-12-30,Luton,Chelsea,A,0.1814,0.2039,0.6147,A,,
2324,2023-12-30,Man City,Sheffield United,H,0.75,0.1743,0.0757,H,,
2324,2023-12-30,Nott'm Forest,Man United,H,0.3726,0.2396,0.3878,A,,
2324,2023-12-30,Wolves,Everton,H,0.2789,0.255,0.4661,A,A,0.0828
2324,2023-12-31,Fulham,Arsenal,H,0.2116,0.2033,0.5851,A,,
2324,2023-12-31,Tottenham,Bournemouth,H,0.5613,0.2419,0.1968,H,,
2324,2024-01-01,Liverpool,Newcastle,H,0.7373,0.1827,0.08,H,,
2324,2024-01-02,West Ham,Brighton,D,0.3278,0.2267,0.4455,A,,
2324,2024-01-12,Burnley,Luton,D,0.4206,0.2171,0.3623,H,,
2324,2024-01-13,Chelsea,Fulham,H,0.5556,0.2184,0.226,H,,
2324,2024-01-13,Newcastle,Man City,A,0.2628,0.1931,0.5441,A,,
2324,2024-01-14,Everton,Aston Villa,D,0.3591,0.225,0.4159,A,,
2324,2024-01-14,Man United,Tottenham,D,0.5258,0.2125,0.2618,H,,
2324,2024-01-20,Arsenal,Crystal Palace,H,0.7067,0.1858,0.1076,H,,
2324,2024-01-20,Brentford,Nott'm Forest,H,0.5719,0.2019,0.2262,H,,
2324,2024-01-21,Bournemouth,Liverpool,A,0.1783,0.2227,0.599,A,,
2324,2024-01-21,Sheffield United,West Ham,D,0.3228,0.2581,0.4191,A,,
2324,2024-01-22,Brighton,Wolves,D,0.5983,0.2125,0.1892,H,,
2324,2024-01-30,Aston Villa,Newcastle,A,0.5526,0.1889,0.2584,H,,
2324,2024-01-30,Crystal Palace,Sheffield United,H,0.6182,0.2282,0.1536,H,,
2324,2024-01-30,Fulham,Everton,D,0.3567,0.2397,0.4036,A,,
2324,2024-01-30,Luton,Brighton,H,0.2584,0.1871,0.5544,A,,
2324,2024-01-30,Nott'm Forest,Arsenal,A,0.1639,0.195,0.6412,A,,
2324,2024-01-31,Liverpool,Chelsea,H,0.6197,0.2118,0.1685,H,,
2324,2024-01-31,Man City,Burnley,H,0.7315,0.1799,0.0886,H,,
2324,2024-01-31,Tottenham,Brentford,H,0.6297,0.1868,0.1835,H,,
2324,2024-02-01,West Ham,Bournemouth,D,0.3565,0.2307,0.4129,A,,
2324,2024-02-01,Wolves,Man United,A,0.3093,0.2586,0.4321,A,,
2324,2024-02-03,Brighton,Crystal Palace,H,0.6489,0.2024,0.1487,H,,
2324,2024-02-03,Burnley,Fulham,D,0.2256,0.2294,0.545,A,A,0.1079
2324,2024-02-03,Everton,Tottenham,D,0.3424,0.2437,0.4139,A,,
2324,2024-02-03,Newcastle,Luton,D,0.6498,0.2147,0.1355,H,,
2324,2024-02-03,Sheffield United,Aston Villa,A,0.1898,0.2097,0.6005,A,,
2324,2024-02-04,Arsenal,Liverpool,H,0.5476,0.2085,0.2439,H,H,0.0874
2324,2024-02-04,Bournemouth,Nott'm Forest,D,0.5199,0.2236,0.2565,H,,
2324,2024-02-04,Chelsea,Wolves,A,0.6381,0.2248,0.137,H,,
2324,2024-02-04,Man United,West Ham,H,0.6187,0.2351,0.1462,H,,
2324,2024-02-05,Brentford,Man City,A,0.2636,0.202,0.5344,A,H,0.0936
2324,2024-02-10,Fulham,Bournemouth,H,0.3329,0.248,0.4191,A,,
2324,2024-02-10,Liverpool,Burnley,H,0.6884,0.1983,0.1133,H,,
2324,2024-02-10,Luton,Sheffield United,A,0.5442,0.2075,0.2483,H,,
2324,2024-02-10,Man City,Everton,H,0.7016,0.1903,0.1081,H,,
2324,2024-02-10,Nott'm Forest,Newcastle,A,0.4423,0.2149,0.3429,H,H,0.109
2324,2024-02-10,Tottenham,Brighton,H,0.6115,0.2139,0.1747,H,,
2324,2024-02-10,Wolves,Brentford,A,0.4389,0.2098,0.3513,H,,
2324,2024-02-11,Aston Villa,Man United,A,0.5413,0.2225,0.2362,H,,
2324,2024-02-11,West Ham,Arsenal,A,0.2406,0.1981,0.5613,A,,
2324,2024-02-12,Crystal Palace,Chelsea,A,0.2412,0.2497,0.5091,A,,
2324,2024-02-17,Brentford,Liverpool,A,0.2911,0.2061,0.5027,A,,
2324,2024-02-17,Burnley,Arsenal,A,0.1486,0.2032,0.6482,A,,
2324,2024-02-17,Fulham,Aston Villa,A,0.336,0.213,0.451,A,,
2324,2024-02-17,Man City,Chelsea,D,0.7451,0.1879,0.067,H,,
2324,2024-02-17,Newcastle,Bournemouth,D,0.4929,0.2323,0.2748,H,,
2324,2024-02-17,Nott'm Forest,West Ham,H,0.45,0.2297,0.3203,H,,
2324,2024-02-17,Tottenham,Wolves,A,0.6124,0.2284,0.1592,H,,
2324,2024-02-18,Luton,Man United,A,0.2995,0.2307,0.4698,A,,
2324,2024-02-18,Sheffield United,Brighton,A,0.1624,0.212,0.6257,A,,
2324,2024-02-19,Everton,Crystal Palace,D,0.5635,0.2111,0.2254,H,,
2324,2024-02-20,Man City,Brentford,H,0.7469,0.1697,0.0835,H,,
2324,2024-02-21,Liverpool,Luton,H,0.6685,0.1869,0.1447,H,,
2324,2024-02-24,Arsenal,Newcastle,H,0.7321,0.1922,0.0756,H,,
2324,2024-02-24,Aston Villa,Nott'm Forest,H,0.5949,0.2064,0.1987,H,,
2324,2024-02-24,Bournemouth,Man City,A,0.1762,0.1961,0.6277,A,,
2324,2024-02-24,Brighton,Everton,D,0.5128,0.2246,0.2625,H,,
2324,2024-02-24,Crystal Palace,Burnley,H,0.5007,0.2525,0.2468,H,,
2324,2024-02-24,Man United,Fulham,A,0.5679,0.2197,0.2125,H,,
2324,2024-02-25,Wolves,Sheffield United,H,0.5763,0.2303,0.1934,H,,
2324,2024-02-26,West Ham,Brentford,H,0.4802,0.1976,0.3222,H,,
2324,2024-03-02,Brentford,Chelsea,D,0.3565,0.2445,0.399,A,,
2324,2024-03-02,Everton,West Ham,A,0.5274,0.2307,0.2419,H,,
2324,2024-03-02,Fulham,Brighton,H,0.4469,0.2147,0.3384,H,,
2324,2024-03-02,Luton,Aston Villa,A,0.2305,0.1927,0.5768,A,,
2324,2024-03-02,Newcastle,Wolves,H,0.6319,0.2278,0.1403,H,H,0.0915
2324,2024-03-02,Nott'm Forest,Liverpool,A,0.2006,0.2141,0.5852,A,,
2324,2024-03-02,Tottenham,Crystal Palace,H,0.6056,0.2055,0.1889,H,,
2324,2024-03-03,Burnley,Bournemouth,A,0.2084,0.2311,0.5605,A,,
2324,2024-03-03,Man City,Man United,H,0.7526,0.1842,0.0633,H,,
2324,2024-03-04,Sheffield United,Arsenal,A,0.0926,0.201,0.7063,A,,
2324,2024-03-09,Arsenal,Brentford,H,0.6978,0.1805,0.1216,H,,
2324,2024-03-09,Bournemouth,Sheffield United,D,0.6643,0.2054,0.1303,H,,
2324,2024-03-09,Crystal Palace,Luton,D,0.5509,0.2233,0.2257,H,,
2324,2024-03-09,Man United,Everton,H,0.5216,0.2263,0.2521,H,,
2324,2024-03-09,Wolves,Fulham,H,0.3571,0.2495,0.3934,A,,
2324,2024-03-10,Aston Villa,Tottenham,A,0.4365,0.2294,0.3342,H,,
2324,2024-03-10,Brighton,Nott'm Forest,H,0.6022,0.2066,0.1912,H,,
2324,2024-03-10,Liverpool,Man City,D,0.3461,0.2093,0.4446,A,,
2324,2024-03-10,West Ham,Burnley,D,0.5445,0.2312,0.2243,H,,
2324,2024-03-11,Chelsea,Newcastle,H,0.6136,0.2157,0.1707,H,H,0.086
2324,2024-03-13,Bournemouth,Luton,H,0.6384,0.2092,0.1524,H,,
2324,2024-03-16,Burnley,Brentford,H,0.3303,0.2141,0.4556,A,,
2324,2024-03-16,Fulham,Tottenham,H,0.2925,0.2327,0.4748,A,,
2324,2024-03-16,Luton,Nott'm Forest,D,0.36,0.2048,0.4352,A,,
2324,2024-03-17,West Ham,Aston Villa,D,0.4572,0.2175,0.3254,H,,
2324,2024-03-30,Aston Villa,Wolves,H,0.6237,0.2204,0.1559,H,,
2324,2024-03-30,Bournemouth,Everton,H,0.4664,0.2326,0.301,H,,
2324,2024-03-30,Brentford,Man United,D,0.3466,0.233,0.4204,A,,
2324,2024-03-30,Chelsea,Burnley,D,0.6872,0.204,0.1087,H,,
2324,2024-03-30,Newcastle,West Ham,H,0.6034,0.2083,0.1884,H,,
2324,2024-03-30,Nott'm Forest,Crystal Palace,D,0.4131,0.2337,0.3532,H,,
2324,2024-03-30,Sheffield United,Fulham,D,0.1772,0.2343,0.5885,A,,
2324,2024-03-30,Tottenham,Luton,H,0.7153,0.1923,0.0924,H,,
2324,2024-03-31,Liverpool,Brighton,H,0.7093,0.1857,0.1051,H,,
2324,2024-03-31,Man City,Arsenal,D,0.5882,0.1993,0.2124,H,,
2324,2024-04-02,Bournemouth,Crystal Palace,H,0.5094,0.2475,0.2432,H,,
2324,2024-04-02,Burnley,Wolves,D,0.4351,0.2576,0.3074,H,,
2324,2024-04-02,Newcastle,Everton,D,0.535,0.2241,0.241,H,,
2324,2024-04-02,Nott'm Forest,Fulham,H,0.3945,0.231,0.3745,H,,
2324,2024-04-02,West Ham,Tottenham,D,0.3682,0.2392,0.3926,A,,
2324,2024-04-03,Arsenal,Luton,H,0.6676,0.1707,0.1617,H,,
2324,2024-04-03,Brentford,Brighton,D,0.486,0.2091,0.3049,H,,
2324,2024-04-03,Man City,Aston Villa,H,0.7763,0.1742,0.0494,H,,
2324,2024-04-04,Chelsea,Man United,H,0.6,0.2269,0.173,H,H,0.0906
2324,2024-04-04,Liverpool,Sheffield United,H,0.7602,0.1829,0.0568,H,,
2324,2024-04-06,Aston Villa,Brentford,D,0.6281,0.1994,0.1725,H,,
2324,2024-04-06,Brighton,Arsenal,A,0.2111,0.2302,0.5587,A,,
2324,2024-04-06,Crystal Palace,Man City,A,0.2132,0.1945,0.5924,A,,
2324,2024-04-06,Everton,Burnley,H,0.5272,0.2327,0.2401,H,,
2324,2024-04-06,Fulham,Newcastle,A,0.4188,0.2319,0.3493,H,,
2324,2024-04-06,Luton,Bournemouth,H,0.3431,0.2077,0.4492,A,,
2324,2024-04-06,Wolves,West Ham,A,0.3664,0.2344,0.3992,A,,
2324,2024-04-07,Man United,Liverpool,D,0.2265,0.2146,0.5589,A,,
2324,2024-04-07,Sheffield United,Chelsea,D,0.1762,0.2307,0.5931,A,,
2324,2024-04-07,Tottenham,Nott'm Forest,H,0.6272,0.2053,0.1674,H,,
2324,2024-04-13,Bournemouth,Man United,D,0.3919,0.2508,0.3572,H,,
2324,2024-04-13,Brentford,Sheffield United,H,0.6669,0.2064,0.1267,H,,
2324,2024-04-13,Burnley,Brighton,D,0.2874,0.225,0.4875,A,,
2324,2024-04-13,Man City,Luton,H,0.7693,0.1682,0.0625,H,,
2324,2024-04-13,Newcastle,Tottenham,H,0.4252,0.2244,0.3504,H,,
2324,2024-04-13,Nott'm Forest,Wolves,D,0.4713,0.2277,0.301,H,,
2324,2024-04-14,Arsenal,Aston Villa,A,0.6871,0.1879,0.125,H,,
2324,2024-04-14,Liverpool,Crystal Palace,A,0.7262,0.1866,0.0872,H,,
2324,2024-04-14,West Ham,Fulham,A,0.442,0.232,0.326,H,,
2324,2024-04-15,Chelsea,Everton,H,0.5862,0.2257,0.1882,H,,
2324,2024-04-20,Luton,Brentford,A,0.4146,0.1993,0.3861,H,H,0.0812
2324,2024-04-20,Sheffield United,Burnley,A,0.3534,0.2554,0.3912,A,,
2324,2024-04-20,Wolves,Arsenal,A,0.1389,0.2147,0.6464,A,,
2324,2024-04-21,Aston Villa,Bournemouth,H,0.5941,0.2228,0.1831,H,,
2324,2024-04-21,Crystal Palace,West Ham,H,0.4631,0.2188,0.3181,H,,
2324,2024-04-21,Everton,Nott'm Forest,H,0.4541,0.2421,0.3038,H,,
2324,2024-04-21,Fulham,Liverpool,A,0.2188,0.1995,0.5817,A,,
2324,2024-04-23,Arsenal,Chelsea,H,0.6834,0.2103,0.1063,H,,
2324,2024-04-24,Crystal Palace,Newcastle,H,0.3445,0.2621,0.3935,A,,
2324,2024-04-24,Everton,Liverpool,H,0.1988,0.2186,0.5826,A,,
2324,2024-04-24,Man United,Sheffield United,H,0.6614,0.191,0.1475,H,,
2324,2024-04-24,Wolves,Bournemouth,A,0.3346,0.2397,0.4257,A,,
2324,2024-04-25,Brighton,Man City,A,0.237,0.2036,0.5595,A,,
2324,2024-04-27,Aston Villa,Chelsea,D,0.5635,0.2342,0.2023,H,H,0.0879
2324,2024-04-27,Everton,Brentford,H,0.3549,0.2548,0.3902,A,,
2324,2024-04-27,Fulham,Crystal Palace,D,0.431,0.2351,0.3339,H,,
2324,2024-04-27,Man United,Burnley,D,0.6021,0.2354,0.1624,H,,
2324,2024-04-27,Newcastle,Sheffield United,H,0.705,0.1899,0.1051,H,,
2324,2024-04-27,West Ham,Liverpool,D,0.2221,0.2068,0.5712,A,,
2324,2024-04-27,Wolves,Luton,H,0.5907,0.2032,0.2061,H,,
2324,2024-04-28,Bournemouth,Brighton,H,0.5023,0.2212,0.2765,H,,
2324,2024-04-28,Nott'm Forest,Man City,A,0.1753,0.1914,0.6333,A,,
2324,2024-04-28,Tottenham,Arsenal,A,0.2788,0.2089,0.5123,A,,
2324,2024-05-02,Chelsea,Tottenham,H,0.4198,0.2375,0.3428,H,,
2324,2024-05-03,Luton,Everton,D,0.3894,0.2421,0.3685,H,,
2324,2024-05-04,Arsenal,Bournemouth,H,0.6387,0.1953,0.1659,H,,
2324,2024-05-04,Brentford,Fulham,D,0.4836,0.2099,0.3065,H,,
2324,2024-05-04,Burnley,Newcastle,A,0.3118,0.2436,0.4446,A,,
2324,2024-05-04,Man City,Wolves,H,0.7279,0.1783,0.0938,H,,
2324,2024-05-04,Sheffield United,Nott'm Forest,A,0.2042,0.2196,0.5761,A,,
2324,2024-05-05,Brighton,Aston Villa,H,0.5175,0.2094,0.2731,H,H,0.1191
2324,2024-05-05,Chelsea,West Ham,H,0.639,0.2249,0.1361,H,,
2324,2024-05-05,Liverpool,Tottenham,H,0.7116,0.1815,0.107,H,,
2324,2024-05-06,Crystal Palace,Man United,H,0.5387,0.2413,0.22,H,H,0.0983
2324,2024-05-11,Bournemouth,Brentford,A,0.4037,0.2421,0.3543,H,,
2324,2024-05-11,Everton,Sheffield United,H,0.6214,0.2113,0.1673,H,,
2324,2024-05-11,Fulham,Man City,A,0.1753,0.192,0.6327,A,,
2324,2024-05-11,Newcastle,Brighton,D,0.618,0.1947,0.1873,H,,
2324,2024-05-11,Nott'm Forest,Chelsea,A,0.2068,0.2301,0.563,A,,
2324,2024-05-11,Tottenham,Burnley,H,0.6373,0.2187,0.144,H,,
2324,2024-05-11,West Ham,Luton,H,0.5946,0.215,0.1904,H,,
2324,2024-05-11,Wolves,Crystal Palace,A,0.3345,0.2515,0.414,A,,
2324,2024-05-12,Man United,Arsenal,A,0.2142,0.2055,0.5803,A,,
2324,2024-05-13,Aston Villa,Liverpool,D,0.3954,0.197,0.4075,A,H,0.1188
2324,2024-05-14,Tottenham,Man City,A,0.2004,0.1947,0.6049,A,,
2324,2024-05-15,Brighton,Chelsea,A,0.3998,0.2394,0.3608,H,H,0.0829
2324,2024-05-15,Man United,Newcastle,H,0.4419,0.2404,0.3177,H,,
2324,2024-05-19,Arsenal,Everton,H,0.6624,0.1988,0.1388,H,,
2324,2024-05-19,Brentford,Newcastle,A,0.3897,0.2127,0.3977,A,,
2324,2024-05-19,Brighton,Man United,A,0.4523,0.2297,0.318,H,,
2324,2024-05-19,Burnley,Nott'm Forest,A,0.2728,0.2318,0.4954,A,,
2324,2024-05-19,Chelsea,Bournemouth,H,0.6339,0.215,0.151,H,,
2324,2024-05-19,Crystal Palace,Aston Villa,H,0.6164,0.1984,0.1852,H,,
2324,2024-05-19,Liverpool,Wolves,H,0.7632,0.1806,0.0562,H,,
2324,2024-05-19,Luton,Fulham,A,0.3517,0.2243,0.4239,A,,
2324,2024-05-19,Man City,West Ham,H,0.7764,0.1747,0.0489,H,,
2324,2024-05-19,Sheffield United,Tottenham,A,0.1406,0.1913,0.6681,A,,
2425,2024-08-16,Man United,Fulham,H,0.5909,0.2275,0.1816,H,,
2425,2024-08-17,Arsenal,Wolves,H,0.7315,0.1859,0.0826,H,,
2425,2024-08-17,Everton,Brighton,A,0.3108,0.2254,0.4639,A,,
2425,2024-08-17,Ipswich,Liverpool,A,0.3182,0.1274,0.5544,A,H,0.1455
2425,2024-08-17,Newcastle,Southampton,H,0.5824,0.2094,0.2082,H,,
2425,2024-08-17,Nott'm Forest,Bournemouth,D,0.3904,0.2586,0.351,H,,
2425,2024-08-17,West Ham,Aston Villa,A,0.4533,0.2405,0.3062,H,,
2425,2024-08-18,Brentford,Crystal Palace,H,0.3022,0.2616,0.4363,A,,
2425,2024-08-18,Chelsea,Man City,A,0.3139,0.2591,0.427,A,,
2425,2024-08-19,Leicester,Tottenham,D,0.2392,0.2188,0.542,A,,
2425,2024-08-24,Aston Villa,Arsenal,A,0.3179,0.2613,0.4208,A,,
2425,2024-08-24,Brighton,Man United,H,0.5121,0.2569,0.231,H,H,0.092
2425,2024-08-24,Crystal Palace,West Ham,A,0.5062,0.2305,0.2633,H,,
2425,2024-08-24,Fulham,Leicester,H,0.5551,0.2277,0.2172,H,,
2425,2024-08-24,Man City,Ipswich,H,0.743,0.1725,0.0845,H,,
2425,2024-08-24,Southampton,Nott'm Forest,A,0.4519,0.2754,0.2726,H,,
2425,2024-08-24,Tottenham,Everton,H,0.6775,0.2135,0.1091,H,,
2425,2024-08-25,Bournemouth,Newcastle,D,0.4267,0.2451,0.3282,H,,
2425,2024-08-25,Liverpool,Brentford,H,0.7269,0.1955,0.0776,H,,
2425,2024-08-25,Wolves,Chelsea,A,0.2926,0.2525,0.4549,A,,
2425,2024-08-31,Arsenal,Brighton,D,0.6624,0.1798,0.1579,H,,
2425,2024-08-31,Brentford,Southampton,H,0.4685,0.2357,0.2957,H,,
2425,2024-08-31,Everton,Bournemouth,A,0.269,0.2324,0.4986,A,A,0.0917
2425,2024-08-31,Ipswich,Fulham,D,0.4473,0.2006,0.3521,H,H,0.099
2425,2024-08-31,Leicester,Aston Villa,A,0.3277,0.2019,0.4705,A,H,0.0861
2425,2024-08-31,Nott'm Forest,Wolves,D,0.5138,0.2353,0.2509,H,,
2425,2024-08-31,West Ham,Man City,A,0.1731,0.218,0.6088,A,,
2425,2024-09-01,Chelsea,Crystal Palace,D,0.5008,0.2539,0.2453,H,,
2425,2024-09-01,Man United,Liverpool,A,0.3886,0.2069,0.4045,A,H,0.0986
2425,2024-09-01,Newcastle,Tottenham,H,0.4164,0.223,0.3606,H,,
2425,2024-09-14,Aston Villa,Everton,H,0.485,0.2528,0.2623,H,,
2425,2024-09-14,Bournemouth,Chelsea,A,0.3085,0.254,0.4375,A,,
2425,2024-09-14,Brighton,Ipswich,D,0.6419,0.2122,0.1459,H,,
2425,2024-09-14,Crystal Palace,Leicester,D,0.4311,0.2514,0.3175,H,A,0.1
2425,2024-09-14,Fulham,West Ham,D,0.4285,0.2368,0.3347,H,,
2425,2024-09-14,Liverpool,Nott'm Forest,A,0.7123,0.1939,0.0939,H,,
2425,2024-09-14,Man City,Brentford,H,0.6885,0.2012,0.1103,H,,
2425,2024-09-14,Southampton,Man United,A,0.2495,0.2631,0.4874,A,,
2425,2024-09-15,Tottenham,Arsenal,A,0.4859,0.2535,0.2606,H,H,0.1188
2425,2024-09-15,Wolves,Newcastle,A,0.3057,0.2839,0.4104,A,,
2425,2024-09-21,Aston Villa,Wolves,H,0.5928,0.2154,0.1918,H,,
2425,2024-09-21,Crystal Palace,Man United,D,0.2965,0.2571,0.4463,A,,
2425,2024-09-21,Fulham,Newcastle,H,0.4519,0.2662,0.2819,H,H,0.0839
2425,2024-09-21,Leicester,Everton,D,0.511,0.2357,0.2533,H,H,0.0937
2425,2024-09-21,Liverpool,Bournemouth,H,0.7172,0.184,0.0987,H,,
2425,2024-09-21,Southampton,Ipswich,D,0.4432,0.2571,0.2998,H,,
2425,2024-09-21,Tottenham,Brentford,H,0.6738,0.2076,0.1186,H,,
2425,2024-09-21,West Ham,Chelsea,A,0.3217,0.269,0.4093,A,,
2425,2024-09-22,Brighton,Nott'm Forest,D,0.6058,0.2279,0.1663,H,,
2425,2024-09-22,Man City,Arsenal,D,0.622,0.234,0.1441,H,,
2425,2024-09-28,Arsenal,Leicester,H,0.6727,0.1717,0.1556,H,,
2425,2024-09-28,Brentford,West Ham,D,0.4002,0.2361,0.3636,H,,
2425,2024-09-28,Chelsea,Brighton,H,0.5038,0.2088,0.2874,H,,
2425,2024-09-28,Everton,Crystal Palace,H,0.2514,0.2578,0.4908,A,A,0.0905
2425,2024-09-28,Newcastle,Man City,D,0.2814,0.2077,0.5109,A,,
2425,2024-09-28,Nott'm Forest,Fulham,A,0.4186,0.2329,0.3485,H,,
2425,2024-09-28,Wolves,Liverpool,A,0.1543,0.2135,0.6321,A,,
2425,2024-09-29,Ipswich,Aston Villa,D,0.3983,0.1845,0.4172,A,H,0.1201
2425,2024-09-29,Man United,Tottenham,A,0.503,0.2162,0.2808,H,,
2425,2024-09-30,Bournemouth,Southampton,H,0.5787,0.2283,0.1931,H,,
2425,2024-10-05,Arsenal,Southampton,H,0.641,0.1833,0.1757,H,,
2425,2024-10-05,Brentford,Wolves,H,0.4797,0.2183,0.302,H,,
2425,2024-10-05,Crystal Palace,Liverpool,A,0.2287,0.2127,0.5586,A,,
2425,2024-10-05,Everton,Newcastle,D,0.2662,0.2652,0.4686,A,,
2425,2024-10-05,Leicester,Bournemouth,H,0.3213,0.235,0.4437,A,,
2425,2024-10-05,Man City,Fulham,H,0.7105,0.1807,0.1088,H,,
2425,2024-10-05,West Ham,Ipswich,H,0.5865,0.2237,0.1898,H,,
2425,2024-10-06,Aston Villa,Man United,D,0.5055,0.2515,0.243,H,,
2425,2024-10-06,Brighton,Tottenham,H,0.3682,0.2368,0.395,A,,
2425,2024-10-06,Chelsea,Nott'm Forest,D,0.5645,0.2304,0.2051,H,,
2425,2024-10-19,Bournemouth,Arsenal,H,0.2821,0.2187,0.4991,A,,
2425,2024-10-19,Fulham,Aston Villa,A,0.4791,0.2267,0.2942,H,,
2425,2024-10-19,Ipswich,Everton,A,0.4817,0.2151,0.3032,H,,
2425,2024-10-19,Man United,Brentford,H,0.5664,0.208,0.2256,H,,
2425,2024-10-19,Newcastle,Brighton,A,0.6477,0.1948,0.1574,H,H,0.122
2425,2024-10-19,Southampton,Leicester,A,0.4262,0.2554,0.3184,H,,
2425,2024-10-19,Tottenham,West Ham,H,0.5966,0.2153,0.1881,H,,
2425,2024-10-20,Liverpool,Chelsea,H,0.5644,0.2463,0.1893,H,,
2425,2024-10-20,Wolves,Man City,A,0.1977,0.2079,0.5944,A,,
2425,2024-10-21,Nott'm Forest,Crystal Palace,H,0.3448,0.2658,0.3894,A,,
2425,2024-10-25,Leicester,Nott'm Forest,A,0.3597,0.2506,0.3897,A,,
2425,2024-10-26,Aston Villa,Bournemouth,D,0.5875,0.2308,0.1818,H,,
2425,2024-10-26,Brentford,Ipswich,H,0.5982,0.2216,0.1802,H,,
2425,2024-10-26,Brighton,Wolves,D,0.6173,0.1982,0.1844,H,,
2425,2024-10-26,Everton,Fulham,D,0.444,0.2445,0.3115,H,,
2425,2024-10-26,Man City,Southampton,H,0.7119,0.1715,0.1165,H,,
2425,2024-10-27,Arsenal,Liverpool,D,0.5368,0.2367,0.2265,H,H,0.1096
2425,2024-10-27,Chelsea,Newcastle,H,0.5352,0.2322,0.2326,H,,
2425,2024-10-27,Crystal Palace,Tottenham,H,0.3182,0.234,0.4478,A,,
2425,2024-10-27,West Ham,Man United,H,0.2918,0.2645,0.4437,A,,
2425,2024-11-02,Bournemouth,Man City,H,0.2287,0.2099,0.5614,A,,
2425,2024-11-02,Ipswich,Leicester,D,0.4551,0.2317,0.3131,H,,
2425,2024-11-02,Liverpool,Brighton,H,0.6892,0.1871,0.1237,H,,
2425,2024-11-02,Newcastle,Arsenal,H,0.3489,0.1974,0.4537,A,,
2425,2024-11-02,Nott'm Forest,West Ham,H,0.4533,0.2277,0.3189,H,,
2425,2024-11-02,Southampton,Everton,H,0.341,0.249,0.41,A,,
2425,2024-11-02,Wolves,Crystal Palace,D,0.4038,0.2677,0.3284,H,,
2425,2024-11-03,Man United,Chelsea,D,0.3798,0.2263,0.3938,A,,
2425,2024-11-03,Tottenham,Aston Villa,H,0.5105,0.2102,0.2793,H,,
2425,2024-11-04,Fulham,Brentford,H,0.5127,0.2293,0.258,H,,
2425,2024-11-09,Brentford,Bournemouth,H,0.408,0.2613,0.3307,H,,
2425,2024-11-09,Brighton,Man City,H,0.3058,0.2272,0.467,A,,
2425,2024-11-09,Crystal Palace,Fulham,A,0.3445,0.2213,0.4342,A,,
2425,2024-11-09,Liverpool,Aston Villa,H,0.6104,0.1851,0.2044,H,,
2425,2024-11-09,West Ham,Everton,D,0.4745,0.2524,0.2732,H,,
2425,2024-11-09,Wolves,Southampton,H,0.503,0.2547,0.2424,H,,
2425,2024-11-10,Chelsea,Arsenal,D,0.4162,0.2241,0.3597,H,,
2425,2024-11-10,Man United,Leicester,H,0.684,0.1943,0.1216,H,,
2425,2024-11-10,Nott'm Forest,Newcastle,A,0.3322,0.2515,0.4163,A,,
2425,2024-11-10,Tottenham,Ipswich,A,0.7074,0.1875,0.1052,H,,
2425,2024-11-23,Arsenal,Nott'm Forest,H,0.6736,0.2021,0.1243,H,,
2425,2024-11-23,Aston Villa,Crystal Palace,D,0.5276,0.2323,0.2401,H,,
2425,2024-11-23,Bournemouth,Brighton,A,0.4062,0.2485,0.3453,H,,
2425,2024-11-23,Everton,Brentford,D,0.5256,0.23,0.2444,H,H,0.097
2425,2024-11-23,Fulham,Wolves,A,0.6014,0.2278,0.1708,H,,
2425,2024-11-23,Leicester,Chelsea,A,0.1731,0.223,0.6038,A,,
2425,2024-11-23,Man City,Tottenham,A,0.6975,0.2043,0.0982,H,,
2425,2024-11-24,Ipswich,Man United,D,0.2279,0.2116,0.5605,A,,
2425,2024-11-24,Southampton,Liverpool,A,0.1468,0.2032,0.65,A,,
2425,2024-11-25,Newcastle,West Ham,A,0.6455,0.2054,0.1491,H,,
2425,2024-11-29,Brighton,Southampton,D,0.6309,0.2193,0.1498,H,,
2425,2024-11-30,Brentford,Leicester,H,0.5746,0.2354,0.19,H,,
2425,2024-11-30,Crystal Palace,Newcastle,D,0.3904,0.2373,0.3723,H,,
2425,2024-11-30,Nott'm Forest,Ipswich,H,0.5926,0.2366,0.1709,H,,
2425,2024-11-30,West Ham,Arsenal,A,0.2205,0.2004,0.5791,A,,
2425,2024-11-30,Wolves,Bournemouth,A,0.4219,0.2501,0.328,H,,
2425,2024-12-01,Chelsea,Aston Villa,H,0.5691,0.2047,0.2262,H,,
2425,2024-12-01,Liverpool,Man City,H,0.5752,0.223,0.2018,H,H,0.0846
2425,2024-12-01,Man United,Everton,H,0.5267,0.2304,0.243,H,,
2425,2024-12-01,Tottenham,Fulham,D,0.4897,0.2284,0.2819,H,,
2425,2024-12-03,Ipswich,Crystal Palace,A,0.4052,0.2119,0.3829,H,,
2425,2024-12-03,Leicester,West Ham,H,0.322,0.2423,0.4357,A,,
2425,2024-12-04,Arsenal,Man United,H,0.6834,0.2078,0.1088,H,,
2425,2024-12-04,Aston Villa,Brentford,H,0.6294,0.2141,0.1564,H,,
2425,2024-12-04,Everton,Wolves,H,0.5012,0.2238,0.275,H,,
2425,2024-12-04,Man City,Nott'm Forest,H,0.7368,0.1867,0.0765,H,,
2425,2024-12-04,Newcastle,Liverpool,D,0.429,0.1951,0.3758,H,H,0.1473
2425,2024-12-04,Southampton,Chelsea,A,0.1467,0.2012,0.6521,A,,
2425,2024-12-05,Bournemouth,Tottenham,H,0.4747,0.2402,0.2851,H,H,0.082
2425,2024-12-05,Fulham,Brighton,H,0.4087,0.2422,0.3491,H,,
2425,2024-12-07,Aston Villa,Southampton,H,0.6778,0.2066,0.1156,H,,
2425,2024-12-07,Brentford,Newcastle,H,0.4493,0.2306,0.32,H,H,0.0816
2425,2024-12-07,Crystal Palace,Man City,D,0.3189,0.1852,0.4959,A,H,0.1014
2425,2024-12-07,Man United,Nott'm Forest,A,0.5882,0.2161,0.1957,H,,
2425,2024-12-08,Fulham,Arsenal,D,0.2798,0.2182,0.502,A,,
2425,2024-12-08,Ipswich,Bournemouth,A,0.3739,0.2155,0.4106,A,,
2425,2024-12-08,Leicester,Brighton,D,0.2023,0.2125,0.5852,A,,
2425,2024-12-08,Tottenham,Chelsea,A,0.3978,0.2244,0.3778,H,,
2425,2024-12-09,West Ham,Wolves,H,0.5622,0.2311,0.2067,H,,
2425,2024-12-14,Arsenal,Everton,D,0.7057,0.2048,0.0895,H,,
2425,2024-12-14,Liverpool,Fulham,D,0.7066,0.1885,0.1048,H,,
2425,2024-12-14,Newcastle,Leicester,H,0.681,0.1995,0.1195,H,,
2425,2024-12-14,Nott'm Forest,Aston Villa,H,0.3575,0.2286,0.4139,A,,
2425,2024-12-14,Wolves,Ipswich,A,0.501,0.2599,0.239,H,,
2425,2024-12-15,Brighton,Crystal Palace,A,0.5806,0.2211,0.1984,H,,
2425,2024-12-15,Chelsea,Brentford,H,0.6588,0.2166,0.1246,H,,
2425,2024-12-15,Man City,Man United,A,0.6797,0.1954,0.1248,H,,
2425,2024-12-15,Southampton,Tottenham,A,0.2007,0.227,0.5723,A,,
2425,2024-12-16,Bournemouth,West Ham,D,0.4688,0.2464,0.2848,H,,
2425,2024-12-21,Aston Villa,Man City,H,0.4308,0.2124,0.3568,H,H,0.1008
2425,2024-12-21,Brentford,Nott'm Forest,A,0.4102,0.2785,0.3113,H,,
2425,2024-12-21,Crystal Palace,Arsenal,A,0.2898,0.207,0.5032,A,H,0.0953
2425,2024-12-21,Ipswich,Newcastle,A,0.3367,0.2104,0.4529,A,H,0.093
2425,2024-12-21,West Ham,Brighton,D,0.3528,0.2308,0.4164,A,,
2425,2024-12-22,Everton,Chelsea,D,0.2878,0.2167,0.4955,A,,
2425,2024-12-22,Fulham,Southampton,D,0.5116,0.2273,0.2611,H,A,0.0924
2425,2024-12-22,Leicester,Wolves,A,0.2554,0.2502,0.4944,A,A,0.0998
2425,2024-12-22,Man United,Bournemouth,A,0.5207,0.224,0.2553,H,,
2425,2024-12-22,Tottenham,Liverpool,A,0.2992,0.2127,0.4881,A,,
2425,2024-12-26,Bournemouth,Crystal Palace,D,0.4957,0.2401,0.2642,H,,
2425,2024-12-26,Chelsea,Fulham,A,0.6561,0.2004,0.1435,H,,
2425,2024-12-26,Liverpool,Leicester,H,0.7363,0.1788,0.0849,H,,
2425,2024-12-26,Man City,Everton,D,0.7101,0.1857,0.1042,H,,
2425,2024-12-26,Newcastle,Aston Villa,H,0.5692,0.2136,0.2172,H,,
2425,2024-12-26,Nott'm Forest,Tottenham,H,0.4738,0.2511,0.2751,H,,
2425,2024-12-26,Southampton,West Ham,A,0.3226,0.2323,0.4451,A,,
2425,2024-12-26,Wolves,Man United,H,0.1792,0.2508,0.57,A,,
2425,2024-12-27,Arsenal,Ipswich,H,0.7637,0.1847,0.0516,H,,
2425,2024-12-27,Brighton,Brentford,D,0.5864,0.2243,0.1893,H,,
2425,2024-12-29,Crystal Palace,Southampton,H,0.6299,0.222,0.1481,H,,
2425,2024-12-29,Everton,Nott'm Forest,A,0.4363,0.2466,0.3171,H,,
2425,2024-12-29,Fulham,Bournemouth,D,0.4824,0.2323,0.2853,H,,
2425,2024-12-29,Leicester,Man City,A,0.22,0.1791,0.601,A,,
2425,2024-12-29,Tottenham,Wolves,D,0.4986,0.235,0.2665,H,,
2425,2024-12-29,West Ham,Liverpool,A,0.2251,0.1899,0.585,A,,
2425,2024-12-30,Aston Villa,Brighton,D,0.5867,0.2049,0.2084,H,,
2425,2024-12-30,Ipswich,Chelsea,H,0.2022,0.2075,0.5904,A,,
2425,2024-12-30,Man United,Newcastle,A,0.422,0.2256,0.3524,H,,
2425,2025-01-01,Brentford,Arsenal,A,0.2349,0.2019,0.5632,A,,
2425,2025-01-04,Aston Villa,Leicester,H,0.6759,0.2113,0.1128,H,,
2425,2025-01-04,Bournemouth,Everton,H,0.5744,0.2245,0.2012,H,,
2425,2025-01-04,Brighton,Arsenal,D,0.3257,0.2116,0.4627,A,,
2425,2025-01-04,Crystal Palace,Chelsea,D,0.3362,0.2464,0.4174,A,,
2425,2025-01-04,Man City,West Ham,H,0.7708,0.1768,0.0524,H,,
2425,2025-01-04,Southampton,Brentford,A,0.2284,0.2275,0.5441,A,A,0.114
2425,2025-01-04,Tottenham,Newcastle,A,0.2861,0.25,0.4639,A,,
2425,2025-01-05,Fulham,Ipswich,D,0.6394,0.211,0.1496,H,,
2425,2025-01-05,Liverpool,Man United,D,0.6152,0.2304,0.1544,H,,
2425,2025-01-06,Wolves,Nott'm Forest,A,0.2783,0.2772,0.4445,A,,
2425,2025-01-14,Brentford,Man City,D,0.2266,0.1973,0.5761,A,,
2425,2025-01-14,Chelsea,Bournemouth,D,0.5877,0.2202,0.1921,H,,
2425,2025-01-14,Nott'm Forest,Liverpool,D,0.2612,0.2176,0.5212,A,,
2425,2025-01-14,West Ham,Fulham,H,0.3757,0.2267,0.3976,A,,
2425,2025-01-15,Arsenal,Tottenham,H,0.7012,0.1924,0.1065,H,,
2425,2025-01-15,Everton,Aston Villa,A,0.344,0.2159,0.44,A,,
2425,2025-01-15,Leicester,Crystal Palace,A,0.2841,0.2238,0.4921,A,,
2425,2025-01-15,Newcastle,Wolves,H,0.6215,0.2167,0.1618,H,,
2425,2025-01-16,Ipswich,Brighton,A,0.2754,0.2107,0.5139,A,,
2425,2025-01-16,Man United,Southampton,H,0.6527,0.2072,0.1401,H,,
2425,2025-01-18,Arsenal,Aston Villa,D,0.6552,0.2015,0.1433,H,,
2425,2025-01-18,Brentford,Liverpool,A,0.2433,0.1916,0.5651,A,,
2425,2025-01-18,Leicester,Fulham,A,0.2585,0.2041,0.5374,A,,
2425,2025-01-18,Newcastle,Bournemouth,A,0.6284,0.2154,0.1563,H,,
2425,2025-01-18,West Ham,Crystal Palace,A,0.371,0.2432,0.3858,A,,
2425,2025-01-19,Everton,Tottenham,H,0.4375,0.2225,0.34,H,,
2425,2025-01-19,Ipswich,Man City,A,0.2137,0.1645,0.6218,A,,
2425,2025-01-19,Man United,Brighton,A,0.4141,0.2117,0.3742,H,,
2425,2025-01-19,Nott'm Forest,Southampton,H,0.5864,0.2147,0.1989,H,,
2425,2025-01-20,Chelsea,Wolves,H,0.5669,0.2034,0.2297,H,,
2425,2025-01-25,Bournemouth,Nott'm Forest,H,0.5041,0.2422,0.2537,H,,
2425,2025-01-25,Brighton,Everton,A,0.6132,0.2237,0.1632,H,,
2425,2025-01-25,Liverpool,Ipswich,H,0.7659,0.1819,0.0522,H,,
2425,2025-01-25,Man City,Chelsea,H,0.5002,0.2308,0.269,H,,
2425,2025-01-25,Southampton,Newcastle,A,0.1551,0.2246,0.6203,A,,
2425,2025-01-25,Wolves,Arsenal,A,0.2572,0.2155,0.5273,A,H,0.0847
2425,2025-01-26,Aston Villa,West Ham,D,0.6659,0.2203,0.1139,H,,
2425,2025-01-26,Crystal Palace,Brentford,A,0.5378,0.2265,0.2357,H,,
2425,2025-01-26,Fulham,Man United,A,0.4297,0.2675,0.3028,H,,
2425,2025-01-26,Tottenham,Leicester,A,0.5534,0.2088,0.2378,H,,
2425,2025-02-01,Bournemouth,Liverpool,A,0.2234,0.2162,0.5604,A,,
2425,2025-02-01,Everton,Leicester,H,0.392,0.2358,0.3722,H,A,0.1205
2425,2025-02-01,Ipswich,Southampton,A,0.5085,0.225,0.2665,H,,
2425,2025-02-01,Newcastle,Fulham,A,0.5624,0.2134,0.2241,H,,
2425,2025-02-01,Nott'm Forest,Brighton,H,0.352,0.2377,0.4103,A,,
2425,2025-02-01,Wolves,Aston Villa,H,0.3402,0.2229,0.437,A,,
2425,2025-02-02,Arsenal,Man City,H,0.6608,0.2173,0.1219,H,H,0.1271
2425,2025-02-02,Brentford,Tottenham,A,0.5349,0.2369,0.2282,H,,
2425,2025-02-02,Man United,Crystal Palace,A,0.6161,0.225,0.1589,H,H,0.1065
2425,2025-02-03,Chelsea,West Ham,H,0.7106,0.1929,0.0966,H,,
2425,2025-02-12,Everton,Liverpool,D,0.1558,0.2105,0.6337,A,,
2425,2025-02-14,Brighton,Chelsea,H,0.4445,0.242,0.3135,H,,
2425,2025-02-15,Aston Villa,Ipswich,D,0.6882,0.2118,0.1,H,,
2425,2025-02-15,Crystal Palace,Everton,A,0.495,0.227,0.278,H,,
2425,2025-02-15,Fulham,Nott'm Forest,H,0.4901,0.2589,0.251,H,,
2425,2025-02-15,Leicester,Arsenal,A,0.1906,0.2001,0.6092,A,,
2425,2025-02-15,Man City,Newcastle,H,0.5564,0.2613,0.1823,H,,
2425,2025-02-15,Southampton,Bournemouth,A,0.1478,0.2181,0.6341,A,,
2425,2025-02-15,West Ham,Brentford,A,0.4096,0.2407,0.3497,H,,
2425,2025-02-16,Liverpool,Wolves,H,0.6751,0.2082,0.1167,H,,
2425,2025-02-16,Tottenham,Man United,H,0.5368,0.2403,0.2229,H,H,0.1061
2425,2025-02-19,Aston Villa,Liverpool,D,0.3745,0.2365,0.389,A,H,0.0943
2425,2025-02-21,Leicester,Brentford,A,0.3357,0.224,0.4402,A,,
2425,2025-02-22,Arsenal,West Ham,A,0.6592,0.1783,0.1625,H,,
2425,2025-02-22,Aston Villa,Chelsea,H,0.4918,0.2293,0.2789,H,H,0.0905
2425,2025-02-22,Bournemouth,Wolves,A,0.4783,0.2454,0.2763,H,,
2425,2025-02-22,Everton,Man United,D,0.4037,0.2686,0.3277,H,,
2425,2025-02-22,Fulham,Crystal Palace,A,0.4781,0.2544,0.2675,H,,
2425,2025-02-22,Ipswich,Tottenham,A,0.2891,0.2352,0.4756,A,,
2425,2025-02-22,Southampton,Brighton,A,0.1921,0.2182,0.5897,A,,
2425,2025-02-23,Man City,Liverpool,A,0.4668,0.2213,0.3119,H,H,0.0988
2425,2025-02-23,Newcastle,Nott'm Forest,H,0.4456,0.2301,0.3243,H,,
2425,2025-02-25,Brighton,Bournemouth,H,0.5335,0.2357,0.2308,H,,
2425,2025-02-25,Chelsea,Southampton,H,0.7106,0.1768,0.1127,H,,
2425,2025-02-25,Crystal Palace,Aston Villa,H,0.5207,0.2146,0.2646,H,H,0.1038
2425,2025-02-25,Wolves,Fulham,A,0.4329,0.2402,0.3268,H,,
2425,2025-02-26,Brentford,Everton,D,0.5176,0.2323,0.2501,H,,
2425,2025-02-26,Liverpool,Newcastle,H,0.746,0.1955,0.0585,H,H,0.0838
2425,2025-02-26,Man United,Ipswich,H,0.697,0.1948,0.1082,H,,
2425,2025-02-26,Nott'm Forest,Arsenal,D,0.2141,0.2516,0.5343,A,,
2425,2025-02-26,Tottenham,Man City,A,0.3688,0.217,0.4142,A,,
2425,2025-02-27,West Ham,Leicester,H,0.5044,0.2178,0.2779,H,,
2425,2025-03-08,Brentford,Aston Villa,A,0.506,0.2257,0.2683,H,,
2425,2025-03-08,Brighton,Fulham,H,0.4897,0.2568,0.2535,H,,
2425,2025-03-08,Crystal Palace,Ipswich,H,0.6005,0.2144,0.1851,H,,
2425,2025-03-08,Liverpool,Southampton,H,0.7525,0.1738,0.0737,H,,
2425,2025-03-08,Nott'm Forest,Man City,H,0.2306,0.2504,0.519,A,,
2425,2025-03-08,Wolves,Everton,D,0.3499,0.2405,0.4096,A,,
2425,2025-03-09,Chelsea,Leicester,H,0.661,0.1881,0.151,H,,
2425,2025-03-09,Man United,Arsenal,D,0.2846,0.2306,0.4848,A,,
2425,2025-03-09,Tottenham,Bournemouth,D,0.3975,0.2173,0.3852,H,,
2425,2025-03-10,West Ham,Newcastle,A,0.3466,0.2458,0.4076,A,,
2425,2025-03-15,Bournemouth,Brentford,A,0.5136,0.2437,0.2428,H,,
2425,2025-03-15,Everton,West Ham,D,0.4272,0.2542,0.3185,H,,
2425,2025-03-15,Ipswich,Nott'm Forest,A,0.2703,0.2204,0.5093,A,,
2425,2025-03-15,Man City,Brighton,D,0.5582,0.2089,0.233,H,,
2425,2025-03-15,Southampton,Wolves,A,0.2243,0.2432,0.5325,A,,
2425,2025-03-16,Arsenal,Chelsea,H,0.6604,0.2028,0.1368,H,H,0.0948
2425,2025-03-16,Fulham,Tottenham,H,0.6088,0.2355,0.1556,H,H,0.0957
2425,2025-03-16,Leicester,Man United,A,0.2084,0.2264,0.5653,A,,
2425,2025-04-01,Arsenal,Fulham,H,0.6762,0.207,0.1167,H,,
2425,2025-04-01,Nott'm Forest,Man United,H,0.3936,0.2812,0.3252,H,,
2425,2025-04-01,Wolves,West Ham,H,0.4069,0.2685,0.3246,H,,
2425,2025-04-02,Bournemouth,Ipswich,A,0.6554,0.2097,0.1349,H,,
2425,2025-04-02,Brighton,Aston Villa,A,0.4296,0.2311,0.3393,H,,
2425,2025-04-02,Liverpool,Everton,H,0.5888,0.2174,0.1938,H,,
2425,2025-04-02,Man City,Leicester,H,0.681,0.1881,0.1309,H,,
2425,2025-04-02,Newcastle,Brentford,H,0.5462,0.224,0.2298,H,,
2425,2025-04-02,Southampton,Crystal Palace,D,0.1443,0.2406,0.6151,A,,
2425,2025-04-03,Chelsea,Tottenham,H,0.5644,0.2238,0.2118,H,,
2425,2025-04-05,Aston Villa,Nott'm Forest,H,0.5225,0.2362,0.2413,H,,
2425,2025-04-05,Crystal Palace,Brighton,H,0.4021,0.2303,0.3676,H,,
2425,2025-04-05,Everton,Arsenal,D,0.3156,0.2313,0.4531,A,H,0.0937
2425,2025-04-05,Ipswich,Wolves,A,0.3711,0.2557,0.3731,A,,
2425,2025-04-05,West Ham,Bournemouth,D,0.3524,0.2294,0.4182,A,,
2425,2025-04-06,Brentford,Chelsea,D,0.3715,0.232,0.3965,A,,
2425,2025-04-06,Fulham,Liverpool,H,0.2983,0.2261,0.4756,A,,
2425,2025-04-06,Man United,Man City,D,0.2963,0.2421,0.4616,A,,
2425,2025-04-06,Tottenham,Southampton,H,0.6282,0.1982,0.1736,H,,
2425,2025-04-07,Leicester,Newcastle,A,0.1962,0.2134,0.5904,A,,
2425,2025-04-12,Arsenal,Brentford,D,0.6389,0.1973,0.1638,H,,
2425,2025-04-12,Brighton,Leicester,D,0.6137,0.2161,0.1702,H,,
2425,2025-04-12,Man City,Crystal Palace,H,0.6227,0.2044,0.173,H,,
2425,2025-04-12,Nott'm Forest,Everton,A,0.5261,0.2484,0.2255,H,,
2425,2025-04-12,Southampton,Aston Villa,A,0.1863,0.2229,0.5908,A,,
2425,2025-04-13,Chelsea,Ipswich,D,0.7579,0.1739,0.0682,H,,
2425,2025-04-13,Liverpool,West Ham,H,0.6939,0.184,0.1221,H,,
2425,2025-04-13,Newcastle,Man United,H,0.6442,0.2223,0.1335,H,,
2425,2025-04-13,Wolves,Tottenham,H,0.385,0.2705,0.3445,H,,
2425,2025-04-14,Bournemouth,Fulham,H,0.4587,0.2374,0.3038,H,,
2425,2025-04-16,Newcastle,Crystal Palace,H,0.6656,0.2142,0.1202,H,,
2425,2025-04-19,Aston Villa,Newcastle,H,0.4674,0.2433,0.2893,H,,
2425,2025-04-19,Brentford,Brighton,H,0.3707,0.2185,0.4107,A,,
2425,2025-04-19,Crystal Palace,Bournemouth,D,0.4583,0.2357,0.3061,H,,
2425,2025-04-19,Everton,Man City,A,0.2938,0.2205,0.4857,A,,
2425,2025-04-19,West Ham,Southampton,D,0.4767,0.2346,0.2887,H,A,0.1013
2425,2025-04-20,Fulham,Chelsea,A,0.3349,0.2543,0.4108,A,,
2425,2025-04-20,Ipswich,Arsenal,A,0.2153,0.208,0.5767,A,,
2425,2025-04-20,Leicester,Liverpool,A,0.152,0.1923,0.6558,A,,
2425,2025-04-20,Man United,Wolves,A,0.3304,0.2519,0.4177,A,A,0.1161
2425,2025-04-21,Tottenham,Nott'm Forest,A,0.4273,0.22,0.3528,H,,
2425,2025-04-22,Man City,Aston Villa,H,0.6386,0.1995,0.1619,H,H,0.0861
2425,2025-04-23,Arsenal,Crystal Palace,D,0.7158,0.189,0.0952,H,,
2425,2025-04-26,Brighton,West Ham,H,0.4833,0.2363,0.2804,H,,
2425,2025-04-26,Chelsea,Everton,H,0.6829,0.2097,0.1074,H,,
2425,2025-04-26,Newcastle,Ipswich,H,0.7516,0.1891,0.0593,H,,
2425,2025-04-26,Southampton,Fulham,A,0.1782,0.2155,0.6062,A,,
2425,2025-04-26,Wolves,Leicester,H,0.5286,0.2265,0.2449,H,,
2425,2025-04-27,Bournemouth,Man United,D,0.4741,0.2532,0.2727,H,,
2425,2025-04-27,Liverpool,Tottenham,H,0.7291,0.1879,0.0831,H,,
2425,2025-05-01,Nott'm Forest,Brentford,A,0.4481,0.2496,0.3023,H,,
2425,2025-05-02,Man City,Wolves,H,0.7175,0.193,0.0895,H,,
2425,2025-05-03,Arsenal,Bournemouth,A,0.7067,0.1796,0.1137,H,H,0.1781
2425,2025-05-03,Aston Villa,Fulham,H,0.5117,0.2326,0.2557,H,,
2425,2025-05-03,Everton,Ipswich,D,0.6384,0.2236,0.138,H,,
2425,2025-05-03,Leicester,Southampton,H,0.3468,0.2336,0.4196,A,,
2425,2025-05-04,Brentford,Man United,H,0.5416,0.2563,0.2021,H,,
2425,2025-05-04,Brighton,Newcastle,D,0.3129,0.247,0.4401,A,,
2425,2025-05-04,Chelsea,Liverpool,H,0.53,0.2369,0.2331,H,,
2425,2025-05-04,West Ham,Tottenham,D,0.5573,0.234,0.2087,H,,
2425,2025-05-05,Crystal Palace,Nott'm Forest,D,0.5048,0.239,0.2562,H,,
2425,2025-05-10,Bournemouth,Aston Villa,A,0.4982,0.2319,0.27,H,,
2425,2025-05-10,Fulham,Everton,A,0.6002,0.2281,0.1717,H,,
2425,2025-05-10,Ipswich,Brentford,A,0.2271,0.2095,0.5634,A,,
2425,2025-05-10,Southampton,Man City,D,0.1194,0.1832,0.6974,A,,
2425,2025-05-10,Wolves,Brighton,A,0.254,0.2194,0.5266,A,A,0.1087
2425,2025-05-11,Liverpool,Arsenal,D,0.5488,0.2102,0.241,H,,
2425,2025-05-11,Man United,West Ham,A,0.437,0.23,0.333,H,,
2425,2025-05-11,Newcastle,Chelsea,H,0.4624,0.2498,0.2878,H,,
2425,2025-05-11,Nott'm Forest,Leicester,D,0.5695,0.2136,0.2168,H,,
2425,2025-05-11,Tottenham,Crystal Palace,A,0.353,0.2192,0.4278,A,,
2425,2025-05-16,Aston Villa,Tottenham,H,0.7047,0.1976,0.0977,H,,
2425,2025-05-16,Chelsea,Man United,H,0.5295,0.221,0.2495,H,,
2425,2025-05-18,Arsenal,Newcastle,H,0.645,0.2233,0.1317,H,H,0.1221
2425,2025-05-18,Brentford,Fulham,A,0.4617,0.2369,0.3014,H,,
2425,2025-05-18,Everton,Southampton,H,0.5818,0.2288,0.1893,H,,
2425,2025-05-18,Leicester,Ipswich,H,0.5364,0.2493,0.2142,H,H,0.0913
2425,2025-05-18,West Ham,Nott'm Forest,A,0.3573,0.2327,0.41,A,,
2425,2025-05-19,Brighton,Liverpool,H,0.5742,0.2287,0.1972,H,H,0.1523
2425,2025-05-20,Crystal Palace,Wolves,H,0.4113,0.27,0.3187,H,,
2425,2025-05-20,Man City,Bournemouth,H,0.7542,0.1788,0.067,H,H,0.1002
2425,2025-05-25,Bournemouth,Leicester,H,0.6601,0.2082,0.1317,H,,
2425,2025-05-25,Fulham,Man City,A,0.2182,0.2174,0.5645,A,,
2425,2025-05-25,Ipswich,West Ham,A,0.2743,0.1985,0.5272,A,,
2425,2025-05-25,Liverpool,Crystal Palace,D,0.6995,0.184,0.1165,H,,
2425,2025-05-25,Man United,Aston Villa,H,0.2018,0.2126,0.5856,A,,
2425,2025-05-25,Newcastle,Everton,A,0.6914,0.1923,0.1164,H,,
2425,2025-05-25,Nott'm Forest,Chelsea,A,0.329,0.259,0.4121,A,,
2425,2025-05-25,Southampton,Arsenal,A,0.1407,0.1822,0.677,A,,
2425,2025-05-25,Tottenham,Brighton,A,0.3483,0.1795,0.4722,A,H,0.0882
2425,2025-05-25,Wolves,Brentford,D,0.3064,0.2265,0.4672,A,,
2526,2025-08-15,Liverpool,Bournemouth,H,0.6593,0.2048,0.1359,H,,
2526,2025-08-16,Aston Villa,Newcastle,D,0.3164,0.2433,0.4403,A,A,0.0851
2526,2025-08-16,Brighton,Fulham,D,0.5986,0.2257,0.1757,H,,
2526,2025-08-16,Sunderland,West Ham,H,0.2386,0.2014,0.56,A,A,0.1009
2526,2025-08-16,Tottenham,Burnley,H,0.5201,0.2282,0.2518,H,,
2526,2025-08-16,Wolves,Man City,A,0.1261,0.2175,0.6564,A,,
2526,2025-08-17,Chelsea,Crystal Palace,D,0.4753,0.2124,0.3122,H,A,0.0905
2526,2025-08-17,Man United,Arsenal,A,0.2739,0.216,0.5101,A,,
2526,2025-08-17,Nott'm Forest,Brentford,H,0.56,0.2282,0.2118,H,H,0.0855
2526,2025-08-18,Leeds,Everton,H,0.4354,0.2472,0.3174,H,,
2526,2025-08-22,West Ham,Chelsea,A,0.2125,0.2398,0.5477,A,,
2526,2025-08-23,Arsenal,Leeds,H,0.6504,0.2046,0.145,H,,
2526,2025-08-23,Bournemouth,Wolves,H,0.5046,0.2489,0.2465,H,,
2526,2025-08-23,Brentford,Aston Villa,H,0.2853,0.2455,0.4692,A,,
2526,2025-08-23,Burnley,Sunderland,H,0.3859,0.2514,0.3627,H,,
2526,2025-08-23,Man City,Tottenham,A,0.5873,0.2031,0.2097,H,,
2526,2025-08-24,Crystal Palace,Nott'm Forest,D,0.5282,0.2226,0.2492,H,H,0.0907
2526,2025-08-24,Everton,Brighton,H,0.3796,0.2423,0.3781,H,,
2526,2025-08-24,Fulham,Man United,D,0.2976,0.2263,0.4761,A,,
2526,2025-08-25,Newcastle,Liverpool,A,0.3675,0.2162,0.4163,A,,
2526,2025-08-30,Chelsea,Fulham,H,0.5194,0.2112,0.2694,H,,
2526,2025-08-30,Leeds,Newcastle,D,0.2634,0.248,0.4886,A,,
2526,2025-08-30,Man United,Burnley,H,0.6069,0.2166,0.1765,H,,
2526,2025-08-30,Sunderland,Brentford,H,0.1812,0.2258,0.593,A,A,0.1495
2526,2025-08-30,Tottenham,Bournemouth,A,0.4825,0.2223,0.2953,H,,
2526,2025-08-30,Wolves,Everton,A,0.2103,0.2428,0.5469,A,A,0.1445
2526,2025-08-31,Aston Villa,Crystal Palace,A,0.4433,0.2201,0.3367,H,,
2526,2025-08-31,Brighton,Man City,H,0.3418,0.2425,0.4157,A,,
2526,2025-08-31,Liverpool,Arsenal,H,0.5464,0.2298,0.2238,H,H,0.0837
2526,2025-08-31,Nott'm Forest,West Ham,A,0.6394,0.2303,0.1303,H,,
2526,2025-09-13,Arsenal,Nott'm Forest,H,0.665,0.1952,0.1398,H,,
2526,2025-09-13,Bournemouth,Brighton,H,0.4194,0.2427,0.338,H,,
2526,2025-09-13,Brentford,Chelsea,D,0.2125,0.2304,0.5571,A,,
2526,2025-09-13,Crystal Palace,Sunderland,D,0.5959,0.2483,0.1557,H,,
2526,2025-09-13,Everton,Aston Villa,D,0.3293,0.2281,0.4426,A,A,0.0872
2526,2025-09-13,Fulham,Leeds,H,0.4893,0.2339,0.2768,H,,
2526,2025-09-13,Newcastle,Wolves,H,0.6244,0.2129,0.1627,H,,
2526,2025-09-13,West Ham,Tottenham,A,0.2844,0.233,0.4826,A,,
2526,2025-09-14,Burnley,Liverpool,A,0.1345,0.208,0.6575,A,,
2526,2025-09-14,Man City,Man United,H,0.5417,0.2061,0.2522,H,,
2526,2025-09-20,Brighton,Tottenham,D,0.4707,0.2432,0.2861,H,,
2526,2025-09-20,Burnley,Nott'm Forest,D,0.2512,0.2205,0.5283,A,,
2526,2025-09-20,Fulham,Brentford,H,0.4714,0.2364,0.2921,H,,
2526,2025-09-20,Liverpool,Everton,H,0.6551,0.2129,0.1321,H,,
2526,2025-09-20,Man United,Chelsea,H,0.3771,0.2431,0.3798,A,,
2526,2025-09-20,West Ham,Crystal Palace,A,0.2919,0.2356,0.4725,A,,
2526,2025-09-20,Wolves,Leeds,A,0.2971,0.2281,0.4747,A,A,0.093
2526,2025-09-21,Arsenal,Man City,D,0.5288,0.2206,0.2506,H,,
2526,2025-09-21,Bournemouth,Newcastle,D,0.4342,0.2393,0.3265,H,,
2526,2025-09-21,Sunderland,Aston Villa,D,0.1135,0.2131,0.6734,A,A,0.1603
2526,2025-09-27,Brentford,Man United,H,0.3096,0.2343,0.4561,A,,
2526,2025-09-27,Chelsea,Brighton,A,0.3881,0.2433,0.3686,H,A,0.0887
2526,2025-09-27,Crystal Palace,Liverpool,H,0.39,0.2376,0.3724,H,H,0.102
2526,2025-09-27,Leeds,Bournemouth,D,0.3363,0.2481,0.4156,A,,
2526,2025-09-27,Man City,Burnley,H,0.64,0.2039,0.1561,H,,
2526,2025-09-27,Nott'm Forest,Sunderland,A,0.5759,0.2351,0.189,H,,
2526,2025-09-27,Tottenham,Wolves,D,0.5682,0.2128,0.219,H,,
2526,2025-09-28,Aston Villa,Fulham,H,0.4623,0.2319,0.3058,H,,
2526,2025-09-28,Newcastle,Arsenal,A,0.359,0.2269,0.4141,A,,
2526,2025-09-29,Everton,West Ham,D,0.5822,0.2306,0.1872,H,,
2526,2025-10-03,Bournemouth,Fulham,H,0.5491,0.2308,0.2201,H,,
2526,2025-10-04,Arsenal,West Ham,H,0.7045,0.2035,0.0921,H,,
2526,2025-10-04,Chelsea,Liverpool,H,0.3921,0.2288,0.3791,H,,
2526,2025-10-04,Leeds,Tottenham,A,0.344,0.2487,0.4073,A,,
2526,2025-10-04,Man United,Sunderland,H,0.5393,0.2313,0.2294,H,,
2526,2025-10-05,Aston Villa,Burnley,H,0.5752,0.2273,0.1975,H,,
2526,2025-10-05,Brentford,Man City,A,0.2143,0.2185,0.5672,A,,
2526,2025-10-05,Everton,Crystal Palace,H,0.3646,0.2551,0.3803,A,,
2526,2025-10-05,Newcastle,Nott'm Forest,H,0.5949,0.2147,0.1904,H,,
2526,2025-10-05,Wolves,Brighton,D,0.2833,0.2347,0.4821,A,,
2526,2025-10-18,Brighton,Newcastle,H,0.3407,0.2391,0.4201,A,,
2526,2025-10-18,Burnley,Leeds,H,0.2161,0.2219,0.562,A,A,0.1021
2526,2025-10-18,Crystal Palace,Bournemouth,D,0.5308,0.2259,0.2433,H,,
2526,2025-10-18,Fulham,Arsenal,A,0.1624,0.2176,0.62,A,,
2526,2025-10-18,Man City,Everton,H,0.587,0.2167,0.1964,H,,
2526,2025-10-18,Nott'm Forest,Chelsea,A,0.3497,0.233,0.4173,A,,
2526,2025-10-18,Sunderland,Wolves,H,0.2589,0.2212,0.52,A,A,0.1557
2526,2025-10-19,Liverpool,Man United,A,0.6213,0.2077,0.171,H,,
2526,2025-10-19,Tottenham,Aston Villa,A,0.393,0.2202,0.3868,H,,
2526,2025-10-20,West Ham,Brentford,A,0.3042,0.2192,0.4767,A,A,0.1018
2526,2025-10-24,Leeds,West Ham,H,0.4933,0.239,0.2678,H,,
2526,2025-10-25,Brentford,Liverpool,H,0.3252,0.2253,0.4495,A,,
2526,2025-10-25,Chelsea,Sunderland,A,0.567,0.2191,0.214,H,,
2526,2025-10-25,Man United,Brighton,H,0.4616,0.2324,0.306,H,,
2526,2025-10-25,Newcastle,Fulham,H,0.621,0.2107,0.1683,H,,
2526,2025-10-26,Arsenal,Crystal Palace,H,0.6652,0.2099,0.1249,H,,
2526,2025-10-26,Aston Villa,Man City,H,0.319,0.2386,0.4424,A,,
2526,2025-10-26,Bournemouth,Nott'm Forest,H,0.4704,0.2424,0.2872,H,,
2526,2025-10-26,Everton,Tottenham,A,0.4425,0.2429,0.3146,H,,
2526,2025-10-26,Wolves,Burnley,A,0.5306,0.2307,0.2387,H,,
2526,2025-11-01,Brighton,Leeds,H,0.536,0.2396,0.2243,H,,
2526,2025-11-01,Burnley,Arsenal,A,0.0856,0.2153,0.6991,A,,
2526,2025-11-01,Crystal Palace,Brentford,H,0.5241,0.2334,0.2425,H,,
2526,2025-11-01,Fulham,Wolves,H,0.5512,0.2202,0.2286,H,,
2526,2025-11-01,Liverpool,Aston Villa,H,0.598,0.2032,0.1988,H,,
2526,2025-11-01,Nott'm Forest,Man United,D,0.3689,0.2523,0.3788,A,,
2526,2025-11-01,Tottenham,Chelsea,A,0.2853,0.2399,0.4748,A,,
2526,2025-11-02,Man City,Bournemouth,H,0.6378,0.2093,0.1529,H,,
2526,2025-11-02,West Ham,Newcastle,H,0.1851,0.2158,0.5991,A,,
2526,2025-11-03,Sunderland,Everton,D,0.1714,0.2244,0.6042,A,A,0.1806
2526,2025-11-08,Chelsea,Wolves,H,0.6052,0.2092,0.1855,H,,
2526,2025-11-08,Everton,Fulham,H,0.4329,0.2394,0.3276,H,,
2526,2025-11-08,Sunderland,Arsenal,D,0.1386,0.2205,0.641,A,,
2526,2025-11-08,Tottenham,Man United,D,0.289,0.2346,0.4763,A,,
2526,2025-11-08,West Ham,Burnley,H,0.5607,0.2339,0.2054,H,,
2526,2025-11-09,Aston Villa,Bournemouth,H,0.4929,0.2335,0.2736,H,,
2526,2025-11-09,Brentford,Newcastle,H,0.4219,0.2304,0.3477,H,,
2526,2025-11-09,Crystal Palace,Brighton,D,0.4418,0.2423,0.3159,H,,
2526,2025-11-09,Man City,Liverpool,H,0.5593,0.2058,0.2349,H,,
2526,2025-11-09,Nott'm Forest,Leeds,H,0.4399,0.2325,0.3276,H,,
2526,2025-11-22,Bournemouth,West Ham,D,0.5521,0.2437,0.2043,H,,
2526,2025-11-22,Brighton,Brentford,H,0.4855,0.2361,0.2784,H,,
2526,2025-11-22,Burnley,Chelsea,A,0.1665,0.228,0.6055,A,,
2526,2025-11-22,Fulham,Sunderland,H,0.5297,0.2126,0.2577,H,,
2526,2025-11-22,Liverpool,Nott'm Forest,A,0.5996,0.1936,0.2068,H,,
2526,2025-11-22,Newcastle,Man City,H,0.3141,0.2191,0.4668,A,,
2526,2025-11-22,Wolves,Crystal Palace,A,0.1694,0.2194,0.6112,A,A,0.0928
2526,2025-11-23,Arsenal,Tottenham,H,0.63,0.2162,0.1538,H,,
2526,2025-11-23,Leeds,Aston Villa,A,0.313,0.2302,0.4569,A,,
2526,2025-11-24,Man United,Everton,A,0.447,0.2482,0.3048,H,,
2526,2025-11-29,Brentford,Burnley,H,0.6352,0.2202,0.1446,H,,
2526,2025-11-29,Everton,Newcastle,A,0.4573,0.2416,0.3011,H,H,0.0841
2526,2025-11-29,Man City,Leeds,H,0.6583,0.1991,0.1426,H,,
2526,2025-11-29,Sunderland,Bournemouth,H,0.2807,0.2264,0.4929,A,,
2526,2025-11-29,Tottenham,Fulham,A,0.3506,0.2242,0.4252,A,A,0.101
2526,2025-11-30,Aston Villa,Wolves,H,0.6344,0.2127,0.1529,H,,
2526,2025-11-30,Chelsea,Arsenal,D,0.4118,0.2253,0.363,H,H,0.092
2526,2025-11-30,Crystal Palace,Man United,A,0.5343,0.2443,0.2213,H,H,0.0912
2526,2025-11-30,Nott'm Forest,Brighton,A,0.3875,0.2521,0.3604,H,,
2526,2025-11-30,West Ham,Liverpool,A,0.1958,0.2206,0.5836,A,,
2526,2025-12-02,Bournemouth,Everton,A,0.5266,0.2448,0.2286,H,,
2526,2025-12-02,Fulham,Man City,A,0.2205,0.2276,0.552,A,,
2526,2025-12-02,Newcastle,Tottenham,D,0.5343,0.2434,0.2223,H,,
2526,2025-12-03,Arsenal,Brentford,H,0.6713,0.2082,0.1205,H,,
2526,2025-12-03,Brighton,Aston Villa,A,0.4979,0.2517,0.2504,H,,
2526,2025-12-03,Burnley,Crystal Palace,A,0.1354,0.2194,0.6452,A,,
2526,2025-12-03,Leeds,Chelsea,H,0.2408,0.2409,0.5184,A,,
2526,2025-12-03,Liverpool,Sunderland,D,0.7022,0.1895,0.1082,H,,
2526,2025-12-03,Wolves,Nott'm Forest,A,0.3444,0.2173,0.4383,A,,
2526,2025-12-04,Man United,West Ham,D,0.634,0.2206,0.1454,H,,
2526,2025-12-06,Aston Villa,Arsenal,H,0.2938,0.24,0.4662,A,,
2526,2025-12-06,Bournemouth,Chelsea,D,0.3521,0.2449,0.403,A,,
2526,2025-12-06,Everton,Nott'm Forest,H,0.567,0.2228,0.2102,H,H,0.093
2526,2025-12-06,Leeds,Liverpool,D,0.2108,0.2256,0.5636,A,,
2526,2025-12-06,Man City,Sunderland,H,0.6978,0.1914,0.1108,H,,
2526,2025-12-06,Newcastle,Burnley,H,0.6322,0.2263,0.1415,H,,
2526,2025-12-06,Tottenham,Brentford,H,0.3509,0.2324,0.4167,A,,
2526,2025-12-07,Brighton,West Ham,D,0.6216,0.2243,0.1541,H,,
2526,2025-12-07,Fulham,Crystal Palace,A,0.4732,0.2409,0.2859,H,,
2526,2025-12-08,Wolves,Man United,A,0.1651,0.2215,0.6134,A,,
2526,2025-12-13,Arsenal,Wolves,H,0.6889,0.2016,0.1095,H,,
2526,2025-12-13,Burnley,Fulham,A,0.2158,0.2186,0.5656,A,,
2526,2025-12-13,Chelsea,Everton,H,0.5762,0.228,0.1958,H,,
2526,2025-12-13,Liverpool,Brighton,H,0.5919,0.2211,0.187,H,,
2526,2025-12-14,Brentford,Leeds,D,0.4135,0.2272,0.3593,H,A,0.0819
2526,2025-12-14,Crystal Palace,Man City,A,0.347,0.2379,0.4151,A,,
2526,2025-12-14,Nott'm Forest,Tottenham,H,0.4618,0.2354,0.3028,H,,
2526,2025-12-14,Sunderland,Newcastle,H,0.3277,0.2363,0.4361,A,,
2526,2025-12-14,West Ham,Aston Villa,A,0.3679,0.2643,0.3678,H,,
2526,2025-12-15,Man United,Bournemouth,D,0.4902,0.2247,0.2852,H,,
2526,2025-12-20,Bournemouth,Burnley,D,0.629,0.234,0.137,H,,
2526,2025-12-20,Brighton,Sunderland,D,0.589,0.2133,0.1977,H,,
2526,2025-12-20,Everton,Arsenal,A,0.2177,0.222,0.5603,A,,
2526,2025-12-20,Leeds,Crystal Palace,H,0.3568,0.2578,0.3854,A,,
2526,2025-12-20,Man City,West Ham,H,0.6455,0.211,0.1435,H,,
2526,2025-12-20,Newcastle,Chelsea,D,0.3819,0.2454,0.3727,H,,
2526,2025-12-20,Tottenham,Liverpool,A,0.2734,0.2196,0.5071,A,,
2526,2025-12-20,Wolves,Brentford,A,0.2439,0.2171,0.539,A,,
2526,2025-12-21,Aston Villa,Man United,H,0.5508,0.2509,0.1983,H,,
2526,2025-12-22,Fulham,Nott'm Forest,H,0.4145,0.2453,0.3402,H,,
2526,2025-12-26,Man United,Newcastle,H,0.4074,0.2454,0.3472,H,,
2526,2025-12-27,Arsenal,Brighton,H,0.6866,0.2009,0.1124,H,,
2526,2025-12-27,Brentford,Bournemouth,H,0.3875,0.2226,0.3898,A,,
2526,2025-12-27,Burnley,Everton,D,0.2045,0.2374,0.5581,A,,
2526,2025-12-27,Chelsea,Aston Villa,A,0.6167,0.2294,0.1539,H,,
2526,2025-12-27,Liverpool,Wolves,H,0.6802,0.1999,0.12,H,,
2526,2025-12-27,Nott'm Forest,Man City,A,0.2882,0.226,0.4858,A,,
2526,2025-12-27,West Ham,Fulham,A,0.333,0.241,0.426,A,,
2526,2025-12-28,Crystal Palace,Tottenham,A,0.5123,0.2304,0.2573,H,,
2526,2025-12-28,Sunderland,Leeds,D,0.3497,0.2227,0.4276,A,,
2526,2025-12-30,Arsenal,Aston Villa,H,0.7394,0.1982,0.0623,H,,
2526,2025-12-30,Burnley,Newcastle,A,0.1625,0.2227,0.6148,A,,
2526,2025-12-30,Chelsea,Bournemouth,D,0.5881,0.2077,0.2042,H,,
2526,2025-12-30,Man United,Wolves,D,0.5805,0.2241,0.1954,H,,
2526,2025-12-30,Nott'm Forest,Everton,A,0.5462,0.2307,0.2231,H,,
2526,2025-12-30,West Ham,Brighton,D,0.247,0.2286,0.5244,A,,
2526,2026-01-01,Brentford,Tottenham,D,0.4433,0.2341,0.3227,H,,
2526,2026-01-01,Crystal Palace,Fulham,D,0.5296,0.2371,0.2333,H,,
2526,2026-01-01,Liverpool,Leeds,D,0.6277,0.2182,0.1541,H,,
2526,2026-01-01,Sunderland,Man City,D,0.2002,0.2235,0.5763,A,,
2526,2026-01-03,Aston Villa,Nott'm Forest,H,0.4882,0.2461,0.2657,H,,
2526,2026-01-03,Bournemouth,Arsenal,A,0.2694,0.2598,0.4708,A,H,0.0829
2526,2026-01-03,Brighton,Burnley,H,0.6272,0.2167,0.1561,H,,
2526,2026-01-03,Wolves,West Ham,H,0.3365,0.2404,0.4231,A,,
2526,2026-01-04,Everton,Brentford,A,0.3906,0.2228,0.3866,H,,
2526,2026-01-04,Fulham,Liverpool,D,0.2893,0.234,0.4767,A,,
2526,2026-01-04,Leeds,Man United,D,0.4147,0.2691,0.3162,H,,
2526,2026-01-04,Man City,Chelsea,D,0.6472,0.2092,0.1436,H,,
2526,2026-01-04,Newcastle,Crystal Palace,H,0.5966,0.2178,0.1856,H,,
2526,2026-01-04,Tottenham,Sunderland,D,0.5362,0.192,0.2718,H,,
2526,2026-01-06,West Ham,Nott'm Forest,A,0.2952,0.2353,0.4695,A,,
2526,2026-01-07,Bournemouth,Tottenham,H,0.5298,0.2555,0.2147,H,,
2526,2026-01-07,Brentford,Sunderland,H,0.5246,0.2221,0.2533,H,,
2526,2026-01-07,Burnley,Man United,D,0.2113,0.2322,0.5565,A,,
2526,2026-01-07,Crystal Palace,Aston Villa,D,0.393,0.2618,0.3453,H,,
2526,2026-01-07,Everton,Wolves,D,0.4641,0.2319,0.304,H,,
2526,2026-01-07,Fulham,Chelsea,H,0.3449,0.2378,0.4172,A,,
2526,2026-01-07,Man City,Brighton,D,0.5821,0.2075,0.2104,H,,
2526,2026-01-07,Newcastle,Leeds,H,0.5813,0.2148,0.2039,H,,
2526,2026-01-08,Arsenal,Liverpool,D,0.6924,0.2046,0.103,H,,
2526,2026-01-17,Chelsea,Brentford,H,0.5399,0.2214,0.2387,H,,
2526,2026-01-17,Leeds,Fulham,H,0.4152,0.2643,0.3205,H,,
2526,2026-01-17,Liverpool,Burnley,D,0.6669,0.2009,0.1323,H,,
2526,2026-01-17,Man United,Man City,H,0.3213,0.2261,0.4526,A,,
2526,2026-01-17,Nott'm Forest,Arsenal,D,0.2096,0.2198,0.5706,A,,
2526,2026-01-17,Sunderland,Crystal Palace,H,0.4194,0.2152,0.3654,H,,
2526,2026-01-17,Tottenham,West Ham,A,0.463,0.2174,0.3195,H,A,0.0829
2526,2026-01-18,Aston Villa,Everton,A,0.5807,0.2298,0.1896,H,,
2526,2026-01-18,Wolves,Newcastle,D,0.235,0.2386,0.5264,A,,
2526,2026-01-19,Brighton,Bournemouth,D,0.5222,0.2272,0.2505,H,,
2526,2026-01-24,Bournemouth,Liverpool,H,0.285,0.241,0.474,A,,
2526,2026-01-24,Burnley,Tottenham,D,0.2442,0.2366,0.5192,A,,
2526,2026-01-24,Fulham,Brighton,H,0.3838,0.23,0.3861,A,,
2526,2026-01-24,Man City,Wolves,H,0.5877,0.2027,0.2096,H,,
2526,2026-01-24,West Ham,Sunderland,H,0.5209,0.2209,0.2582,H,H,0.1039
2526,2026-01-25,Arsenal,Man United,A,0.6713,0.2147,0.114,H,,
2526,2026-01-25,Brentford,Nott'm Forest,A,0.5326,0.2239,0.2435,H,,
2526,2026-01-25,Crystal Palace,Chelsea,A,0.344,0.2176,0.4384,A,,
2526,2026-01-25,Newcastle,Aston Villa,A,0.4255,0.2452,0.3293,H,,
2526,2026-01-26,Everton,Leeds,D,0.3874,0.2438,0.3688,H,,
2526,2026-01-31,Brighton,Everton,D,0.5898,0.2331,0.1772,H,,
2526,2026-01-31,Chelsea,West Ham,H,0.5843,0.2278,0.1879,H,,
2526,2026-01-31,Leeds,Arsenal,A,0.1854,0.2297,0.5849,A,,
2526,2026-01-31,Liverpool,Newcastle,H,0.6136,0.224,0.1624,H,,
2526,2026-01-31,Wolves,Bournemouth,A,0.3735,0.2329,0.3936,A,,
2526,2026-02-01,Aston Villa,Brentford,A,0.4061,0.228,0.366,H,,
2526,2026-02-01,Man United,Fulham,H,0.6197,0.2248,0.1556,H,,
2526,2026-02-01,Nott'm Forest,Crystal Palace,D,0.4503,0.2237,0.326,H,,
2526,2026-02-01,Tottenham,Man City,D,0.1535,0.2136,0.6329,A,,
2526,2026-02-02,Sunderland,Burnley,H,0.4693,0.2217,0.309,H,,
2526,2026-02-06,Leeds,Nott'm Forest,H,0.4926,0.2356,0.2718,H,,
2526,2026-02-07,Arsenal,Sunderland,H,0.7022,0.1982,0.0996,H,,
2526,2026-02-07,Bournemouth,Aston Villa,D,0.3478,0.2473,0.4049,A,,
2526,2026-02-07,Burnley,West Ham,A,0.3212,0.2483,0.4305,A,,
2526,2026-02-07,Fulham,Everton,A,0.5097,0.2342,0.2561,H,,
2526,2026-02-07,Man United,Tottenham,H,0.5684,0.2294,0.2022,H,,
2526,2026-02-07,Newcastle,Brentford,A,0.5442,0.2282,0.2276,H,,
2526,2026-02-07,Wolves,Chelsea,A,0.1845,0.2282,0.5873,A,,
2526,2026-02-08,Brighton,Crystal Palace,A,0.4392,0.2283,0.3325,H,,
2526,2026-02-08,Liverpool,Man City,A,0.506,0.2152,0.2788,H,,
2526,2026-02-10,Chelsea,Leeds,D,0.6392,0.2196,0.1412,H,,
2526,2026-02-10,Everton,Bournemouth,A,0.5318,0.2402,0.228,H,H,0.1003
2526,2026-02-10,Tottenham,Newcastle,A,0.3679,0.2322,0.3999,A,,
2526,2026-02-10,West Ham,Man United,D,0.2597,0.2471,0.4931,A,,
2526,2026-02-11,Aston Villa,Brighton,H,0.4403,0.2185,0.3412,H,,
2526,2026-02-11,Crystal Palace,Burnley,A,0.6773,0.2119,0.1108,H,,
2526,2026-02-11,Man City,Fulham,H,0.6314,0.2149,0.1537,H,,
2526,2026-02-11,Nott'm Forest,Wolves,D,0.5577,0.2309,0.2114,H,,
2526,2026-02-11,Sunderland,Liverpool,A,0.2269,0.2121,0.561,A,,
2526,2026-02-12,Brentford,Arsenal,D,0.1999,0.2194,0.5807,A,,
2526,2026-02-18,Wolves,Arsenal,D,0.0915,0.2025,0.706,A,,
2526,2026-02-21,Aston Villa,Leeds,D,0.5651,0.22,0.215,H,,
2526,2026-02-21,Brentford,Brighton,A,0.3477,0.221,0.4313,A,A,0.1132
2526,2026-02-21,Chelsea,Burnley,D,0.6697,0.2137,0.1166,H,,
2526,2026-02-21,Man City,Newcastle,H,0.6082,0.2114,0.1803,H,,
2526,2026-02-21,West Ham,Bournemouth,D,0.3832,0.2388,0.378,H,,
2526,2026-02-22,Crystal Palace,Wolves,H,0.4852,0.2357,0.2791,H,,
2526,2026-02-22,Nott'm Forest,Liverpool,A,0.3157,0.2264,0.4579,A,,
2526,2026-02-22,Sunderland,Fulham,A,0.3064,0.2172,0.4765,A,A,0.0881
2526,2026-02-22,Tottenham,Arsenal,A,0.1358,0.2045,0.6597,A,,
2526,2026-02-23,Everton,Man United,A,0.3238,0.2476,0.4287,A,,
2526,2026-02-27,Wolves,Aston Villa,H,0.1707,0.2158,0.6135,A,,
2526,2026-02-28,Bournemouth,Sunderland,D,0.5863,0.2257,0.188,H,,
2526,2026-02-28,Burnley,Brentford,A,0.1994,0.2318,0.5689,A,,
2526,2026-02-28,Leeds,Man City,A,0.2474,0.2377,0.5148,A,,
2526,2026-02-28,Liverpool,West Ham,H,0.6036,0.2151,0.1812,H,,
2526,2026-02-28,Newcastle,Everton,A,0.4997,0.2261,0.2742,H,,
2526,2026-03-01,Arsenal,Chelsea,H,0.6992,0.2116,0.0892,H,H,0.0812
2526,2026-03-01,Brighton,Nott'm Forest,H,0.4269,0.2206,0.3525,H,,
2526,2026-03-01,Fulham,Tottenham,H,0.5195,0.2325,0.2481,H,,
2526,2026-03-01,Man United,Crystal Palace,H,0.6093,0.2157,0.175,H,,
2526,2026-03-03,Bournemouth,Brentford,D,0.4692,0.2377,0.2931,H,,
2526,2026-03-03,Everton,Burnley,H,0.5822,0.2349,0.1829,H,,
2526,2026-03-03,Leeds,Sunderland,A,0.5972,0.2233,0.1795,H,,
2526,2026-03-03,Wolves,Liverpool,H,0.1555,0.2184,0.6262,A,,
2526,2026-03-04,Aston Villa,Chelsea,A,0.4582,0.2345,0.3073,H,,
2526,2026-03-04,Brighton,Arsenal,A,0.2983,0.2211,0.4807,A,H,0.0802
2526,2026-03-04,Fulham,West Ham,A,0.4285,0.2503,0.3212,H,,
2526,2026-03-04,Man City,Nott'm Forest,D,0.6378,0.1977,0.1645,H,,
2526,2026-03-04,Newcastle,Man United,H,0.4154,0.2544,0.3302,H,,
2526,2026-03-05,Tottenham,Crystal Palace,A,0.4108,0.2214,0.3678,H,,
2526,2026-03-14,Arsenal,Everton,H,0.7063,0.2044,0.0892,H,,
2526,2026-03-14,Burnley,Bournemouth,D,0.1944,0.2249,0.5807,A,,
2526,2026-03-14,Chelsea,Newcastle,A,0.5748,0.2323,0.1928,H,,
2526,2026-03-14,Sunderland,Brighton,A,0.2365,0.2075,0.556,A,A,0.096
2526,2026-03-14,West Ham,Man City,D,0.2425,0.2261,0.5315,A,,
2526,2026-03-15,Crystal Palace,Leeds,D,0.3648,0.2277,0.4075,A,,
2526,2026-03-15,Liverpool,Tottenham,D,0.6397,0.2065,0.1537,H,,
2526,2026-03-15,Man United,Aston Villa,H,0.5202,0.2135,0.2662,H,,
2526,2026-03-15,Nott'm Forest,Fulham,D,0.4043,0.2371,0.3586,H,,
2526,2026-03-16,Brentford,Wolves,D,0.5874,0.2292,0.1835,H,,
2526,2026-03-20,Bournemouth,Man United,D,0.3089,0.2649,0.4262,A,,
2526,2026-03-21,Brighton,Liverpool,H,0.4301,0.2228,0.3471,H,H,0.0854
2526,2026-03-21,Everton,Chelsea,H,0.3138,0.2341,0.4521,A,,
2526,2026-03-21,Fulham,Burnley,H,0.6327,0.2201,0.1472,H,,
2526,2026-03-21,Leeds,Brentford,D,0.4266,0.2259,0.3475,H,,
2526,2026-03-22,Aston Villa,West Ham,H,0.5765,0.2375,0.186,H,,
2526,2026-03-22,Newcastle,Sunderland,A,0.664,0.2002,0.1358,H,,
2526,2026-03-22,Tottenham,Nott'm Forest,A,0.3602,0.2151,0.4248,A,A,0.088
2526,2026-04-10,West Ham,Wolves,H,0.494,0.2349,0.271,H,,
2526,2026-04-11,Arsenal,Bournemouth,A,0.595,0.2114,0.1935,H,,
2526,2026-04-11,Brentford,Everton,D,0.5016,0.2421,0.2562,H,,
2526,2026-04-11,Burnley,Brighton,A,0.1439,0.2162,0.6399,A,,
2526,2026-04-11,Liverpool,Fulham,H,0.5135,0.215,0.2715,H,,
2526,2026-04-12,Chelsea,Man City,A,0.2724,0.209,0.5185,A,,
2526,2026-04-12,Crystal Palace,Newcastle,H,0.3524,0.2341,0.4135,A,,
2526,2026-04-12,Nott'm Forest,Aston Villa,D,0.4178,0.2261,0.3562,H,,
2526,2026-04-12,Sunderland,Tottenham,H,0.358,0.2196,0.4225,A,,
2526,2026-04-13,Man United,Leeds,A,0.4126,0.2235,0.3639,H,A,0.1343
2526,2026-04-18,Brentford,Fulham,D,0.5375,0.2362,0.2264,H,,
2526,2026-04-18,Chelsea,Man United,A,0.4841,0.2357,0.2802,H,,
2526,2026-04-18,Leeds,Wolves,H,0.6004,0.2311,0.1685,H,,
2526,2026-04-18,Newcastle,Bournemouth,A,0.4557,0.22,0.3243,H,,
2526,2026-04-18,Tottenham,Brighton,D,0.3231,0.2239,0.4531,A,,
2526,2026-04-19,Aston Villa,Sunderland,H,0.6039,0.2133,0.1828,H,,
2526,2026-04-19,Everton,Liverpool,A,0.3735,0.2425,0.384,A,,
2526,2026-04-19,Man City,Arsenal,H,0.6494,0.2073,0.1434,H,H,0.0952
2526,2026-04-19,Nott'm Forest,Burnley,H,0.6058,0.2303,0.1638,H,,
2526,2026-04-20,Crystal Palace,West Ham,D,0.4181,0.2499,0.332,H,,
2526,2026-04-21,Brighton,Chelsea,H,0.4456,0.245,0.3094,H,,
2526,2026-04-22,Bournemouth,Leeds,D,0.5211,0.2419,0.237,H,,
2526,2026-04-22,Burnley,Man City,A,0.0997,0.207,0.6932,A,,
2526,2026-04-24,Sunderland,Nott'm Forest,A,0.4023,0.2219,0.3758,H,,
2526,2026-04-25,Arsenal,Newcastle,H,0.6813,0.2048,0.1139,H,,
2526,2026-04-25,Fulham,Aston Villa,H,0.5034,0.2172,0.2794,H,H,0.1093
2526,2026-04-25,Liverpool,Crystal Palace,H,0.5545,0.2106,0.2349,H,,
2526,2026-04-25,West Ham,Everton,H,0.4202,0.24,0.3397,H,,
2526,2026-04-25,Wolves,Tottenham,A,0.1776,0.2219,0.6005,A,,
2526,2026-04-27,Man United,Brentford,H,0.3639,0.2168,0.4194,A,A,0.126
2526,2026-05-01,Leeds,Burnley,H,0.5981,0.233,0.1689,H,,
2526,2026-05-02,Arsenal,Fulham,H,0.6395,0.2004,0.1601,H,,
2526,2026-05-02,Brentford,West Ham,H,0.5239,0.2455,0.2306,H,,
2526,2026-05-02,Newcastle,Brighton,H,0.4047,0.2223,0.373,H,,
2526,2026-05-02,Wolves,Sunderland,D,0.2794,0.2198,0.5008,A,,
2526,2026-05-03,Aston Villa,Tottenham,A,0.4551,0.2343,0.3106,H,,
2526,2026-05-03,Bournemouth,Crystal Palace,H,0.6256,0.2276,0.1468,H,,
2526,2026-05-03,Man United,Liverpool,H,0.4328,0.2352,0.332,H,,
2526,2026-05-04,Chelsea,Nott'm Forest,A,0.6414,0.1999,0.1587,H,,
2526,2026-05-04,Everton,Man City,D,0.1696,0.2174,0.6129,A,,
2526,2026-05-09,Brighton,Wolves,H,0.6657,0.2199,0.1144,H,,
2526,2026-05-09,Fulham,Bournemouth,A,0.4251,0.2288,0.3461,H,,
2526,2026-05-09,Liverpool,Chelsea,D,0.4562,0.2168,0.327,H,,
2526,2026-05-09,Man City,Brentford,H,0.6403,0.1986,0.1611,H,,
2526,2026-05-09,Sunderland,Man United,D,0.3898,0.2536,0.3566,H,H,0.1082
2526,2026-05-10,Burnley,Aston Villa,D,0.12,0.2049,0.6752,A,,
2526,2026-05-10,Crystal Palace,Everton,D,0.366,0.2303,0.4037,A,,
2526,2026-05-10,Nott'm Forest,Newcastle,D,0.2302,0.2513,0.5185,A,A,0.1093
2526,2026-05-10,West Ham,Arsenal,A,0.1518,0.221,0.6271,A,,
2526,2026-05-11,Tottenham,Leeds,D,0.5155,0.2247,0.2598,H,,
